ano_calendario;ano_exercicio;unidade_geografica;serie_nacional_comparavel;fonte_bloco;codigo_faixa;ordem_faixa;faixa_renda_liquida;limite_inferior;limite_superior;faixa_topo_aberta;pessoas_fisicas_notificadas;renda_bruta_mil;abatimentos_mil;renda_liquida_mil;renda_liquida_media;imposto_notificado_total_mil;imposto_notificado_complementar_mil;imposto_notificado_cedular_mil;imposto_progressivo_mil;desconto_na_fonte_mil;adicional_protecao_familia_mil;dependentes;contribuintes_mulheres_casadas;contribuintes_casados;contribuintes_solteiros_viuvos;contribuintes_espolios;moeda;unidade_monetaria_agregados;unidade_limites_faixa;tipo_rendimento;metodo_pessoas;fonte;url_fonte;arquivo_fonte;arquivo_imagem_tabela;pagina_pdf;pagina_impressa;quadro;observacao
1927;1928;Distrito Federal;0;souza_reis_1930_distrito_federal_1927_1928;F01;1;Ate 6:000$000;0.0;6000.0;0;29053;;;38322799.7;1319065.146456;;;;;;;;;;;;reis;mil-reis;mil-reis;renda global liquida;pessoas publicadas diretamente na tabela;Souza Reis, F. T. de. O imposto de renda em seis annos de adaptacao no Brasil, 1924-1929. Rio de Janeiro, 1930, p. 33, Quadro n. 12.;https://archive.org/details/impostrenda1924souz;local-desktop:/Dados de Imposto de Renda/impostrenda1924souz.pdf;outputs/fontes-pedro-souza-irpf/souza_reis_1930_quadro_12_pdfpage_38.png;38;33;Quadro n. 12;"Serie do Distrito Federal; nao comparar diretamente com Brasil. Exercicio 1928 corresponde ao ano-calendario 1927; exercicio 1929 corresponde ao ano-calendario 1928. A errata do livro corrige o Quadro 12, coluna 3, linha 17, de 8.659:361$000 para 8.659:361$200. Soma das pessoas por faixa fecha com o total publicado (49571). A soma da renda das faixas difere do total publicado em 2:990$900; foram preservados os valores por faixa e o total publicado em campos separados."
1927;1928;Distrito Federal;0;souza_reis_1930_distrito_federal_1927_1928;F02;2;De 6:000$000 a 30:000$000;6000.0;30000.0;0;16668;;;213122527.1;12786328.719702;;;;;;;;;;;;reis;mil-reis;mil-reis;renda global liquida;pessoas publicadas diretamente na tabela;Souza Reis, F. T. de. O imposto de renda em seis annos de adaptacao no Brasil, 1924-1929. Rio de Janeiro, 1930, p. 33, Quadro n. 12.;https://archive.org/details/impostrenda1924souz;local-desktop:/Dados de Imposto de Renda/impostrenda1924souz.pdf;outputs/fontes-pedro-souza-irpf/souza_reis_1930_quadro_12_pdfpage_38.png;38;33;Quadro n. 12;"Serie do Distrito Federal; nao comparar diretamente com Brasil. Exercicio 1928 corresponde ao ano-calendario 1927; exercicio 1929 corresponde ao ano-calendario 1928. A errata do livro corrige o Quadro 12, coluna 3, linha 17, de 8.659:361$000 para 8.659:361$200. Soma das pessoas por faixa fecha com o total publicado (49571). A soma da renda das faixas difere do total publicado em 2:990$900; foram preservados os valores por faixa e o total publicado em campos separados."
1927;1928;Distrito Federal;0;souza_reis_1930_distrito_federal_1927_1928;F03;3;De 30:000$000 a 60:000$000;30000.0;60000.0;0;2292;;;95658612.8;41735869.458988;;;;;;;;;;;;reis;mil-reis;mil-reis;renda global liquida;pessoas publicadas diretamente na tabela;Souza Reis, F. T. de. O imposto de renda em seis annos de adaptacao no Brasil, 1924-1929. Rio de Janeiro, 1930, p. 33, Quadro n. 12.;https://archive.org/details/impostrenda1924souz;local-desktop:/Dados de Imposto de Renda/impostrenda1924souz.pdf;outputs/fontes-pedro-souza-irpf/souza_reis_1930_quadro_12_pdfpage_38.png;38;33;Quadro n. 12;"Serie do Distrito Federal; nao comparar diretamente com Brasil. Exercicio 1928 corresponde ao ano-calendario 1927; exercicio 1929 corresponde ao ano-calendario 1928. A errata do livro corrige o Quadro 12, coluna 3, linha 17, de 8.659:361$000 para 8.659:361$200. Soma das pessoas por faixa fecha com o total publicado (49571). A soma da renda das faixas difere do total publicado em 2:990$900; foram preservados os valores por faixa e o total publicado em campos separados."
1927;1928;Distrito Federal;0;souza_reis_1930_distrito_federal_1927_1928;F04;4;De 60:000$000 a 90:000$000;60000.0;90000.0;0;678;;;49784797.8;73428905.309735;;;;;;;;;;;;reis;mil-reis;mil-reis;renda global liquida;pessoas publicadas diretamente na tabela;Souza Reis, F. T. de. O imposto de renda em seis annos de adaptacao no Brasil, 1924-1929. Rio de Janeiro, 1930, p. 33, Quadro n. 12.;https://archive.org/details/impostrenda1924souz;local-desktop:/Dados de Imposto de Renda/impostrenda1924souz.pdf;outputs/fontes-pedro-souza-irpf/souza_reis_1930_quadro_12_pdfpage_38.png;38;33;Quadro n. 12;"Serie do Distrito Federal; nao comparar diretamente com Brasil. Exercicio 1928 corresponde ao ano-calendario 1927; exercicio 1929 corresponde ao ano-calendario 1928. A errata do livro corrige o Quadro 12, coluna 3, linha 17, de 8.659:361$000 para 8.659:361$200. Soma das pessoas por faixa fecha com o total publicado (49571). A soma da renda das faixas difere do total publicado em 2:990$900; foram preservados os valores por faixa e o total publicado em campos separados."
1927;1928;Distrito Federal;0;souza_reis_1930_distrito_federal_1927_1928;F05;5;De 90:000$000 a 120:000$000;90000.0;120000.0;0;337;;;35769517.0;106141000.0;;;;;;;;;;;;reis;mil-reis;mil-reis;renda global liquida;pessoas publicadas diretamente na tabela;Souza Reis, F. T. de. O imposto de renda em seis annos de adaptacao no Brasil, 1924-1929. Rio de Janeiro, 1930, p. 33, Quadro n. 12.;https://archive.org/details/impostrenda1924souz;local-desktop:/Dados de Imposto de Renda/impostrenda1924souz.pdf;outputs/fontes-pedro-souza-irpf/souza_reis_1930_quadro_12_pdfpage_38.png;38;33;Quadro n. 12;"Serie do Distrito Federal; nao comparar diretamente com Brasil. Exercicio 1928 corresponde ao ano-calendario 1927; exercicio 1929 corresponde ao ano-calendario 1928. A errata do livro corrige o Quadro 12, coluna 3, linha 17, de 8.659:361$000 para 8.659:361$200. Soma das pessoas por faixa fecha com o total publicado (49571). A soma da renda das faixas difere do total publicado em 2:990$900; foram preservados os valores por faixa e o total publicado em campos separados."
1927;1928;Distrito Federal;0;souza_reis_1930_distrito_federal_1927_1928;F06;6;De 120:000$000 a 150:000$000;120000.0;150000.0;0;155;;;20487525.0;132177580.645161;;;;;;;;;;;;reis;mil-reis;mil-reis;renda global liquida;pessoas publicadas diretamente na tabela;Souza Reis, F. T. de. O imposto de renda em seis annos de adaptacao no Brasil, 1924-1929. Rio de Janeiro, 1930, p. 33, Quadro n. 12.;https://archive.org/details/impostrenda1924souz;local-desktop:/Dados de Imposto de Renda/impostrenda1924souz.pdf;outputs/fontes-pedro-souza-irpf/souza_reis_1930_quadro_12_pdfpage_38.png;38;33;Quadro n. 12;"Serie do Distrito Federal; nao comparar diretamente com Brasil. Exercicio 1928 corresponde ao ano-calendario 1927; exercicio 1929 corresponde ao ano-calendario 1928. A errata do livro corrige o Quadro 12, coluna 3, linha 17, de 8.659:361$000 para 8.659:361$200. Soma das pessoas por faixa fecha com o total publicado (49571). A soma da renda das faixas difere do total publicado em 2:990$900; foram preservados os valores por faixa e o total publicado em campos separados."
1927;1928;Distrito Federal;0;souza_reis_1930_distrito_federal_1927_1928;F07;7;De 150:000$000 a 200:000$000;150000.0;200000.0;0;151;;;26234329.6;173737282.119205;;;;;;;;;;;;reis;mil-reis;mil-reis;renda global liquida;pessoas publicadas diretamente na tabela;Souza Reis, F. T. de. O imposto de renda em seis annos de adaptacao no Brasil, 1924-1929. Rio de Janeiro, 1930, p. 33, Quadro n. 12.;https://archive.org/details/impostrenda1924souz;local-desktop:/Dados de Imposto de Renda/impostrenda1924souz.pdf;outputs/fontes-pedro-souza-irpf/souza_reis_1930_quadro_12_pdfpage_38.png;38;33;Quadro n. 12;"Serie do Distrito Federal; nao comparar diretamente com Brasil. Exercicio 1928 corresponde ao ano-calendario 1927; exercicio 1929 corresponde ao ano-calendario 1928. A errata do livro corrige o Quadro 12, coluna 3, linha 17, de 8.659:361$000 para 8.659:361$200. Soma das pessoas por faixa fecha com o total publicado (49571). A soma da renda das faixas difere do total publicado em 2:990$900; foram preservados os valores por faixa e o total publicado em campos separados."
1927;1928;Distrito Federal;0;souza_reis_1930_distrito_federal_1927_1928;F08;8;De 200:000$000 a 250:000$000;200000.0;250000.0;0;73;;;16317768.2;223531071.232877;;;;;;;;;;;;reis;mil-reis;mil-reis;renda global liquida;pessoas publicadas diretamente na tabela;Souza Reis, F. T. de. O imposto de renda em seis annos de adaptacao no Brasil, 1924-1929. Rio de Janeiro, 1930, p. 33, Quadro n. 12.;https://archive.org/details/impostrenda1924souz;local-desktop:/Dados de Imposto de Renda/impostrenda1924souz.pdf;outputs/fontes-pedro-souza-irpf/souza_reis_1930_quadro_12_pdfpage_38.png;38;33;Quadro n. 12;"Serie do Distrito Federal; nao comparar diretamente com Brasil. Exercicio 1928 corresponde ao ano-calendario 1927; exercicio 1929 corresponde ao ano-calendario 1928. A errata do livro corrige o Quadro 12, coluna 3, linha 17, de 8.659:361$000 para 8.659:361$200. Soma das pessoas por faixa fecha com o total publicado (49571). A soma da renda das faixas difere do total publicado em 2:990$900; foram preservados os valores por faixa e o total publicado em campos separados."
1927;1928;Distrito Federal;0;souza_reis_1930_distrito_federal_1927_1928;F09;9;De 250:000$000 a 300:000$000;250000.0;300000.0;0;44;;;12758951.1;289976161.363636;;;;;;;;;;;;reis;mil-reis;mil-reis;renda global liquida;pessoas publicadas diretamente na tabela;Souza Reis, F. T. de. O imposto de renda em seis annos de adaptacao no Brasil, 1924-1929. Rio de Janeiro, 1930, p. 33, Quadro n. 12.;https://archive.org/details/impostrenda1924souz;local-desktop:/Dados de Imposto de Renda/impostrenda1924souz.pdf;outputs/fontes-pedro-souza-irpf/souza_reis_1930_quadro_12_pdfpage_38.png;38;33;Quadro n. 12;"Serie do Distrito Federal; nao comparar diretamente com Brasil. Exercicio 1928 corresponde ao ano-calendario 1927; exercicio 1929 corresponde ao ano-calendario 1928. A errata do livro corrige o Quadro 12, coluna 3, linha 17, de 8.659:361$000 para 8.659:361$200. Soma das pessoas por faixa fecha com o total publicado (49571). A soma da renda das faixas difere do total publicado em 2:990$900; foram preservados os valores por faixa e o total publicado em campos separados."
1927;1928;Distrito Federal;0;souza_reis_1930_distrito_federal_1927_1928;F10;10;De 300:000$000 a 400:000$000;300000.0;400000.0;0;50;;;17311784.4;346235688.0;;;;;;;;;;;;reis;mil-reis;mil-reis;renda global liquida;pessoas publicadas diretamente na tabela;Souza Reis, F. T. de. O imposto de renda em seis annos de adaptacao no Brasil, 1924-1929. Rio de Janeiro, 1930, p. 33, Quadro n. 12.;https://archive.org/details/impostrenda1924souz;local-desktop:/Dados de Imposto de Renda/impostrenda1924souz.pdf;outputs/fontes-pedro-souza-irpf/souza_reis_1930_quadro_12_pdfpage_38.png;38;33;Quadro n. 12;"Serie do Distrito Federal; nao comparar diretamente com Brasil. Exercicio 1928 corresponde ao ano-calendario 1927; exercicio 1929 corresponde ao ano-calendario 1928. A errata do livro corrige o Quadro 12, coluna 3, linha 17, de 8.659:361$000 para 8.659:361$200. Soma das pessoas por faixa fecha com o total publicado (49571). A soma da renda das faixas difere do total publicado em 2:990$900; foram preservados os valores por faixa e o total publicado em campos separados."
1927;1928;Distrito Federal;0;souza_reis_1930_distrito_federal_1927_1928;F11;11;De 400:000$000 a 500:000$000;400000.0;500000.0;0;32;;;13473160.0;421036250.0;;;;;;;;;;;;reis;mil-reis;mil-reis;renda global liquida;pessoas publicadas diretamente na tabela;Souza Reis, F. T. de. O imposto de renda em seis annos de adaptacao no Brasil, 1924-1929. Rio de Janeiro, 1930, p. 33, Quadro n. 12.;https://archive.org/details/impostrenda1924souz;local-desktop:/Dados de Imposto de Renda/impostrenda1924souz.pdf;outputs/fontes-pedro-souza-irpf/souza_reis_1930_quadro_12_pdfpage_38.png;38;33;Quadro n. 12;"Serie do Distrito Federal; nao comparar diretamente com Brasil. Exercicio 1928 corresponde ao ano-calendario 1927; exercicio 1929 corresponde ao ano-calendario 1928. A errata do livro corrige o Quadro 12, coluna 3, linha 17, de 8.659:361$000 para 8.659:361$200. Soma das pessoas por faixa fecha com o total publicado (49571). A soma da renda das faixas difere do total publicado em 2:990$900; foram preservados os valores por faixa e o total publicado em campos separados."
1927;1928;Distrito Federal;0;souza_reis_1930_distrito_federal_1927_1928;F12;12;De 500:000$000 a 600:000$000;500000.0;600000.0;0;16;;;8651400.2;540712512.5;;;;;;;;;;;;reis;mil-reis;mil-reis;renda global liquida;pessoas publicadas diretamente na tabela;Souza Reis, F. T. de. O imposto de renda em seis annos de adaptacao no Brasil, 1924-1929. Rio de Janeiro, 1930, p. 33, Quadro n. 12.;https://archive.org/details/impostrenda1924souz;local-desktop:/Dados de Imposto de Renda/impostrenda1924souz.pdf;outputs/fontes-pedro-souza-irpf/souza_reis_1930_quadro_12_pdfpage_38.png;38;33;Quadro n. 12;"Serie do Distrito Federal; nao comparar diretamente com Brasil. Exercicio 1928 corresponde ao ano-calendario 1927; exercicio 1929 corresponde ao ano-calendario 1928. A errata do livro corrige o Quadro 12, coluna 3, linha 17, de 8.659:361$000 para 8.659:361$200. Soma das pessoas por faixa fecha com o total publicado (49571). A soma da renda das faixas difere do total publicado em 2:990$900; foram preservados os valores por faixa e o total publicado em campos separados."
1927;1928;Distrito Federal;0;souza_reis_1930_distrito_federal_1927_1928;F13;13;De 600:000$000 a 700:000$000;600000.0;700000.0;0;6;;;3700866.5;616811083.333333;;;;;;;;;;;;reis;mil-reis;mil-reis;renda global liquida;pessoas publicadas diretamente na tabela;Souza Reis, F. T. de. O imposto de renda em seis annos de adaptacao no Brasil, 1924-1929. Rio de Janeiro, 1930, p. 33, Quadro n. 12.;https://archive.org/details/impostrenda1924souz;local-desktop:/Dados de Imposto de Renda/impostrenda1924souz.pdf;outputs/fontes-pedro-souza-irpf/souza_reis_1930_quadro_12_pdfpage_38.png;38;33;Quadro n. 12;"Serie do Distrito Federal; nao comparar diretamente com Brasil. Exercicio 1928 corresponde ao ano-calendario 1927; exercicio 1929 corresponde ao ano-calendario 1928. A errata do livro corrige o Quadro 12, coluna 3, linha 17, de 8.659:361$000 para 8.659:361$200. Soma das pessoas por faixa fecha com o total publicado (49571). A soma da renda das faixas difere do total publicado em 2:990$900; foram preservados os valores por faixa e o total publicado em campos separados."
1927;1928;Distrito Federal;0;souza_reis_1930_distrito_federal_1927_1928;F14;14;De 700:000$000 a 800:000$000;700000.0;800000.0;0;3;;;2311206.0;770402000.0;;;;;;;;;;;;reis;mil-reis;mil-reis;renda global liquida;pessoas publicadas diretamente na tabela;Souza Reis, F. T. de. O imposto de renda em seis annos de adaptacao no Brasil, 1924-1929. Rio de Janeiro, 1930, p. 33, Quadro n. 12.;https://archive.org/details/impostrenda1924souz;local-desktop:/Dados de Imposto de Renda/impostrenda1924souz.pdf;outputs/fontes-pedro-souza-irpf/souza_reis_1930_quadro_12_pdfpage_38.png;38;33;Quadro n. 12;"Serie do Distrito Federal; nao comparar diretamente com Brasil. Exercicio 1928 corresponde ao ano-calendario 1927; exercicio 1929 corresponde ao ano-calendario 1928. A errata do livro corrige o Quadro 12, coluna 3, linha 17, de 8.659:361$000 para 8.659:361$200. Soma das pessoas por faixa fecha com o total publicado (49571). A soma da renda das faixas difere do total publicado em 2:990$900; foram preservados os valores por faixa e o total publicado em campos separados."
1927;1928;Distrito Federal;0;souza_reis_1930_distrito_federal_1927_1928;F15;15;De 800:000$000 a 900:000$000;800000.0;900000.0;0;1;;;898610.8;898610800.0;;;;;;;;;;;;reis;mil-reis;mil-reis;renda global liquida;pessoas publicadas diretamente na tabela;Souza Reis, F. T. de. O imposto de renda em seis annos de adaptacao no Brasil, 1924-1929. Rio de Janeiro, 1930, p. 33, Quadro n. 12.;https://archive.org/details/impostrenda1924souz;local-desktop:/Dados de Imposto de Renda/impostrenda1924souz.pdf;outputs/fontes-pedro-souza-irpf/souza_reis_1930_quadro_12_pdfpage_38.png;38;33;Quadro n. 12;"Serie do Distrito Federal; nao comparar diretamente com Brasil. Exercicio 1928 corresponde ao ano-calendario 1927; exercicio 1929 corresponde ao ano-calendario 1928. A errata do livro corrige o Quadro 12, coluna 3, linha 17, de 8.659:361$000 para 8.659:361$200. Soma das pessoas por faixa fecha com o total publicado (49571). A soma da renda das faixas difere do total publicado em 2:990$900; foram preservados os valores por faixa e o total publicado em campos separados."
1927;1928;Distrito Federal;0;souza_reis_1930_distrito_federal_1927_1928;F16;16;De 900:000$000 a 1.000:000$000;900000.0;1000000.0;0;1;;;938881.8;938881800.0;;;;;;;;;;;;reis;mil-reis;mil-reis;renda global liquida;pessoas publicadas diretamente na tabela;Souza Reis, F. T. de. O imposto de renda em seis annos de adaptacao no Brasil, 1924-1929. Rio de Janeiro, 1930, p. 33, Quadro n. 12.;https://archive.org/details/impostrenda1924souz;local-desktop:/Dados de Imposto de Renda/impostrenda1924souz.pdf;outputs/fontes-pedro-souza-irpf/souza_reis_1930_quadro_12_pdfpage_38.png;38;33;Quadro n. 12;"Serie do Distrito Federal; nao comparar diretamente com Brasil. Exercicio 1928 corresponde ao ano-calendario 1927; exercicio 1929 corresponde ao ano-calendario 1928. A errata do livro corrige o Quadro 12, coluna 3, linha 17, de 8.659:361$000 para 8.659:361$200. Soma das pessoas por faixa fecha com o total publicado (49571). A soma da renda das faixas difere do total publicado em 2:990$900; foram preservados os valores por faixa e o total publicado em campos separados."
1927;1928;Distrito Federal;0;souza_reis_1930_distrito_federal_1927_1928;F17;17;De 1.000:000$000 a 1.500:000$000;1000000.0;1500000.0;0;7;;;8659361.2;1237051600.0;;;;;;;;;;;;reis;mil-reis;mil-reis;renda global liquida;pessoas publicadas diretamente na tabela;Souza Reis, F. T. de. O imposto de renda em seis annos de adaptacao no Brasil, 1924-1929. Rio de Janeiro, 1930, p. 33, Quadro n. 12.;https://archive.org/details/impostrenda1924souz;local-desktop:/Dados de Imposto de Renda/impostrenda1924souz.pdf;outputs/fontes-pedro-souza-irpf/souza_reis_1930_quadro_12_pdfpage_38.png;38;33;Quadro n. 12;"Serie do Distrito Federal; nao comparar diretamente com Brasil. Exercicio 1928 corresponde ao ano-calendario 1927; exercicio 1929 corresponde ao ano-calendario 1928. A errata do livro corrige o Quadro 12, coluna 3, linha 17, de 8.659:361$000 para 8.659:361$200. Soma das pessoas por faixa fecha com o total publicado (49571). A soma da renda das faixas difere do total publicado em 2:990$900; foram preservados os valores por faixa e o total publicado em campos separados."
1927;1928;Distrito Federal;0;souza_reis_1930_distrito_federal_1927_1928;F18;18;De 1.500:000$000 a 2.500:000$000;1500000.0;2500000.0;0;2;;;4433418.9;2216709450.0;;;;;;;;;;;;reis;mil-reis;mil-reis;renda global liquida;pessoas publicadas diretamente na tabela;Souza Reis, F. T. de. O imposto de renda em seis annos de adaptacao no Brasil, 1924-1929. Rio de Janeiro, 1930, p. 33, Quadro n. 12.;https://archive.org/details/impostrenda1924souz;local-desktop:/Dados de Imposto de Renda/impostrenda1924souz.pdf;outputs/fontes-pedro-souza-irpf/souza_reis_1930_quadro_12_pdfpage_38.png;38;33;Quadro n. 12;"Serie do Distrito Federal; nao comparar diretamente com Brasil. Exercicio 1928 corresponde ao ano-calendario 1927; exercicio 1929 corresponde ao ano-calendario 1928. A errata do livro corrige o Quadro 12, coluna 3, linha 17, de 8.659:361$000 para 8.659:361$200. Soma das pessoas por faixa fecha com o total publicado (49571). A soma da renda das faixas difere do total publicado em 2:990$900; foram preservados os valores por faixa e o total publicado em campos separados."
1927;1928;Distrito Federal;0;souza_reis_1930_distrito_federal_1927_1928;F19;19;De 2.500:000$000 a 3.000:000$000;2500000.0;3000000.0;0;1;;;2622553.5;2622553500.0;;;;;;;;;;;;reis;mil-reis;mil-reis;renda global liquida;pessoas publicadas diretamente na tabela;Souza Reis, F. T. de. O imposto de renda em seis annos de adaptacao no Brasil, 1924-1929. Rio de Janeiro, 1930, p. 33, Quadro n. 12.;https://archive.org/details/impostrenda1924souz;local-desktop:/Dados de Imposto de Renda/impostrenda1924souz.pdf;outputs/fontes-pedro-souza-irpf/souza_reis_1930_quadro_12_pdfpage_38.png;38;33;Quadro n. 12;"Serie do Distrito Federal; nao comparar diretamente com Brasil. Exercicio 1928 corresponde ao ano-calendario 1927; exercicio 1929 corresponde ao ano-calendario 1928. A errata do livro corrige o Quadro 12, coluna 3, linha 17, de 8.659:361$000 para 8.659:361$200. Soma das pessoas por faixa fecha com o total publicado (49571). A soma da renda das faixas difere do total publicado em 2:990$900; foram preservados os valores por faixa e o total publicado em campos separados."
1927;1928;Distrito Federal;0;souza_reis_1930_distrito_federal_1927_1928;F20;20;Acima de 3.000:000$000;3000000.0;;1;1;;;11749190.0;11749190000.0;;;;;;;;;;;;reis;mil-reis;mil-reis;renda global liquida;pessoas publicadas diretamente na tabela;Souza Reis, F. T. de. O imposto de renda em seis annos de adaptacao no Brasil, 1924-1929. Rio de Janeiro, 1930, p. 33, Quadro n. 12.;https://archive.org/details/impostrenda1924souz;local-desktop:/Dados de Imposto de Renda/impostrenda1924souz.pdf;outputs/fontes-pedro-souza-irpf/souza_reis_1930_quadro_12_pdfpage_38.png;38;33;Quadro n. 12;"Serie do Distrito Federal; nao comparar diretamente com Brasil. Exercicio 1928 corresponde ao ano-calendario 1927; exercicio 1929 corresponde ao ano-calendario 1928. A errata do livro corrige o Quadro 12, coluna 3, linha 17, de 8.659:361$000 para 8.659:361$200. Soma das pessoas por faixa fecha com o total publicado (49571). A soma da renda das faixas difere do total publicado em 2:990$900; foram preservados os valores por faixa e o total publicado em campos separados."
1928;1929;Distrito Federal;0;souza_reis_1930_distrito_federal_1927_1928;F01;1;Ate 6:000$000;0.0;6000.0;0;13797;;;22314400.8;1617337.160252;;;;;;;;;;;;reis;mil-reis;mil-reis;renda global liquida;pessoas publicadas diretamente na tabela;Souza Reis, F. T. de. O imposto de renda em seis annos de adaptacao no Brasil, 1924-1929. Rio de Janeiro, 1930, p. 33, Quadro n. 12.;https://archive.org/details/impostrenda1924souz;local-desktop:/Dados de Imposto de Renda/impostrenda1924souz.pdf;outputs/fontes-pedro-souza-irpf/souza_reis_1930_quadro_12_pdfpage_38.png;38;33;Quadro n. 12;"Serie do Distrito Federal; nao comparar diretamente com Brasil. Exercicio 1928 corresponde ao ano-calendario 1927; exercicio 1929 corresponde ao ano-calendario 1928. A errata do livro corrige o Quadro 12, coluna 3, linha 17, de 8.659:361$000 para 8.659:361$200. A propria fonte observa que a estatistica de 1929 cobre apenas a renda de 1928 lancada/tributada ate 31 de dezembro; tratar como serie parcial ou preliminar. Soma das pessoas por faixa fecha com o total publicado (26099). A soma da renda das faixas difere do total publicado em 0:556$000; foram preservados os valores por faixa e o total publicado em campos separados."
1928;1929;Distrito Federal;0;souza_reis_1930_distrito_federal_1927_1928;F02;2;De 6:000$000 a 30:000$000;6000.0;30000.0;0;9543;;;125716953.0;13173734.988997;;;;;;;;;;;;reis;mil-reis;mil-reis;renda global liquida;pessoas publicadas diretamente na tabela;Souza Reis, F. T. de. O imposto de renda em seis annos de adaptacao no Brasil, 1924-1929. Rio de Janeiro, 1930, p. 33, Quadro n. 12.;https://archive.org/details/impostrenda1924souz;local-desktop:/Dados de Imposto de Renda/impostrenda1924souz.pdf;outputs/fontes-pedro-souza-irpf/souza_reis_1930_quadro_12_pdfpage_38.png;38;33;Quadro n. 12;"Serie do Distrito Federal; nao comparar diretamente com Brasil. Exercicio 1928 corresponde ao ano-calendario 1927; exercicio 1929 corresponde ao ano-calendario 1928. A errata do livro corrige o Quadro 12, coluna 3, linha 17, de 8.659:361$000 para 8.659:361$200. A propria fonte observa que a estatistica de 1929 cobre apenas a renda de 1928 lancada/tributada ate 31 de dezembro; tratar como serie parcial ou preliminar. Soma das pessoas por faixa fecha com o total publicado (26099). A soma da renda das faixas difere do total publicado em 0:556$000; foram preservados os valores por faixa e o total publicado em campos separados."
1928;1929;Distrito Federal;0;souza_reis_1930_distrito_federal_1927_1928;F03;3;De 30:000$000 a 60:000$000;30000.0;60000.0;0;1594;;;65901161.0;41343262.860728;;;;;;;;;;;;reis;mil-reis;mil-reis;renda global liquida;pessoas publicadas diretamente na tabela;Souza Reis, F. T. de. O imposto de renda em seis annos de adaptacao no Brasil, 1924-1929. Rio de Janeiro, 1930, p. 33, Quadro n. 12.;https://archive.org/details/impostrenda1924souz;local-desktop:/Dados de Imposto de Renda/impostrenda1924souz.pdf;outputs/fontes-pedro-souza-irpf/souza_reis_1930_quadro_12_pdfpage_38.png;38;33;Quadro n. 12;"Serie do Distrito Federal; nao comparar diretamente com Brasil. Exercicio 1928 corresponde ao ano-calendario 1927; exercicio 1929 corresponde ao ano-calendario 1928. A errata do livro corrige o Quadro 12, coluna 3, linha 17, de 8.659:361$000 para 8.659:361$200. A propria fonte observa que a estatistica de 1929 cobre apenas a renda de 1928 lancada/tributada ate 31 de dezembro; tratar como serie parcial ou preliminar. Soma das pessoas por faixa fecha com o total publicado (26099). A soma da renda das faixas difere do total publicado em 0:556$000; foram preservados os valores por faixa e o total publicado em campos separados."
1928;1929;Distrito Federal;0;souza_reis_1930_distrito_federal_1927_1928;F04;4;De 60:000$000 a 90:000$000;60000.0;90000.0;0;492;;;35981197.1;73132514.430894;;;;;;;;;;;;reis;mil-reis;mil-reis;renda global liquida;pessoas publicadas diretamente na tabela;Souza Reis, F. T. de. O imposto de renda em seis annos de adaptacao no Brasil, 1924-1929. Rio de Janeiro, 1930, p. 33, Quadro n. 12.;https://archive.org/details/impostrenda1924souz;local-desktop:/Dados de Imposto de Renda/impostrenda1924souz.pdf;outputs/fontes-pedro-souza-irpf/souza_reis_1930_quadro_12_pdfpage_38.png;38;33;Quadro n. 12;"Serie do Distrito Federal; nao comparar diretamente com Brasil. Exercicio 1928 corresponde ao ano-calendario 1927; exercicio 1929 corresponde ao ano-calendario 1928. A errata do livro corrige o Quadro 12, coluna 3, linha 17, de 8.659:361$000 para 8.659:361$200. A propria fonte observa que a estatistica de 1929 cobre apenas a renda de 1928 lancada/tributada ate 31 de dezembro; tratar como serie parcial ou preliminar. Soma das pessoas por faixa fecha com o total publicado (26099). A soma da renda das faixas difere do total publicado em 0:556$000; foram preservados os valores por faixa e o total publicado em campos separados."
1928;1929;Distrito Federal;0;souza_reis_1930_distrito_federal_1927_1928;F05;5;De 90:000$000 a 120:000$000;90000.0;120000.0;0;231;;;23935404.1;103616467.965368;;;;;;;;;;;;reis;mil-reis;mil-reis;renda global liquida;pessoas publicadas diretamente na tabela;Souza Reis, F. T. de. O imposto de renda em seis annos de adaptacao no Brasil, 1924-1929. Rio de Janeiro, 1930, p. 33, Quadro n. 12.;https://archive.org/details/impostrenda1924souz;local-desktop:/Dados de Imposto de Renda/impostrenda1924souz.pdf;outputs/fontes-pedro-souza-irpf/souza_reis_1930_quadro_12_pdfpage_38.png;38;33;Quadro n. 12;"Serie do Distrito Federal; nao comparar diretamente com Brasil. Exercicio 1928 corresponde ao ano-calendario 1927; exercicio 1929 corresponde ao ano-calendario 1928. A errata do livro corrige o Quadro 12, coluna 3, linha 17, de 8.659:361$000 para 8.659:361$200. A propria fonte observa que a estatistica de 1929 cobre apenas a renda de 1928 lancada/tributada ate 31 de dezembro; tratar como serie parcial ou preliminar. Soma das pessoas por faixa fecha com o total publicado (26099). A soma da renda das faixas difere do total publicado em 0:556$000; foram preservados os valores por faixa e o total publicado em campos separados."
1928;1929;Distrito Federal;0;souza_reis_1930_distrito_federal_1927_1928;F06;6;De 120:000$000 a 150:000$000;120000.0;150000.0;0;141;;;18784361.0;133222418.439716;;;;;;;;;;;;reis;mil-reis;mil-reis;renda global liquida;pessoas publicadas diretamente na tabela;Souza Reis, F. T. de. O imposto de renda em seis annos de adaptacao no Brasil, 1924-1929. Rio de Janeiro, 1930, p. 33, Quadro n. 12.;https://archive.org/details/impostrenda1924souz;local-desktop:/Dados de Imposto de Renda/impostrenda1924souz.pdf;outputs/fontes-pedro-souza-irpf/souza_reis_1930_quadro_12_pdfpage_38.png;38;33;Quadro n. 12;"Serie do Distrito Federal; nao comparar diretamente com Brasil. Exercicio 1928 corresponde ao ano-calendario 1927; exercicio 1929 corresponde ao ano-calendario 1928. A errata do livro corrige o Quadro 12, coluna 3, linha 17, de 8.659:361$000 para 8.659:361$200. A propria fonte observa que a estatistica de 1929 cobre apenas a renda de 1928 lancada/tributada ate 31 de dezembro; tratar como serie parcial ou preliminar. Soma das pessoas por faixa fecha com o total publicado (26099). A soma da renda das faixas difere do total publicado em 0:556$000; foram preservados os valores por faixa e o total publicado em campos separados."
1928;1929;Distrito Federal;0;souza_reis_1930_distrito_federal_1927_1928;F07;7;De 150:000$000 a 200:000$000;150000.0;200000.0;0;111;;;19149402.8;172517142.342342;;;;;;;;;;;;reis;mil-reis;mil-reis;renda global liquida;pessoas publicadas diretamente na tabela;Souza Reis, F. T. de. O imposto de renda em seis annos de adaptacao no Brasil, 1924-1929. Rio de Janeiro, 1930, p. 33, Quadro n. 12.;https://archive.org/details/impostrenda1924souz;local-desktop:/Dados de Imposto de Renda/impostrenda1924souz.pdf;outputs/fontes-pedro-souza-irpf/souza_reis_1930_quadro_12_pdfpage_38.png;38;33;Quadro n. 12;"Serie do Distrito Federal; nao comparar diretamente com Brasil. Exercicio 1928 corresponde ao ano-calendario 1927; exercicio 1929 corresponde ao ano-calendario 1928. A errata do livro corrige o Quadro 12, coluna 3, linha 17, de 8.659:361$000 para 8.659:361$200. A propria fonte observa que a estatistica de 1929 cobre apenas a renda de 1928 lancada/tributada ate 31 de dezembro; tratar como serie parcial ou preliminar. Soma das pessoas por faixa fecha com o total publicado (26099). A soma da renda das faixas difere do total publicado em 0:556$000; foram preservados os valores por faixa e o total publicado em campos separados."
1928;1929;Distrito Federal;0;souza_reis_1930_distrito_federal_1927_1928;F08;8;De 200:000$000 a 250:000$000;200000.0;250000.0;0;54;;;11943751.1;221180575.925926;;;;;;;;;;;;reis;mil-reis;mil-reis;renda global liquida;pessoas publicadas diretamente na tabela;Souza Reis, F. T. de. O imposto de renda em seis annos de adaptacao no Brasil, 1924-1929. Rio de Janeiro, 1930, p. 33, Quadro n. 12.;https://archive.org/details/impostrenda1924souz;local-desktop:/Dados de Imposto de Renda/impostrenda1924souz.pdf;outputs/fontes-pedro-souza-irpf/souza_reis_1930_quadro_12_pdfpage_38.png;38;33;Quadro n. 12;"Serie do Distrito Federal; nao comparar diretamente com Brasil. Exercicio 1928 corresponde ao ano-calendario 1927; exercicio 1929 corresponde ao ano-calendario 1928. A errata do livro corrige o Quadro 12, coluna 3, linha 17, de 8.659:361$000 para 8.659:361$200. A propria fonte observa que a estatistica de 1929 cobre apenas a renda de 1928 lancada/tributada ate 31 de dezembro; tratar como serie parcial ou preliminar. Soma das pessoas por faixa fecha com o total publicado (26099). A soma da renda das faixas difere do total publicado em 0:556$000; foram preservados os valores por faixa e o total publicado em campos separados."
1928;1929;Distrito Federal;0;souza_reis_1930_distrito_federal_1927_1928;F09;9;De 250:000$000 a 300:000$000;250000.0;300000.0;0;41;;;11264748.6;274749965.853659;;;;;;;;;;;;reis;mil-reis;mil-reis;renda global liquida;pessoas publicadas diretamente na tabela;Souza Reis, F. T. de. O imposto de renda em seis annos de adaptacao no Brasil, 1924-1929. Rio de Janeiro, 1930, p. 33, Quadro n. 12.;https://archive.org/details/impostrenda1924souz;local-desktop:/Dados de Imposto de Renda/impostrenda1924souz.pdf;outputs/fontes-pedro-souza-irpf/souza_reis_1930_quadro_12_pdfpage_38.png;38;33;Quadro n. 12;"Serie do Distrito Federal; nao comparar diretamente com Brasil. Exercicio 1928 corresponde ao ano-calendario 1927; exercicio 1929 corresponde ao ano-calendario 1928. A errata do livro corrige o Quadro 12, coluna 3, linha 17, de 8.659:361$000 para 8.659:361$200. A propria fonte observa que a estatistica de 1929 cobre apenas a renda de 1928 lancada/tributada ate 31 de dezembro; tratar como serie parcial ou preliminar. Soma das pessoas por faixa fecha com o total publicado (26099). A soma da renda das faixas difere do total publicado em 0:556$000; foram preservados os valores por faixa e o total publicado em campos separados."
1928;1929;Distrito Federal;0;souza_reis_1930_distrito_federal_1927_1928;F10;10;De 300:000$000 a 400:000$000;300000.0;400000.0;0;34;;;11437043.6;336383635.294118;;;;;;;;;;;;reis;mil-reis;mil-reis;renda global liquida;pessoas publicadas diretamente na tabela;Souza Reis, F. T. de. O imposto de renda em seis annos de adaptacao no Brasil, 1924-1929. Rio de Janeiro, 1930, p. 33, Quadro n. 12.;https://archive.org/details/impostrenda1924souz;local-desktop:/Dados de Imposto de Renda/impostrenda1924souz.pdf;outputs/fontes-pedro-souza-irpf/souza_reis_1930_quadro_12_pdfpage_38.png;38;33;Quadro n. 12;"Serie do Distrito Federal; nao comparar diretamente com Brasil. Exercicio 1928 corresponde ao ano-calendario 1927; exercicio 1929 corresponde ao ano-calendario 1928. A errata do livro corrige o Quadro 12, coluna 3, linha 17, de 8.659:361$000 para 8.659:361$200. A propria fonte observa que a estatistica de 1929 cobre apenas a renda de 1928 lancada/tributada ate 31 de dezembro; tratar como serie parcial ou preliminar. Soma das pessoas por faixa fecha com o total publicado (26099). A soma da renda das faixas difere do total publicado em 0:556$000; foram preservados os valores por faixa e o total publicado em campos separados."
1928;1929;Distrito Federal;0;souza_reis_1930_distrito_federal_1927_1928;F11;11;De 400:000$000 a 500:000$000;400000.0;500000.0;0;23;;;9969458.6;433454721.73913;;;;;;;;;;;;reis;mil-reis;mil-reis;renda global liquida;pessoas publicadas diretamente na tabela;Souza Reis, F. T. de. O imposto de renda em seis annos de adaptacao no Brasil, 1924-1929. Rio de Janeiro, 1930, p. 33, Quadro n. 12.;https://archive.org/details/impostrenda1924souz;local-desktop:/Dados de Imposto de Renda/impostrenda1924souz.pdf;outputs/fontes-pedro-souza-irpf/souza_reis_1930_quadro_12_pdfpage_38.png;38;33;Quadro n. 12;"Serie do Distrito Federal; nao comparar diretamente com Brasil. Exercicio 1928 corresponde ao ano-calendario 1927; exercicio 1929 corresponde ao ano-calendario 1928. A errata do livro corrige o Quadro 12, coluna 3, linha 17, de 8.659:361$000 para 8.659:361$200. A propria fonte observa que a estatistica de 1929 cobre apenas a renda de 1928 lancada/tributada ate 31 de dezembro; tratar como serie parcial ou preliminar. Soma das pessoas por faixa fecha com o total publicado (26099). A soma da renda das faixas difere do total publicado em 0:556$000; foram preservados os valores por faixa e o total publicado em campos separados."
1928;1929;Distrito Federal;0;souza_reis_1930_distrito_federal_1927_1928;F12;12;De 500:000$000 a 600:000$000;500000.0;600000.0;0;11;;;5865715.0;533246818.181818;;;;;;;;;;;;reis;mil-reis;mil-reis;renda global liquida;pessoas publicadas diretamente na tabela;Souza Reis, F. T. de. O imposto de renda em seis annos de adaptacao no Brasil, 1924-1929. Rio de Janeiro, 1930, p. 33, Quadro n. 12.;https://archive.org/details/impostrenda1924souz;local-desktop:/Dados de Imposto de Renda/impostrenda1924souz.pdf;outputs/fontes-pedro-souza-irpf/souza_reis_1930_quadro_12_pdfpage_38.png;38;33;Quadro n. 12;"Serie do Distrito Federal; nao comparar diretamente com Brasil. Exercicio 1928 corresponde ao ano-calendario 1927; exercicio 1929 corresponde ao ano-calendario 1928. A errata do livro corrige o Quadro 12, coluna 3, linha 17, de 8.659:361$000 para 8.659:361$200. A propria fonte observa que a estatistica de 1929 cobre apenas a renda de 1928 lancada/tributada ate 31 de dezembro; tratar como serie parcial ou preliminar. Soma das pessoas por faixa fecha com o total publicado (26099). A soma da renda das faixas difere do total publicado em 0:556$000; foram preservados os valores por faixa e o total publicado em campos separados."
1928;1929;Distrito Federal;0;souza_reis_1930_distrito_federal_1927_1928;F13;13;De 600:000$000 a 700:000$000;600000.0;700000.0;0;7;;;4530630.8;647232971.428571;;;;;;;;;;;;reis;mil-reis;mil-reis;renda global liquida;pessoas publicadas diretamente na tabela;Souza Reis, F. T. de. O imposto de renda em seis annos de adaptacao no Brasil, 1924-1929. Rio de Janeiro, 1930, p. 33, Quadro n. 12.;https://archive.org/details/impostrenda1924souz;local-desktop:/Dados de Imposto de Renda/impostrenda1924souz.pdf;outputs/fontes-pedro-souza-irpf/souza_reis_1930_quadro_12_pdfpage_38.png;38;33;Quadro n. 12;"Serie do Distrito Federal; nao comparar diretamente com Brasil. Exercicio 1928 corresponde ao ano-calendario 1927; exercicio 1929 corresponde ao ano-calendario 1928. A errata do livro corrige o Quadro 12, coluna 3, linha 17, de 8.659:361$000 para 8.659:361$200. A propria fonte observa que a estatistica de 1929 cobre apenas a renda de 1928 lancada/tributada ate 31 de dezembro; tratar como serie parcial ou preliminar. Soma das pessoas por faixa fecha com o total publicado (26099). A soma da renda das faixas difere do total publicado em 0:556$000; foram preservados os valores por faixa e o total publicado em campos separados."
1928;1929;Distrito Federal;0;souza_reis_1930_distrito_federal_1927_1928;F14;14;De 700:000$000 a 800:000$000;700000.0;800000.0;0;1;;;711179.5;711179500.0;;;;;;;;;;;;reis;mil-reis;mil-reis;renda global liquida;pessoas publicadas diretamente na tabela;Souza Reis, F. T. de. O imposto de renda em seis annos de adaptacao no Brasil, 1924-1929. Rio de Janeiro, 1930, p. 33, Quadro n. 12.;https://archive.org/details/impostrenda1924souz;local-desktop:/Dados de Imposto de Renda/impostrenda1924souz.pdf;outputs/fontes-pedro-souza-irpf/souza_reis_1930_quadro_12_pdfpage_38.png;38;33;Quadro n. 12;"Serie do Distrito Federal; nao comparar diretamente com Brasil. Exercicio 1928 corresponde ao ano-calendario 1927; exercicio 1929 corresponde ao ano-calendario 1928. A errata do livro corrige o Quadro 12, coluna 3, linha 17, de 8.659:361$000 para 8.659:361$200. A propria fonte observa que a estatistica de 1929 cobre apenas a renda de 1928 lancada/tributada ate 31 de dezembro; tratar como serie parcial ou preliminar. Soma das pessoas por faixa fecha com o total publicado (26099). A soma da renda das faixas difere do total publicado em 0:556$000; foram preservados os valores por faixa e o total publicado em campos separados."
1928;1929;Distrito Federal;0;souza_reis_1930_distrito_federal_1927_1928;F15;15;De 800:000$000 a 900:000$000;800000.0;900000.0;0;3;;;2543056.3;847685433.333333;;;;;;;;;;;;reis;mil-reis;mil-reis;renda global liquida;pessoas publicadas diretamente na tabela;Souza Reis, F. T. de. O imposto de renda em seis annos de adaptacao no Brasil, 1924-1929. Rio de Janeiro, 1930, p. 33, Quadro n. 12.;https://archive.org/details/impostrenda1924souz;local-desktop:/Dados de Imposto de Renda/impostrenda1924souz.pdf;outputs/fontes-pedro-souza-irpf/souza_reis_1930_quadro_12_pdfpage_38.png;38;33;Quadro n. 12;"Serie do Distrito Federal; nao comparar diretamente com Brasil. Exercicio 1928 corresponde ao ano-calendario 1927; exercicio 1929 corresponde ao ano-calendario 1928. A errata do livro corrige o Quadro 12, coluna 3, linha 17, de 8.659:361$000 para 8.659:361$200. A propria fonte observa que a estatistica de 1929 cobre apenas a renda de 1928 lancada/tributada ate 31 de dezembro; tratar como serie parcial ou preliminar. Soma das pessoas por faixa fecha com o total publicado (26099). A soma da renda das faixas difere do total publicado em 0:556$000; foram preservados os valores por faixa e o total publicado em campos separados."
1928;1929;Distrito Federal;0;souza_reis_1930_distrito_federal_1927_1928;F16;16;De 900:000$000 a 1.000:000$000;900000.0;1000000.0;0;3;;;2853823.6;951274533.333333;;;;;;;;;;;;reis;mil-reis;mil-reis;renda global liquida;pessoas publicadas diretamente na tabela;Souza Reis, F. T. de. O imposto de renda em seis annos de adaptacao no Brasil, 1924-1929. Rio de Janeiro, 1930, p. 33, Quadro n. 12.;https://archive.org/details/impostrenda1924souz;local-desktop:/Dados de Imposto de Renda/impostrenda1924souz.pdf;outputs/fontes-pedro-souza-irpf/souza_reis_1930_quadro_12_pdfpage_38.png;38;33;Quadro n. 12;"Serie do Distrito Federal; nao comparar diretamente com Brasil. Exercicio 1928 corresponde ao ano-calendario 1927; exercicio 1929 corresponde ao ano-calendario 1928. A errata do livro corrige o Quadro 12, coluna 3, linha 17, de 8.659:361$000 para 8.659:361$200. A propria fonte observa que a estatistica de 1929 cobre apenas a renda de 1928 lancada/tributada ate 31 de dezembro; tratar como serie parcial ou preliminar. Soma das pessoas por faixa fecha com o total publicado (26099). A soma da renda das faixas difere do total publicado em 0:556$000; foram preservados os valores por faixa e o total publicado em campos separados."
1928;1929;Distrito Federal;0;souza_reis_1930_distrito_federal_1927_1928;F17;17;De 1.000:000$000 a 1.500:000$000;1000000.0;1500000.0;0;7;;;8807269.8;1258181400.0;;;;;;;;;;;;reis;mil-reis;mil-reis;renda global liquida;pessoas publicadas diretamente na tabela;Souza Reis, F. T. de. O imposto de renda em seis annos de adaptacao no Brasil, 1924-1929. Rio de Janeiro, 1930, p. 33, Quadro n. 12.;https://archive.org/details/impostrenda1924souz;local-desktop:/Dados de Imposto de Renda/impostrenda1924souz.pdf;outputs/fontes-pedro-souza-irpf/souza_reis_1930_quadro_12_pdfpage_38.png;38;33;Quadro n. 12;"Serie do Distrito Federal; nao comparar diretamente com Brasil. Exercicio 1928 corresponde ao ano-calendario 1927; exercicio 1929 corresponde ao ano-calendario 1928. A errata do livro corrige o Quadro 12, coluna 3, linha 17, de 8.659:361$000 para 8.659:361$200. A propria fonte observa que a estatistica de 1929 cobre apenas a renda de 1928 lancada/tributada ate 31 de dezembro; tratar como serie parcial ou preliminar. Soma das pessoas por faixa fecha com o total publicado (26099). A soma da renda das faixas difere do total publicado em 0:556$000; foram preservados os valores por faixa e o total publicado em campos separados."
1928;1929;Distrito Federal;0;souza_reis_1930_distrito_federal_1927_1928;F18;18;De 1.500:000$000 a 2.500:000$000;1500000.0;2500000.0;0;2;;;3276809.2;1638404600.0;;;;;;;;;;;;reis;mil-reis;mil-reis;renda global liquida;pessoas publicadas diretamente na tabela;Souza Reis, F. T. de. O imposto de renda em seis annos de adaptacao no Brasil, 1924-1929. Rio de Janeiro, 1930, p. 33, Quadro n. 12.;https://archive.org/details/impostrenda1924souz;local-desktop:/Dados de Imposto de Renda/impostrenda1924souz.pdf;outputs/fontes-pedro-souza-irpf/souza_reis_1930_quadro_12_pdfpage_38.png;38;33;Quadro n. 12;"Serie do Distrito Federal; nao comparar diretamente com Brasil. Exercicio 1928 corresponde ao ano-calendario 1927; exercicio 1929 corresponde ao ano-calendario 1928. A errata do livro corrige o Quadro 12, coluna 3, linha 17, de 8.659:361$000 para 8.659:361$200. A propria fonte observa que a estatistica de 1929 cobre apenas a renda de 1928 lancada/tributada ate 31 de dezembro; tratar como serie parcial ou preliminar. Soma das pessoas por faixa fecha com o total publicado (26099). A soma da renda das faixas difere do total publicado em 0:556$000; foram preservados os valores por faixa e o total publicado em campos separados."
1928;1929;Distrito Federal;0;souza_reis_1930_distrito_federal_1927_1928;F19;19;De 2.500:000$000 a 3.000:000$000;2500000.0;3000000.0;0;2;;;5460025.0;2730012500.0;;;;;;;;;;;;reis;mil-reis;mil-reis;renda global liquida;pessoas publicadas diretamente na tabela;Souza Reis, F. T. de. O imposto de renda em seis annos de adaptacao no Brasil, 1924-1929. Rio de Janeiro, 1930, p. 33, Quadro n. 12.;https://archive.org/details/impostrenda1924souz;local-desktop:/Dados de Imposto de Renda/impostrenda1924souz.pdf;outputs/fontes-pedro-souza-irpf/souza_reis_1930_quadro_12_pdfpage_38.png;38;33;Quadro n. 12;"Serie do Distrito Federal; nao comparar diretamente com Brasil. Exercicio 1928 corresponde ao ano-calendario 1927; exercicio 1929 corresponde ao ano-calendario 1928. A errata do livro corrige o Quadro 12, coluna 3, linha 17, de 8.659:361$000 para 8.659:361$200. A propria fonte observa que a estatistica de 1929 cobre apenas a renda de 1928 lancada/tributada ate 31 de dezembro; tratar como serie parcial ou preliminar. Soma das pessoas por faixa fecha com o total publicado (26099). A soma da renda das faixas difere do total publicado em 0:556$000; foram preservados os valores por faixa e o total publicado em campos separados."
1928;1929;Distrito Federal;0;souza_reis_1930_distrito_federal_1927_1928;F20;20;Acima de 3.000:000$000;3000000.0;;1;2;;;7970510.5;3985255250.0;;;;;;;;;;;;reis;mil-reis;mil-reis;renda global liquida;pessoas publicadas diretamente na tabela;Souza Reis, F. T. de. O imposto de renda em seis annos de adaptacao no Brasil, 1924-1929. Rio de Janeiro, 1930, p. 33, Quadro n. 12.;https://archive.org/details/impostrenda1924souz;local-desktop:/Dados de Imposto de Renda/impostrenda1924souz.pdf;outputs/fontes-pedro-souza-irpf/souza_reis_1930_quadro_12_pdfpage_38.png;38;33;Quadro n. 12;"Serie do Distrito Federal; nao comparar diretamente com Brasil. Exercicio 1928 corresponde ao ano-calendario 1927; exercicio 1929 corresponde ao ano-calendario 1928. A errata do livro corrige o Quadro 12, coluna 3, linha 17, de 8.659:361$000 para 8.659:361$200. A propria fonte observa que a estatistica de 1929 cobre apenas a renda de 1928 lancada/tributada ate 31 de dezembro; tratar como serie parcial ou preliminar. Soma das pessoas por faixa fecha com o total publicado (26099). A soma da renda das faixas difere do total publicado em 0:556$000; foram preservados os valores por faixa e o total publicado em campos separados."
1933;1934;Distrito Federal;0;aeb_1941_1945_distrito_federal_1933_1934;F01;1;De mais de 12 a 20;12.0;20.0;0;5634;;;80307;14254;;;;;;;;;;;;Cr$;Cr$ 1.000;Cr$ 1.000;renda liquida;pessoas publicadas diretamente na tabela;Brasil. Instituto Brasileiro de Geografia e Estatistica. Anuario Estatistico do Brasil 1941-1945. Rio de Janeiro: IBGE, 1946, p. 496-497, tabela beta.;https://biblioteca.ibge.gov.br/visualizacao/periodicos/20/aeb_1941_1945.pdf;outputs/fontes-pedro-souza-irpf/aeb_1941_1945.pdf;"outputs/fontes-pedro-souza-irpf/aeb_1941_1945_paginas/pagina-501.png; outputs/fontes-pedro-souza-irpf/aeb_1941_1945_paginas/pagina-502.png";501-502;496-497;Tabela beta - Contribuintes no Distrito Federal e sua renda liquida por classes de renda - 1934/44;"Serie do Distrito Federal; nao comparar diretamente com a serie nacional. A tabela traz anos impressos 1934-1944; seguindo a regra dos Anuarios Estatisticos do Brasil usada no projeto, ano_calendario = ano_exercicio - 1."
1933;1934;Distrito Federal;0;aeb_1941_1945_distrito_federal_1933_1934;F02;2;De mais de 20 a 30;20.0;30.0;0;2218;;;54057;24372;;;;;;;;;;;;Cr$;Cr$ 1.000;Cr$ 1.000;renda liquida;pessoas publicadas diretamente na tabela;Brasil. Instituto Brasileiro de Geografia e Estatistica. Anuario Estatistico do Brasil 1941-1945. Rio de Janeiro: IBGE, 1946, p. 496-497, tabela beta.;https://biblioteca.ibge.gov.br/visualizacao/periodicos/20/aeb_1941_1945.pdf;outputs/fontes-pedro-souza-irpf/aeb_1941_1945.pdf;"outputs/fontes-pedro-souza-irpf/aeb_1941_1945_paginas/pagina-501.png; outputs/fontes-pedro-souza-irpf/aeb_1941_1945_paginas/pagina-502.png";501-502;496-497;Tabela beta - Contribuintes no Distrito Federal e sua renda liquida por classes de renda - 1934/44;"Serie do Distrito Federal; nao comparar diretamente com a serie nacional. A tabela traz anos impressos 1934-1944; seguindo a regra dos Anuarios Estatisticos do Brasil usada no projeto, ano_calendario = ano_exercicio - 1."
1933;1934;Distrito Federal;0;aeb_1941_1945_distrito_federal_1933_1934;F03;3;De mais de 30 a 60;30.0;60.0;0;1769;;;72643;41065;;;;;;;;;;;;Cr$;Cr$ 1.000;Cr$ 1.000;renda liquida;pessoas publicadas diretamente na tabela;Brasil. Instituto Brasileiro de Geografia e Estatistica. Anuario Estatistico do Brasil 1941-1945. Rio de Janeiro: IBGE, 1946, p. 496-497, tabela beta.;https://biblioteca.ibge.gov.br/visualizacao/periodicos/20/aeb_1941_1945.pdf;outputs/fontes-pedro-souza-irpf/aeb_1941_1945.pdf;"outputs/fontes-pedro-souza-irpf/aeb_1941_1945_paginas/pagina-501.png; outputs/fontes-pedro-souza-irpf/aeb_1941_1945_paginas/pagina-502.png";501-502;496-497;Tabela beta - Contribuintes no Distrito Federal e sua renda liquida por classes de renda - 1934/44;"Serie do Distrito Federal; nao comparar diretamente com a serie nacional. A tabela traz anos impressos 1934-1944; seguindo a regra dos Anuarios Estatisticos do Brasil usada no projeto, ano_calendario = ano_exercicio - 1."
1933;1934;Distrito Federal;0;aeb_1941_1945_distrito_federal_1933_1934;F04;4;De mais de 60 a 90;60.0;90.0;0;499;;;36712;73570;;;;;;;;;;;;Cr$;Cr$ 1.000;Cr$ 1.000;renda liquida;pessoas publicadas diretamente na tabela;Brasil. Instituto Brasileiro de Geografia e Estatistica. Anuario Estatistico do Brasil 1941-1945. Rio de Janeiro: IBGE, 1946, p. 496-497, tabela beta.;https://biblioteca.ibge.gov.br/visualizacao/periodicos/20/aeb_1941_1945.pdf;outputs/fontes-pedro-souza-irpf/aeb_1941_1945.pdf;"outputs/fontes-pedro-souza-irpf/aeb_1941_1945_paginas/pagina-501.png; outputs/fontes-pedro-souza-irpf/aeb_1941_1945_paginas/pagina-502.png";501-502;496-497;Tabela beta - Contribuintes no Distrito Federal e sua renda liquida por classes de renda - 1934/44;"Serie do Distrito Federal; nao comparar diretamente com a serie nacional. A tabela traz anos impressos 1934-1944; seguindo a regra dos Anuarios Estatisticos do Brasil usada no projeto, ano_calendario = ano_exercicio - 1."
1933;1934;Distrito Federal;0;aeb_1941_1945_distrito_federal_1933_1934;F05;5;De mais de 90 a 120;90.0;120.0;0;209;;;21572;103215;;;;;;;;;;;;Cr$;Cr$ 1.000;Cr$ 1.000;renda liquida;pessoas publicadas diretamente na tabela;Brasil. Instituto Brasileiro de Geografia e Estatistica. Anuario Estatistico do Brasil 1941-1945. Rio de Janeiro: IBGE, 1946, p. 496-497, tabela beta.;https://biblioteca.ibge.gov.br/visualizacao/periodicos/20/aeb_1941_1945.pdf;outputs/fontes-pedro-souza-irpf/aeb_1941_1945.pdf;"outputs/fontes-pedro-souza-irpf/aeb_1941_1945_paginas/pagina-501.png; outputs/fontes-pedro-souza-irpf/aeb_1941_1945_paginas/pagina-502.png";501-502;496-497;Tabela beta - Contribuintes no Distrito Federal e sua renda liquida por classes de renda - 1934/44;"Serie do Distrito Federal; nao comparar diretamente com a serie nacional. A tabela traz anos impressos 1934-1944; seguindo a regra dos Anuarios Estatisticos do Brasil usada no projeto, ano_calendario = ano_exercicio - 1."
1933;1934;Distrito Federal;0;aeb_1941_1945_distrito_federal_1933_1934;F06;6;De mais de 120 a 150;120.0;150.0;0;112;;;14997;133898;;;;;;;;;;;;Cr$;Cr$ 1.000;Cr$ 1.000;renda liquida;pessoas publicadas diretamente na tabela;Brasil. Instituto Brasileiro de Geografia e Estatistica. Anuario Estatistico do Brasil 1941-1945. Rio de Janeiro: IBGE, 1946, p. 496-497, tabela beta.;https://biblioteca.ibge.gov.br/visualizacao/periodicos/20/aeb_1941_1945.pdf;outputs/fontes-pedro-souza-irpf/aeb_1941_1945.pdf;"outputs/fontes-pedro-souza-irpf/aeb_1941_1945_paginas/pagina-501.png; outputs/fontes-pedro-souza-irpf/aeb_1941_1945_paginas/pagina-502.png";501-502;496-497;Tabela beta - Contribuintes no Distrito Federal e sua renda liquida por classes de renda - 1934/44;"Serie do Distrito Federal; nao comparar diretamente com a serie nacional. A tabela traz anos impressos 1934-1944; seguindo a regra dos Anuarios Estatisticos do Brasil usada no projeto, ano_calendario = ano_exercicio - 1."
1933;1934;Distrito Federal;0;aeb_1941_1945_distrito_federal_1933_1934;F07;7;De mais de 150 a 200;150.0;200.0;0;115;;;19824;172384;;;;;;;;;;;;Cr$;Cr$ 1.000;Cr$ 1.000;renda liquida;pessoas publicadas diretamente na tabela;Brasil. Instituto Brasileiro de Geografia e Estatistica. Anuario Estatistico do Brasil 1941-1945. Rio de Janeiro: IBGE, 1946, p. 496-497, tabela beta.;https://biblioteca.ibge.gov.br/visualizacao/periodicos/20/aeb_1941_1945.pdf;outputs/fontes-pedro-souza-irpf/aeb_1941_1945.pdf;"outputs/fontes-pedro-souza-irpf/aeb_1941_1945_paginas/pagina-501.png; outputs/fontes-pedro-souza-irpf/aeb_1941_1945_paginas/pagina-502.png";501-502;496-497;Tabela beta - Contribuintes no Distrito Federal e sua renda liquida por classes de renda - 1934/44;"Serie do Distrito Federal; nao comparar diretamente com a serie nacional. A tabela traz anos impressos 1934-1944; seguindo a regra dos Anuarios Estatisticos do Brasil usada no projeto, ano_calendario = ano_exercicio - 1."
1933;1934;Distrito Federal;0;aeb_1941_1945_distrito_federal_1933_1934;F08;8;De mais de 200 a 250;200.0;250.0;0;50;;;11198;223964;;;;;;;;;;;;Cr$;Cr$ 1.000;Cr$ 1.000;renda liquida;pessoas publicadas diretamente na tabela;Brasil. Instituto Brasileiro de Geografia e Estatistica. Anuario Estatistico do Brasil 1941-1945. Rio de Janeiro: IBGE, 1946, p. 496-497, tabela beta.;https://biblioteca.ibge.gov.br/visualizacao/periodicos/20/aeb_1941_1945.pdf;outputs/fontes-pedro-souza-irpf/aeb_1941_1945.pdf;"outputs/fontes-pedro-souza-irpf/aeb_1941_1945_paginas/pagina-501.png; outputs/fontes-pedro-souza-irpf/aeb_1941_1945_paginas/pagina-502.png";501-502;496-497;Tabela beta - Contribuintes no Distrito Federal e sua renda liquida por classes de renda - 1934/44;"Serie do Distrito Federal; nao comparar diretamente com a serie nacional. A tabela traz anos impressos 1934-1944; seguindo a regra dos Anuarios Estatisticos do Brasil usada no projeto, ano_calendario = ano_exercicio - 1."
1933;1934;Distrito Federal;0;aeb_1941_1945_distrito_federal_1933_1934;F09;9;De mais de 250 a 300;250.0;300.0;0;29;;;7919;273064;;;;;;;;;;;;Cr$;Cr$ 1.000;Cr$ 1.000;renda liquida;pessoas publicadas diretamente na tabela;Brasil. Instituto Brasileiro de Geografia e Estatistica. Anuario Estatistico do Brasil 1941-1945. Rio de Janeiro: IBGE, 1946, p. 496-497, tabela beta.;https://biblioteca.ibge.gov.br/visualizacao/periodicos/20/aeb_1941_1945.pdf;outputs/fontes-pedro-souza-irpf/aeb_1941_1945.pdf;"outputs/fontes-pedro-souza-irpf/aeb_1941_1945_paginas/pagina-501.png; outputs/fontes-pedro-souza-irpf/aeb_1941_1945_paginas/pagina-502.png";501-502;496-497;Tabela beta - Contribuintes no Distrito Federal e sua renda liquida por classes de renda - 1934/44;"Serie do Distrito Federal; nao comparar diretamente com a serie nacional. A tabela traz anos impressos 1934-1944; seguindo a regra dos Anuarios Estatisticos do Brasil usada no projeto, ano_calendario = ano_exercicio - 1."
1933;1934;Distrito Federal;0;aeb_1941_1945_distrito_federal_1933_1934;F10;10;De mais de 300 a 400;300.0;400.0;0;28;;;9852;351859;;;;;;;;;;;;Cr$;Cr$ 1.000;Cr$ 1.000;renda liquida;pessoas publicadas diretamente na tabela;Brasil. Instituto Brasileiro de Geografia e Estatistica. Anuario Estatistico do Brasil 1941-1945. Rio de Janeiro: IBGE, 1946, p. 496-497, tabela beta.;https://biblioteca.ibge.gov.br/visualizacao/periodicos/20/aeb_1941_1945.pdf;outputs/fontes-pedro-souza-irpf/aeb_1941_1945.pdf;"outputs/fontes-pedro-souza-irpf/aeb_1941_1945_paginas/pagina-501.png; outputs/fontes-pedro-souza-irpf/aeb_1941_1945_paginas/pagina-502.png";501-502;496-497;Tabela beta - Contribuintes no Distrito Federal e sua renda liquida por classes de renda - 1934/44;"Serie do Distrito Federal; nao comparar diretamente com a serie nacional. A tabela traz anos impressos 1934-1944; seguindo a regra dos Anuarios Estatisticos do Brasil usada no projeto, ano_calendario = ano_exercicio - 1."
1933;1934;Distrito Federal;0;aeb_1941_1945_distrito_federal_1933_1934;F11;11;De mais de 400 a 500;400.0;500.0;0;12;;;5300;441647;;;;;;;;;;;;Cr$;Cr$ 1.000;Cr$ 1.000;renda liquida;pessoas publicadas diretamente na tabela;Brasil. Instituto Brasileiro de Geografia e Estatistica. Anuario Estatistico do Brasil 1941-1945. Rio de Janeiro: IBGE, 1946, p. 496-497, tabela beta.;https://biblioteca.ibge.gov.br/visualizacao/periodicos/20/aeb_1941_1945.pdf;outputs/fontes-pedro-souza-irpf/aeb_1941_1945.pdf;"outputs/fontes-pedro-souza-irpf/aeb_1941_1945_paginas/pagina-501.png; outputs/fontes-pedro-souza-irpf/aeb_1941_1945_paginas/pagina-502.png";501-502;496-497;Tabela beta - Contribuintes no Distrito Federal e sua renda liquida por classes de renda - 1934/44;"Serie do Distrito Federal; nao comparar diretamente com a serie nacional. A tabela traz anos impressos 1934-1944; seguindo a regra dos Anuarios Estatisticos do Brasil usada no projeto, ano_calendario = ano_exercicio - 1."
1933;1934;Distrito Federal;0;aeb_1941_1945_distrito_federal_1933_1934;F12;12;Mais de 500;500.0;;1;27;;;22027;815803;;;;;;;;;;;;Cr$;Cr$ 1.000;Cr$ 1.000;renda liquida;pessoas publicadas diretamente na tabela;Brasil. Instituto Brasileiro de Geografia e Estatistica. Anuario Estatistico do Brasil 1941-1945. Rio de Janeiro: IBGE, 1946, p. 496-497, tabela beta.;https://biblioteca.ibge.gov.br/visualizacao/periodicos/20/aeb_1941_1945.pdf;outputs/fontes-pedro-souza-irpf/aeb_1941_1945.pdf;"outputs/fontes-pedro-souza-irpf/aeb_1941_1945_paginas/pagina-501.png; outputs/fontes-pedro-souza-irpf/aeb_1941_1945_paginas/pagina-502.png";501-502;496-497;Tabela beta - Contribuintes no Distrito Federal e sua renda liquida por classes de renda - 1934/44;"Serie do Distrito Federal; nao comparar diretamente com a serie nacional. A tabela traz anos impressos 1934-1944; seguindo a regra dos Anuarios Estatisticos do Brasil usada no projeto, ano_calendario = ano_exercicio - 1."
1934;1935;Distrito Federal;0;aeb_1941_1945_distrito_federal_1933_1934;F01;1;De mais de 12 a 20;12.0;20.0;0;5866;;;84110;14339;;;;;;;;;;;;Cr$;Cr$ 1.000;Cr$ 1.000;renda liquida;pessoas publicadas diretamente na tabela;Brasil. Instituto Brasileiro de Geografia e Estatistica. Anuario Estatistico do Brasil 1941-1945. Rio de Janeiro: IBGE, 1946, p. 496-497, tabela beta.;https://biblioteca.ibge.gov.br/visualizacao/periodicos/20/aeb_1941_1945.pdf;outputs/fontes-pedro-souza-irpf/aeb_1941_1945.pdf;"outputs/fontes-pedro-souza-irpf/aeb_1941_1945_paginas/pagina-501.png; outputs/fontes-pedro-souza-irpf/aeb_1941_1945_paginas/pagina-502.png";501-502;496-497;Tabela beta - Contribuintes no Distrito Federal e sua renda liquida por classes de renda - 1934/44;"Serie do Distrito Federal; nao comparar diretamente com a serie nacional. A tabela traz anos impressos 1934-1944; seguindo a regra dos Anuarios Estatisticos do Brasil usada no projeto, ano_calendario = ano_exercicio - 1."
1934;1935;Distrito Federal;0;aeb_1941_1945_distrito_federal_1933_1934;F02;2;De mais de 20 a 30;20.0;30.0;0;2501;;;61132;24443;;;;;;;;;;;;Cr$;Cr$ 1.000;Cr$ 1.000;renda liquida;pessoas publicadas diretamente na tabela;Brasil. Instituto Brasileiro de Geografia e Estatistica. Anuario Estatistico do Brasil 1941-1945. Rio de Janeiro: IBGE, 1946, p. 496-497, tabela beta.;https://biblioteca.ibge.gov.br/visualizacao/periodicos/20/aeb_1941_1945.pdf;outputs/fontes-pedro-souza-irpf/aeb_1941_1945.pdf;"outputs/fontes-pedro-souza-irpf/aeb_1941_1945_paginas/pagina-501.png; outputs/fontes-pedro-souza-irpf/aeb_1941_1945_paginas/pagina-502.png";501-502;496-497;Tabela beta - Contribuintes no Distrito Federal e sua renda liquida por classes de renda - 1934/44;"Serie do Distrito Federal; nao comparar diretamente com a serie nacional. A tabela traz anos impressos 1934-1944; seguindo a regra dos Anuarios Estatisticos do Brasil usada no projeto, ano_calendario = ano_exercicio - 1."
1934;1935;Distrito Federal;0;aeb_1941_1945_distrito_federal_1933_1934;F03;3;De mais de 30 a 60;30.0;60.0;0;2334;;;96135;41189;;;;;;;;;;;;Cr$;Cr$ 1.000;Cr$ 1.000;renda liquida;pessoas publicadas diretamente na tabela;Brasil. Instituto Brasileiro de Geografia e Estatistica. Anuario Estatistico do Brasil 1941-1945. Rio de Janeiro: IBGE, 1946, p. 496-497, tabela beta.;https://biblioteca.ibge.gov.br/visualizacao/periodicos/20/aeb_1941_1945.pdf;outputs/fontes-pedro-souza-irpf/aeb_1941_1945.pdf;"outputs/fontes-pedro-souza-irpf/aeb_1941_1945_paginas/pagina-501.png; outputs/fontes-pedro-souza-irpf/aeb_1941_1945_paginas/pagina-502.png";501-502;496-497;Tabela beta - Contribuintes no Distrito Federal e sua renda liquida por classes de renda - 1934/44;"Serie do Distrito Federal; nao comparar diretamente com a serie nacional. A tabela traz anos impressos 1934-1944; seguindo a regra dos Anuarios Estatisticos do Brasil usada no projeto, ano_calendario = ano_exercicio - 1."
1934;1935;Distrito Federal;0;aeb_1941_1945_distrito_federal_1933_1934;F04;4;De mais de 60 a 90;60.0;90.0;0;656;;;47690;72699;;;;;;;;;;;;Cr$;Cr$ 1.000;Cr$ 1.000;renda liquida;pessoas publicadas diretamente na tabela;Brasil. Instituto Brasileiro de Geografia e Estatistica. Anuario Estatistico do Brasil 1941-1945. Rio de Janeiro: IBGE, 1946, p. 496-497, tabela beta.;https://biblioteca.ibge.gov.br/visualizacao/periodicos/20/aeb_1941_1945.pdf;outputs/fontes-pedro-souza-irpf/aeb_1941_1945.pdf;"outputs/fontes-pedro-souza-irpf/aeb_1941_1945_paginas/pagina-501.png; outputs/fontes-pedro-souza-irpf/aeb_1941_1945_paginas/pagina-502.png";501-502;496-497;Tabela beta - Contribuintes no Distrito Federal e sua renda liquida por classes de renda - 1934/44;"Serie do Distrito Federal; nao comparar diretamente com a serie nacional. A tabela traz anos impressos 1934-1944; seguindo a regra dos Anuarios Estatisticos do Brasil usada no projeto, ano_calendario = ano_exercicio - 1."
1934;1935;Distrito Federal;0;aeb_1941_1945_distrito_federal_1933_1934;F05;5;De mais de 90 a 120;90.0;120.0;0;256;;;26640;104061;;;;;;;;;;;;Cr$;Cr$ 1.000;Cr$ 1.000;renda liquida;pessoas publicadas diretamente na tabela;Brasil. Instituto Brasileiro de Geografia e Estatistica. Anuario Estatistico do Brasil 1941-1945. Rio de Janeiro: IBGE, 1946, p. 496-497, tabela beta.;https://biblioteca.ibge.gov.br/visualizacao/periodicos/20/aeb_1941_1945.pdf;outputs/fontes-pedro-souza-irpf/aeb_1941_1945.pdf;"outputs/fontes-pedro-souza-irpf/aeb_1941_1945_paginas/pagina-501.png; outputs/fontes-pedro-souza-irpf/aeb_1941_1945_paginas/pagina-502.png";501-502;496-497;Tabela beta - Contribuintes no Distrito Federal e sua renda liquida por classes de renda - 1934/44;"Serie do Distrito Federal; nao comparar diretamente com a serie nacional. A tabela traz anos impressos 1934-1944; seguindo a regra dos Anuarios Estatisticos do Brasil usada no projeto, ano_calendario = ano_exercicio - 1."
1934;1935;Distrito Federal;0;aeb_1941_1945_distrito_federal_1933_1934;F06;6;De mais de 120 a 150;120.0;150.0;0;147;;;19497;132631;;;;;;;;;;;;Cr$;Cr$ 1.000;Cr$ 1.000;renda liquida;pessoas publicadas diretamente na tabela;Brasil. Instituto Brasileiro de Geografia e Estatistica. Anuario Estatistico do Brasil 1941-1945. Rio de Janeiro: IBGE, 1946, p. 496-497, tabela beta.;https://biblioteca.ibge.gov.br/visualizacao/periodicos/20/aeb_1941_1945.pdf;outputs/fontes-pedro-souza-irpf/aeb_1941_1945.pdf;"outputs/fontes-pedro-souza-irpf/aeb_1941_1945_paginas/pagina-501.png; outputs/fontes-pedro-souza-irpf/aeb_1941_1945_paginas/pagina-502.png";501-502;496-497;Tabela beta - Contribuintes no Distrito Federal e sua renda liquida por classes de renda - 1934/44;"Serie do Distrito Federal; nao comparar diretamente com a serie nacional. A tabela traz anos impressos 1934-1944; seguindo a regra dos Anuarios Estatisticos do Brasil usada no projeto, ano_calendario = ano_exercicio - 1."
1934;1935;Distrito Federal;0;aeb_1941_1945_distrito_federal_1933_1934;F07;7;De mais de 150 a 200;150.0;200.0;0;129;;;22473;174210;;;;;;;;;;;;Cr$;Cr$ 1.000;Cr$ 1.000;renda liquida;pessoas publicadas diretamente na tabela;Brasil. Instituto Brasileiro de Geografia e Estatistica. Anuario Estatistico do Brasil 1941-1945. Rio de Janeiro: IBGE, 1946, p. 496-497, tabela beta.;https://biblioteca.ibge.gov.br/visualizacao/periodicos/20/aeb_1941_1945.pdf;outputs/fontes-pedro-souza-irpf/aeb_1941_1945.pdf;"outputs/fontes-pedro-souza-irpf/aeb_1941_1945_paginas/pagina-501.png; outputs/fontes-pedro-souza-irpf/aeb_1941_1945_paginas/pagina-502.png";501-502;496-497;Tabela beta - Contribuintes no Distrito Federal e sua renda liquida por classes de renda - 1934/44;"Serie do Distrito Federal; nao comparar diretamente com a serie nacional. A tabela traz anos impressos 1934-1944; seguindo a regra dos Anuarios Estatisticos do Brasil usada no projeto, ano_calendario = ano_exercicio - 1."
1934;1935;Distrito Federal;0;aeb_1941_1945_distrito_federal_1933_1934;F08;8;De mais de 200 a 250;200.0;250.0;0;55;;;12187;221587;;;;;;;;;;;;Cr$;Cr$ 1.000;Cr$ 1.000;renda liquida;pessoas publicadas diretamente na tabela;Brasil. Instituto Brasileiro de Geografia e Estatistica. Anuario Estatistico do Brasil 1941-1945. Rio de Janeiro: IBGE, 1946, p. 496-497, tabela beta.;https://biblioteca.ibge.gov.br/visualizacao/periodicos/20/aeb_1941_1945.pdf;outputs/fontes-pedro-souza-irpf/aeb_1941_1945.pdf;"outputs/fontes-pedro-souza-irpf/aeb_1941_1945_paginas/pagina-501.png; outputs/fontes-pedro-souza-irpf/aeb_1941_1945_paginas/pagina-502.png";501-502;496-497;Tabela beta - Contribuintes no Distrito Federal e sua renda liquida por classes de renda - 1934/44;"Serie do Distrito Federal; nao comparar diretamente com a serie nacional. A tabela traz anos impressos 1934-1944; seguindo a regra dos Anuarios Estatisticos do Brasil usada no projeto, ano_calendario = ano_exercicio - 1."
1934;1935;Distrito Federal;0;aeb_1941_1945_distrito_federal_1933_1934;F09;9;De mais de 250 a 300;250.0;300.0;0;29;;;7812;269393;;;;;;;;;;;;Cr$;Cr$ 1.000;Cr$ 1.000;renda liquida;pessoas publicadas diretamente na tabela;Brasil. Instituto Brasileiro de Geografia e Estatistica. Anuario Estatistico do Brasil 1941-1945. Rio de Janeiro: IBGE, 1946, p. 496-497, tabela beta.;https://biblioteca.ibge.gov.br/visualizacao/periodicos/20/aeb_1941_1945.pdf;outputs/fontes-pedro-souza-irpf/aeb_1941_1945.pdf;"outputs/fontes-pedro-souza-irpf/aeb_1941_1945_paginas/pagina-501.png; outputs/fontes-pedro-souza-irpf/aeb_1941_1945_paginas/pagina-502.png";501-502;496-497;Tabela beta - Contribuintes no Distrito Federal e sua renda liquida por classes de renda - 1934/44;"Serie do Distrito Federal; nao comparar diretamente com a serie nacional. A tabela traz anos impressos 1934-1944; seguindo a regra dos Anuarios Estatisticos do Brasil usada no projeto, ano_calendario = ano_exercicio - 1."
1934;1935;Distrito Federal;0;aeb_1941_1945_distrito_federal_1933_1934;F10;10;De mais de 300 a 400;300.0;400.0;0;33;;;11421;346084;;;;;;;;;;;;Cr$;Cr$ 1.000;Cr$ 1.000;renda liquida;pessoas publicadas diretamente na tabela;Brasil. Instituto Brasileiro de Geografia e Estatistica. Anuario Estatistico do Brasil 1941-1945. Rio de Janeiro: IBGE, 1946, p. 496-497, tabela beta.;https://biblioteca.ibge.gov.br/visualizacao/periodicos/20/aeb_1941_1945.pdf;outputs/fontes-pedro-souza-irpf/aeb_1941_1945.pdf;"outputs/fontes-pedro-souza-irpf/aeb_1941_1945_paginas/pagina-501.png; outputs/fontes-pedro-souza-irpf/aeb_1941_1945_paginas/pagina-502.png";501-502;496-497;Tabela beta - Contribuintes no Distrito Federal e sua renda liquida por classes de renda - 1934/44;"Serie do Distrito Federal; nao comparar diretamente com a serie nacional. A tabela traz anos impressos 1934-1944; seguindo a regra dos Anuarios Estatisticos do Brasil usada no projeto, ano_calendario = ano_exercicio - 1."
1934;1935;Distrito Federal;0;aeb_1941_1945_distrito_federal_1933_1934;F11;11;De mais de 400 a 500;400.0;500.0;0;27;;;11937;442101;;;;;;;;;;;;Cr$;Cr$ 1.000;Cr$ 1.000;renda liquida;pessoas publicadas diretamente na tabela;Brasil. Instituto Brasileiro de Geografia e Estatistica. Anuario Estatistico do Brasil 1941-1945. Rio de Janeiro: IBGE, 1946, p. 496-497, tabela beta.;https://biblioteca.ibge.gov.br/visualizacao/periodicos/20/aeb_1941_1945.pdf;outputs/fontes-pedro-souza-irpf/aeb_1941_1945.pdf;"outputs/fontes-pedro-souza-irpf/aeb_1941_1945_paginas/pagina-501.png; outputs/fontes-pedro-souza-irpf/aeb_1941_1945_paginas/pagina-502.png";501-502;496-497;Tabela beta - Contribuintes no Distrito Federal e sua renda liquida por classes de renda - 1934/44;"Serie do Distrito Federal; nao comparar diretamente com a serie nacional. A tabela traz anos impressos 1934-1944; seguindo a regra dos Anuarios Estatisticos do Brasil usada no projeto, ano_calendario = ano_exercicio - 1."
1934;1935;Distrito Federal;0;aeb_1941_1945_distrito_federal_1933_1934;F12;12;Mais de 500;500.0;;1;26;;;23427;901024;;;;;;;;;;;;Cr$;Cr$ 1.000;Cr$ 1.000;renda liquida;pessoas publicadas diretamente na tabela;Brasil. Instituto Brasileiro de Geografia e Estatistica. Anuario Estatistico do Brasil 1941-1945. Rio de Janeiro: IBGE, 1946, p. 496-497, tabela beta.;https://biblioteca.ibge.gov.br/visualizacao/periodicos/20/aeb_1941_1945.pdf;outputs/fontes-pedro-souza-irpf/aeb_1941_1945.pdf;"outputs/fontes-pedro-souza-irpf/aeb_1941_1945_paginas/pagina-501.png; outputs/fontes-pedro-souza-irpf/aeb_1941_1945_paginas/pagina-502.png";501-502;496-497;Tabela beta - Contribuintes no Distrito Federal e sua renda liquida por classes de renda - 1934/44;"Serie do Distrito Federal; nao comparar diretamente com a serie nacional. A tabela traz anos impressos 1934-1944; seguindo a regra dos Anuarios Estatisticos do Brasil usada no projeto, ano_calendario = ano_exercicio - 1."
1935;;Distrito Federal;0;aeb_1946_distrito_federal_1935_1945;F01;1;De mais de 12 a 20;12.0;20.0;0;5866;;;84110;14339;;;;;;;;;;;;Cr$;Cr$ 1.000;Cr$ 1.000;renda liquida;contribuintes calculados por renda total / renda media;Anuario Estatistico do Brasil 1946, p. 489, tabela beta;;outputs/fontes-pedro-souza-irpf/aeb_1946.pdf;;506;489;;
1935;;Distrito Federal;0;aeb_1946_distrito_federal_1935_1945;F02;2;De mais de 20 a 30;20.0;30.0;0;2501;;;61132;24443;;;;;;;;;;;;Cr$;Cr$ 1.000;Cr$ 1.000;renda liquida;contribuintes calculados por renda total / renda media;Anuario Estatistico do Brasil 1946, p. 489, tabela beta;;outputs/fontes-pedro-souza-irpf/aeb_1946.pdf;;506;489;;
1935;;Distrito Federal;0;aeb_1946_distrito_federal_1935_1945;F03;3;De mais de 30 a 60;30.0;60.0;0;2334;;;96135;41189;;;;;;;;;;;;Cr$;Cr$ 1.000;Cr$ 1.000;renda liquida;contribuintes calculados por renda total / renda media;Anuario Estatistico do Brasil 1946, p. 489, tabela beta;;outputs/fontes-pedro-souza-irpf/aeb_1946.pdf;;506;489;;
1935;;Distrito Federal;0;aeb_1946_distrito_federal_1935_1945;F04;4;De mais de 60 a 90;60.0;90.0;0;656;;;47690;72699;;;;;;;;;;;;Cr$;Cr$ 1.000;Cr$ 1.000;renda liquida;contribuintes calculados por renda total / renda media;Anuario Estatistico do Brasil 1946, p. 489, tabela beta;;outputs/fontes-pedro-souza-irpf/aeb_1946.pdf;;506;489;;
1935;;Distrito Federal;0;aeb_1946_distrito_federal_1935_1945;F05;5;De mais de 90 a 120;90.0;120.0;0;256;;;26640;104061;;;;;;;;;;;;Cr$;Cr$ 1.000;Cr$ 1.000;renda liquida;contribuintes calculados por renda total / renda media;Anuario Estatistico do Brasil 1946, p. 489, tabela beta;;outputs/fontes-pedro-souza-irpf/aeb_1946.pdf;;506;489;;
1935;;Distrito Federal;0;aeb_1946_distrito_federal_1935_1945;F06;6;De mais de 120 a 150;120.0;150.0;0;147;;;19497;132631;;;;;;;;;;;;Cr$;Cr$ 1.000;Cr$ 1.000;renda liquida;contribuintes calculados por renda total / renda media;Anuario Estatistico do Brasil 1946, p. 489, tabela beta;;outputs/fontes-pedro-souza-irpf/aeb_1946.pdf;;506;489;;
1935;;Distrito Federal;0;aeb_1946_distrito_federal_1935_1945;F07;7;De mais de 150 a 200;150.0;200.0;0;129;;;22473;174210;;;;;;;;;;;;Cr$;Cr$ 1.000;Cr$ 1.000;renda liquida;contribuintes calculados por renda total / renda media;Anuario Estatistico do Brasil 1946, p. 489, tabela beta;;outputs/fontes-pedro-souza-irpf/aeb_1946.pdf;;506;489;;
1935;;Distrito Federal;0;aeb_1946_distrito_federal_1935_1945;F08;8;De mais de 200 a 250;200.0;250.0;0;55;;;12187;221587;;;;;;;;;;;;Cr$;Cr$ 1.000;Cr$ 1.000;renda liquida;contribuintes calculados por renda total / renda media;Anuario Estatistico do Brasil 1946, p. 489, tabela beta;;outputs/fontes-pedro-souza-irpf/aeb_1946.pdf;;506;489;;
1935;;Distrito Federal;0;aeb_1946_distrito_federal_1935_1945;F09;9;De mais de 250 a 300;250.0;300.0;0;29;;;7812;269393;;;;;;;;;;;;Cr$;Cr$ 1.000;Cr$ 1.000;renda liquida;contribuintes calculados por renda total / renda media;Anuario Estatistico do Brasil 1946, p. 489, tabela beta;;outputs/fontes-pedro-souza-irpf/aeb_1946.pdf;;506;489;;
1935;;Distrito Federal;0;aeb_1946_distrito_federal_1935_1945;F10;10;De mais de 300 a 400;300.0;400.0;0;33;;;11421;346084;;;;;;;;;;;;Cr$;Cr$ 1.000;Cr$ 1.000;renda liquida;contribuintes calculados por renda total / renda media;Anuario Estatistico do Brasil 1946, p. 489, tabela beta;;outputs/fontes-pedro-souza-irpf/aeb_1946.pdf;;506;489;;
1935;;Distrito Federal;0;aeb_1946_distrito_federal_1935_1945;F11;11;De mais de 400 a 500;400.0;500.0;0;27;;;11937;442101;;;;;;;;;;;;Cr$;Cr$ 1.000;Cr$ 1.000;renda liquida;contribuintes calculados por renda total / renda media;Anuario Estatistico do Brasil 1946, p. 489, tabela beta;;outputs/fontes-pedro-souza-irpf/aeb_1946.pdf;;506;489;;
1935;;Distrito Federal;0;aeb_1946_distrito_federal_1935_1945;F12;12;Mais de 500;500.0;;1;26;;;23427;901024;;;;;;;;;;;;Cr$;Cr$ 1.000;Cr$ 1.000;renda liquida;contribuintes calculados por renda total / renda media;Anuario Estatistico do Brasil 1946, p. 489, tabela beta;;outputs/fontes-pedro-souza-irpf/aeb_1946.pdf;;506;489;;
1936;;Distrito Federal;0;aeb_1946_distrito_federal_1935_1945;F01;1;De mais de 12 a 20;12.0;20.0;0;6971;;;99311;14246;;;;;;;;;;;;Cr$;Cr$ 1.000;Cr$ 1.000;renda liquida;contribuintes calculados por renda total / renda media;Anuario Estatistico do Brasil 1946, p. 489, tabela beta;;outputs/fontes-pedro-souza-irpf/aeb_1946.pdf;;506;489;;
1936;;Distrito Federal;0;aeb_1946_distrito_federal_1935_1945;F02;2;De mais de 20 a 30;20.0;30.0;0;2794;;;68409;24484;;;;;;;;;;;;Cr$;Cr$ 1.000;Cr$ 1.000;renda liquida;contribuintes calculados por renda total / renda media;Anuario Estatistico do Brasil 1946, p. 489, tabela beta;;outputs/fontes-pedro-souza-irpf/aeb_1946.pdf;;506;489;;
1936;;Distrito Federal;0;aeb_1946_distrito_federal_1935_1945;F03;3;De mais de 30 a 60;30.0;60.0;0;2738;;;113012;41275;;;;;;;;;;;;Cr$;Cr$ 1.000;Cr$ 1.000;renda liquida;contribuintes calculados por renda total / renda media;Anuario Estatistico do Brasil 1946, p. 489, tabela beta;;outputs/fontes-pedro-souza-irpf/aeb_1946.pdf;;506;489;;
1936;;Distrito Federal;0;aeb_1946_distrito_federal_1935_1945;F04;4;De mais de 60 a 90;60.0;90.0;0;790;;;56966;72109;;;;;;;;;;;;Cr$;Cr$ 1.000;Cr$ 1.000;renda liquida;contribuintes calculados por renda total / renda media;Anuario Estatistico do Brasil 1946, p. 489, tabela beta;;outputs/fontes-pedro-souza-irpf/aeb_1946.pdf;;506;489;;
1936;;Distrito Federal;0;aeb_1946_distrito_federal_1935_1945;F05;5;De mais de 90 a 120;90.0;120.0;0;342;;;35604;104106;;;;;;;;;;;;Cr$;Cr$ 1.000;Cr$ 1.000;renda liquida;contribuintes calculados por renda total / renda media;Anuario Estatistico do Brasil 1946, p. 489, tabela beta;;outputs/fontes-pedro-souza-irpf/aeb_1946.pdf;;506;489;;
1936;;Distrito Federal;0;aeb_1946_distrito_federal_1935_1945;F06;6;De mais de 120 a 150;120.0;150.0;0;186;;;24710;132851;;;;;;;;;;;;Cr$;Cr$ 1.000;Cr$ 1.000;renda liquida;contribuintes calculados por renda total / renda media;Anuario Estatistico do Brasil 1946, p. 489, tabela beta;;outputs/fontes-pedro-souza-irpf/aeb_1946.pdf;;506;489;;
1936;;Distrito Federal;0;aeb_1946_distrito_federal_1935_1945;F07;7;De mais de 150 a 200;150.0;200.0;0;180;;;30683;170459;;;;;;;;;;;;Cr$;Cr$ 1.000;Cr$ 1.000;renda liquida;contribuintes calculados por renda total / renda media;Anuario Estatistico do Brasil 1946, p. 489, tabela beta;;outputs/fontes-pedro-souza-irpf/aeb_1946.pdf;;506;489;;
1936;;Distrito Federal;0;aeb_1946_distrito_federal_1935_1945;F08;8;De mais de 200 a 250;200.0;250.0;0;83;;;18706;225379;;;;;;;;;;;;Cr$;Cr$ 1.000;Cr$ 1.000;renda liquida;contribuintes calculados por renda total / renda media;Anuario Estatistico do Brasil 1946, p. 489, tabela beta;;outputs/fontes-pedro-souza-irpf/aeb_1946.pdf;;506;489;;
1936;;Distrito Federal;0;aeb_1946_distrito_federal_1935_1945;F09;9;De mais de 250 a 300;250.0;300.0;0;40;;;10837;270927;;;;;;;;;;;;Cr$;Cr$ 1.000;Cr$ 1.000;renda liquida;contribuintes calculados por renda total / renda media;Anuario Estatistico do Brasil 1946, p. 489, tabela beta;;outputs/fontes-pedro-souza-irpf/aeb_1946.pdf;;506;489;;
1936;;Distrito Federal;0;aeb_1946_distrito_federal_1935_1945;F10;10;De mais de 300 a 400;300.0;400.0;0;43;;;14479;336717;;;;;;;;;;;;Cr$;Cr$ 1.000;Cr$ 1.000;renda liquida;contribuintes calculados por renda total / renda media;Anuario Estatistico do Brasil 1946, p. 489, tabela beta;;outputs/fontes-pedro-souza-irpf/aeb_1946.pdf;;506;489;;
1936;;Distrito Federal;0;aeb_1946_distrito_federal_1935_1945;F11;11;De mais de 400 a 500;400.0;500.0;0;39;;;17467;447862;;;;;;;;;;;;Cr$;Cr$ 1.000;Cr$ 1.000;renda liquida;contribuintes calculados por renda total / renda media;Anuario Estatistico do Brasil 1946, p. 489, tabela beta;;outputs/fontes-pedro-souza-irpf/aeb_1946.pdf;;506;489;;
1936;;Distrito Federal;0;aeb_1946_distrito_federal_1935_1945;F12;12;Mais de 500;500.0;;1;35;;;32927;940768;;;;;;;;;;;;Cr$;Cr$ 1.000;Cr$ 1.000;renda liquida;contribuintes calculados por renda total / renda media;Anuario Estatistico do Brasil 1946, p. 489, tabela beta;;outputs/fontes-pedro-souza-irpf/aeb_1946.pdf;;506;489;;
1937;;Distrito Federal;0;aeb_1946_distrito_federal_1935_1945;F01;1;De mais de 12 a 20;12.0;20.0;0;7697;;;110294;14329;;;;;;;;;;;;Cr$;Cr$ 1.000;Cr$ 1.000;renda liquida;contribuintes calculados por renda total / renda media;Anuario Estatistico do Brasil 1946, p. 489, tabela beta;;outputs/fontes-pedro-souza-irpf/aeb_1946.pdf;;506;489;;
1937;;Distrito Federal;0;aeb_1946_distrito_federal_1935_1945;F02;2;De mais de 20 a 30;20.0;30.0;0;3331;;;81297;24406;;;;;;;;;;;;Cr$;Cr$ 1.000;Cr$ 1.000;renda liquida;contribuintes calculados por renda total / renda media;Anuario Estatistico do Brasil 1946, p. 489, tabela beta;;outputs/fontes-pedro-souza-irpf/aeb_1946.pdf;;506;489;;
1937;;Distrito Federal;0;aeb_1946_distrito_federal_1935_1945;F03;3;De mais de 30 a 60;30.0;60.0;0;3252;;;134104;41237;;;;;;;;;;;;Cr$;Cr$ 1.000;Cr$ 1.000;renda liquida;contribuintes calculados por renda total / renda media;Anuario Estatistico do Brasil 1946, p. 489, tabela beta;;outputs/fontes-pedro-souza-irpf/aeb_1946.pdf;;506;489;;
1937;;Distrito Federal;0;aeb_1946_distrito_federal_1935_1945;F04;4;De mais de 60 a 90;60.0;90.0;0;904;;;65642;72613;;;;;;;;;;;;Cr$;Cr$ 1.000;Cr$ 1.000;renda liquida;contribuintes calculados por renda total / renda media;Anuario Estatistico do Brasil 1946, p. 489, tabela beta;;outputs/fontes-pedro-souza-irpf/aeb_1946.pdf;;506;489;;
1937;;Distrito Federal;0;aeb_1946_distrito_federal_1935_1945;F05;5;De mais de 90 a 120;90.0;120.0;0;406;;;41764;102868;;;;;;;;;;;;Cr$;Cr$ 1.000;Cr$ 1.000;renda liquida;contribuintes calculados por renda total / renda media;Anuario Estatistico do Brasil 1946, p. 489, tabela beta;;outputs/fontes-pedro-souza-irpf/aeb_1946.pdf;;506;489;;
1937;;Distrito Federal;0;aeb_1946_distrito_federal_1935_1945;F06;6;De mais de 120 a 150;120.0;150.0;0;178;;;23700;133146;;;;;;;;;;;;Cr$;Cr$ 1.000;Cr$ 1.000;renda liquida;contribuintes calculados por renda total / renda media;Anuario Estatistico do Brasil 1946, p. 489, tabela beta;;outputs/fontes-pedro-souza-irpf/aeb_1946.pdf;;506;489;;
1937;;Distrito Federal;0;aeb_1946_distrito_federal_1935_1945;F07;7;De mais de 150 a 200;150.0;200.0;0;156;;;26763;171560;;;;;;;;;;;;Cr$;Cr$ 1.000;Cr$ 1.000;renda liquida;contribuintes calculados por renda total / renda media;Anuario Estatistico do Brasil 1946, p. 489, tabela beta;;outputs/fontes-pedro-souza-irpf/aeb_1946.pdf;;506;489;;
1937;;Distrito Federal;0;aeb_1946_distrito_federal_1935_1945;F08;8;De mais de 200 a 250;200.0;250.0;0;61;;;13592;222820;;;;;;;;;;;;Cr$;Cr$ 1.000;Cr$ 1.000;renda liquida;contribuintes calculados por renda total / renda media;Anuario Estatistico do Brasil 1946, p. 489, tabela beta;;outputs/fontes-pedro-souza-irpf/aeb_1946.pdf;;506;489;;
1937;;Distrito Federal;0;aeb_1946_distrito_federal_1935_1945;F09;9;De mais de 250 a 300;250.0;300.0;0;51;;;13823;271046;;;;;;;;;;;;Cr$;Cr$ 1.000;Cr$ 1.000;renda liquida;contribuintes calculados por renda total / renda media;Anuario Estatistico do Brasil 1946, p. 489, tabela beta;;outputs/fontes-pedro-souza-irpf/aeb_1946.pdf;;506;489;;
1937;;Distrito Federal;0;aeb_1946_distrito_federal_1935_1945;F10;10;De mais de 300 a 400;300.0;400.0;0;47;;;15740;334895;;;;;;;;;;;;Cr$;Cr$ 1.000;Cr$ 1.000;renda liquida;contribuintes calculados por renda total / renda media;Anuario Estatistico do Brasil 1946, p. 489, tabela beta;;outputs/fontes-pedro-souza-irpf/aeb_1946.pdf;;506;489;;
1937;;Distrito Federal;0;aeb_1946_distrito_federal_1935_1945;F11;11;De mais de 400 a 500;400.0;500.0;0;24;;;10572;440509;;;;;;;;;;;;Cr$;Cr$ 1.000;Cr$ 1.000;renda liquida;contribuintes calculados por renda total / renda media;Anuario Estatistico do Brasil 1946, p. 489, tabela beta;;outputs/fontes-pedro-souza-irpf/aeb_1946.pdf;;506;489;;
1937;;Distrito Federal;0;aeb_1946_distrito_federal_1935_1945;F12;12;Mais de 500;500.0;;1;30;;;23378;779270;;;;;;;;;;;;Cr$;Cr$ 1.000;Cr$ 1.000;renda liquida;contribuintes calculados por renda total / renda media;Anuario Estatistico do Brasil 1946, p. 489, tabela beta;;outputs/fontes-pedro-souza-irpf/aeb_1946.pdf;;506;489;;
1938;;Distrito Federal;0;aeb_1946_distrito_federal_1935_1945;F01;1;De mais de 12 a 20;12.0;20.0;0;9349;;;133853;14317;;;;;;;;;;;;Cr$;Cr$ 1.000;Cr$ 1.000;renda liquida;contribuintes calculados por renda total / renda media;Anuario Estatistico do Brasil 1946, p. 489, tabela beta;;outputs/fontes-pedro-souza-irpf/aeb_1946.pdf;;506;489;;
1938;;Distrito Federal;0;aeb_1946_distrito_federal_1935_1945;F02;2;De mais de 20 a 30;20.0;30.0;0;3953;;;96895;24512;;;;;;;;;;;;Cr$;Cr$ 1.000;Cr$ 1.000;renda liquida;contribuintes calculados por renda total / renda media;Anuario Estatistico do Brasil 1946, p. 489, tabela beta;;outputs/fontes-pedro-souza-irpf/aeb_1946.pdf;;506;489;;
1938;;Distrito Federal;0;aeb_1946_distrito_federal_1935_1945;F03;3;De mais de 30 a 60;30.0;60.0;0;3802;;;157911;41534;;;;;;;;;;;;Cr$;Cr$ 1.000;Cr$ 1.000;renda liquida;contribuintes calculados por renda total / renda media;Anuario Estatistico do Brasil 1946, p. 489, tabela beta;;outputs/fontes-pedro-souza-irpf/aeb_1946.pdf;;506;489;;
1938;;Distrito Federal;0;aeb_1946_distrito_federal_1935_1945;F04;4;De mais de 60 a 90;60.0;90.0;0;1103;;;80565;73042;;;;;;;;;;;;Cr$;Cr$ 1.000;Cr$ 1.000;renda liquida;contribuintes calculados por renda total / renda media;Anuario Estatistico do Brasil 1946, p. 489, tabela beta;;outputs/fontes-pedro-souza-irpf/aeb_1946.pdf;;506;489;;
1938;;Distrito Federal;0;aeb_1946_distrito_federal_1935_1945;F05;5;De mais de 90 a 120;90.0;120.0;0;480;;;49393;102902;;;;;;;;;;;;Cr$;Cr$ 1.000;Cr$ 1.000;renda liquida;contribuintes calculados por renda total / renda media;Anuario Estatistico do Brasil 1946, p. 489, tabela beta;;outputs/fontes-pedro-souza-irpf/aeb_1946.pdf;;506;489;;
1938;;Distrito Federal;0;aeb_1946_distrito_federal_1935_1945;F06;6;De mais de 120 a 150;120.0;150.0;0;251;;;33589;133822;;;;;;;;;;;;Cr$;Cr$ 1.000;Cr$ 1.000;renda liquida;contribuintes calculados por renda total / renda media;Anuario Estatistico do Brasil 1946, p. 489, tabela beta;;outputs/fontes-pedro-souza-irpf/aeb_1946.pdf;;506;489;;
1938;;Distrito Federal;0;aeb_1946_distrito_federal_1935_1945;F07;7;De mais de 150 a 200;150.0;200.0;0;238;;;40693;170980;;;;;;;;;;;;Cr$;Cr$ 1.000;Cr$ 1.000;renda liquida;contribuintes calculados por renda total / renda media;Anuario Estatistico do Brasil 1946, p. 489, tabela beta;;outputs/fontes-pedro-souza-irpf/aeb_1946.pdf;;506;489;;
1938;;Distrito Federal;0;aeb_1946_distrito_federal_1935_1945;F08;8;De mais de 200 a 250;200.0;250.0;0;119;;;26396;221818;;;;;;;;;;;;Cr$;Cr$ 1.000;Cr$ 1.000;renda liquida;contribuintes calculados por renda total / renda media;Anuario Estatistico do Brasil 1946, p. 489, tabela beta;;outputs/fontes-pedro-souza-irpf/aeb_1946.pdf;;506;489;;
1938;;Distrito Federal;0;aeb_1946_distrito_federal_1935_1945;F09;9;De mais de 250 a 300;250.0;300.0;0;88;;;23919;271804;;;;;;;;;;;;Cr$;Cr$ 1.000;Cr$ 1.000;renda liquida;contribuintes calculados por renda total / renda media;Anuario Estatistico do Brasil 1946, p. 489, tabela beta;;outputs/fontes-pedro-souza-irpf/aeb_1946.pdf;;506;489;;
1938;;Distrito Federal;0;aeb_1946_distrito_federal_1935_1945;F10;10;De mais de 300 a 400;300.0;400.0;0;77;;;26796;348001;;;;;;;;;;;;Cr$;Cr$ 1.000;Cr$ 1.000;renda liquida;contribuintes calculados por renda total / renda media;Anuario Estatistico do Brasil 1946, p. 489, tabela beta;;outputs/fontes-pedro-souza-irpf/aeb_1946.pdf;;506;489;;
1938;;Distrito Federal;0;aeb_1946_distrito_federal_1935_1945;F11;11;De mais de 400 a 500;400.0;500.0;0;40;;;17529;438221;;;;;;;;;;;;Cr$;Cr$ 1.000;Cr$ 1.000;renda liquida;contribuintes calculados por renda total / renda media;Anuario Estatistico do Brasil 1946, p. 489, tabela beta;;outputs/fontes-pedro-souza-irpf/aeb_1946.pdf;;506;489;;
1938;;Distrito Federal;0;aeb_1946_distrito_federal_1935_1945;F12;12;Mais de 500;500.0;;1;71;;;62520;880560;;;;;;;;;;;;Cr$;Cr$ 1.000;Cr$ 1.000;renda liquida;contribuintes calculados por renda total / renda media;Anuario Estatistico do Brasil 1946, p. 489, tabela beta;;outputs/fontes-pedro-souza-irpf/aeb_1946.pdf;;506;489;;
1939;;Distrito Federal;0;aeb_1946_distrito_federal_1935_1945;F01;1;De mais de 12 a 20;12.0;20.0;0;12377;;;190069;15357;;;;;;;;;;;;Cr$;Cr$ 1.000;Cr$ 1.000;renda liquida;contribuintes calculados por renda total / renda media;Anuario Estatistico do Brasil 1946, p. 489, tabela beta;;outputs/fontes-pedro-souza-irpf/aeb_1946.pdf;;506;489;;
1939;;Distrito Federal;0;aeb_1946_distrito_federal_1935_1945;F02;2;De mais de 20 a 30;20.0;30.0;0;6200;;;150886;24336;;;;;;;;;;;;Cr$;Cr$ 1.000;Cr$ 1.000;renda liquida;contribuintes calculados por renda total / renda media;Anuario Estatistico do Brasil 1946, p. 489, tabela beta;;outputs/fontes-pedro-souza-irpf/aeb_1946.pdf;;506;489;;
1939;;Distrito Federal;0;aeb_1946_distrito_federal_1935_1945;F03;3;De mais de 30 a 60;30.0;60.0;0;5502;;;226101;41094;;;;;;;;;;;;Cr$;Cr$ 1.000;Cr$ 1.000;renda liquida;contribuintes calculados por renda total / renda media;Anuario Estatistico do Brasil 1946, p. 489, tabela beta;;outputs/fontes-pedro-souza-irpf/aeb_1946.pdf;;506;489;;
1939;;Distrito Federal;0;aeb_1946_distrito_federal_1935_1945;F04;4;De mais de 60 a 90;60.0;90.0;0;1369;;;99968;73023;;;;;;;;;;;;Cr$;Cr$ 1.000;Cr$ 1.000;renda liquida;contribuintes calculados por renda total / renda media;Anuario Estatistico do Brasil 1946, p. 489, tabela beta;;outputs/fontes-pedro-souza-irpf/aeb_1946.pdf;;506;489;;
1939;;Distrito Federal;0;aeb_1946_distrito_federal_1935_1945;F05;5;De mais de 90 a 120;90.0;120.0;0;613;;;63220;103133;;;;;;;;;;;;Cr$;Cr$ 1.000;Cr$ 1.000;renda liquida;contribuintes calculados por renda total / renda media;Anuario Estatistico do Brasil 1946, p. 489, tabela beta;;outputs/fontes-pedro-souza-irpf/aeb_1946.pdf;;506;489;;
1939;;Distrito Federal;0;aeb_1946_distrito_federal_1935_1945;F06;6;De mais de 120 a 150;120.0;150.0;0;358;;;47614;133000;;;;;;;;;;;;Cr$;Cr$ 1.000;Cr$ 1.000;renda liquida;contribuintes calculados por renda total / renda media;Anuario Estatistico do Brasil 1946, p. 489, tabela beta;;outputs/fontes-pedro-souza-irpf/aeb_1946.pdf;;506;489;;
1939;;Distrito Federal;0;aeb_1946_distrito_federal_1935_1945;F07;7;De mais de 150 a 200;150.0;200.0;0;307;;;52745;171809;;;;;;;;;;;;Cr$;Cr$ 1.000;Cr$ 1.000;renda liquida;contribuintes calculados por renda total / renda media;Anuario Estatistico do Brasil 1946, p. 489, tabela beta;;outputs/fontes-pedro-souza-irpf/aeb_1946.pdf;;506;489;;
1939;;Distrito Federal;0;aeb_1946_distrito_federal_1935_1945;F08;8;De mais de 200 a 250;200.0;250.0;0;181;;;40408;223247;;;;;;;;;;;;Cr$;Cr$ 1.000;Cr$ 1.000;renda liquida;contribuintes calculados por renda total / renda media;Anuario Estatistico do Brasil 1946, p. 489, tabela beta;;outputs/fontes-pedro-souza-irpf/aeb_1946.pdf;;506;489;;
1939;;Distrito Federal;0;aeb_1946_distrito_federal_1935_1945;F09;9;De mais de 250 a 300;250.0;300.0;0;93;;;25513;274333;;;;;;;;;;;;Cr$;Cr$ 1.000;Cr$ 1.000;renda liquida;contribuintes calculados por renda total / renda media;Anuario Estatistico do Brasil 1946, p. 489, tabela beta;;outputs/fontes-pedro-souza-irpf/aeb_1946.pdf;;506;489;;
1939;;Distrito Federal;0;aeb_1946_distrito_federal_1935_1945;F10;10;De mais de 300 a 400;300.0;400.0;0;96;;;33159;345405;;;;;;;;;;;;Cr$;Cr$ 1.000;Cr$ 1.000;renda liquida;contribuintes calculados por renda total / renda media;Anuario Estatistico do Brasil 1946, p. 489, tabela beta;;outputs/fontes-pedro-souza-irpf/aeb_1946.pdf;;506;489;;
1939;;Distrito Federal;0;aeb_1946_distrito_federal_1935_1945;F11;11;De mais de 400 a 500;400.0;500.0;0;53;;;23498;443359;;;;;;;;;;;;Cr$;Cr$ 1.000;Cr$ 1.000;renda liquida;contribuintes calculados por renda total / renda media;Anuario Estatistico do Brasil 1946, p. 489, tabela beta;;outputs/fontes-pedro-souza-irpf/aeb_1946.pdf;;506;489;;
1939;;Distrito Federal;0;aeb_1946_distrito_federal_1935_1945;F12;12;Mais de 500;500.0;;1;65;;;51822;797263;;;;;;;;;;;;Cr$;Cr$ 1.000;Cr$ 1.000;renda liquida;contribuintes calculados por renda total / renda media;Anuario Estatistico do Brasil 1946, p. 489, tabela beta;;outputs/fontes-pedro-souza-irpf/aeb_1946.pdf;;506;489;;
1940;;Distrito Federal;0;aeb_1946_distrito_federal_1935_1945;F01;1;De mais de 12 a 20;12.0;20.0;0;14134;;;218081;15430;;;;;;;;;;;;Cr$;Cr$ 1.000;Cr$ 1.000;renda liquida;contribuintes calculados por renda total / renda media;Anuario Estatistico do Brasil 1946, p. 489, tabela beta;;outputs/fontes-pedro-souza-irpf/aeb_1946.pdf;;506;489;;
1940;;Distrito Federal;0;aeb_1946_distrito_federal_1935_1945;F02;2;De mais de 20 a 30;20.0;30.0;0;7218;;;175594;24327;;;;;;;;;;;;Cr$;Cr$ 1.000;Cr$ 1.000;renda liquida;contribuintes calculados por renda total / renda media;Anuario Estatistico do Brasil 1946, p. 489, tabela beta;;outputs/fontes-pedro-souza-irpf/aeb_1946.pdf;;506;489;;
1940;;Distrito Federal;0;aeb_1946_distrito_federal_1935_1945;F03;3;De mais de 30 a 60;30.0;60.0;0;6526;;;268713;41176;;;;;;;;;;;;Cr$;Cr$ 1.000;Cr$ 1.000;renda liquida;contribuintes calculados por renda total / renda media;Anuario Estatistico do Brasil 1946, p. 489, tabela beta;;outputs/fontes-pedro-souza-irpf/aeb_1946.pdf;;506;489;;
1940;;Distrito Federal;0;aeb_1946_distrito_federal_1935_1945;F04;4;De mais de 60 a 90;60.0;90.0;0;1711;;;124261;72625;;;;;;;;;;;;Cr$;Cr$ 1.000;Cr$ 1.000;renda liquida;contribuintes calculados por renda total / renda media;Anuario Estatistico do Brasil 1946, p. 489, tabela beta;;outputs/fontes-pedro-souza-irpf/aeb_1946.pdf;;506;489;;
1940;;Distrito Federal;0;aeb_1946_distrito_federal_1935_1945;F05;5;De mais de 90 a 120;90.0;120.0;0;727;;;75010;103177;;;;;;;;;;;;Cr$;Cr$ 1.000;Cr$ 1.000;renda liquida;contribuintes calculados por renda total / renda media;Anuario Estatistico do Brasil 1946, p. 489, tabela beta;;outputs/fontes-pedro-souza-irpf/aeb_1946.pdf;;506;489;;
1940;;Distrito Federal;0;aeb_1946_distrito_federal_1935_1945;F06;6;De mais de 120 a 150;120.0;150.0;0;439;;;58829;134007;;;;;;;;;;;;Cr$;Cr$ 1.000;Cr$ 1.000;renda liquida;contribuintes calculados por renda total / renda media;Anuario Estatistico do Brasil 1946, p. 489, tabela beta;;outputs/fontes-pedro-souza-irpf/aeb_1946.pdf;;506;489;;
1940;;Distrito Federal;0;aeb_1946_distrito_federal_1935_1945;F07;7;De mais de 150 a 200;150.0;200.0;0;385;;;66100;171688;;;;;;;;;;;;Cr$;Cr$ 1.000;Cr$ 1.000;renda liquida;contribuintes calculados por renda total / renda media;Anuario Estatistico do Brasil 1946, p. 489, tabela beta;;outputs/fontes-pedro-souza-irpf/aeb_1946.pdf;;506;489;;
1940;;Distrito Federal;0;aeb_1946_distrito_federal_1935_1945;F08;8;De mais de 200 a 250;200.0;250.0;0;209;;;46707;223477;;;;;;;;;;;;Cr$;Cr$ 1.000;Cr$ 1.000;renda liquida;contribuintes calculados por renda total / renda media;Anuario Estatistico do Brasil 1946, p. 489, tabela beta;;outputs/fontes-pedro-souza-irpf/aeb_1946.pdf;;506;489;;
1940;;Distrito Federal;0;aeb_1946_distrito_federal_1935_1945;F09;9;De mais de 250 a 300;250.0;300.0;0;109;;;29693;272412;;;;;;;;;;;;Cr$;Cr$ 1.000;Cr$ 1.000;renda liquida;contribuintes calculados por renda total / renda media;Anuario Estatistico do Brasil 1946, p. 489, tabela beta;;outputs/fontes-pedro-souza-irpf/aeb_1946.pdf;;506;489;;
1940;;Distrito Federal;0;aeb_1946_distrito_federal_1935_1945;F10;10;De mais de 300 a 400;300.0;400.0;0;134;;;46213;344871;;;;;;;;;;;;Cr$;Cr$ 1.000;Cr$ 1.000;renda liquida;contribuintes calculados por renda total / renda media;Anuario Estatistico do Brasil 1946, p. 489, tabela beta;;outputs/fontes-pedro-souza-irpf/aeb_1946.pdf;;506;489;;
1940;;Distrito Federal;0;aeb_1946_distrito_federal_1935_1945;F11;11;De mais de 400 a 500;400.0;500.0;0;68;;;30218;444383;;;;;;;;;;;;Cr$;Cr$ 1.000;Cr$ 1.000;renda liquida;contribuintes calculados por renda total / renda media;Anuario Estatistico do Brasil 1946, p. 489, tabela beta;;outputs/fontes-pedro-souza-irpf/aeb_1946.pdf;;506;489;;
1940;;Distrito Federal;0;aeb_1946_distrito_federal_1935_1945;F12;12;Mais de 500;500.0;;1;104;;;84203;809641;;;;;;;;;;;;Cr$;Cr$ 1.000;Cr$ 1.000;renda liquida;contribuintes calculados por renda total / renda media;Anuario Estatistico do Brasil 1946, p. 489, tabela beta;;outputs/fontes-pedro-souza-irpf/aeb_1946.pdf;;506;489;;
1941;;Distrito Federal;0;aeb_1946_distrito_federal_1935_1945;F01;1;De mais de 12 a 20;12.0;20.0;0;15951;;;246115;15429;;;;;;;;;;;;Cr$;Cr$ 1.000;Cr$ 1.000;renda liquida;contribuintes calculados por renda total / renda media;Anuario Estatistico do Brasil 1946, p. 489, tabela beta;;outputs/fontes-pedro-souza-irpf/aeb_1946.pdf;;506;489;;
1941;;Distrito Federal;0;aeb_1946_distrito_federal_1935_1945;F02;2;De mais de 20 a 30;20.0;30.0;0;8056;;;195932;24321;;;;;;;;;;;;Cr$;Cr$ 1.000;Cr$ 1.000;renda liquida;contribuintes calculados por renda total / renda media;Anuario Estatistico do Brasil 1946, p. 489, tabela beta;;outputs/fontes-pedro-souza-irpf/aeb_1946.pdf;;506;489;;
1941;;Distrito Federal;0;aeb_1946_distrito_federal_1935_1945;F03;3;De mais de 30 a 60;30.0;60.0;0;7347;;;302921;41231;;;;;;;;;;;;Cr$;Cr$ 1.000;Cr$ 1.000;renda liquida;contribuintes calculados por renda total / renda media;Anuario Estatistico do Brasil 1946, p. 489, tabela beta;;outputs/fontes-pedro-souza-irpf/aeb_1946.pdf;;506;489;;
1941;;Distrito Federal;0;aeb_1946_distrito_federal_1935_1945;F04;4;De mais de 60 a 90;60.0;90.0;0;1944;;;141381;72727;;;;;;;;;;;;Cr$;Cr$ 1.000;Cr$ 1.000;renda liquida;contribuintes calculados por renda total / renda media;Anuario Estatistico do Brasil 1946, p. 489, tabela beta;;outputs/fontes-pedro-souza-irpf/aeb_1946.pdf;;506;489;;
1941;;Distrito Federal;0;aeb_1946_distrito_federal_1935_1945;F05;5;De mais de 90 a 120;90.0;120.0;0;886;;;91744;103548;;;;;;;;;;;;Cr$;Cr$ 1.000;Cr$ 1.000;renda liquida;contribuintes calculados por renda total / renda media;Anuario Estatistico do Brasil 1946, p. 489, tabela beta;;outputs/fontes-pedro-souza-irpf/aeb_1946.pdf;;506;489;;
1941;;Distrito Federal;0;aeb_1946_distrito_federal_1935_1945;F06;6;De mais de 120 a 150;120.0;150.0;0;499;;;66887;134042;;;;;;;;;;;;Cr$;Cr$ 1.000;Cr$ 1.000;renda liquida;contribuintes calculados por renda total / renda media;Anuario Estatistico do Brasil 1946, p. 489, tabela beta;;outputs/fontes-pedro-souza-irpf/aeb_1946.pdf;;506;489;;
1941;;Distrito Federal;0;aeb_1946_distrito_federal_1935_1945;F07;7;De mais de 150 a 200;150.0;200.0;0;461;;;79132;171653;;;;;;;;;;;;Cr$;Cr$ 1.000;Cr$ 1.000;renda liquida;contribuintes calculados por renda total / renda media;Anuario Estatistico do Brasil 1946, p. 489, tabela beta;;outputs/fontes-pedro-souza-irpf/aeb_1946.pdf;;506;489;;
1941;;Distrito Federal;0;aeb_1946_distrito_federal_1935_1945;F08;8;De mais de 200 a 250;200.0;250.0;0;228;;;50941;223427;;;;;;;;;;;;Cr$;Cr$ 1.000;Cr$ 1.000;renda liquida;contribuintes calculados por renda total / renda media;Anuario Estatistico do Brasil 1946, p. 489, tabela beta;;outputs/fontes-pedro-souza-irpf/aeb_1946.pdf;;506;489;;
1941;;Distrito Federal;0;aeb_1946_distrito_federal_1935_1945;F09;9;De mais de 250 a 300;250.0;300.0;0;145;;;39828;274678;;;;;;;;;;;;Cr$;Cr$ 1.000;Cr$ 1.000;renda liquida;contribuintes calculados por renda total / renda media;Anuario Estatistico do Brasil 1946, p. 489, tabela beta;;outputs/fontes-pedro-souza-irpf/aeb_1946.pdf;;506;489;;
1941;;Distrito Federal;0;aeb_1946_distrito_federal_1935_1945;F10;10;De mais de 300 a 400;300.0;400.0;0;167;;;57080;341796;;;;;;;;;;;;Cr$;Cr$ 1.000;Cr$ 1.000;renda liquida;contribuintes calculados por renda total / renda media;Anuario Estatistico do Brasil 1946, p. 489, tabela beta;;outputs/fontes-pedro-souza-irpf/aeb_1946.pdf;;506;489;;
1941;;Distrito Federal;0;aeb_1946_distrito_federal_1935_1945;F11;11;De mais de 400 a 500;400.0;500.0;0;97;;;43106;444392;;;;;;;;;;;;Cr$;Cr$ 1.000;Cr$ 1.000;renda liquida;contribuintes calculados por renda total / renda media;Anuario Estatistico do Brasil 1946, p. 489, tabela beta;;outputs/fontes-pedro-souza-irpf/aeb_1946.pdf;;506;489;;
1941;;Distrito Federal;0;aeb_1946_distrito_federal_1935_1945;F12;12;Mais de 500;500.0;;1;156;;;147671;946608;;;;;;;;;;;;Cr$;Cr$ 1.000;Cr$ 1.000;renda liquida;contribuintes calculados por renda total / renda media;Anuario Estatistico do Brasil 1946, p. 489, tabela beta;;outputs/fontes-pedro-souza-irpf/aeb_1946.pdf;;506;489;;
1942;;Distrito Federal;0;aeb_1946_distrito_federal_1935_1945;F01;1;De mais de 12 a 20;12.0;20.0;0;15323;;;236119;15409;;;;;;;;;;;;Cr$;Cr$ 1.000;Cr$ 1.000;renda liquida;contribuintes calculados por renda total / renda media;Anuario Estatistico do Brasil 1946, p. 489, tabela beta;;outputs/fontes-pedro-souza-irpf/aeb_1946.pdf;;506;489;;
1942;;Distrito Federal;0;aeb_1946_distrito_federal_1935_1945;F02;2;De mais de 20 a 30;20.0;30.0;0;8438;;;205398;24342;;;;;;;;;;;;Cr$;Cr$ 1.000;Cr$ 1.000;renda liquida;contribuintes calculados por renda total / renda media;Anuario Estatistico do Brasil 1946, p. 489, tabela beta;;outputs/fontes-pedro-souza-irpf/aeb_1946.pdf;;506;489;;
1942;;Distrito Federal;0;aeb_1946_distrito_federal_1935_1945;F03;3;De mais de 30 a 60;30.0;60.0;0;8114;;;335203;41312;;;;;;;;;;;;Cr$;Cr$ 1.000;Cr$ 1.000;renda liquida;contribuintes calculados por renda total / renda media;Anuario Estatistico do Brasil 1946, p. 489, tabela beta;;outputs/fontes-pedro-souza-irpf/aeb_1946.pdf;;506;489;;
1942;;Distrito Federal;0;aeb_1946_distrito_federal_1935_1945;F04;4;De mais de 60 a 90;60.0;90.0;0;2499;;;182102;72870;;;;;;;;;;;;Cr$;Cr$ 1.000;Cr$ 1.000;renda liquida;contribuintes calculados por renda total / renda media;Anuario Estatistico do Brasil 1946, p. 489, tabela beta;;outputs/fontes-pedro-souza-irpf/aeb_1946.pdf;;506;489;;
1942;;Distrito Federal;0;aeb_1946_distrito_federal_1935_1945;F05;5;De mais de 90 a 120;90.0;120.0;0;1153;;;118956;103171;;;;;;;;;;;;Cr$;Cr$ 1.000;Cr$ 1.000;renda liquida;contribuintes calculados por renda total / renda media;Anuario Estatistico do Brasil 1946, p. 489, tabela beta;;outputs/fontes-pedro-souza-irpf/aeb_1946.pdf;;506;489;;
1942;;Distrito Federal;0;aeb_1946_distrito_federal_1935_1945;F06;6;De mais de 120 a 150;120.0;150.0;0;641;;;85850;133931;;;;;;;;;;;;Cr$;Cr$ 1.000;Cr$ 1.000;renda liquida;contribuintes calculados por renda total / renda media;Anuario Estatistico do Brasil 1946, p. 489, tabela beta;;outputs/fontes-pedro-souza-irpf/aeb_1946.pdf;;506;489;;
1942;;Distrito Federal;0;aeb_1946_distrito_federal_1935_1945;F07;7;De mais de 150 a 200;150.0;200.0;0;677;;;117295;173257;;;;;;;;;;;;Cr$;Cr$ 1.000;Cr$ 1.000;renda liquida;contribuintes calculados por renda total / renda media;Anuario Estatistico do Brasil 1946, p. 489, tabela beta;;outputs/fontes-pedro-souza-irpf/aeb_1946.pdf;;506;489;;
1942;;Distrito Federal;0;aeb_1946_distrito_federal_1935_1945;F08;8;De mais de 200 a 250;200.0;250.0;0;396;;;88306;222995;;;;;;;;;;;;Cr$;Cr$ 1.000;Cr$ 1.000;renda liquida;contribuintes calculados por renda total / renda media;Anuario Estatistico do Brasil 1946, p. 489, tabela beta;;outputs/fontes-pedro-souza-irpf/aeb_1946.pdf;;506;489;;
1942;;Distrito Federal;0;aeb_1946_distrito_federal_1935_1945;F09;9;De mais de 250 a 300;250.0;300.0;0;243;;;66289;272794;;;;;;;;;;;;Cr$;Cr$ 1.000;Cr$ 1.000;renda liquida;contribuintes calculados por renda total / renda media;Anuario Estatistico do Brasil 1946, p. 489, tabela beta;;outputs/fontes-pedro-souza-irpf/aeb_1946.pdf;;506;489;;
1942;;Distrito Federal;0;aeb_1946_distrito_federal_1935_1945;F10;10;De mais de 300 a 400;300.0;400.0;0;251;;;86600;345021;;;;;;;;;;;;Cr$;Cr$ 1.000;Cr$ 1.000;renda liquida;contribuintes calculados por renda total / renda media;Anuario Estatistico do Brasil 1946, p. 489, tabela beta;;outputs/fontes-pedro-souza-irpf/aeb_1946.pdf;;506;489;;
1942;;Distrito Federal;0;aeb_1946_distrito_federal_1935_1945;F11;11;De mais de 400 a 500;400.0;500.0;0;152;;;68158;448409;;;;;;;;;;;;Cr$;Cr$ 1.000;Cr$ 1.000;renda liquida;contribuintes calculados por renda total / renda media;Anuario Estatistico do Brasil 1946, p. 489, tabela beta;;outputs/fontes-pedro-souza-irpf/aeb_1946.pdf;;506;489;;
1942;;Distrito Federal;0;aeb_1946_distrito_federal_1935_1945;F12;12;Mais de 500;500.0;;1;335;;;361039;1077728;;;;;;;;;;;;Cr$;Cr$ 1.000;Cr$ 1.000;renda liquida;contribuintes calculados por renda total / renda media;Anuario Estatistico do Brasil 1946, p. 489, tabela beta;;outputs/fontes-pedro-souza-irpf/aeb_1946.pdf;;506;489;;
1943;;Distrito Federal;0;aeb_1946_distrito_federal_1935_1945;F01;1;De mais de 12 a 20;12.0;20.0;0;16643;;;257722;15485;;;;;;;;;;;;Cr$;Cr$ 1.000;Cr$ 1.000;renda liquida;contribuintes calculados por renda total / renda media;Anuario Estatistico do Brasil 1946, p. 489, tabela beta;;outputs/fontes-pedro-souza-irpf/aeb_1946.pdf;;506;489;;
1943;;Distrito Federal;0;aeb_1946_distrito_federal_1935_1945;F02;2;De mais de 20 a 30;20.0;30.0;0;9385;;;229265;24429;;;;;;;;;;;;Cr$;Cr$ 1.000;Cr$ 1.000;renda liquida;contribuintes calculados por renda total / renda media;Anuario Estatistico do Brasil 1946, p. 489, tabela beta;;outputs/fontes-pedro-souza-irpf/aeb_1946.pdf;;506;489;;
1943;;Distrito Federal;0;aeb_1946_distrito_federal_1935_1945;F03;3;De mais de 30 a 60;30.0;60.0;0;9379;;;389652;41545;;;;;;;;;;;;Cr$;Cr$ 1.000;Cr$ 1.000;renda liquida;contribuintes calculados por renda total / renda media;Anuario Estatistico do Brasil 1946, p. 489, tabela beta;;outputs/fontes-pedro-souza-irpf/aeb_1946.pdf;;506;489;;
1943;;Distrito Federal;0;aeb_1946_distrito_federal_1935_1945;F04;4;De mais de 60 a 90;60.0;90.0;0;2978;;;216131;72576;;;;;;;;;;;;Cr$;Cr$ 1.000;Cr$ 1.000;renda liquida;contribuintes calculados por renda total / renda media;Anuario Estatistico do Brasil 1946, p. 489, tabela beta;;outputs/fontes-pedro-souza-irpf/aeb_1946.pdf;;506;489;;
1943;;Distrito Federal;0;aeb_1946_distrito_federal_1935_1945;F05;5;De mais de 90 a 120;90.0;120.0;0;1503;;;155859;103699;;;;;;;;;;;;Cr$;Cr$ 1.000;Cr$ 1.000;renda liquida;contribuintes calculados por renda total / renda media;Anuario Estatistico do Brasil 1946, p. 489, tabela beta;;outputs/fontes-pedro-souza-irpf/aeb_1946.pdf;;506;489;;
1943;;Distrito Federal;0;aeb_1946_distrito_federal_1935_1945;F06;6;De mais de 120 a 150;120.0;150.0;0;860;;;114680;133349;;;;;;;;;;;;Cr$;Cr$ 1.000;Cr$ 1.000;renda liquida;contribuintes calculados por renda total / renda media;Anuario Estatistico do Brasil 1946, p. 489, tabela beta;;outputs/fontes-pedro-souza-irpf/aeb_1946.pdf;;506;489;;
1943;;Distrito Federal;0;aeb_1946_distrito_federal_1935_1945;F07;7;De mais de 150 a 200;150.0;200.0;0;932;;;162249;174087;;;;;;;;;;;;Cr$;Cr$ 1.000;Cr$ 1.000;renda liquida;contribuintes calculados por renda total / renda media;Anuario Estatistico do Brasil 1946, p. 489, tabela beta;;outputs/fontes-pedro-souza-irpf/aeb_1946.pdf;;506;489;;
1943;;Distrito Federal;0;aeb_1946_distrito_federal_1935_1945;F08;8;De mais de 200 a 250;200.0;250.0;0;528;;;117816;223137;;;;;;;;;;;;Cr$;Cr$ 1.000;Cr$ 1.000;renda liquida;contribuintes calculados por renda total / renda media;Anuario Estatistico do Brasil 1946, p. 489, tabela beta;;outputs/fontes-pedro-souza-irpf/aeb_1946.pdf;;506;489;;
1943;;Distrito Federal;0;aeb_1946_distrito_federal_1935_1945;F09;9;De mais de 250 a 300;250.0;300.0;0;346;;;94409;272860;;;;;;;;;;;;Cr$;Cr$ 1.000;Cr$ 1.000;renda liquida;contribuintes calculados por renda total / renda media;Anuario Estatistico do Brasil 1946, p. 489, tabela beta;;outputs/fontes-pedro-souza-irpf/aeb_1946.pdf;;506;489;;
1943;;Distrito Federal;0;aeb_1946_distrito_federal_1935_1945;F10;10;De mais de 300 a 400;300.0;400.0;0;391;;;135020;345321;;;;;;;;;;;;Cr$;Cr$ 1.000;Cr$ 1.000;renda liquida;contribuintes calculados por renda total / renda media;Anuario Estatistico do Brasil 1946, p. 489, tabela beta;;outputs/fontes-pedro-souza-irpf/aeb_1946.pdf;;506;489;;
1943;;Distrito Federal;0;aeb_1946_distrito_federal_1935_1945;F11;11;De mais de 400 a 500;400.0;500.0;0;230;;;101894;443016;;;;;;;;;;;;Cr$;Cr$ 1.000;Cr$ 1.000;renda liquida;contribuintes calculados por renda total / renda media;Anuario Estatistico do Brasil 1946, p. 489, tabela beta;;outputs/fontes-pedro-souza-irpf/aeb_1946.pdf;;506;489;;
1943;;Distrito Federal;0;aeb_1946_distrito_federal_1935_1945;F12;12;Mais de 500;500.0;;1;558;;;692254;1240599;;;;;;;;;;;;Cr$;Cr$ 1.000;Cr$ 1.000;renda liquida;contribuintes calculados por renda total / renda media;Anuario Estatistico do Brasil 1946, p. 489, tabela beta;;outputs/fontes-pedro-souza-irpf/aeb_1946.pdf;;506;489;;
1944;;Distrito Federal;0;aeb_1946_distrito_federal_1935_1945;F01;1;De mais de 12 a 20;12.0;20.0;0;16056;;;249856;15562;;;;;;;;;;;;Cr$;Cr$ 1.000;Cr$ 1.000;renda liquida;contribuintes calculados por renda total / renda media;Anuario Estatistico do Brasil 1946, p. 489, tabela beta;;outputs/fontes-pedro-souza-irpf/aeb_1946.pdf;;506;489;;
1944;;Distrito Federal;0;aeb_1946_distrito_federal_1935_1945;F02;2;De mais de 20 a 30;20.0;30.0;0;9698;;;237321;24471;;;;;;;;;;;;Cr$;Cr$ 1.000;Cr$ 1.000;renda liquida;contribuintes calculados por renda total / renda media;Anuario Estatistico do Brasil 1946, p. 489, tabela beta;;outputs/fontes-pedro-souza-irpf/aeb_1946.pdf;;506;489;;
1944;;Distrito Federal;0;aeb_1946_distrito_federal_1935_1945;F03;3;De mais de 30 a 60;30.0;60.0;0;10476;;;437725;41784;;;;;;;;;;;;Cr$;Cr$ 1.000;Cr$ 1.000;renda liquida;contribuintes calculados por renda total / renda media;Anuario Estatistico do Brasil 1946, p. 489, tabela beta;;outputs/fontes-pedro-souza-irpf/aeb_1946.pdf;;506;489;;
1944;;Distrito Federal;0;aeb_1946_distrito_federal_1935_1945;F04;4;De mais de 60 a 90;60.0;90.0;0;3483;;;254647;73111;;;;;;;;;;;;Cr$;Cr$ 1.000;Cr$ 1.000;renda liquida;contribuintes calculados por renda total / renda media;Anuario Estatistico do Brasil 1946, p. 489, tabela beta;;outputs/fontes-pedro-souza-irpf/aeb_1946.pdf;;506;489;;
1944;;Distrito Federal;0;aeb_1946_distrito_federal_1935_1945;F05;5;De mais de 90 a 120;90.0;120.0;0;1708;;;177105;103691;;;;;;;;;;;;Cr$;Cr$ 1.000;Cr$ 1.000;renda liquida;contribuintes calculados por renda total / renda media;Anuario Estatistico do Brasil 1946, p. 489, tabela beta;;outputs/fontes-pedro-souza-irpf/aeb_1946.pdf;;506;489;;
1944;;Distrito Federal;0;aeb_1946_distrito_federal_1935_1945;F06;6;De mais de 120 a 150;120.0;150.0;0;1041;;;139474;133981;;;;;;;;;;;;Cr$;Cr$ 1.000;Cr$ 1.000;renda liquida;contribuintes calculados por renda total / renda media;Anuario Estatistico do Brasil 1946, p. 489, tabela beta;;outputs/fontes-pedro-souza-irpf/aeb_1946.pdf;;506;489;;
1944;;Distrito Federal;0;aeb_1946_distrito_federal_1935_1945;F07;7;De mais de 150 a 200;150.0;200.0;0;982;;;169406;172511;;;;;;;;;;;;Cr$;Cr$ 1.000;Cr$ 1.000;renda liquida;contribuintes calculados por renda total / renda media;Anuario Estatistico do Brasil 1946, p. 489, tabela beta;;outputs/fontes-pedro-souza-irpf/aeb_1946.pdf;;506;489;;
1944;;Distrito Federal;0;aeb_1946_distrito_federal_1935_1945;F08_09;8;De mais de 200 a 300;200.0;300.0;0;1034;;;252394;244095;;;;;;;;;;;;Cr$;Cr$ 1.000;Cr$ 1.000;renda liquida;contribuintes calculados por renda total / renda media;Anuario Estatistico do Brasil 1946, p. 489, tabela beta;;outputs/fontes-pedro-souza-irpf/aeb_1946.pdf;;506;489;;Faixa 200-300 agregada no AEB
1944;;Distrito Federal;0;aeb_1946_distrito_federal_1935_1945;F10;9;De mais de 300 a 400;300.0;400.0;0;484;;;166491;343989;;;;;;;;;;;;Cr$;Cr$ 1.000;Cr$ 1.000;renda liquida;contribuintes calculados por renda total / renda media;Anuario Estatistico do Brasil 1946, p. 489, tabela beta;;outputs/fontes-pedro-souza-irpf/aeb_1946.pdf;;506;489;;
1944;;Distrito Federal;0;aeb_1946_distrito_federal_1935_1945;F11;10;De mais de 400 a 500;400.0;500.0;0;250;;;112073;448292;;;;;;;;;;;;Cr$;Cr$ 1.000;Cr$ 1.000;renda liquida;contribuintes calculados por renda total / renda media;Anuario Estatistico do Brasil 1946, p. 489, tabela beta;;outputs/fontes-pedro-souza-irpf/aeb_1946.pdf;;506;489;;
1944;;Distrito Federal;0;aeb_1946_distrito_federal_1935_1945;F12;11;Mais de 500;500.0;;1;625;;;667793;1068470;;;;;;;;;;;;Cr$;Cr$ 1.000;Cr$ 1.000;renda liquida;contribuintes calculados por renda total / renda media;Anuario Estatistico do Brasil 1946, p. 489, tabela beta;;outputs/fontes-pedro-souza-irpf/aeb_1946.pdf;;506;489;;
1945;;Distrito Federal;0;aeb_1946_distrito_federal_1935_1945;F01;1;De mais de 12 a 20;12.0;20.0;0;21790;;;338348;15528;;;;;;;;;;;;Cr$;Cr$ 1.000;Cr$ 1.000;renda liquida;contribuintes calculados por renda total / renda media;Anuario Estatistico do Brasil 1946, p. 489, tabela beta;;outputs/fontes-pedro-souza-irpf/aeb_1946.pdf;;506;489;;
1945;;Distrito Federal;0;aeb_1946_distrito_federal_1935_1945;F02;2;De mais de 20 a 30;20.0;30.0;0;12685;;;309873;24428;;;;;;;;;;;;Cr$;Cr$ 1.000;Cr$ 1.000;renda liquida;contribuintes calculados por renda total / renda media;Anuario Estatistico do Brasil 1946, p. 489, tabela beta;;outputs/fontes-pedro-souza-irpf/aeb_1946.pdf;;506;489;;
1945;;Distrito Federal;0;aeb_1946_distrito_federal_1935_1945;F03;3;De mais de 30 a 60;30.0;60.0;0;13471;;;568549;42205;;;;;;;;;;;;Cr$;Cr$ 1.000;Cr$ 1.000;renda liquida;contribuintes calculados por renda total / renda media;Anuario Estatistico do Brasil 1946, p. 489, tabela beta;;outputs/fontes-pedro-souza-irpf/aeb_1946.pdf;;506;489;;
1945;;Distrito Federal;0;aeb_1946_distrito_federal_1935_1945;F04;4;De mais de 60 a 90;60.0;90.0;0;4331;;;316332;73039;;;;;;;;;;;;Cr$;Cr$ 1.000;Cr$ 1.000;renda liquida;contribuintes calculados por renda total / renda media;Anuario Estatistico do Brasil 1946, p. 489, tabela beta;;outputs/fontes-pedro-souza-irpf/aeb_1946.pdf;;506;489;;
1945;;Distrito Federal;0;aeb_1946_distrito_federal_1935_1945;F05;5;De mais de 90 a 120;90.0;120.0;0;2239;;;231872;103561;;;;;;;;;;;;Cr$;Cr$ 1.000;Cr$ 1.000;renda liquida;contribuintes calculados por renda total / renda media;Anuario Estatistico do Brasil 1946, p. 489, tabela beta;;outputs/fontes-pedro-souza-irpf/aeb_1946.pdf;;506;489;;
1945;;Distrito Federal;0;aeb_1946_distrito_federal_1935_1945;F06;6;De mais de 120 a 150;120.0;150.0;0;1330;;;177550;133496;;;;;;;;;;;;Cr$;Cr$ 1.000;Cr$ 1.000;renda liquida;contribuintes calculados por renda total / renda media;Anuario Estatistico do Brasil 1946, p. 489, tabela beta;;outputs/fontes-pedro-souza-irpf/aeb_1946.pdf;;506;489;;
1945;;Distrito Federal;0;aeb_1946_distrito_federal_1935_1945;F07;7;De mais de 150 a 200;150.0;200.0;0;1265;;;218206;172495;;;;;;;;;;;;Cr$;Cr$ 1.000;Cr$ 1.000;renda liquida;contribuintes calculados por renda total / renda media;Anuario Estatistico do Brasil 1946, p. 489, tabela beta;;outputs/fontes-pedro-souza-irpf/aeb_1946.pdf;;506;489;;
1945;;Distrito Federal;0;aeb_1946_distrito_federal_1935_1945;F08_09;8;De mais de 200 a 300;200.0;300.0;0;1211;;;294492;243181;;;;;;;;;;;;Cr$;Cr$ 1.000;Cr$ 1.000;renda liquida;contribuintes calculados por renda total / renda media;Anuario Estatistico do Brasil 1946, p. 489, tabela beta;;outputs/fontes-pedro-souza-irpf/aeb_1946.pdf;;506;489;;Faixa 200-300 agregada no AEB
1945;;Distrito Federal;0;aeb_1946_distrito_federal_1935_1945;F10;9;De mais de 300 a 400;300.0;400.0;0;529;;;182680;345331;;;;;;;;;;;;Cr$;Cr$ 1.000;Cr$ 1.000;renda liquida;contribuintes calculados por renda total / renda media;Anuario Estatistico do Brasil 1946, p. 489, tabela beta;;outputs/fontes-pedro-souza-irpf/aeb_1946.pdf;;506;489;;
1945;;Distrito Federal;0;aeb_1946_distrito_federal_1935_1945;F11;10;De mais de 400 a 500;400.0;500.0;0;309;;;137719;445694;;;;;;;;;;;;Cr$;Cr$ 1.000;Cr$ 1.000;renda liquida;contribuintes calculados por renda total / renda media;Anuario Estatistico do Brasil 1946, p. 489, tabela beta;;outputs/fontes-pedro-souza-irpf/aeb_1946.pdf;;506;489;;
1945;;Distrito Federal;0;aeb_1946_distrito_federal_1935_1945;F12;11;Mais de 500;500.0;;1;639;;;668060;1045478;;;;;;;;;;;;Cr$;Cr$ 1.000;Cr$ 1.000;renda liquida;contribuintes calculados por renda total / renda media;Anuario Estatistico do Brasil 1946, p. 489, tabela beta;;outputs/fontes-pedro-souza-irpf/aeb_1946.pdf;;506;489;;
1966;1967;Guanabara;0;boletim_estatistico_32_1968;F01;1;0 a 2.13;0.0;2.13;0;15214;58421.0;46777.0;11644.0;765.347706;;;;0.0;495.0;;;224;12871;1839;280;NCr$;NCr$ 1.000;NCr$ 1.000;renda liquida;pessoas publicadas diretamente na tabela;Brasil. Ministerio da Fazenda. Departamento do Imposto de Renda. Boletim Estatistico, n. 32. [S.l.]: Ministerio da Fazenda, agosto 1968.;;outputs/fontes-pedro-souza-irpf/boletim_estatistico_n32_1968.pdf;outputs/fontes-pedro-souza-irpf/boletim_estatistico_n32_1968_p61_tabela.png;61;29;Tabela sem numero;"Serie regional da Guanabara; nao representa Brasil. Valores monetarios impressos em NCr$ foram convertidos para NCr$ 1.000 nas colunas *_ncr_mil. Dependentes por faixa nao foram transcritos porque os digitos finais da coluna ficam no limite direito do scan; o total geral foi preservado nos totais."
1966;1967;Guanabara;0;boletim_estatistico_32_1968;F02;2;2.14 a 2.55;2.14;2.55;0;3820;16461.0;7486.0;8975.0;2349.47644;;;;38.315;169.0;;;135;2451;1163;71;NCr$;NCr$ 1.000;NCr$ 1.000;renda liquida;pessoas publicadas diretamente na tabela;Brasil. Ministerio da Fazenda. Departamento do Imposto de Renda. Boletim Estatistico, n. 32. [S.l.]: Ministerio da Fazenda, agosto 1968.;;outputs/fontes-pedro-souza-irpf/boletim_estatistico_n32_1968.pdf;outputs/fontes-pedro-souza-irpf/boletim_estatistico_n32_1968_p61_tabela.png;61;29;Tabela sem numero;"Serie regional da Guanabara; nao representa Brasil. Valores monetarios impressos em NCr$ foram convertidos para NCr$ 1.000 nas colunas *_ncr_mil. Dependentes por faixa nao foram transcritos porque os digitos finais da coluna ficam no limite direito do scan; o total geral foi preservado nos totais."
1966;1967;Guanabara;0;boletim_estatistico_32_1968;F03;3;2.56 a 3.40;2.56;3.4;0;8044;40580.0;16598.0;23982.0;2981.352561;;;;300.27;488.0;;;240;5287;2344;173;NCr$;NCr$ 1.000;NCr$ 1.000;renda liquida;pessoas publicadas diretamente na tabela;Brasil. Ministerio da Fazenda. Departamento do Imposto de Renda. Boletim Estatistico, n. 32. [S.l.]: Ministerio da Fazenda, agosto 1968.;;outputs/fontes-pedro-souza-irpf/boletim_estatistico_n32_1968.pdf;outputs/fontes-pedro-souza-irpf/boletim_estatistico_n32_1968_p61_tabela.png;61;29;Tabela sem numero;"Serie regional da Guanabara; nao representa Brasil. Valores monetarios impressos em NCr$ foram convertidos para NCr$ 1.000 nas colunas *_ncr_mil. Dependentes por faixa nao foram transcritos porque os digitos finais da coluna ficam no limite direito do scan; o total geral foi preservado nos totais."
1966;1967;Guanabara;0;boletim_estatistico_32_1968;F04;4;3.41 a 4.68;3.41;4.68;0;10840;68369.0;24623.0;43746.0;4035.608856;;;;1175.957;11303.0;;;330;7213;3136;161;NCr$;NCr$ 1.000;NCr$ 1.000;renda liquida;pessoas publicadas diretamente na tabela;Brasil. Ministerio da Fazenda. Departamento do Imposto de Renda. Boletim Estatistico, n. 32. [S.l.]: Ministerio da Fazenda, agosto 1968.;;outputs/fontes-pedro-souza-irpf/boletim_estatistico_n32_1968.pdf;outputs/fontes-pedro-souza-irpf/boletim_estatistico_n32_1968_p61_tabela.png;61;29;Tabela sem numero;"Serie regional da Guanabara; nao representa Brasil. Valores monetarios impressos em NCr$ foram convertidos para NCr$ 1.000 nas colunas *_ncr_mil. Dependentes por faixa nao foram transcritos porque os digitos finais da coluna ficam no limite direito do scan; o total geral foi preservado nos totais."
1966;1967;Guanabara;0;boletim_estatistico_32_1968;F05;5;4.69 a 6.81;4.69;6.81;0;14757;123704.0;39213.0;84491.0;5725.48621;;;;4203.377;3391.0;;;407;10570;3614;166;NCr$;NCr$ 1.000;NCr$ 1.000;renda liquida;pessoas publicadas diretamente na tabela;Brasil. Ministerio da Fazenda. Departamento do Imposto de Renda. Boletim Estatistico, n. 32. [S.l.]: Ministerio da Fazenda, agosto 1968.;;outputs/fontes-pedro-souza-irpf/boletim_estatistico_n32_1968.pdf;outputs/fontes-pedro-souza-irpf/boletim_estatistico_n32_1968_p61_tabela.png;61;29;Tabela sem numero;"Serie regional da Guanabara; nao representa Brasil. Valores monetarios impressos em NCr$ foram convertidos para NCr$ 1.000 nas colunas *_ncr_mil. Dependentes por faixa nao foram transcritos porque os digitos finais da coluna ficam no limite direito do scan; o total geral foi preservado nos totais."
1966;1967;Guanabara;0;boletim_estatistico_32_1968;F06;6;6.82 a 9.37;6.82;9.37;0;13905;152307.0;40451.0;111856.0;8044.300611;;;;8504.171;6155.0;;;313;10668;2836;88;NCr$;NCr$ 1.000;NCr$ 1.000;renda liquida;pessoas publicadas diretamente na tabela;Brasil. Ministerio da Fazenda. Departamento do Imposto de Renda. Boletim Estatistico, n. 32. [S.l.]: Ministerio da Fazenda, agosto 1968.;;outputs/fontes-pedro-souza-irpf/boletim_estatistico_n32_1968.pdf;outputs/fontes-pedro-souza-irpf/boletim_estatistico_n32_1968_p61_tabela.png;61;29;Tabela sem numero;"Serie regional da Guanabara; nao representa Brasil. Valores monetarios impressos em NCr$ foram convertidos para NCr$ 1.000 nas colunas *_ncr_mil. Dependentes por faixa nao foram transcritos porque os digitos finais da coluna ficam no limite direito do scan; o total geral foi preservado nos totais."
1966;1967;Guanabara;0;boletim_estatistico_32_1968;F07;7;9.38 a 12.78;9.38;12.78;0;11366;155189.0;31393.0;123796.0;10891.782509;;;;12826.889;8093.0;;;352;8357;2583;74;NCr$;NCr$ 1.000;NCr$ 1.000;renda liquida;pessoas publicadas diretamente na tabela;Brasil. Ministerio da Fazenda. Departamento do Imposto de Renda. Boletim Estatistico, n. 32. [S.l.]: Ministerio da Fazenda, agosto 1968.;;outputs/fontes-pedro-souza-irpf/boletim_estatistico_n32_1968.pdf;outputs/fontes-pedro-souza-irpf/boletim_estatistico_n32_1968_p61_tabela.png;61;29;Tabela sem numero;"Serie regional da Guanabara; nao representa Brasil. Valores monetarios impressos em NCr$ foram convertidos para NCr$ 1.000 nas colunas *_ncr_mil. Dependentes por faixa nao foram transcritos porque os digitos finais da coluna ficam no limite direito do scan; o total geral foi preservado nos totais."
1966;1967;Guanabara;0;boletim_estatistico_32_1968;F08;8;12.79 a 17.04;12.79;17.04;0;6140;108683.0;18840.0;89843.0;14632.410423;;;;12093.018;36422.0;;;212;4638;1246;44;NCr$;NCr$ 1.000;NCr$ 1.000;renda liquida;pessoas publicadas diretamente na tabela;Brasil. Ministerio da Fazenda. Departamento do Imposto de Renda. Boletim Estatistico, n. 32. [S.l.]: Ministerio da Fazenda, agosto 1968.;;outputs/fontes-pedro-souza-irpf/boletim_estatistico_n32_1968.pdf;outputs/fontes-pedro-souza-irpf/boletim_estatistico_n32_1968_p61_tabela.png;61;29;Tabela sem numero;"Serie regional da Guanabara; nao representa Brasil. Valores monetarios impressos em NCr$ foram convertidos para NCr$ 1.000 nas colunas *_ncr_mil. Dependentes por faixa nao foram transcritos porque os digitos finais da coluna ficam no limite direito do scan; o total geral foi preservado nos totais."
1966;1967;Guanabara;0;boletim_estatistico_32_1968;F09;9;17.05 a 25.56;17.05;25.56;0;3898;94610.0;14862.0;79748.0;20458.696768;;;;14018.533;55963.0;;;94;3143;636;25;NCr$;NCr$ 1.000;NCr$ 1.000;renda liquida;pessoas publicadas diretamente na tabela;Brasil. Ministerio da Fazenda. Departamento do Imposto de Renda. Boletim Estatistico, n. 32. [S.l.]: Ministerio da Fazenda, agosto 1968.;;outputs/fontes-pedro-souza-irpf/boletim_estatistico_n32_1968.pdf;outputs/fontes-pedro-souza-irpf/boletim_estatistico_n32_1968_p61_tabela.png;61;29;Tabela sem numero;"Serie regional da Guanabara; nao representa Brasil. Valores monetarios impressos em NCr$ foram convertidos para NCr$ 1.000 nas colunas *_ncr_mil. Dependentes por faixa nao foram transcritos porque os digitos finais da coluna ficam no limite direito do scan; o total geral foi preservado nos totais."
1966;1967;Guanabara;0;boletim_estatistico_32_1968;F10;10;25.57 a 34.08;25.57;34.08;0;1216;41036.0;5473.0;35563.0;29245.888158;;;;7802.619;2766.0;;;19;971;211;15;NCr$;NCr$ 1.000;NCr$ 1.000;renda liquida;pessoas publicadas diretamente na tabela;Brasil. Ministerio da Fazenda. Departamento do Imposto de Renda. Boletim Estatistico, n. 32. [S.l.]: Ministerio da Fazenda, agosto 1968.;;outputs/fontes-pedro-souza-irpf/boletim_estatistico_n32_1968.pdf;outputs/fontes-pedro-souza-irpf/boletim_estatistico_n32_1968_p61_tabela.png;61;29;Tabela sem numero;"Serie regional da Guanabara; nao representa Brasil. Valores monetarios impressos em NCr$ foram convertidos para NCr$ 1.000 nas colunas *_ncr_mil. Dependentes por faixa nao foram transcritos porque os digitos finais da coluna ficam no limite direito do scan; o total geral foi preservado nos totais."
1966;1967;Guanabara;0;boletim_estatistico_32_1968;F11;11;34.09 a 51.12;34.09;51.12;0;777;35517.0;4074.0;31443.0;40467.181467;;;;8285.126;2306.0;;;12;648;113;4;NCr$;NCr$ 1.000;NCr$ 1.000;renda liquida;pessoas publicadas diretamente na tabela;Brasil. Ministerio da Fazenda. Departamento do Imposto de Renda. Boletim Estatistico, n. 32. [S.l.]: Ministerio da Fazenda, agosto 1968.;;outputs/fontes-pedro-souza-irpf/boletim_estatistico_n32_1968.pdf;outputs/fontes-pedro-souza-irpf/boletim_estatistico_n32_1968_p61_tabela.png;61;29;Tabela sem numero;"Serie regional da Guanabara; nao representa Brasil. Valores monetarios impressos em NCr$ foram convertidos para NCr$ 1.000 nas colunas *_ncr_mil. Dependentes por faixa nao foram transcritos porque os digitos finais da coluna ficam no limite direito do scan; o total geral foi preservado nos totais."
1966;1967;Guanabara;0;boletim_estatistico_32_1968;F12;12;51.13 a 68.16;51.13;68.16;0;242;15676.0;1517.0;14159.0;58508.264463;;;;4416.406;1078.0;;;7;190;44;1;NCr$;NCr$ 1.000;NCr$ 1.000;renda liquida;pessoas publicadas diretamente na tabela;Brasil. Ministerio da Fazenda. Departamento do Imposto de Renda. Boletim Estatistico, n. 32. [S.l.]: Ministerio da Fazenda, agosto 1968.;;outputs/fontes-pedro-souza-irpf/boletim_estatistico_n32_1968.pdf;outputs/fontes-pedro-souza-irpf/boletim_estatistico_n32_1968_p61_tabela.png;61;29;Tabela sem numero;"Serie regional da Guanabara; nao representa Brasil. Valores monetarios impressos em NCr$ foram convertidos para NCr$ 1.000 nas colunas *_ncr_mil. Dependentes por faixa nao foram transcritos porque os digitos finais da coluna ficam no limite direito do scan; o total geral foi preservado nos totais."
1966;1967;Guanabara;0;boletim_estatistico_32_1968;F13;13;Acima de 68.17;68.17;;1;329;52627.0;3385.0;49242.0;149671.732523;;;;20841.622;2826.0;;;4;265;55;5;NCr$;NCr$ 1.000;NCr$ 1.000;renda liquida;pessoas publicadas diretamente na tabela;Brasil. Ministerio da Fazenda. Departamento do Imposto de Renda. Boletim Estatistico, n. 32. [S.l.]: Ministerio da Fazenda, agosto 1968.;;outputs/fontes-pedro-souza-irpf/boletim_estatistico_n32_1968.pdf;outputs/fontes-pedro-souza-irpf/boletim_estatistico_n32_1968_p61_tabela.png;61;29;Tabela sem numero;"Serie regional da Guanabara; nao representa Brasil. Valores monetarios impressos em NCr$ foram convertidos para NCr$ 1.000 nas colunas *_ncr_mil. Dependentes por faixa nao foram transcritos porque os digitos finais da coluna ficam no limite direito do scan; o total geral foi preservado nos totais."
1946;1947;Brasil;1;aeb_brasil_1946_1959;F01;1;De mais de 24 a 30;24.0;30.0;0;32137;;;879423;27364.813144;;;;;;;;;;;;Cr$;Cr$ 1.000;Cr$ 1.000;renda liquida;pessoas publicadas diretamente na tabela;IBGE, Anuario Estatistico do Brasil 1949, p. 570, Tabela b;https://biblioteca.ibge.gov.br/visualizacao/periodicos/20/aeb_1949.pdf;outputs/fontes-pedro-souza-irpf/aeb_1949.pdf;;603;570;;
1946;1947;Brasil;1;aeb_brasil_1946_1959;F02;2;De mais de 30 a 60;30.0;60.0;0;76433;;;3210140;41999.398166;;;;;;;;;;;;Cr$;Cr$ 1.000;Cr$ 1.000;renda liquida;pessoas publicadas diretamente na tabela;IBGE, Anuario Estatistico do Brasil 1949, p. 570, Tabela b;https://biblioteca.ibge.gov.br/visualizacao/periodicos/20/aeb_1949.pdf;outputs/fontes-pedro-souza-irpf/aeb_1949.pdf;;603;570;;
1946;1947;Brasil;1;aeb_brasil_1946_1959;F03;3;De mais de 60 a 90;60.0;90.0;0;23733;;;1867199;78675.220158;;;;;;;;;;;;Cr$;Cr$ 1.000;Cr$ 1.000;renda liquida;pessoas publicadas diretamente na tabela;IBGE, Anuario Estatistico do Brasil 1949, p. 570, Tabela b;https://biblioteca.ibge.gov.br/visualizacao/periodicos/20/aeb_1949.pdf;outputs/fontes-pedro-souza-irpf/aeb_1949.pdf;;603;570;;
1946;1947;Brasil;1;aeb_brasil_1946_1959;F04;4;De mais de 90 a 120;90.0;120.0;0;12483;;;1297342;103928.703036;;;;;;;;;;;;Cr$;Cr$ 1.000;Cr$ 1.000;renda liquida;pessoas publicadas diretamente na tabela;IBGE, Anuario Estatistico do Brasil 1949, p. 570, Tabela b;https://biblioteca.ibge.gov.br/visualizacao/periodicos/20/aeb_1949.pdf;outputs/fontes-pedro-souza-irpf/aeb_1949.pdf;;603;570;;
1946;1947;Brasil;1;aeb_brasil_1946_1959;F05;5;De mais de 120 a 150;120.0;150.0;0;7070;;;951187;134538.472419;;;;;;;;;;;;Cr$;Cr$ 1.000;Cr$ 1.000;renda liquida;pessoas publicadas diretamente na tabela;IBGE, Anuario Estatistico do Brasil 1949, p. 570, Tabela b;https://biblioteca.ibge.gov.br/visualizacao/periodicos/20/aeb_1949.pdf;outputs/fontes-pedro-souza-irpf/aeb_1949.pdf;;603;570;;
1946;1947;Brasil;1;aeb_brasil_1946_1959;F06;6;De mais de 150 a 200;150.0;200.0;0;6717;;;1156215;172132.648504;;;;;;;;;;;;Cr$;Cr$ 1.000;Cr$ 1.000;renda liquida;pessoas publicadas diretamente na tabela;IBGE, Anuario Estatistico do Brasil 1949, p. 570, Tabela b;https://biblioteca.ibge.gov.br/visualizacao/periodicos/20/aeb_1949.pdf;outputs/fontes-pedro-souza-irpf/aeb_1949.pdf;;603;570;;
1946;1947;Brasil;1;aeb_brasil_1946_1959;F07;7;De mais de 200 a 300;200.0;300.0;0;5731;;;1382449;241222.997732;;;;;;;;;;;;Cr$;Cr$ 1.000;Cr$ 1.000;renda liquida;pessoas publicadas diretamente na tabela;IBGE, Anuario Estatistico do Brasil 1949, p. 570, Tabela b;https://biblioteca.ibge.gov.br/visualizacao/periodicos/20/aeb_1949.pdf;outputs/fontes-pedro-souza-irpf/aeb_1949.pdf;;603;570;;
1946;1947;Brasil;1;aeb_brasil_1946_1959;F08;8;De mais de 300 a 400;300.0;400.0;0;2457;;;846836;344662.596663;;;;;;;;;;;;Cr$;Cr$ 1.000;Cr$ 1.000;renda liquida;pessoas publicadas diretamente na tabela;IBGE, Anuario Estatistico do Brasil 1949, p. 570, Tabela b;https://biblioteca.ibge.gov.br/visualizacao/periodicos/20/aeb_1949.pdf;outputs/fontes-pedro-souza-irpf/aeb_1949.pdf;;603;570;;
1946;1947;Brasil;1;aeb_brasil_1946_1959;F09;9;De mais de 400 a 500;400.0;500.0;0;1348;;;597189;443018.545994;;;;;;;;;;;;Cr$;Cr$ 1.000;Cr$ 1.000;renda liquida;pessoas publicadas diretamente na tabela;IBGE, Anuario Estatistico do Brasil 1949, p. 570, Tabela b;https://biblioteca.ibge.gov.br/visualizacao/periodicos/20/aeb_1949.pdf;outputs/fontes-pedro-souza-irpf/aeb_1949.pdf;;603;570;;
1946;1947;Brasil;1;aeb_brasil_1946_1959;F10;10;De mais de 500 a 600;500.0;600.0;0;766;;;416599;543862.924282;;;;;;;;;;;;Cr$;Cr$ 1.000;Cr$ 1.000;renda liquida;pessoas publicadas diretamente na tabela;IBGE, Anuario Estatistico do Brasil 1949, p. 570, Tabela b;https://biblioteca.ibge.gov.br/visualizacao/periodicos/20/aeb_1949.pdf;outputs/fontes-pedro-souza-irpf/aeb_1949.pdf;;603;570;;
1946;1947;Brasil;1;aeb_brasil_1946_1959;F11;11;De mais de 600 a 700;600.0;700.0;0;483;;;309638;641072.463768;;;;;;;;;;;;Cr$;Cr$ 1.000;Cr$ 1.000;renda liquida;pessoas publicadas diretamente na tabela;IBGE, Anuario Estatistico do Brasil 1949, p. 570, Tabela b;https://biblioteca.ibge.gov.br/visualizacao/periodicos/20/aeb_1949.pdf;outputs/fontes-pedro-souza-irpf/aeb_1949.pdf;;603;570;;
1946;1947;Brasil;1;aeb_brasil_1946_1959;F12;12;De mais de 700 a 1000;700.0;1000.0;0;765;;;631824;825913.72549;;;;;;;;;;;;Cr$;Cr$ 1.000;Cr$ 1.000;renda liquida;pessoas publicadas diretamente na tabela;IBGE, Anuario Estatistico do Brasil 1949, p. 570, Tabela b;https://biblioteca.ibge.gov.br/visualizacao/periodicos/20/aeb_1949.pdf;outputs/fontes-pedro-souza-irpf/aeb_1949.pdf;;603;570;;
1946;1947;Brasil;1;aeb_brasil_1946_1959;F13;13;De mais de 1000 a 2000;1000.0;2000.0;0;509;;;678184;1332385.068762;;;;;;;;;;;;Cr$;Cr$ 1.000;Cr$ 1.000;renda liquida;pessoas publicadas diretamente na tabela;IBGE, Anuario Estatistico do Brasil 1949, p. 570, Tabela b;https://biblioteca.ibge.gov.br/visualizacao/periodicos/20/aeb_1949.pdf;outputs/fontes-pedro-souza-irpf/aeb_1949.pdf;;603;570;;
1946;1947;Brasil;1;aeb_brasil_1946_1959;F14;14;De mais de 2000 a 3000;2000.0;3000.0;0;116;;;277156;2389275.862069;;;;;;;;;;;;Cr$;Cr$ 1.000;Cr$ 1.000;renda liquida;pessoas publicadas diretamente na tabela;IBGE, Anuario Estatistico do Brasil 1949, p. 570, Tabela b;https://biblioteca.ibge.gov.br/visualizacao/periodicos/20/aeb_1949.pdf;outputs/fontes-pedro-souza-irpf/aeb_1949.pdf;;603;570;;
1946;1947;Brasil;1;aeb_brasil_1946_1959;F15;15;Mais de 3000;3000.0;;1;68;;;400285;5886544.117647;;;;;;;;;;;;Cr$;Cr$ 1.000;Cr$ 1.000;renda liquida;pessoas publicadas diretamente na tabela;IBGE, Anuario Estatistico do Brasil 1949, p. 570, Tabela b;https://biblioteca.ibge.gov.br/visualizacao/periodicos/20/aeb_1949.pdf;outputs/fontes-pedro-souza-irpf/aeb_1949.pdf;;603;570;;
1947;1948;Brasil;1;aeb_brasil_1946_1959;F01;1;De mais de 24 a 30;24.0;30.0;0;31161;;;844056;27086.935593;15195;;;;;;;;;;;Cr$;Cr$ 1.000;Cr$ 1.000;renda liquida;pessoas publicadas diretamente na tabela;IBGE, Anuario Estatistico do Brasil 1949, p. 570, Tabela b;https://biblioteca.ibge.gov.br/visualizacao/periodicos/20/aeb_1949.pdf;outputs/fontes-pedro-souza-irpf/aeb_1949.pdf;;603;570;;
1947;1948;Brasil;1;aeb_brasil_1946_1959;F02;2;De mais de 30 a 60;30.0;60.0;0;76657;;;3203641;41791.891151;85245;;;;;;;;;;;Cr$;Cr$ 1.000;Cr$ 1.000;renda liquida;pessoas publicadas diretamente na tabela;IBGE, Anuario Estatistico do Brasil 1949, p. 570, Tabela b;https://biblioteca.ibge.gov.br/visualizacao/periodicos/20/aeb_1949.pdf;outputs/fontes-pedro-souza-irpf/aeb_1949.pdf;;603;570;;
1947;1948;Brasil;1;aeb_brasil_1946_1959;F03;3;De mais de 60 a 90;60.0;90.0;0;25908;;;1901013;73375.521075;73639;;;;;;;;;;;Cr$;Cr$ 1.000;Cr$ 1.000;renda liquida;pessoas publicadas diretamente na tabela;IBGE, Anuario Estatistico do Brasil 1949, p. 570, Tabela b;https://biblioteca.ibge.gov.br/visualizacao/periodicos/20/aeb_1949.pdf;outputs/fontes-pedro-souza-irpf/aeb_1949.pdf;;603;570;;
1947;1948;Brasil;1;aeb_brasil_1946_1959;F04;4;De mais de 90 a 120;90.0;120.0;0;12247;;;1267712;103512.043766;62014;;;;;;;;;;;Cr$;Cr$ 1.000;Cr$ 1.000;renda liquida;pessoas publicadas diretamente na tabela;IBGE, Anuario Estatistico do Brasil 1949, p. 570, Tabela b;https://biblioteca.ibge.gov.br/visualizacao/periodicos/20/aeb_1949.pdf;outputs/fontes-pedro-souza-irpf/aeb_1949.pdf;;603;570;;
1947;1948;Brasil;1;aeb_brasil_1946_1959;F05;5;De mais de 120 a 150;120.0;150.0;0;7291;;;976261;133899.465094;57674;;;;;;;;;;;Cr$;Cr$ 1.000;Cr$ 1.000;renda liquida;pessoas publicadas diretamente na tabela;IBGE, Anuario Estatistico do Brasil 1949, p. 570, Tabela b;https://biblioteca.ibge.gov.br/visualizacao/periodicos/20/aeb_1949.pdf;outputs/fontes-pedro-souza-irpf/aeb_1949.pdf;;603;570;;
1947;1948;Brasil;1;aeb_brasil_1946_1959;F06;6;De mais de 150 a 200;150.0;200.0;0;6665;;;1153499;173068.117029;85003;;;;;;;;;;;Cr$;Cr$ 1.000;Cr$ 1.000;renda liquida;pessoas publicadas diretamente na tabela;IBGE, Anuario Estatistico do Brasil 1949, p. 570, Tabela b;https://biblioteca.ibge.gov.br/visualizacao/periodicos/20/aeb_1949.pdf;outputs/fontes-pedro-souza-irpf/aeb_1949.pdf;;603;570;;
1947;1948;Brasil;1;aeb_brasil_1946_1959;F07;7;De mais de 200 a 300;200.0;300.0;0;5750;;;1400542;243572.521739;136071;;;;;;;;;;;Cr$;Cr$ 1.000;Cr$ 1.000;renda liquida;pessoas publicadas diretamente na tabela;IBGE, Anuario Estatistico do Brasil 1949, p. 570, Tabela b;https://biblioteca.ibge.gov.br/visualizacao/periodicos/20/aeb_1949.pdf;outputs/fontes-pedro-souza-irpf/aeb_1949.pdf;;603;570;;
1947;1948;Brasil;1;aeb_brasil_1946_1959;F08;8;De mais de 300 a 400;300.0;400.0;0;2480;;;854689;344632.66129;103317;;;;;;;;;;;Cr$;Cr$ 1.000;Cr$ 1.000;renda liquida;pessoas publicadas diretamente na tabela;IBGE, Anuario Estatistico do Brasil 1949, p. 570, Tabela b;https://biblioteca.ibge.gov.br/visualizacao/periodicos/20/aeb_1949.pdf;outputs/fontes-pedro-souza-irpf/aeb_1949.pdf;;603;570;;
1947;1948;Brasil;1;aeb_brasil_1946_1959;F09;9;De mais de 400 a 500;400.0;500.0;0;1267;;;564669;445674.033149;79216;;;;;;;;;;;Cr$;Cr$ 1.000;Cr$ 1.000;renda liquida;pessoas publicadas diretamente na tabela;IBGE, Anuario Estatistico do Brasil 1949, p. 570, Tabela b;https://biblioteca.ibge.gov.br/visualizacao/periodicos/20/aeb_1949.pdf;outputs/fontes-pedro-souza-irpf/aeb_1949.pdf;;603;570;;
1947;1948;Brasil;1;aeb_brasil_1946_1959;F10;10;De mais de 500 a 600;500.0;600.0;0;734;;;400153;545167.574932;63423;;;;;;;;;;;Cr$;Cr$ 1.000;Cr$ 1.000;renda liquida;pessoas publicadas diretamente na tabela;IBGE, Anuario Estatistico do Brasil 1949, p. 570, Tabela b;https://biblioteca.ibge.gov.br/visualizacao/periodicos/20/aeb_1949.pdf;outputs/fontes-pedro-souza-irpf/aeb_1949.pdf;;603;570;;
1947;1948;Brasil;1;aeb_brasil_1946_1959;F11;11;De mais de 600 a 700;600.0;700.0;0;433;;;280196;647103.926097;49396;;;;;;;;;;;Cr$;Cr$ 1.000;Cr$ 1.000;renda liquida;pessoas publicadas diretamente na tabela;IBGE, Anuario Estatistico do Brasil 1949, p. 570, Tabela b;https://biblioteca.ibge.gov.br/visualizacao/periodicos/20/aeb_1949.pdf;outputs/fontes-pedro-souza-irpf/aeb_1949.pdf;;603;570;;
1947;1948;Brasil;1;aeb_brasil_1946_1959;F12;12;De mais de 700 a 1000;700.0;1000.0;0;627;;;515565;822272.727273;104022;;;;;;;;;;;Cr$;Cr$ 1.000;Cr$ 1.000;renda liquida;pessoas publicadas diretamente na tabela;IBGE, Anuario Estatistico do Brasil 1949, p. 570, Tabela b;https://biblioteca.ibge.gov.br/visualizacao/periodicos/20/aeb_1949.pdf;outputs/fontes-pedro-souza-irpf/aeb_1949.pdf;;603;570;;
1947;1948;Brasil;1;aeb_brasil_1946_1959;F13;13;De mais de 1000 a 2000;1000.0;2000.0;0;480;;;643062;1339712.5;165721;;;;;;;;;;;Cr$;Cr$ 1.000;Cr$ 1.000;renda liquida;pessoas publicadas diretamente na tabela;IBGE, Anuario Estatistico do Brasil 1949, p. 570, Tabela b;https://biblioteca.ibge.gov.br/visualizacao/periodicos/20/aeb_1949.pdf;outputs/fontes-pedro-souza-irpf/aeb_1949.pdf;;603;570;;
1947;1948;Brasil;1;aeb_brasil_1946_1959;F14;14;De mais de 2000 a 3000;2000.0;3000.0;0;78;;;180670;2316282.051282;55116;;;;;;;;;;;Cr$;Cr$ 1.000;Cr$ 1.000;renda liquida;pessoas publicadas diretamente na tabela;IBGE, Anuario Estatistico do Brasil 1949, p. 570, Tabela b;https://biblioteca.ibge.gov.br/visualizacao/periodicos/20/aeb_1949.pdf;outputs/fontes-pedro-souza-irpf/aeb_1949.pdf;;603;570;;
1947;1948;Brasil;1;aeb_brasil_1946_1959;F15;15;Mais de 3000;3000.0;;1;43;;;180089;4188116.27907;68275;;;;;;;;;;;Cr$;Cr$ 1.000;Cr$ 1.000;renda liquida;pessoas publicadas diretamente na tabela;IBGE, Anuario Estatistico do Brasil 1949, p. 570, Tabela b;https://biblioteca.ibge.gov.br/visualizacao/periodicos/20/aeb_1949.pdf;outputs/fontes-pedro-souza-irpf/aeb_1949.pdf;;603;570;;
1948;1949;Brasil;1;aeb_brasil_1946_1959;F01;1;De mais de 24 a 30;24.0;30.0;0;37136;;;1004402;27046.585523;18410;;;;;;;;;;;Cr$;Cr$ 1.000;Cr$ 1.000;renda liquida;pessoas publicadas diretamente na tabela;IBGE, Anuario Estatistico do Brasil 1950, p. 496, Tabela b;https://biblioteca.ibge.gov.br/visualizacao/periodicos/20/aeb_1950.pdf;outputs/fontes-pedro-souza-irpf/aeb_1950.pdf;;512;496;;
1948;1949;Brasil;1;aeb_brasil_1946_1959;F02;2;De mais de 30 a 60;30.0;60.0;0;90389;;;3699398;40927.524367;104023;;;;;;;;;;;Cr$;Cr$ 1.000;Cr$ 1.000;renda liquida;pessoas publicadas diretamente na tabela;IBGE, Anuario Estatistico do Brasil 1950, p. 496, Tabela b;https://biblioteca.ibge.gov.br/visualizacao/periodicos/20/aeb_1950.pdf;outputs/fontes-pedro-souza-irpf/aeb_1950.pdf;;512;496;;
1948;1949;Brasil;1;aeb_brasil_1946_1959;F03;3;De mais de 60 a 90;60.0;90.0;0;29515;;;2165861;73381.704218;85261;;;;;;;;;;;Cr$;Cr$ 1.000;Cr$ 1.000;renda liquida;pessoas publicadas diretamente na tabela;IBGE, Anuario Estatistico do Brasil 1950, p. 496, Tabela b;https://biblioteca.ibge.gov.br/visualizacao/periodicos/20/aeb_1950.pdf;outputs/fontes-pedro-souza-irpf/aeb_1950.pdf;;512;496;;
1948;1949;Brasil;1;aeb_brasil_1946_1959;F04;4;De mais de 90 a 120;90.0;120.0;0;14191;;;1473532;103835.670495;73750;;;;;;;;;;;Cr$;Cr$ 1.000;Cr$ 1.000;renda liquida;pessoas publicadas diretamente na tabela;IBGE, Anuario Estatistico do Brasil 1950, p. 496, Tabela b;https://biblioteca.ibge.gov.br/visualizacao/periodicos/20/aeb_1950.pdf;outputs/fontes-pedro-souza-irpf/aeb_1950.pdf;;512;496;;
1948;1949;Brasil;1;aeb_brasil_1946_1959;F05;5;De mais de 120 a 150;120.0;150.0;0;8302;;;1113519;134126.596001;67309;;;;;;;;;;;Cr$;Cr$ 1.000;Cr$ 1.000;renda liquida;pessoas publicadas diretamente na tabela;IBGE, Anuario Estatistico do Brasil 1950, p. 496, Tabela b;https://biblioteca.ibge.gov.br/visualizacao/periodicos/20/aeb_1950.pdf;outputs/fontes-pedro-souza-irpf/aeb_1950.pdf;;512;496;;
1948;1949;Brasil;1;aeb_brasil_1946_1959;F06;6;De mais de 150 a 200;150.0;200.0;0;7552;;;1303648;172622.881356;97183;;;;;;;;;;;Cr$;Cr$ 1.000;Cr$ 1.000;renda liquida;pessoas publicadas diretamente na tabela;IBGE, Anuario Estatistico do Brasil 1950, p. 496, Tabela b;https://biblioteca.ibge.gov.br/visualizacao/periodicos/20/aeb_1950.pdf;outputs/fontes-pedro-souza-irpf/aeb_1950.pdf;;512;496;;
1948;1949;Brasil;1;aeb_brasil_1946_1959;F07;7;De mais de 200 a 300;200.0;300.0;0;6653;;;1615138;242768.375169;159062;;;;;;;;;;;Cr$;Cr$ 1.000;Cr$ 1.000;renda liquida;pessoas publicadas diretamente na tabela;IBGE, Anuario Estatistico do Brasil 1950, p. 496, Tabela b;https://biblioteca.ibge.gov.br/visualizacao/periodicos/20/aeb_1950.pdf;outputs/fontes-pedro-souza-irpf/aeb_1950.pdf;;512;496;;
1948;1949;Brasil;1;aeb_brasil_1946_1959;F08;8;De mais de 300 a 400;300.0;400.0;0;2851;;;980984;344084.180989;119727;;;;;;;;;;;Cr$;Cr$ 1.000;Cr$ 1.000;renda liquida;pessoas publicadas diretamente na tabela;IBGE, Anuario Estatistico do Brasil 1950, p. 496, Tabela b;https://biblioteca.ibge.gov.br/visualizacao/periodicos/20/aeb_1950.pdf;outputs/fontes-pedro-souza-irpf/aeb_1950.pdf;;512;496;;
1948;1949;Brasil;1;aeb_brasil_1946_1959;F09;9;De mais de 400 a 500;400.0;500.0;0;1511;;;673073;445448.709464;95000;;;;;;;;;;;Cr$;Cr$ 1.000;Cr$ 1.000;renda liquida;pessoas publicadas diretamente na tabela;IBGE, Anuario Estatistico do Brasil 1950, p. 496, Tabela b;https://biblioteca.ibge.gov.br/visualizacao/periodicos/20/aeb_1950.pdf;outputs/fontes-pedro-souza-irpf/aeb_1950.pdf;;512;496;;
1948;1949;Brasil;1;aeb_brasil_1946_1959;F10;10;De mais de 500 a 600;500.0;600.0;0;828;;;451715;545549.516908;72912;;;;;;;;;;;Cr$;Cr$ 1.000;Cr$ 1.000;renda liquida;pessoas publicadas diretamente na tabela;IBGE, Anuario Estatistico do Brasil 1950, p. 496, Tabela b;https://biblioteca.ibge.gov.br/visualizacao/periodicos/20/aeb_1950.pdf;outputs/fontes-pedro-souza-irpf/aeb_1950.pdf;;512;496;;
1948;1949;Brasil;1;aeb_brasil_1946_1959;F11;11;De mais de 600 a 700;600.0;700.0;0;487;;;308864;634217.659138;53936;;;;;;;;;;;Cr$;Cr$ 1.000;Cr$ 1.000;renda liquida;pessoas publicadas diretamente na tabela;IBGE, Anuario Estatistico do Brasil 1950, p. 496, Tabela b;https://biblioteca.ibge.gov.br/visualizacao/periodicos/20/aeb_1950.pdf;outputs/fontes-pedro-souza-irpf/aeb_1950.pdf;;512;496;;
1948;1949;Brasil;1;aeb_brasil_1946_1959;F12;12;De mais de 700 a 1000;700.0;1000.0;0;645;;;529829;821440.310078;107818;;;;;;;;;;;Cr$;Cr$ 1.000;Cr$ 1.000;renda liquida;pessoas publicadas diretamente na tabela;IBGE, Anuario Estatistico do Brasil 1950, p. 496, Tabela b;https://biblioteca.ibge.gov.br/visualizacao/periodicos/20/aeb_1950.pdf;outputs/fontes-pedro-souza-irpf/aeb_1950.pdf;;512;496;;
1948;1949;Brasil;1;aeb_brasil_1946_1959;F13;13;De mais de 1000 a 2000;1000.0;2000.0;0;442;;;581622;1315886.877828;149200;;;;;;;;;;;Cr$;Cr$ 1.000;Cr$ 1.000;renda liquida;pessoas publicadas diretamente na tabela;IBGE, Anuario Estatistico do Brasil 1950, p. 496, Tabela b;https://biblioteca.ibge.gov.br/visualizacao/periodicos/20/aeb_1950.pdf;outputs/fontes-pedro-souza-irpf/aeb_1950.pdf;;512;496;;
1948;1949;Brasil;1;aeb_brasil_1946_1959;F14;14;De mais de 2000 a 3000;2000.0;3000.0;0;64;;;158778;2480906.25;50480;;;;;;;;;;;Cr$;Cr$ 1.000;Cr$ 1.000;renda liquida;pessoas publicadas diretamente na tabela;IBGE, Anuario Estatistico do Brasil 1950, p. 496, Tabela b;https://biblioteca.ibge.gov.br/visualizacao/periodicos/20/aeb_1950.pdf;outputs/fontes-pedro-souza-irpf/aeb_1950.pdf;;512;496;;
1948;1949;Brasil;1;aeb_brasil_1946_1959;F15;15;Mais de 3000;3000.0;;1;34;;;149789;4405558.823529;57855;;;;;;;;;;;Cr$;Cr$ 1.000;Cr$ 1.000;renda liquida;pessoas publicadas diretamente na tabela;IBGE, Anuario Estatistico do Brasil 1950, p. 496, Tabela b;https://biblioteca.ibge.gov.br/visualizacao/periodicos/20/aeb_1950.pdf;outputs/fontes-pedro-souza-irpf/aeb_1950.pdf;;512;496;;
1949;1950;Brasil;1;aeb_brasil_1946_1959;F01;1;De mais de 24 a 30;24.0;30.0;0;44604;;;1214441;27227.176935;23400;;;;;;;;;;;Cr$;Cr$ 1.000;Cr$ 1.000;renda liquida;pessoas publicadas diretamente na tabela;IBGE, Anuario Estatistico do Brasil 1951, p. 506, Tabela b;https://biblioteca.ibge.gov.br/visualizacao/periodicos/20/aeb_1951.pdf;outputs/fontes-pedro-souza-irpf/aeb_1951.pdf;;529;506;;
1949;1950;Brasil;1;aeb_brasil_1946_1959;F02;2;De mais de 30 a 60;30.0;60.0;0;106834;;;4451199;41664.629238;118998;;;;;;;;;;;Cr$;Cr$ 1.000;Cr$ 1.000;renda liquida;pessoas publicadas diretamente na tabela;IBGE, Anuario Estatistico do Brasil 1951, p. 506, Tabela b;https://biblioteca.ibge.gov.br/visualizacao/periodicos/20/aeb_1951.pdf;outputs/fontes-pedro-souza-irpf/aeb_1951.pdf;;529;506;;
1949;1950;Brasil;1;aeb_brasil_1946_1959;F03;3;De mais de 60 a 90;60.0;90.0;0;34869;;;2525366;72424.388425;100477;;;;;;;;;;;Cr$;Cr$ 1.000;Cr$ 1.000;renda liquida;pessoas publicadas diretamente na tabela;IBGE, Anuario Estatistico do Brasil 1951, p. 506, Tabela b;https://biblioteca.ibge.gov.br/visualizacao/periodicos/20/aeb_1951.pdf;outputs/fontes-pedro-souza-irpf/aeb_1951.pdf;;529;506;;
1949;1950;Brasil;1;aeb_brasil_1946_1959;F04;4;De mais de 90 a 120;90.0;120.0;0;16599;;;1719530;103592.385083;85389;;;;;;;;;;;Cr$;Cr$ 1.000;Cr$ 1.000;renda liquida;pessoas publicadas diretamente na tabela;IBGE, Anuario Estatistico do Brasil 1951, p. 506, Tabela b;https://biblioteca.ibge.gov.br/visualizacao/periodicos/20/aeb_1951.pdf;outputs/fontes-pedro-souza-irpf/aeb_1951.pdf;;529;506;;
1949;1950;Brasil;1;aeb_brasil_1946_1959;F05;5;De mais de 120 a 150;120.0;150.0;0;9496;;;1271274;133874.684078;77411;;;;;;;;;;;Cr$;Cr$ 1.000;Cr$ 1.000;renda liquida;pessoas publicadas diretamente na tabela;IBGE, Anuario Estatistico do Brasil 1951, p. 506, Tabela b;https://biblioteca.ibge.gov.br/visualizacao/periodicos/20/aeb_1951.pdf;outputs/fontes-pedro-souza-irpf/aeb_1951.pdf;;529;506;;
1949;1950;Brasil;1;aeb_brasil_1946_1959;F06;6;De mais de 150 a 200;150.0;200.0;0;8427;;;1453504;172481.78474;109880;;;;;;;;;;;Cr$;Cr$ 1.000;Cr$ 1.000;renda liquida;pessoas publicadas diretamente na tabela;IBGE, Anuario Estatistico do Brasil 1951, p. 506, Tabela b;https://biblioteca.ibge.gov.br/visualizacao/periodicos/20/aeb_1951.pdf;outputs/fontes-pedro-souza-irpf/aeb_1951.pdf;;529;506;;
1949;1950;Brasil;1;aeb_brasil_1946_1959;F07;7;De mais de 200 a 300;200.0;300.0;0;7168;;;1789865;249702.148438;178362;;;;;;;;;;;Cr$;Cr$ 1.000;Cr$ 1.000;renda liquida;pessoas publicadas diretamente na tabela;IBGE, Anuario Estatistico do Brasil 1951, p. 506, Tabela b;https://biblioteca.ibge.gov.br/visualizacao/periodicos/20/aeb_1951.pdf;outputs/fontes-pedro-souza-irpf/aeb_1951.pdf;;529;506;;
1949;1950;Brasil;1;aeb_brasil_1946_1959;F08;8;De mais de 300 a 400;300.0;400.0;0;3191;;;1096861;343735.819492;134297;;;;;;;;;;;Cr$;Cr$ 1.000;Cr$ 1.000;renda liquida;pessoas publicadas diretamente na tabela;IBGE, Anuario Estatistico do Brasil 1951, p. 506, Tabela b;https://biblioteca.ibge.gov.br/visualizacao/periodicos/20/aeb_1951.pdf;outputs/fontes-pedro-souza-irpf/aeb_1951.pdf;;529;506;;
1949;1950;Brasil;1;aeb_brasil_1946_1959;F09;9;De mais de 400 a 500;400.0;500.0;0;1618;;;720006;444997.527812;102361;;;;;;;;;;;Cr$;Cr$ 1.000;Cr$ 1.000;renda liquida;pessoas publicadas diretamente na tabela;IBGE, Anuario Estatistico do Brasil 1951, p. 506, Tabela b;https://biblioteca.ibge.gov.br/visualizacao/periodicos/20/aeb_1951.pdf;outputs/fontes-pedro-souza-irpf/aeb_1951.pdf;;529;506;;
1949;1950;Brasil;1;aeb_brasil_1946_1959;F10;10;De mais de 500 a 600;500.0;600.0;0;901;;;492504;546619.311876;79344;;;;;;;;;;;Cr$;Cr$ 1.000;Cr$ 1.000;renda liquida;pessoas publicadas diretamente na tabela;IBGE, Anuario Estatistico do Brasil 1951, p. 506, Tabela b;https://biblioteca.ibge.gov.br/visualizacao/periodicos/20/aeb_1951.pdf;outputs/fontes-pedro-souza-irpf/aeb_1951.pdf;;529;506;;
1949;1950;Brasil;1;aeb_brasil_1946_1959;F11;11;De mais de 600 a 700;600.0;700.0;0;558;;;362299;649281.362007;64813;;;;;;;;;;;Cr$;Cr$ 1.000;Cr$ 1.000;renda liquida;pessoas publicadas diretamente na tabela;IBGE, Anuario Estatistico do Brasil 1951, p. 506, Tabela b;https://biblioteca.ibge.gov.br/visualizacao/periodicos/20/aeb_1951.pdf;outputs/fontes-pedro-souza-irpf/aeb_1951.pdf;;529;506;;
1949;1950;Brasil;1;aeb_brasil_1946_1959;F12;12;De mais de 700 a 1000;700.0;1000.0;0;794;;;651916;821052.896725;133409;;;;;;;;;;;Cr$;Cr$ 1.000;Cr$ 1.000;renda liquida;pessoas publicadas diretamente na tabela;IBGE, Anuario Estatistico do Brasil 1951, p. 506, Tabela b;https://biblioteca.ibge.gov.br/visualizacao/periodicos/20/aeb_1951.pdf;outputs/fontes-pedro-souza-irpf/aeb_1951.pdf;;529;506;;
1949;1950;Brasil;1;aeb_brasil_1946_1959;F13;13;De mais de 1000 a 2000;1000.0;2000.0;0;465;;;611794;1315686.021505;156917;;;;;;;;;;;Cr$;Cr$ 1.000;Cr$ 1.000;renda liquida;pessoas publicadas diretamente na tabela;IBGE, Anuario Estatistico do Brasil 1951, p. 506, Tabela b;https://biblioteca.ibge.gov.br/visualizacao/periodicos/20/aeb_1951.pdf;outputs/fontes-pedro-souza-irpf/aeb_1951.pdf;;529;506;;
1949;1950;Brasil;1;aeb_brasil_1946_1959;F14;14;De mais de 2000 a 3000;2000.0;3000.0;0;61;;;146628;2403737.704918;45628;;;;;;;;;;;Cr$;Cr$ 1.000;Cr$ 1.000;renda liquida;pessoas publicadas diretamente na tabela;IBGE, Anuario Estatistico do Brasil 1951, p. 506, Tabela b;https://biblioteca.ibge.gov.br/visualizacao/periodicos/20/aeb_1951.pdf;outputs/fontes-pedro-souza-irpf/aeb_1951.pdf;;529;506;;
1949;1950;Brasil;1;aeb_brasil_1946_1959;F15;15;Mais de 3000;3000.0;;1;38;;;157055;4133026.315789;58635;;;;;;;;;;;Cr$;Cr$ 1.000;Cr$ 1.000;renda liquida;pessoas publicadas diretamente na tabela;IBGE, Anuario Estatistico do Brasil 1951, p. 506, Tabela b;https://biblioteca.ibge.gov.br/visualizacao/periodicos/20/aeb_1951.pdf;outputs/fontes-pedro-souza-irpf/aeb_1951.pdf;;529;506;;
1950;1951;Brasil;1;aeb_brasil_1946_1959;F01;1;De mais de 24 a 30;24.0;30.0;0;47278;;;1298106;27456.872118;27852;;;;;;;;;;;Cr$;Cr$ 1.000;Cr$ 1.000;renda liquida;pessoas publicadas diretamente na tabela;IBGE, Anuario Estatistico do Brasil 1952, p. 515, Tabela d;https://biblioteca.ibge.gov.br/visualizacao/periodicos/20/aeb_1952.pdf;outputs/fontes-pedro-souza-irpf/aeb_1952.pdf;;530;515;;
1950;1951;Brasil;1;aeb_brasil_1946_1959;F02;2;De mais de 30 a 60;30.0;60.0;0;121283;;;5073337;41830.569824;140115;;;;;;;;;;;Cr$;Cr$ 1.000;Cr$ 1.000;renda liquida;pessoas publicadas diretamente na tabela;IBGE, Anuario Estatistico do Brasil 1952, p. 515, Tabela d;https://biblioteca.ibge.gov.br/visualizacao/periodicos/20/aeb_1952.pdf;outputs/fontes-pedro-souza-irpf/aeb_1952.pdf;;530;515;;
1950;1951;Brasil;1;aeb_brasil_1946_1959;F03;3;De mais de 60 a 90;60.0;90.0;0;42383;;;3174035;74889.342425;129509;;;;;;;;;;;Cr$;Cr$ 1.000;Cr$ 1.000;renda liquida;pessoas publicadas diretamente na tabela;IBGE, Anuario Estatistico do Brasil 1952, p. 515, Tabela d;https://biblioteca.ibge.gov.br/visualizacao/periodicos/20/aeb_1952.pdf;outputs/fontes-pedro-souza-irpf/aeb_1952.pdf;;530;515;;
1950;1951;Brasil;1;aeb_brasil_1946_1959;F04;4;De mais de 90 a 120;90.0;120.0;0;21326;;;2237379;104913.204539;113219;;;;;;;;;;;Cr$;Cr$ 1.000;Cr$ 1.000;renda liquida;pessoas publicadas diretamente na tabela;IBGE, Anuario Estatistico do Brasil 1952, p. 515, Tabela d;https://biblioteca.ibge.gov.br/visualizacao/periodicos/20/aeb_1952.pdf;outputs/fontes-pedro-souza-irpf/aeb_1952.pdf;;530;515;;
1950;1951;Brasil;1;aeb_brasil_1946_1959;F05;5;De mais de 120 a 150;120.0;150.0;0;11805;;;1591438;134810.504024;97544;;;;;;;;;;;Cr$;Cr$ 1.000;Cr$ 1.000;renda liquida;pessoas publicadas diretamente na tabela;IBGE, Anuario Estatistico do Brasil 1952, p. 515, Tabela d;https://biblioteca.ibge.gov.br/visualizacao/periodicos/20/aeb_1952.pdf;outputs/fontes-pedro-souza-irpf/aeb_1952.pdf;;530;515;;
1950;1951;Brasil;1;aeb_brasil_1946_1959;F06;6;De mais de 150 a 200;150.0;200.0;0;10876;;;1929963;177451.544686;146639;;;;;;;;;;;Cr$;Cr$ 1.000;Cr$ 1.000;renda liquida;pessoas publicadas diretamente na tabela;IBGE, Anuario Estatistico do Brasil 1952, p. 515, Tabela d;https://biblioteca.ibge.gov.br/visualizacao/periodicos/20/aeb_1952.pdf;outputs/fontes-pedro-souza-irpf/aeb_1952.pdf;;530;515;;
1950;1951;Brasil;1;aeb_brasil_1946_1959;F07;7;De mais de 200 a 300;200.0;300.0;0;9984;;;2464802;246875.200321;241131;;;;;;;;;;;Cr$;Cr$ 1.000;Cr$ 1.000;renda liquida;pessoas publicadas diretamente na tabela;IBGE, Anuario Estatistico do Brasil 1952, p. 515, Tabela d;https://biblioteca.ibge.gov.br/visualizacao/periodicos/20/aeb_1952.pdf;outputs/fontes-pedro-souza-irpf/aeb_1952.pdf;;530;515;;
1950;1951;Brasil;1;aeb_brasil_1946_1959;F08;8;De mais de 300 a 400;300.0;400.0;0;4196;;;1470262;350396.091516;177464;;;;;;;;;;;Cr$;Cr$ 1.000;Cr$ 1.000;renda liquida;pessoas publicadas diretamente na tabela;IBGE, Anuario Estatistico do Brasil 1952, p. 515, Tabela d;https://biblioteca.ibge.gov.br/visualizacao/periodicos/20/aeb_1952.pdf;outputs/fontes-pedro-souza-irpf/aeb_1952.pdf;;530;515;;
1950;1951;Brasil;1;aeb_brasil_1946_1959;F09;9;De mais de 400 a 500;400.0;500.0;0;2178;;;991782;455363.636364;140104;;;;;;;;;;;Cr$;Cr$ 1.000;Cr$ 1.000;renda liquida;pessoas publicadas diretamente na tabela;IBGE, Anuario Estatistico do Brasil 1952, p. 515, Tabela d;https://biblioteca.ibge.gov.br/visualizacao/periodicos/20/aeb_1952.pdf;outputs/fontes-pedro-souza-irpf/aeb_1952.pdf;;530;515;;
1950;1951;Brasil;1;aeb_brasil_1946_1959;F10;10;De mais de 500 a 600;500.0;600.0;0;1330;;;732487;550742.105263;115662;;;;;;;;;;;Cr$;Cr$ 1.000;Cr$ 1.000;renda liquida;pessoas publicadas diretamente na tabela;IBGE, Anuario Estatistico do Brasil 1952, p. 515, Tabela d;https://biblioteca.ibge.gov.br/visualizacao/periodicos/20/aeb_1952.pdf;outputs/fontes-pedro-souza-irpf/aeb_1952.pdf;;530;515;;
1950;1951;Brasil;1;aeb_brasil_1946_1959;F11;11;De mais de 600 a 700;600.0;700.0;0;752;;;486232;646585.106383;84992;;;;;;;;;;;Cr$;Cr$ 1.000;Cr$ 1.000;renda liquida;pessoas publicadas diretamente na tabela;IBGE, Anuario Estatistico do Brasil 1952, p. 515, Tabela d;https://biblioteca.ibge.gov.br/visualizacao/periodicos/20/aeb_1952.pdf;outputs/fontes-pedro-souza-irpf/aeb_1952.pdf;;530;515;;
1950;1951;Brasil;1;aeb_brasil_1946_1959;F12;12;De mais de 700 a 1000;700.0;1000.0;0;1104;;;937597;849272.644928;192372;;;;;;;;;;;Cr$;Cr$ 1.000;Cr$ 1.000;renda liquida;pessoas publicadas diretamente na tabela;IBGE, Anuario Estatistico do Brasil 1952, p. 515, Tabela d;https://biblioteca.ibge.gov.br/visualizacao/periodicos/20/aeb_1952.pdf;outputs/fontes-pedro-souza-irpf/aeb_1952.pdf;;530;515;;
1950;1951;Brasil;1;aeb_brasil_1946_1959;F13;13;De mais de 1000 a 2000;1000.0;2000.0;0;653;;;847338;1297607.963247;214969;;;;;;;;;;;Cr$;Cr$ 1.000;Cr$ 1.000;renda liquida;pessoas publicadas diretamente na tabela;IBGE, Anuario Estatistico do Brasil 1952, p. 515, Tabela d;https://biblioteca.ibge.gov.br/visualizacao/periodicos/20/aeb_1952.pdf;outputs/fontes-pedro-souza-irpf/aeb_1952.pdf;;530;515;;
1950;1951;Brasil;1;aeb_brasil_1946_1959;F14;14;De mais de 2000 a 3000;2000.0;3000.0;0;71;;;169275;2384154.929577;53363;;;;;;;;;;;Cr$;Cr$ 1.000;Cr$ 1.000;renda liquida;pessoas publicadas diretamente na tabela;IBGE, Anuario Estatistico do Brasil 1952, p. 515, Tabela d;https://biblioteca.ibge.gov.br/visualizacao/periodicos/20/aeb_1952.pdf;outputs/fontes-pedro-souza-irpf/aeb_1952.pdf;;530;515;;
1950;1951;Brasil;1;aeb_brasil_1946_1959;F15;15;Mais de 3000;3000.0;;1;45;;;233461;5188022.222222;93749;;;;;;;;;;;Cr$;Cr$ 1.000;Cr$ 1.000;renda liquida;pessoas publicadas diretamente na tabela;IBGE, Anuario Estatistico do Brasil 1952, p. 515, Tabela d;https://biblioteca.ibge.gov.br/visualizacao/periodicos/20/aeb_1952.pdf;outputs/fontes-pedro-souza-irpf/aeb_1952.pdf;;530;515;;
1951;1952;Brasil;1;aeb_brasil_1946_1959;F02;1;De mais de 30 a 60;30.0;60.0;0;120817;;;5120652;42383.53874;;;;;;;;;;;;Cr$;Cr$ 1.000;Cr$ 1.000;renda liquida;pessoas publicadas diretamente na tabela;IBGE, Anuario Estatistico do Brasil 1953, p. 444, Tabela c;https://biblioteca.ibge.gov.br/visualizacao/periodicos/20/aeb_1953.pdf;outputs/fontes-pedro-souza-irpf/aeb_1953.pdf;;469;444;;"A soma das classes publicadas tem 246017 contribuintes; o total publicado e 249017."
1951;1952;Brasil;1;aeb_brasil_1946_1959;F03;2;De mais de 60 a 90;60.0;90.0;0;47225;;;3456399;73190.026469;;;;;;;;;;;;Cr$;Cr$ 1.000;Cr$ 1.000;renda liquida;pessoas publicadas diretamente na tabela;IBGE, Anuario Estatistico do Brasil 1953, p. 444, Tabela c;https://biblioteca.ibge.gov.br/visualizacao/periodicos/20/aeb_1953.pdf;outputs/fontes-pedro-souza-irpf/aeb_1953.pdf;;469;444;;"A soma das classes publicadas tem 246017 contribuintes; o total publicado e 249017."
1951;1952;Brasil;1;aeb_brasil_1946_1959;F04;3;De mais de 90 a 120;90.0;120.0;0;21504;;;2559676;119032.552083;;;;;;;;;;;;Cr$;Cr$ 1.000;Cr$ 1.000;renda liquida;pessoas publicadas diretamente na tabela;IBGE, Anuario Estatistico do Brasil 1953, p. 444, Tabela c;https://biblioteca.ibge.gov.br/visualizacao/periodicos/20/aeb_1953.pdf;outputs/fontes-pedro-souza-irpf/aeb_1953.pdf;;469;444;;"A soma das classes publicadas tem 246017 contribuintes; o total publicado e 249017."
1951;1952;Brasil;1;aeb_brasil_1946_1959;F05;4;De mais de 120 a 150;120.0;150.0;0;14443;;;1932739;133818.389531;;;;;;;;;;;;Cr$;Cr$ 1.000;Cr$ 1.000;renda liquida;pessoas publicadas diretamente na tabela;IBGE, Anuario Estatistico do Brasil 1953, p. 444, Tabela c;https://biblioteca.ibge.gov.br/visualizacao/periodicos/20/aeb_1953.pdf;outputs/fontes-pedro-souza-irpf/aeb_1953.pdf;;469;444;;"A soma das classes publicadas tem 246017 contribuintes; o total publicado e 249017."
1951;1952;Brasil;1;aeb_brasil_1946_1959;F06;5;De mais de 150 a 200;150.0;200.0;0;13759;;;2375136;172624.173268;;;;;;;;;;;;Cr$;Cr$ 1.000;Cr$ 1.000;renda liquida;pessoas publicadas diretamente na tabela;IBGE, Anuario Estatistico do Brasil 1953, p. 444, Tabela c;https://biblioteca.ibge.gov.br/visualizacao/periodicos/20/aeb_1953.pdf;outputs/fontes-pedro-souza-irpf/aeb_1953.pdf;;469;444;;"A soma das classes publicadas tem 246017 contribuintes; o total publicado e 249017."
1951;1952;Brasil;1;aeb_brasil_1946_1959;F07;6;De mais de 200 a 300;200.0;300.0;0;13202;;;3210337;243170.504469;;;;;;;;;;;;Cr$;Cr$ 1.000;Cr$ 1.000;renda liquida;pessoas publicadas diretamente na tabela;IBGE, Anuario Estatistico do Brasil 1953, p. 444, Tabela c;https://biblioteca.ibge.gov.br/visualizacao/periodicos/20/aeb_1953.pdf;outputs/fontes-pedro-souza-irpf/aeb_1953.pdf;;469;444;;"A soma das classes publicadas tem 246017 contribuintes; o total publicado e 249017."
1951;1952;Brasil;1;aeb_brasil_1946_1959;F08;7;De mais de 300 a 400;300.0;400.0;0;5884;;;2027284;344541.808294;;;;;;;;;;;;Cr$;Cr$ 1.000;Cr$ 1.000;renda liquida;pessoas publicadas diretamente na tabela;IBGE, Anuario Estatistico do Brasil 1953, p. 444, Tabela c;https://biblioteca.ibge.gov.br/visualizacao/periodicos/20/aeb_1953.pdf;outputs/fontes-pedro-souza-irpf/aeb_1953.pdf;;469;444;;"A soma das classes publicadas tem 246017 contribuintes; o total publicado e 249017."
1951;1952;Brasil;1;aeb_brasil_1946_1959;F09;8;De mais de 400 a 500;400.0;500.0;0;3071;;;1371806;446696.84142;;;;;;;;;;;;Cr$;Cr$ 1.000;Cr$ 1.000;renda liquida;pessoas publicadas diretamente na tabela;IBGE, Anuario Estatistico do Brasil 1953, p. 444, Tabela c;https://biblioteca.ibge.gov.br/visualizacao/periodicos/20/aeb_1953.pdf;outputs/fontes-pedro-souza-irpf/aeb_1953.pdf;;469;444;;"A soma das classes publicadas tem 246017 contribuintes; o total publicado e 249017."
1951;1952;Brasil;1;aeb_brasil_1946_1959;F10;9;De mais de 500 a 600;500.0;600.0;0;1874;;;1025915;547446.638207;;;;;;;;;;;;Cr$;Cr$ 1.000;Cr$ 1.000;renda liquida;pessoas publicadas diretamente na tabela;IBGE, Anuario Estatistico do Brasil 1953, p. 444, Tabela c;https://biblioteca.ibge.gov.br/visualizacao/periodicos/20/aeb_1953.pdf;outputs/fontes-pedro-souza-irpf/aeb_1953.pdf;;469;444;;"A soma das classes publicadas tem 246017 contribuintes; o total publicado e 249017."
1951;1952;Brasil;1;aeb_brasil_1946_1959;F11;10;De mais de 600 a 700;600.0;700.0;0;1144;;;740989;647717.657343;;;;;;;;;;;;Cr$;Cr$ 1.000;Cr$ 1.000;renda liquida;pessoas publicadas diretamente na tabela;IBGE, Anuario Estatistico do Brasil 1953, p. 444, Tabela c;https://biblioteca.ibge.gov.br/visualizacao/periodicos/20/aeb_1953.pdf;outputs/fontes-pedro-souza-irpf/aeb_1953.pdf;;469;444;;"A soma das classes publicadas tem 246017 contribuintes; o total publicado e 249017."
1951;1952;Brasil;1;aeb_brasil_1946_1959;F12;11;De mais de 700 a 1000;700.0;1000.0;0;1707;;;1401436;820993.555946;;;;;;;;;;;;Cr$;Cr$ 1.000;Cr$ 1.000;renda liquida;pessoas publicadas diretamente na tabela;IBGE, Anuario Estatistico do Brasil 1953, p. 444, Tabela c;https://biblioteca.ibge.gov.br/visualizacao/periodicos/20/aeb_1953.pdf;outputs/fontes-pedro-souza-irpf/aeb_1953.pdf;;469;444;;"A soma das classes publicadas tem 246017 contribuintes; o total publicado e 249017."
1951;1952;Brasil;1;aeb_brasil_1946_1959;F13;12;De mais de 1000 a 2000;1000.0;2000.0;0;1133;;;1502279;1325930.27361;;;;;;;;;;;;Cr$;Cr$ 1.000;Cr$ 1.000;renda liquida;pessoas publicadas diretamente na tabela;IBGE, Anuario Estatistico do Brasil 1953, p. 444, Tabela c;https://biblioteca.ibge.gov.br/visualizacao/periodicos/20/aeb_1953.pdf;outputs/fontes-pedro-souza-irpf/aeb_1953.pdf;;469;444;;"A soma das classes publicadas tem 246017 contribuintes; o total publicado e 249017."
1951;1952;Brasil;1;aeb_brasil_1946_1959;F14;13;De mais de 2000 a 3000;2000.0;3000.0;0;167;;;393578;2356754.491018;;;;;;;;;;;;Cr$;Cr$ 1.000;Cr$ 1.000;renda liquida;pessoas publicadas diretamente na tabela;IBGE, Anuario Estatistico do Brasil 1953, p. 444, Tabela c;https://biblioteca.ibge.gov.br/visualizacao/periodicos/20/aeb_1953.pdf;outputs/fontes-pedro-souza-irpf/aeb_1953.pdf;;469;444;;"A soma das classes publicadas tem 246017 contribuintes; o total publicado e 249017."
1951;1952;Brasil;1;aeb_brasil_1946_1959;F15;14;Mais de 3000;3000.0;;1;87;;;447776;5146850.574713;;;;;;;;;;;;Cr$;Cr$ 1.000;Cr$ 1.000;renda liquida;pessoas publicadas diretamente na tabela;IBGE, Anuario Estatistico do Brasil 1953, p. 444, Tabela c;https://biblioteca.ibge.gov.br/visualizacao/periodicos/20/aeb_1953.pdf;outputs/fontes-pedro-souza-irpf/aeb_1953.pdf;;469;444;;"A soma das classes publicadas tem 246017 contribuintes; o total publicado e 249017."
1952;1953;Brasil;1;aeb_brasil_1946_1959;F02;1;De mais de 30 a 60;30.0;60.0;0;129397;;;5602935;43300.346994;;;;;;;;;;;;Cr$;Cr$ 1.000;Cr$ 1.000;renda liquida;pessoas publicadas diretamente na tabela;IBGE, Anuario Estatistico do Brasil 1954, p. 482, Tabela c;https://biblioteca.ibge.gov.br/visualizacao/periodicos/20/aeb_1954.pdf;outputs/fontes-pedro-souza-irpf/aeb_1954.pdf;;517;482;;
1952;1953;Brasil;1;aeb_brasil_1946_1959;F03;2;De mais de 60 a 90;60.0;90.0;0;54577;;;4001951;73326.694395;;;;;;;;;;;;Cr$;Cr$ 1.000;Cr$ 1.000;renda liquida;pessoas publicadas diretamente na tabela;IBGE, Anuario Estatistico do Brasil 1954, p. 482, Tabela c;https://biblioteca.ibge.gov.br/visualizacao/periodicos/20/aeb_1954.pdf;outputs/fontes-pedro-souza-irpf/aeb_1954.pdf;;517;482;;
1952;1953;Brasil;1;aeb_brasil_1946_1959;F04;3;De mais de 90 a 120;90.0;120.0;0;28501;;;2958672;103809.410196;;;;;;;;;;;;Cr$;Cr$ 1.000;Cr$ 1.000;renda liquida;pessoas publicadas diretamente na tabela;IBGE, Anuario Estatistico do Brasil 1954, p. 482, Tabela c;https://biblioteca.ibge.gov.br/visualizacao/periodicos/20/aeb_1954.pdf;outputs/fontes-pedro-souza-irpf/aeb_1954.pdf;;517;482;;
1952;1953;Brasil;1;aeb_brasil_1946_1959;F05;4;De mais de 120 a 150;120.0;150.0;0;16635;;;2238452;134562.7893;;;;;;;;;;;;Cr$;Cr$ 1.000;Cr$ 1.000;renda liquida;pessoas publicadas diretamente na tabela;IBGE, Anuario Estatistico do Brasil 1954, p. 482, Tabela c;https://biblioteca.ibge.gov.br/visualizacao/periodicos/20/aeb_1954.pdf;outputs/fontes-pedro-souza-irpf/aeb_1954.pdf;;517;482;;
1952;1953;Brasil;1;aeb_brasil_1946_1959;F06;5;De mais de 150 a 200;150.0;200.0;0;15989;;;2765721;172976.483833;;;;;;;;;;;;Cr$;Cr$ 1.000;Cr$ 1.000;renda liquida;pessoas publicadas diretamente na tabela;IBGE, Anuario Estatistico do Brasil 1954, p. 482, Tabela c;https://biblioteca.ibge.gov.br/visualizacao/periodicos/20/aeb_1954.pdf;outputs/fontes-pedro-souza-irpf/aeb_1954.pdf;;517;482;;
1952;1953;Brasil;1;aeb_brasil_1946_1959;F07;6;De mais de 200 a 300;200.0;300.0;0;14948;;;3634485;243141.891892;;;;;;;;;;;;Cr$;Cr$ 1.000;Cr$ 1.000;renda liquida;pessoas publicadas diretamente na tabela;IBGE, Anuario Estatistico do Brasil 1954, p. 482, Tabela c;https://biblioteca.ibge.gov.br/visualizacao/periodicos/20/aeb_1954.pdf;outputs/fontes-pedro-souza-irpf/aeb_1954.pdf;;517;482;;
1952;1953;Brasil;1;aeb_brasil_1946_1959;F08;7;De mais de 300 a 400;300.0;400.0;0;6712;;;2321461;345867.252682;;;;;;;;;;;;Cr$;Cr$ 1.000;Cr$ 1.000;renda liquida;pessoas publicadas diretamente na tabela;IBGE, Anuario Estatistico do Brasil 1954, p. 482, Tabela c;https://biblioteca.ibge.gov.br/visualizacao/periodicos/20/aeb_1954.pdf;outputs/fontes-pedro-souza-irpf/aeb_1954.pdf;;517;482;;
1952;1953;Brasil;1;aeb_brasil_1946_1959;F09;8;De mais de 400 a 500;400.0;500.0;0;3501;;;1560397;445700.371322;;;;;;;;;;;;Cr$;Cr$ 1.000;Cr$ 1.000;renda liquida;pessoas publicadas diretamente na tabela;IBGE, Anuario Estatistico do Brasil 1954, p. 482, Tabela c;https://biblioteca.ibge.gov.br/visualizacao/periodicos/20/aeb_1954.pdf;outputs/fontes-pedro-souza-irpf/aeb_1954.pdf;;517;482;;
1952;1953;Brasil;1;aeb_brasil_1946_1959;F10;9;De mais de 500 a 600;500.0;600.0;0;2052;;;1120861;546228.557505;;;;;;;;;;;;Cr$;Cr$ 1.000;Cr$ 1.000;renda liquida;pessoas publicadas diretamente na tabela;IBGE, Anuario Estatistico do Brasil 1954, p. 482, Tabela c;https://biblioteca.ibge.gov.br/visualizacao/periodicos/20/aeb_1954.pdf;outputs/fontes-pedro-souza-irpf/aeb_1954.pdf;;517;482;;
1952;1953;Brasil;1;aeb_brasil_1946_1959;F11;10;De mais de 600 a 700;600.0;700.0;0;1333;;;860154;645276.819205;;;;;;;;;;;;Cr$;Cr$ 1.000;Cr$ 1.000;renda liquida;pessoas publicadas diretamente na tabela;IBGE, Anuario Estatistico do Brasil 1954, p. 482, Tabela c;https://biblioteca.ibge.gov.br/visualizacao/periodicos/20/aeb_1954.pdf;outputs/fontes-pedro-souza-irpf/aeb_1954.pdf;;517;482;;
1952;1953;Brasil;1;aeb_brasil_1946_1959;F12;11;De mais de 700 a 1000;700.0;1000.0;0;1821;;;1502328;825001.647446;;;;;;;;;;;;Cr$;Cr$ 1.000;Cr$ 1.000;renda liquida;pessoas publicadas diretamente na tabela;IBGE, Anuario Estatistico do Brasil 1954, p. 482, Tabela c;https://biblioteca.ibge.gov.br/visualizacao/periodicos/20/aeb_1954.pdf;outputs/fontes-pedro-souza-irpf/aeb_1954.pdf;;517;482;;
1952;1953;Brasil;1;aeb_brasil_1946_1959;F13;12;De mais de 1000 a 2000;1000.0;2000.0;0;1214;;;1597578;1315962.108731;;;;;;;;;;;;Cr$;Cr$ 1.000;Cr$ 1.000;renda liquida;pessoas publicadas diretamente na tabela;IBGE, Anuario Estatistico do Brasil 1954, p. 482, Tabela c;https://biblioteca.ibge.gov.br/visualizacao/periodicos/20/aeb_1954.pdf;outputs/fontes-pedro-souza-irpf/aeb_1954.pdf;;517;482;;
1952;1953;Brasil;1;aeb_brasil_1946_1959;F14;13;De mais de 2000 a 3000;2000.0;3000.0;0;190;;;453001;2384215.789474;;;;;;;;;;;;Cr$;Cr$ 1.000;Cr$ 1.000;renda liquida;pessoas publicadas diretamente na tabela;IBGE, Anuario Estatistico do Brasil 1954, p. 482, Tabela c;https://biblioteca.ibge.gov.br/visualizacao/periodicos/20/aeb_1954.pdf;outputs/fontes-pedro-souza-irpf/aeb_1954.pdf;;517;482;;
1952;1953;Brasil;1;aeb_brasil_1946_1959;F15;14;Mais de 3000;3000.0;;1;75;;;345060;4600800.0;;;;;;;;;;;;Cr$;Cr$ 1.000;Cr$ 1.000;renda liquida;pessoas publicadas diretamente na tabela;IBGE, Anuario Estatistico do Brasil 1954, p. 482, Tabela c;https://biblioteca.ibge.gov.br/visualizacao/periodicos/20/aeb_1954.pdf;outputs/fontes-pedro-souza-irpf/aeb_1954.pdf;;517;482;;
1953;1954;Brasil;1;aeb_brasil_1946_1959;F02;1;De mais de 30 a 60;30.0;60.0;0;150664;;;6372430;42295.637976;;;;;;;;;;;;Cr$;Cr$ 1.000;Cr$ 1.000;renda liquida;pessoas publicadas diretamente na tabela;IBGE, Anuario Estatistico do Brasil 1955, p. 531, Tabela c;https://biblioteca.ibge.gov.br/visualizacao/periodicos/20/aeb_1955.pdf;outputs/fontes-pedro-souza-irpf/aeb_1955.pdf;;552;531;;
1953;1954;Brasil;1;aeb_brasil_1946_1959;F03;2;De mais de 60 a 90;60.0;90.0;0;56955;;;4183932;73460.310772;;;;;;;;;;;;Cr$;Cr$ 1.000;Cr$ 1.000;renda liquida;pessoas publicadas diretamente na tabela;IBGE, Anuario Estatistico do Brasil 1955, p. 531, Tabela c;https://biblioteca.ibge.gov.br/visualizacao/periodicos/20/aeb_1955.pdf;outputs/fontes-pedro-souza-irpf/aeb_1955.pdf;;552;531;;
1953;1954;Brasil;1;aeb_brasil_1946_1959;F04;3;De mais de 90 a 120;90.0;120.0;0;29509;;;3077219;104280.694026;;;;;;;;;;;;Cr$;Cr$ 1.000;Cr$ 1.000;renda liquida;pessoas publicadas diretamente na tabela;IBGE, Anuario Estatistico do Brasil 1955, p. 531, Tabela c;https://biblioteca.ibge.gov.br/visualizacao/periodicos/20/aeb_1955.pdf;outputs/fontes-pedro-souza-irpf/aeb_1955.pdf;;552;531;;
1953;1954;Brasil;1;aeb_brasil_1946_1959;F05;4;De mais de 120 a 150;120.0;150.0;0;17837;;;2393508;134187.811852;;;;;;;;;;;;Cr$;Cr$ 1.000;Cr$ 1.000;renda liquida;pessoas publicadas diretamente na tabela;IBGE, Anuario Estatistico do Brasil 1955, p. 531, Tabela c;https://biblioteca.ibge.gov.br/visualizacao/periodicos/20/aeb_1955.pdf;outputs/fontes-pedro-souza-irpf/aeb_1955.pdf;;552;531;;
1953;1954;Brasil;1;aeb_brasil_1946_1959;F06;5;De mais de 150 a 200;150.0;200.0;0;17017;;;2945550;173094.552506;;;;;;;;;;;;Cr$;Cr$ 1.000;Cr$ 1.000;renda liquida;pessoas publicadas diretamente na tabela;IBGE, Anuario Estatistico do Brasil 1955, p. 531, Tabela c;https://biblioteca.ibge.gov.br/visualizacao/periodicos/20/aeb_1955.pdf;outputs/fontes-pedro-souza-irpf/aeb_1955.pdf;;552;531;;
1953;1954;Brasil;1;aeb_brasil_1946_1959;F07;6;De mais de 200 a 300;200.0;300.0;0;16470;;;4010205;243485.428051;;;;;;;;;;;;Cr$;Cr$ 1.000;Cr$ 1.000;renda liquida;pessoas publicadas diretamente na tabela;IBGE, Anuario Estatistico do Brasil 1955, p. 531, Tabela c;https://biblioteca.ibge.gov.br/visualizacao/periodicos/20/aeb_1955.pdf;outputs/fontes-pedro-souza-irpf/aeb_1955.pdf;;552;531;;
1953;1954;Brasil;1;aeb_brasil_1946_1959;F08;7;De mais de 300 a 400;300.0;400.0;0;7691;;;2654367;345126.381485;;;;;;;;;;;;Cr$;Cr$ 1.000;Cr$ 1.000;renda liquida;pessoas publicadas diretamente na tabela;IBGE, Anuario Estatistico do Brasil 1955, p. 531, Tabela c;https://biblioteca.ibge.gov.br/visualizacao/periodicos/20/aeb_1955.pdf;outputs/fontes-pedro-souza-irpf/aeb_1955.pdf;;552;531;;
1953;1954;Brasil;1;aeb_brasil_1946_1959;F09;8;De mais de 400 a 500;400.0;500.0;0;4087;;;1828169;447313.188158;;;;;;;;;;;;Cr$;Cr$ 1.000;Cr$ 1.000;renda liquida;pessoas publicadas diretamente na tabela;IBGE, Anuario Estatistico do Brasil 1955, p. 531, Tabela c;https://biblioteca.ibge.gov.br/visualizacao/periodicos/20/aeb_1955.pdf;outputs/fontes-pedro-souza-irpf/aeb_1955.pdf;;552;531;;
1953;1954;Brasil;1;aeb_brasil_1946_1959;F10;9;De mais de 500 a 600;500.0;600.0;0;2478;;;1351938;545576.271186;;;;;;;;;;;;Cr$;Cr$ 1.000;Cr$ 1.000;renda liquida;pessoas publicadas diretamente na tabela;IBGE, Anuario Estatistico do Brasil 1955, p. 531, Tabela c;https://biblioteca.ibge.gov.br/visualizacao/periodicos/20/aeb_1955.pdf;outputs/fontes-pedro-souza-irpf/aeb_1955.pdf;;552;531;;
1953;1954;Brasil;1;aeb_brasil_1946_1959;F11;10;De mais de 600 a 700;600.0;700.0;0;1607;;;1035786;644546.359676;;;;;;;;;;;;Cr$;Cr$ 1.000;Cr$ 1.000;renda liquida;pessoas publicadas diretamente na tabela;IBGE, Anuario Estatistico do Brasil 1955, p. 531, Tabela c;https://biblioteca.ibge.gov.br/visualizacao/periodicos/20/aeb_1955.pdf;outputs/fontes-pedro-souza-irpf/aeb_1955.pdf;;552;531;;
1953;1954;Brasil;1;aeb_brasil_1946_1959;F12;11;De mais de 700 a 1000;700.0;1000.0;0;2471;;;2037400;824524.484015;;;;;;;;;;;;Cr$;Cr$ 1.000;Cr$ 1.000;renda liquida;pessoas publicadas diretamente na tabela;IBGE, Anuario Estatistico do Brasil 1955, p. 531, Tabela c;https://biblioteca.ibge.gov.br/visualizacao/periodicos/20/aeb_1955.pdf;outputs/fontes-pedro-souza-irpf/aeb_1955.pdf;;552;531;;
1953;1954;Brasil;1;aeb_brasil_1946_1959;F13;12;De mais de 1000 a 2000;1000.0;2000.0;0;1847;;;2440311;1321229.561451;;;;;;;;;;;;Cr$;Cr$ 1.000;Cr$ 1.000;renda liquida;pessoas publicadas diretamente na tabela;IBGE, Anuario Estatistico do Brasil 1955, p. 531, Tabela c;https://biblioteca.ibge.gov.br/visualizacao/periodicos/20/aeb_1955.pdf;outputs/fontes-pedro-souza-irpf/aeb_1955.pdf;;552;531;;
1953;1954;Brasil;1;aeb_brasil_1946_1959;F14;13;De mais de 2000 a 3000;2000.0;3000.0;0;266;;;632626;2378293.233083;;;;;;;;;;;;Cr$;Cr$ 1.000;Cr$ 1.000;renda liquida;pessoas publicadas diretamente na tabela;IBGE, Anuario Estatistico do Brasil 1955, p. 531, Tabela c;https://biblioteca.ibge.gov.br/visualizacao/periodicos/20/aeb_1955.pdf;outputs/fontes-pedro-souza-irpf/aeb_1955.pdf;;552;531;;
1953;1954;Brasil;1;aeb_brasil_1946_1959;F15;14;Mais de 3000;3000.0;;1;120;;;551814;4598450.0;;;;;;;;;;;;Cr$;Cr$ 1.000;Cr$ 1.000;renda liquida;pessoas publicadas diretamente na tabela;IBGE, Anuario Estatistico do Brasil 1955, p. 531, Tabela c;https://biblioteca.ibge.gov.br/visualizacao/periodicos/20/aeb_1955.pdf;outputs/fontes-pedro-souza-irpf/aeb_1955.pdf;;552;531;;
1954;1955;Brasil;1;aeb_brasil_1946_1959;F01;1;De mais de 50 a 60;50.0;60.0;0;15996;;;898144;56148.037009;28973;;;;;;;;;;;Cr$;Cr$ 1.000;Cr$ 1.000;renda liquida;pessoas publicadas diretamente na tabela;IBGE, Anuario Estatistico do Brasil 1956, p. 404, Tabela 2a;https://biblioteca.ibge.gov.br/visualizacao/periodicos/20/aeb_1956.pdf;outputs/fontes-pedro-souza-irpf/aeb_1956.pdf;;400;404;;
1954;1955;Brasil;1;aeb_brasil_1946_1959;F02;2;De mais de 60 a 90;60.0;90.0;0;47209;;;3535799;74896.71461;147292;;;;;;;;;;;Cr$;Cr$ 1.000;Cr$ 1.000;renda liquida;pessoas publicadas diretamente na tabela;IBGE, Anuario Estatistico do Brasil 1956, p. 404, Tabela 2a;https://biblioteca.ibge.gov.br/visualizacao/periodicos/20/aeb_1956.pdf;outputs/fontes-pedro-souza-irpf/aeb_1956.pdf;;400;404;;
1954;1955;Brasil;1;aeb_brasil_1946_1959;F03;3;De mais de 90 a 120;90.0;120.0;0;34254;;;3529383;103035.645472;184547;;;;;;;;;;;Cr$;Cr$ 1.000;Cr$ 1.000;renda liquida;pessoas publicadas diretamente na tabela;IBGE, Anuario Estatistico do Brasil 1956, p. 404, Tabela 2a;https://biblioteca.ibge.gov.br/visualizacao/periodicos/20/aeb_1956.pdf;outputs/fontes-pedro-souza-irpf/aeb_1956.pdf;;400;404;;
1954;1955;Brasil;1;aeb_brasil_1946_1959;F04;4;De mais de 120 a 150;120.0;150.0;0;22941;;;3001772;130847.478314;182115;;;;;;;;;;;Cr$;Cr$ 1.000;Cr$ 1.000;renda liquida;pessoas publicadas diretamente na tabela;IBGE, Anuario Estatistico do Brasil 1956, p. 404, Tabela 2a;https://biblioteca.ibge.gov.br/visualizacao/periodicos/20/aeb_1956.pdf;outputs/fontes-pedro-souza-irpf/aeb_1956.pdf;;400;404;;
1954;1955;Brasil;1;aeb_brasil_1946_1959;F05;5;De mais de 150 a 200;150.0;200.0;0;21654;;;3797240;175359.748776;292691;;;;;;;;;;;Cr$;Cr$ 1.000;Cr$ 1.000;renda liquida;pessoas publicadas diretamente na tabela;IBGE, Anuario Estatistico do Brasil 1956, p. 404, Tabela 2a;https://biblioteca.ibge.gov.br/visualizacao/periodicos/20/aeb_1956.pdf;outputs/fontes-pedro-souza-irpf/aeb_1956.pdf;;400;404;;
1954;1955;Brasil;1;aeb_brasil_1946_1959;F06;6;De mais de 200 a 300;200.0;300.0;0;21290;;;5188831;243721.512447;519465;;;;;;;;;;;Cr$;Cr$ 1.000;Cr$ 1.000;renda liquida;pessoas publicadas diretamente na tabela;IBGE, Anuario Estatistico do Brasil 1956, p. 404, Tabela 2a;https://biblioteca.ibge.gov.br/visualizacao/periodicos/20/aeb_1956.pdf;outputs/fontes-pedro-souza-irpf/aeb_1956.pdf;;400;404;;
1954;1955;Brasil;1;aeb_brasil_1946_1959;F07;7;De mais de 300 a 400;300.0;400.0;0;10130;;;3501862;345692.201382;433826;;;;;;;;;;;Cr$;Cr$ 1.000;Cr$ 1.000;renda liquida;pessoas publicadas diretamente na tabela;IBGE, Anuario Estatistico do Brasil 1956, p. 404, Tabela 2a;https://biblioteca.ibge.gov.br/visualizacao/periodicos/20/aeb_1956.pdf;outputs/fontes-pedro-souza-irpf/aeb_1956.pdf;;400;404;;
1954;1955;Brasil;1;aeb_brasil_1946_1959;F08;8;De mais de 400 a 500;400.0;500.0;0;5780;;;2578322;446076.470588;372666;;;;;;;;;;;Cr$;Cr$ 1.000;Cr$ 1.000;renda liquida;pessoas publicadas diretamente na tabela;IBGE, Anuario Estatistico do Brasil 1956, p. 404, Tabela 2a;https://biblioteca.ibge.gov.br/visualizacao/periodicos/20/aeb_1956.pdf;outputs/fontes-pedro-souza-irpf/aeb_1956.pdf;;400;404;;
1954;1955;Brasil;1;aeb_brasil_1946_1959;F09;9;De mais de 500 a 600;500.0;600.0;0;3506;;;1961412;559444.381061;324091;;;;;;;;;;;Cr$;Cr$ 1.000;Cr$ 1.000;renda liquida;pessoas publicadas diretamente na tabela;IBGE, Anuario Estatistico do Brasil 1956, p. 404, Tabela 2a;https://biblioteca.ibge.gov.br/visualizacao/periodicos/20/aeb_1956.pdf;outputs/fontes-pedro-souza-irpf/aeb_1956.pdf;;400;404;;
1954;1955;Brasil;1;aeb_brasil_1946_1959;F10;10;De mais de 600 a 700;600.0;700.0;0;2444;;;1585172;648597.381342;289105;;;;;;;;;;;Cr$;Cr$ 1.000;Cr$ 1.000;renda liquida;pessoas publicadas diretamente na tabela;IBGE, Anuario Estatistico do Brasil 1956, p. 404, Tabela 2a;https://biblioteca.ibge.gov.br/visualizacao/periodicos/20/aeb_1956.pdf;outputs/fontes-pedro-souza-irpf/aeb_1956.pdf;;400;404;;
1954;1955;Brasil;1;aeb_brasil_1946_1959;F11;11;De mais de 700 a 1000;700.0;1000.0;0;3626;;;2989067;824342.801986;616595;;;;;;;;;;;Cr$;Cr$ 1.000;Cr$ 1.000;renda liquida;pessoas publicadas diretamente na tabela;IBGE, Anuario Estatistico do Brasil 1956, p. 404, Tabela 2a;https://biblioteca.ibge.gov.br/visualizacao/periodicos/20/aeb_1956.pdf;outputs/fontes-pedro-souza-irpf/aeb_1956.pdf;;400;404;;
1954;1955;Brasil;1;aeb_brasil_1946_1959;F12;12;De mais de 1000 a 2000;1000.0;2000.0;0;2722;;;3606199;1324834.313005;942675;;;;;;;;;;;Cr$;Cr$ 1.000;Cr$ 1.000;renda liquida;pessoas publicadas diretamente na tabela;IBGE, Anuario Estatistico do Brasil 1956, p. 404, Tabela 2a;https://biblioteca.ibge.gov.br/visualizacao/periodicos/20/aeb_1956.pdf;outputs/fontes-pedro-souza-irpf/aeb_1956.pdf;;400;404;;
1954;1955;Brasil;1;aeb_brasil_1946_1959;F13;13;De mais de 2000 a 3000;2000.0;3000.0;0;463;;;1099891;2375574.514039;348508;;;;;;;;;;;Cr$;Cr$ 1.000;Cr$ 1.000;renda liquida;pessoas publicadas diretamente na tabela;IBGE, Anuario Estatistico do Brasil 1956, p. 404, Tabela 2a;https://biblioteca.ibge.gov.br/visualizacao/periodicos/20/aeb_1956.pdf;outputs/fontes-pedro-souza-irpf/aeb_1956.pdf;;400;404;;
1954;1955;Brasil;1;aeb_brasil_1946_1959;F14;14;Mais de 3000;3000.0;;1;242;;;1155910;4776487.603306;465134;;;;;;;;;;;Cr$;Cr$ 1.000;Cr$ 1.000;renda liquida;pessoas publicadas diretamente na tabela;IBGE, Anuario Estatistico do Brasil 1956, p. 404, Tabela 2a;https://biblioteca.ibge.gov.br/visualizacao/periodicos/20/aeb_1956.pdf;outputs/fontes-pedro-souza-irpf/aeb_1956.pdf;;400;404;;
1955;1956;Brasil;1;aeb_brasil_1946_1959;F01;1;De mais de 50 a 60;50.0;60.0;0;24461;;;1365955;55842.156903;42622;;;;;;;;;;;Cr$;Cr$ 1.000;Cr$ 1.000;renda liquida;pessoas publicadas diretamente na tabela;IBGE, Anuario Estatistico do Brasil 1957, p. 452, Tabela 3e/2ba;https://biblioteca.ibge.gov.br/visualizacao/periodicos/20/aeb_1957.pdf;outputs/fontes-pedro-souza-irpf/aeb_1957.pdf;;474;452;;
1955;1956;Brasil;1;aeb_brasil_1946_1959;F02;2;De mais de 60 a 90;60.0;90.0;0;69120;;;5195363;75164.395255;205201;;;;;;;;;;;Cr$;Cr$ 1.000;Cr$ 1.000;renda liquida;pessoas publicadas diretamente na tabela;IBGE, Anuario Estatistico do Brasil 1957, p. 452, Tabela 3e/2ba;https://biblioteca.ibge.gov.br/visualizacao/periodicos/20/aeb_1957.pdf;outputs/fontes-pedro-souza-irpf/aeb_1957.pdf;;474;452;;
1955;1956;Brasil;1;aeb_brasil_1946_1959;F03;3;De mais de 90 a 120;90.0;120.0;0;46999;;;4877751;103784.144343;246104;;;;;;;;;;;Cr$;Cr$ 1.000;Cr$ 1.000;renda liquida;pessoas publicadas diretamente na tabela;IBGE, Anuario Estatistico do Brasil 1957, p. 452, Tabela 3e/2ba;https://biblioteca.ibge.gov.br/visualizacao/periodicos/20/aeb_1957.pdf;outputs/fontes-pedro-souza-irpf/aeb_1957.pdf;;474;452;;
1955;1956;Brasil;1;aeb_brasil_1946_1959;F04;4;De mais de 120 a 150;120.0;150.0;0;31152;;;4136447;132782.71058;252463;;;;;;;;;;;Cr$;Cr$ 1.000;Cr$ 1.000;renda liquida;pessoas publicadas diretamente na tabela;IBGE, Anuario Estatistico do Brasil 1957, p. 452, Tabela 3e/2ba;https://biblioteca.ibge.gov.br/visualizacao/periodicos/20/aeb_1957.pdf;outputs/fontes-pedro-souza-irpf/aeb_1957.pdf;;474;452;;
1955;1956;Brasil;1;aeb_brasil_1946_1959;F05;5;De mais de 150 a 200;150.0;200.0;0;28960;;;5054963;174549.827348;386922;;;;;;;;;;;Cr$;Cr$ 1.000;Cr$ 1.000;renda liquida;pessoas publicadas diretamente na tabela;IBGE, Anuario Estatistico do Brasil 1957, p. 452, Tabela 3e/2ba;https://biblioteca.ibge.gov.br/visualizacao/periodicos/20/aeb_1957.pdf;outputs/fontes-pedro-souza-irpf/aeb_1957.pdf;;474;452;;
1955;1956;Brasil;1;aeb_brasil_1946_1959;F06;6;De mais de 200 a 300;200.0;300.0;0;25281;;;6156529;243523.950793;612249;;;;;;;;;;;Cr$;Cr$ 1.000;Cr$ 1.000;renda liquida;pessoas publicadas diretamente na tabela;IBGE, Anuario Estatistico do Brasil 1957, p. 452, Tabela 3e/2ba;https://biblioteca.ibge.gov.br/visualizacao/periodicos/20/aeb_1957.pdf;outputs/fontes-pedro-souza-irpf/aeb_1957.pdf;;474;452;;
1955;1956;Brasil;1;aeb_brasil_1946_1959;F07;7;De mais de 300 a 400;300.0;400.0;0;13194;;;4564882;345981.65833;566944;;;;;;;;;;;Cr$;Cr$ 1.000;Cr$ 1.000;renda liquida;pessoas publicadas diretamente na tabela;IBGE, Anuario Estatistico do Brasil 1957, p. 452, Tabela 3e/2ba;https://biblioteca.ibge.gov.br/visualizacao/periodicos/20/aeb_1957.pdf;outputs/fontes-pedro-souza-irpf/aeb_1957.pdf;;474;452;;
1955;1956;Brasil;1;aeb_brasil_1946_1959;F08;8;De mais de 400 a 500;400.0;500.0;0;7649;;;3414938;446455.484377;517380;;;;;;;;;;;Cr$;Cr$ 1.000;Cr$ 1.000;renda liquida;pessoas publicadas diretamente na tabela;IBGE, Anuario Estatistico do Brasil 1957, p. 452, Tabela 3e/2ba;https://biblioteca.ibge.gov.br/visualizacao/periodicos/20/aeb_1957.pdf;outputs/fontes-pedro-souza-irpf/aeb_1957.pdf;;474;452;;
1955;1956;Brasil;1;aeb_brasil_1946_1959;F09;9;De mais de 500 a 600;500.0;600.0;0;4542;;;2485561;547239.321885;402365;;;;;;;;;;;Cr$;Cr$ 1.000;Cr$ 1.000;renda liquida;pessoas publicadas diretamente na tabela;IBGE, Anuario Estatistico do Brasil 1957, p. 452, Tabela 3e/2ba;https://biblioteca.ibge.gov.br/visualizacao/periodicos/20/aeb_1957.pdf;outputs/fontes-pedro-souza-irpf/aeb_1957.pdf;;474;452;;
1955;1956;Brasil;1;aeb_brasil_1946_1959;F10;10;De mais de 600 a 700;600.0;700.0;0;3047;;;1971961;647181.161798;356653;;;;;;;;;;;Cr$;Cr$ 1.000;Cr$ 1.000;renda liquida;pessoas publicadas diretamente na tabela;IBGE, Anuario Estatistico do Brasil 1957, p. 452, Tabela 3e/2ba;https://biblioteca.ibge.gov.br/visualizacao/periodicos/20/aeb_1957.pdf;outputs/fontes-pedro-souza-irpf/aeb_1957.pdf;;474;452;;
1955;1956;Brasil;1;aeb_brasil_1946_1959;F11;11;De mais de 700 a 1000;700.0;1000.0;0;4171;;;3493216;837500.839127;732815;;;;;;;;;;;Cr$;Cr$ 1.000;Cr$ 1.000;renda liquida;pessoas publicadas diretamente na tabela;IBGE, Anuario Estatistico do Brasil 1957, p. 452, Tabela 3e/2ba;https://biblioteca.ibge.gov.br/visualizacao/periodicos/20/aeb_1957.pdf;outputs/fontes-pedro-souza-irpf/aeb_1957.pdf;;474;452;;
1955;1956;Brasil;1;aeb_brasil_1946_1959;F12;12;De mais de 1000 a 2000;1000.0;2000.0;0;3049;;;4045037;1326676.615284;974281;;;;;;;;;;;Cr$;Cr$ 1.000;Cr$ 1.000;renda liquida;pessoas publicadas diretamente na tabela;IBGE, Anuario Estatistico do Brasil 1957, p. 452, Tabela 3e/2ba;https://biblioteca.ibge.gov.br/visualizacao/periodicos/20/aeb_1957.pdf;outputs/fontes-pedro-souza-irpf/aeb_1957.pdf;;474;452;;
1955;1956;Brasil;1;aeb_brasil_1946_1959;F13;13;De mais de 2000 a 3000;2000.0;3000.0;0;512;;;1217307;2377552.734375;384104;;;;;;;;;;;Cr$;Cr$ 1.000;Cr$ 1.000;renda liquida;pessoas publicadas diretamente na tabela;IBGE, Anuario Estatistico do Brasil 1957, p. 452, Tabela 3e/2ba;https://biblioteca.ibge.gov.br/visualizacao/periodicos/20/aeb_1957.pdf;outputs/fontes-pedro-souza-irpf/aeb_1957.pdf;;474;452;;
1955;1956;Brasil;1;aeb_brasil_1946_1959;F14;14;Mais de 3000;3000.0;;1;272;;;1245144;4577735.294118;497990;;;;;;;;;;;Cr$;Cr$ 1.000;Cr$ 1.000;renda liquida;pessoas publicadas diretamente na tabela;IBGE, Anuario Estatistico do Brasil 1957, p. 452, Tabela 3e/2ba;https://biblioteca.ibge.gov.br/visualizacao/periodicos/20/aeb_1957.pdf;outputs/fontes-pedro-souza-irpf/aeb_1957.pdf;;474;452;;
1956;1957;Brasil;1;aeb_brasil_1946_1959;F01;1;De mais de 61 a 90;61.0;90.0;0;79491;;;6002783;75515.253299;182714;;;;;;;;;;;Cr$;Cr$ 1.000;Cr$ 1.000;renda liquida;pessoas publicadas diretamente na tabela;IBGE, Anuario Estatistico do Brasil 1958, p. 450, Tabela 3d/1ba;https://biblioteca.ibge.gov.br/visualizacao/periodicos/20/aeb_1958.pdf;outputs/fontes-pedro-souza-irpf/aeb_1958.pdf;;476;450;;"A soma da coluna de renda liquida das classes publicadas e 55.440.318; o total publicado e 55.420.323."
1956;1957;Brasil;1;aeb_brasil_1946_1959;F02;2;De mais de 91 a 120;91.0;120.0;0;60034;;;6298543;104916.264117;235348;;;;;;;;;;;Cr$;Cr$ 1.000;Cr$ 1.000;renda liquida;pessoas publicadas diretamente na tabela;IBGE, Anuario Estatistico do Brasil 1958, p. 450, Tabela 3d/1ba;https://biblioteca.ibge.gov.br/visualizacao/periodicos/20/aeb_1958.pdf;outputs/fontes-pedro-souza-irpf/aeb_1958.pdf;;476;450;;"A soma da coluna de renda liquida das classes publicadas e 55.440.318; o total publicado e 55.420.323."
1956;1957;Brasil;1;aeb_brasil_1946_1959;F03;3;De mais de 121 a 150;121.0;150.0;0;40774;;;5533374;135708.392603;265242;;;;;;;;;;;Cr$;Cr$ 1.000;Cr$ 1.000;renda liquida;pessoas publicadas diretamente na tabela;IBGE, Anuario Estatistico do Brasil 1958, p. 450, Tabela 3d/1ba;https://biblioteca.ibge.gov.br/visualizacao/periodicos/20/aeb_1958.pdf;outputs/fontes-pedro-souza-irpf/aeb_1958.pdf;;476;450;;"A soma da coluna de renda liquida das classes publicadas e 55.440.318; o total publicado e 55.420.323."
1956;1957;Brasil;1;aeb_brasil_1946_1959;F04;4;De mais de 151 a 200;151.0;200.0;0;38412;;;6662404;173445.902322;425280;;;;;;;;;;;Cr$;Cr$ 1.000;Cr$ 1.000;renda liquida;pessoas publicadas diretamente na tabela;IBGE, Anuario Estatistico do Brasil 1958, p. 450, Tabela 3d/1ba;https://biblioteca.ibge.gov.br/visualizacao/periodicos/20/aeb_1958.pdf;outputs/fontes-pedro-souza-irpf/aeb_1958.pdf;;476;450;;"A soma da coluna de renda liquida das classes publicadas e 55.440.318; o total publicado e 55.420.323."
1956;1957;Brasil;1;aeb_brasil_1946_1959;F05;5;De mais de 201 a 300;201.0;300.0;0;32745;;;7951299;242824.828218;702036;;;;;;;;;;;Cr$;Cr$ 1.000;Cr$ 1.000;renda liquida;pessoas publicadas diretamente na tabela;IBGE, Anuario Estatistico do Brasil 1958, p. 450, Tabela 3d/1ba;https://biblioteca.ibge.gov.br/visualizacao/periodicos/20/aeb_1958.pdf;outputs/fontes-pedro-souza-irpf/aeb_1958.pdf;;476;450;;"A soma da coluna de renda liquida das classes publicadas e 55.440.318; o total publicado e 55.420.323."
1956;1957;Brasil;1;aeb_brasil_1946_1959;F06;6;De mais de 301 a 400;301.0;400.0;0;13685;;;4752798;347299.817318;552975;;;;;;;;;;;Cr$;Cr$ 1.000;Cr$ 1.000;renda liquida;pessoas publicadas diretamente na tabela;IBGE, Anuario Estatistico do Brasil 1958, p. 450, Tabela 3d/1ba;https://biblioteca.ibge.gov.br/visualizacao/periodicos/20/aeb_1958.pdf;outputs/fontes-pedro-souza-irpf/aeb_1958.pdf;;476;450;;"A soma da coluna de renda liquida das classes publicadas e 55.440.318; o total publicado e 55.420.323."
1956;1957;Brasil;1;aeb_brasil_1946_1959;F07;7;De mais de 401 a 500;401.0;500.0;0;7262;;;3253725;448048.058386;453668;;;;;;;;;;;Cr$;Cr$ 1.000;Cr$ 1.000;renda liquida;pessoas publicadas diretamente na tabela;IBGE, Anuario Estatistico do Brasil 1958, p. 450, Tabela 3d/1ba;https://biblioteca.ibge.gov.br/visualizacao/periodicos/20/aeb_1958.pdf;outputs/fontes-pedro-souza-irpf/aeb_1958.pdf;;476;450;;"A soma da coluna de renda liquida das classes publicadas e 55.440.318; o total publicado e 55.420.323."
1956;1957;Brasil;1;aeb_brasil_1946_1959;F08;8;De mais de 501 a 600;501.0;600.0;0;4466;;;2444043;547255.485893;395320;;;;;;;;;;;Cr$;Cr$ 1.000;Cr$ 1.000;renda liquida;pessoas publicadas diretamente na tabela;IBGE, Anuario Estatistico do Brasil 1958, p. 450, Tabela 3d/1ba;https://biblioteca.ibge.gov.br/visualizacao/periodicos/20/aeb_1958.pdf;outputs/fontes-pedro-souza-irpf/aeb_1958.pdf;;476;450;;"A soma da coluna de renda liquida das classes publicadas e 55.440.318; o total publicado e 55.420.323."
1956;1957;Brasil;1;aeb_brasil_1946_1959;F09;9;De mais de 601 a 700;601.0;700.0;0;2939;;;1909711;649782.579109;362525;;;;;;;;;;;Cr$;Cr$ 1.000;Cr$ 1.000;renda liquida;pessoas publicadas diretamente na tabela;IBGE, Anuario Estatistico do Brasil 1958, p. 450, Tabela 3d/1ba;https://biblioteca.ibge.gov.br/visualizacao/periodicos/20/aeb_1958.pdf;outputs/fontes-pedro-souza-irpf/aeb_1958.pdf;;476;450;;"A soma da coluna de renda liquida das classes publicadas e 55.440.318; o total publicado e 55.420.323."
1956;1957;Brasil;1;aeb_brasil_1946_1959;F10;10;De mais de 701 a 1000;701.0;1000.0;0;4512;;;3742012;829346.631206;830173;;;;;;;;;;;Cr$;Cr$ 1.000;Cr$ 1.000;renda liquida;pessoas publicadas diretamente na tabela;IBGE, Anuario Estatistico do Brasil 1958, p. 450, Tabela 3d/1ba;https://biblioteca.ibge.gov.br/visualizacao/periodicos/20/aeb_1958.pdf;outputs/fontes-pedro-souza-irpf/aeb_1958.pdf;;476;450;;"A soma da coluna de renda liquida das classes publicadas e 55.440.318; o total publicado e 55.420.323."
1956;1957;Brasil;1;aeb_brasil_1946_1959;F11;11;De mais de 1001 a 2000;1001.0;2000.0;0;3231;;;4313814;1335132.77623;1252290;;;;;;;;;;;Cr$;Cr$ 1.000;Cr$ 1.000;renda liquida;pessoas publicadas diretamente na tabela;IBGE, Anuario Estatistico do Brasil 1958, p. 450, Tabela 3d/1ba;https://biblioteca.ibge.gov.br/visualizacao/periodicos/20/aeb_1958.pdf;outputs/fontes-pedro-souza-irpf/aeb_1958.pdf;;476;450;;"A soma da coluna de renda liquida das classes publicadas e 55.440.318; o total publicado e 55.420.323."
1956;1957;Brasil;1;aeb_brasil_1946_1959;F12;12;De mais de 2001 a 3000;2001.0;3000.0;0;556;;;1306156;2349201.438849;464687;;;;;;;;;;;Cr$;Cr$ 1.000;Cr$ 1.000;renda liquida;pessoas publicadas diretamente na tabela;IBGE, Anuario Estatistico do Brasil 1958, p. 450, Tabela 3d/1ba;https://biblioteca.ibge.gov.br/visualizacao/periodicos/20/aeb_1958.pdf;outputs/fontes-pedro-souza-irpf/aeb_1958.pdf;;476;450;;"A soma da coluna de renda liquida das classes publicadas e 55.440.318; o total publicado e 55.420.323."
1956;1957;Brasil;1;aeb_brasil_1946_1959;F13;13;Mais de 3001;3001.0;;1;260;;;1269656;4883292.307692;546104;;;;;;;;;;;Cr$;Cr$ 1.000;Cr$ 1.000;renda liquida;pessoas publicadas diretamente na tabela;IBGE, Anuario Estatistico do Brasil 1958, p. 450, Tabela 3d/1ba;https://biblioteca.ibge.gov.br/visualizacao/periodicos/20/aeb_1958.pdf;outputs/fontes-pedro-souza-irpf/aeb_1958.pdf;;476;450;;"A soma da coluna de renda liquida das classes publicadas e 55.440.318; o total publicado e 55.420.323."
1957;1958;Brasil;1;aeb_brasil_1946_1959;F01;1;De mais de 61 a 90;61.0;90.0;0;79666;;;6051046;75955.18791;196060;;;;;;;;;;;Cr$;Cr$ 1.000;Cr$ 1.000;renda liquida;pessoas publicadas diretamente na tabela;IBGE, Anuario Estatistico do Brasil 1959, p. 436, Tabela 3d/ba;https://biblioteca.ibge.gov.br/visualizacao/periodicos/20/aeb_1959.pdf;outputs/fontes-pedro-souza-irpf/aeb_1959.pdf;;440;436;;
1957;1958;Brasil;1;aeb_brasil_1946_1959;F02;2;De mais de 91 a 120;91.0;120.0;0;65708;;;7158203;108939.596396;278801;;;;;;;;;;;Cr$;Cr$ 1.000;Cr$ 1.000;renda liquida;pessoas publicadas diretamente na tabela;IBGE, Anuario Estatistico do Brasil 1959, p. 436, Tabela 3d/ba;https://biblioteca.ibge.gov.br/visualizacao/periodicos/20/aeb_1959.pdf;outputs/fontes-pedro-souza-irpf/aeb_1959.pdf;;440;436;;
1957;1958;Brasil;1;aeb_brasil_1946_1959;F03;3;De mais de 121 a 150;121.0;150.0;0;52055;;;7062804;135679.646528;337675;;;;;;;;;;;Cr$;Cr$ 1.000;Cr$ 1.000;renda liquida;pessoas publicadas diretamente na tabela;IBGE, Anuario Estatistico do Brasil 1959, p. 436, Tabela 3d/ba;https://biblioteca.ibge.gov.br/visualizacao/periodicos/20/aeb_1959.pdf;outputs/fontes-pedro-souza-irpf/aeb_1959.pdf;;440;436;;
1957;1958;Brasil;1;aeb_brasil_1946_1959;F04;4;De mais de 151 a 200;151.0;200.0;0;51032;;;9615946;188429.730365;625044;;;;;;;;;;;Cr$;Cr$ 1.000;Cr$ 1.000;renda liquida;pessoas publicadas diretamente na tabela;IBGE, Anuario Estatistico do Brasil 1959, p. 436, Tabela 3d/ba;https://biblioteca.ibge.gov.br/visualizacao/periodicos/20/aeb_1959.pdf;outputs/fontes-pedro-souza-irpf/aeb_1959.pdf;;440;436;;
1957;1958;Brasil;1;aeb_brasil_1946_1959;F05;5;De mais de 201 a 300;201.0;300.0;0;41670;;;10414319;249923.662107;983846;;;;;;;;;;;Cr$;Cr$ 1.000;Cr$ 1.000;renda liquida;pessoas publicadas diretamente na tabela;IBGE, Anuario Estatistico do Brasil 1959, p. 436, Tabela 3d/ba;https://biblioteca.ibge.gov.br/visualizacao/periodicos/20/aeb_1959.pdf;outputs/fontes-pedro-souza-irpf/aeb_1959.pdf;;440;436;;
1957;1958;Brasil;1;aeb_brasil_1946_1959;F06;6;De mais de 301 a 400;301.0;400.0;0;17522;;;6018700;343493.893391;715047;;;;;;;;;;;Cr$;Cr$ 1.000;Cr$ 1.000;renda liquida;pessoas publicadas diretamente na tabela;IBGE, Anuario Estatistico do Brasil 1959, p. 436, Tabela 3d/ba;https://biblioteca.ibge.gov.br/visualizacao/periodicos/20/aeb_1959.pdf;outputs/fontes-pedro-souza-irpf/aeb_1959.pdf;;440;436;;
1957;1958;Brasil;1;aeb_brasil_1946_1959;F07;7;De mais de 401 a 500;401.0;500.0;0;9411;;;4205338;446853.469344;591089;;;;;;;;;;;Cr$;Cr$ 1.000;Cr$ 1.000;renda liquida;pessoas publicadas diretamente na tabela;IBGE, Anuario Estatistico do Brasil 1959, p. 436, Tabela 3d/ba;https://biblioteca.ibge.gov.br/visualizacao/periodicos/20/aeb_1959.pdf;outputs/fontes-pedro-souza-irpf/aeb_1959.pdf;;440;436;;
1957;1958;Brasil;1;aeb_brasil_1946_1959;F08;8;De mais de 501 a 600;501.0;600.0;0;6963;;;3826435;549538.273733;623045;;;;;;;;;;;Cr$;Cr$ 1.000;Cr$ 1.000;renda liquida;pessoas publicadas diretamente na tabela;IBGE, Anuario Estatistico do Brasil 1959, p. 436, Tabela 3d/ba;https://biblioteca.ibge.gov.br/visualizacao/periodicos/20/aeb_1959.pdf;outputs/fontes-pedro-souza-irpf/aeb_1959.pdf;;440;436;;
1957;1958;Brasil;1;aeb_brasil_1946_1959;F09;9;De mais de 601 a 700;601.0;700.0;0;4537;;;2934977;646898.170597;538572;;;;;;;;;;;Cr$;Cr$ 1.000;Cr$ 1.000;renda liquida;pessoas publicadas diretamente na tabela;IBGE, Anuario Estatistico do Brasil 1959, p. 436, Tabela 3d/ba;https://biblioteca.ibge.gov.br/visualizacao/periodicos/20/aeb_1959.pdf;outputs/fontes-pedro-souza-irpf/aeb_1959.pdf;;440;436;;
1957;1958;Brasil;1;aeb_brasil_1946_1959;F10;10;De mais de 701 a 1000;701.0;1000.0;0;6774;;;5913400;872955.417774;1356469;;;;;;;;;;;Cr$;Cr$ 1.000;Cr$ 1.000;renda liquida;pessoas publicadas diretamente na tabela;IBGE, Anuario Estatistico do Brasil 1959, p. 436, Tabela 3d/ba;https://biblioteca.ibge.gov.br/visualizacao/periodicos/20/aeb_1959.pdf;outputs/fontes-pedro-souza-irpf/aeb_1959.pdf;;440;436;;
1957;1958;Brasil;1;aeb_brasil_1946_1959;F11;11;De mais de 1001 a 2000;1001.0;2000.0;0;3794;;;5048049;1330534.791776;1501817;;;;;;;;;;;Cr$;Cr$ 1.000;Cr$ 1.000;renda liquida;pessoas publicadas diretamente na tabela;IBGE, Anuario Estatistico do Brasil 1959, p. 436, Tabela 3d/ba;https://biblioteca.ibge.gov.br/visualizacao/periodicos/20/aeb_1959.pdf;outputs/fontes-pedro-souza-irpf/aeb_1959.pdf;;440;436;;
1957;1958;Brasil;1;aeb_brasil_1946_1959;F12;12;De mais de 2001 a 3000;2001.0;3000.0;0;616;;;1479998;2402594.155844;534175;;;;;;;;;;;Cr$;Cr$ 1.000;Cr$ 1.000;renda liquida;pessoas publicadas diretamente na tabela;IBGE, Anuario Estatistico do Brasil 1959, p. 436, Tabela 3d/ba;https://biblioteca.ibge.gov.br/visualizacao/periodicos/20/aeb_1959.pdf;outputs/fontes-pedro-souza-irpf/aeb_1959.pdf;;440;436;;
1957;1958;Brasil;1;aeb_brasil_1946_1959;F13;13;Mais de 3001;3001.0;;1;353;;;1565214;4434033.994334;654925;;;;;;;;;;;Cr$;Cr$ 1.000;Cr$ 1.000;renda liquida;pessoas publicadas diretamente na tabela;IBGE, Anuario Estatistico do Brasil 1959, p. 436, Tabela 3d/ba;https://biblioteca.ibge.gov.br/visualizacao/periodicos/20/aeb_1959.pdf;outputs/fontes-pedro-souza-irpf/aeb_1959.pdf;;440;436;;
1958;1959;Brasil;1;aeb_brasil_1946_1959;F01;1;De 91 a 120;91.0;120.0;0;51092;;;5483785;107331.578329;168139;;;;;;;;;;;Cr$;Cr$ 1.000;Cr$ 1.000;renda liquida;pessoas publicadas diretamente na tabela;IBGE, Anuario Estatistico do Brasil 1960, p. 377, Tabela 2a;https://biblioteca.ibge.gov.br/visualizacao/periodicos/20/aeb_1960.pdf;outputs/fontes-pedro-souza-irpf/aeb_1960.pdf;;383;377;;"A soma da coluna de imposto notificado das classes publicadas e 9.414.506; o total publicado e 9.414.566."
1958;1959;Brasil;1;aeb_brasil_1946_1959;F02;2;De 121 a 150;121.0;150.0;0;46198;;;6275980;135849.603879;222719;;;;;;;;;;;Cr$;Cr$ 1.000;Cr$ 1.000;renda liquida;pessoas publicadas diretamente na tabela;IBGE, Anuario Estatistico do Brasil 1960, p. 377, Tabela 2a;https://biblioteca.ibge.gov.br/visualizacao/periodicos/20/aeb_1960.pdf;outputs/fontes-pedro-souza-irpf/aeb_1960.pdf;;383;377;;"A soma da coluna de imposto notificado das classes publicadas e 9.414.506; o total publicado e 9.414.566."
1958;1959;Brasil;1;aeb_brasil_1946_1959;F03;3;De 151 a 190;151.0;190.0;0;47881;;;8023334;167568.221215;379897;;;;;;;;;;;Cr$;Cr$ 1.000;Cr$ 1.000;renda liquida;pessoas publicadas diretamente na tabela;IBGE, Anuario Estatistico do Brasil 1960, p. 377, Tabela 2a;https://biblioteca.ibge.gov.br/visualizacao/periodicos/20/aeb_1960.pdf;outputs/fontes-pedro-souza-irpf/aeb_1960.pdf;;383;377;;"A soma da coluna de imposto notificado das classes publicadas e 9.414.506; o total publicado e 9.414.566."
1958;1959;Brasil;1;aeb_brasil_1946_1959;F04;4;De 191 a 240;191.0;240.0;0;36331;;;7773485;213962.869175;473804;;;;;;;;;;;Cr$;Cr$ 1.000;Cr$ 1.000;renda liquida;pessoas publicadas diretamente na tabela;IBGE, Anuario Estatistico do Brasil 1960, p. 377, Tabela 2a;https://biblioteca.ibge.gov.br/visualizacao/periodicos/20/aeb_1960.pdf;outputs/fontes-pedro-souza-irpf/aeb_1960.pdf;;383;377;;"A soma da coluna de imposto notificado das classes publicadas e 9.414.506; o total publicado e 9.414.566."
1958;1959;Brasil;1;aeb_brasil_1946_1959;F05;5;De 241 a 300;241.0;300.0;0;25074;;;6729176;268372.656935;526353;;;;;;;;;;;Cr$;Cr$ 1.000;Cr$ 1.000;renda liquida;pessoas publicadas diretamente na tabela;IBGE, Anuario Estatistico do Brasil 1960, p. 377, Tabela 2a;https://biblioteca.ibge.gov.br/visualizacao/periodicos/20/aeb_1960.pdf;outputs/fontes-pedro-souza-irpf/aeb_1960.pdf;;383;377;;"A soma da coluna de imposto notificado das classes publicadas e 9.414.506; o total publicado e 9.414.566."
1958;1959;Brasil;1;aeb_brasil_1946_1959;F06;6;De 301 a 400;301.0;400.0;0;21414;;;7394306;345302.418978;778828;;;;;;;;;;;Cr$;Cr$ 1.000;Cr$ 1.000;renda liquida;pessoas publicadas diretamente na tabela;IBGE, Anuario Estatistico do Brasil 1960, p. 377, Tabela 2a;https://biblioteca.ibge.gov.br/visualizacao/periodicos/20/aeb_1960.pdf;outputs/fontes-pedro-souza-irpf/aeb_1960.pdf;;383;377;;"A soma da coluna de imposto notificado das classes publicadas e 9.414.506; o total publicado e 9.414.566."
1958;1959;Brasil;1;aeb_brasil_1946_1959;F07;7;De 401 a 500;401.0;500.0;0;11424;;;5113217;447585.521709;672859;;;;;;;;;;;Cr$;Cr$ 1.000;Cr$ 1.000;renda liquida;pessoas publicadas diretamente na tabela;IBGE, Anuario Estatistico do Brasil 1960, p. 377, Tabela 2a;https://biblioteca.ibge.gov.br/visualizacao/periodicos/20/aeb_1960.pdf;outputs/fontes-pedro-souza-irpf/aeb_1960.pdf;;383;377;;"A soma da coluna de imposto notificado das classes publicadas e 9.414.506; o total publicado e 9.414.566."
1958;1959;Brasil;1;aeb_brasil_1946_1959;F08;8;De 501 a 600;501.0;600.0;0;6874;;;3766072;547871.981379;584761;;;;;;;;;;;Cr$;Cr$ 1.000;Cr$ 1.000;renda liquida;pessoas publicadas diretamente na tabela;IBGE, Anuario Estatistico do Brasil 1960, p. 377, Tabela 2a;https://biblioteca.ibge.gov.br/visualizacao/periodicos/20/aeb_1960.pdf;outputs/fontes-pedro-souza-irpf/aeb_1960.pdf;;383;377;;"A soma da coluna de imposto notificado das classes publicadas e 9.414.506; o total publicado e 9.414.566."
1958;1959;Brasil;1;aeb_brasil_1946_1959;F09;9;De 601 a 700;601.0;700.0;0;4584;;;2966509;647144.197208;528614;;;;;;;;;;;Cr$;Cr$ 1.000;Cr$ 1.000;renda liquida;pessoas publicadas diretamente na tabela;IBGE, Anuario Estatistico do Brasil 1960, p. 377, Tabela 2a;https://biblioteca.ibge.gov.br/visualizacao/periodicos/20/aeb_1960.pdf;outputs/fontes-pedro-souza-irpf/aeb_1960.pdf;;383;377;;"A soma da coluna de imposto notificado das classes publicadas e 9.414.506; o total publicado e 9.414.566."
1958;1959;Brasil;1;aeb_brasil_1946_1959;F10;10;De 701 a 1000;701.0;1000.0;0;6801;;;5644812;829997.35333;1235184;;;;;;;;;;;Cr$;Cr$ 1.000;Cr$ 1.000;renda liquida;pessoas publicadas diretamente na tabela;IBGE, Anuario Estatistico do Brasil 1960, p. 377, Tabela 2a;https://biblioteca.ibge.gov.br/visualizacao/periodicos/20/aeb_1960.pdf;outputs/fontes-pedro-souza-irpf/aeb_1960.pdf;;383;377;;"A soma da coluna de imposto notificado das classes publicadas e 9.414.506; o total publicado e 9.414.566."
1958;1959;Brasil;1;aeb_brasil_1946_1959;F11;11;De 1001 a 2000;1001.0;2000.0;0;5094;;;7290094;1431113.859442;2163807;;;;;;;;;;;Cr$;Cr$ 1.000;Cr$ 1.000;renda liquida;pessoas publicadas diretamente na tabela;IBGE, Anuario Estatistico do Brasil 1960, p. 377, Tabela 2a;https://biblioteca.ibge.gov.br/visualizacao/periodicos/20/aeb_1960.pdf;outputs/fontes-pedro-souza-irpf/aeb_1960.pdf;;383;377;;"A soma da coluna de imposto notificado das classes publicadas e 9.414.506; o total publicado e 9.414.566."
1958;1959;Brasil;1;aeb_brasil_1946_1959;F12;12;De 2001 a 3000;2001.0;3000.0;0;838;;;2013953;2403285.202864;718565;;;;;;;;;;;Cr$;Cr$ 1.000;Cr$ 1.000;renda liquida;pessoas publicadas diretamente na tabela;IBGE, Anuario Estatistico do Brasil 1960, p. 377, Tabela 2a;https://biblioteca.ibge.gov.br/visualizacao/periodicos/20/aeb_1960.pdf;outputs/fontes-pedro-souza-irpf/aeb_1960.pdf;;383;377;;"A soma da coluna de imposto notificado das classes publicadas e 9.414.506; o total publicado e 9.414.566."
1958;1959;Brasil;1;aeb_brasil_1946_1959;F13;13;Mais de 3001;3001.0;;1;455;;;2223402;4886597.802198;960976;;;;;;;;;;;Cr$;Cr$ 1.000;Cr$ 1.000;renda liquida;pessoas publicadas diretamente na tabela;IBGE, Anuario Estatistico do Brasil 1960, p. 377, Tabela 2a;https://biblioteca.ibge.gov.br/visualizacao/periodicos/20/aeb_1960.pdf;outputs/fontes-pedro-souza-irpf/aeb_1960.pdf;;383;377;;"A soma da coluna de imposto notificado das classes publicadas e 9.414.506; o total publicado e 9.414.566."
1959;1960;Brasil;1;aeb_brasil_1946_1959;F01;1;De 91 a 135;91.0;135.0;0;89911;;;10256916;114078.544338;302562;;;;;;;;;;;Cr$;Cr$ 1.000;Cr$ 1.000;renda liquida;pessoas publicadas diretamente na tabela;IBGE, Anuario Estatistico do Brasil 1961, p. 423, Tabela 2a;https://biblioteca.ibge.gov.br/visualizacao/periodicos/20/aeb_1961.pdf;outputs/fontes-pedro-souza-irpf/aeb_1961.pdf;;420;423;;
1959;1960;Brasil;1;aeb_brasil_1946_1959;F02;2;De 136 a 180;136.0;180.0;0;71794;;;11314025;157590.118951;425239;;;;;;;;;;;Cr$;Cr$ 1.000;Cr$ 1.000;renda liquida;pessoas publicadas diretamente na tabela;IBGE, Anuario Estatistico do Brasil 1961, p. 423, Tabela 2a;https://biblioteca.ibge.gov.br/visualizacao/periodicos/20/aeb_1961.pdf;outputs/fontes-pedro-souza-irpf/aeb_1961.pdf;;420;423;;
1959;1960;Brasil;1;aeb_brasil_1946_1959;F03;3;De 181 a 225;181.0;225.0;0;53705;;;10909946;203145.815101;510585;;;;;;;;;;;Cr$;Cr$ 1.000;Cr$ 1.000;renda liquida;pessoas publicadas diretamente na tabela;IBGE, Anuario Estatistico do Brasil 1961, p. 423, Tabela 2a;https://biblioteca.ibge.gov.br/visualizacao/periodicos/20/aeb_1961.pdf;outputs/fontes-pedro-souza-irpf/aeb_1961.pdf;;420;423;;
1959;1960;Brasil;1;aeb_brasil_1946_1959;F04;4;De 226 a 300;226.0;300.0;0;52803;;;13706959;259586.746965;857661;;;;;;;;;;;Cr$;Cr$ 1.000;Cr$ 1.000;renda liquida;pessoas publicadas diretamente na tabela;IBGE, Anuario Estatistico do Brasil 1961, p. 423, Tabela 2a;https://biblioteca.ibge.gov.br/visualizacao/periodicos/20/aeb_1961.pdf;outputs/fontes-pedro-souza-irpf/aeb_1961.pdf;;420;423;;
1959;1960;Brasil;1;aeb_brasil_1946_1959;F05;5;De 301 a 450;301.0;450.0;0;43482;;;16046071;369027.896601;1426318;;;;;;;;;;;Cr$;Cr$ 1.000;Cr$ 1.000;renda liquida;pessoas publicadas diretamente na tabela;IBGE, Anuario Estatistico do Brasil 1961, p. 423, Tabela 2a;https://biblioteca.ibge.gov.br/visualizacao/periodicos/20/aeb_1961.pdf;outputs/fontes-pedro-souza-irpf/aeb_1961.pdf;;420;423;;
1959;1960;Brasil;1;aeb_brasil_1946_1959;F06;6;De 451 a 600;451.0;600.0;0;18690;;;9667544;517257.570894;1108670;;;;;;;;;;;Cr$;Cr$ 1.000;Cr$ 1.000;renda liquida;pessoas publicadas diretamente na tabela;IBGE, Anuario Estatistico do Brasil 1961, p. 423, Tabela 2a;https://biblioteca.ibge.gov.br/visualizacao/periodicos/20/aeb_1961.pdf;outputs/fontes-pedro-souza-irpf/aeb_1961.pdf;;420;423;;
1959;1960;Brasil;1;aeb_brasil_1946_1959;F07;7;De 601 a 750;601.0;750.0;0;9737;;;6517346;669338.194516;904462;;;;;;;;;;;Cr$;Cr$ 1.000;Cr$ 1.000;renda liquida;pessoas publicadas diretamente na tabela;IBGE, Anuario Estatistico do Brasil 1961, p. 423, Tabela 2a;https://biblioteca.ibge.gov.br/visualizacao/periodicos/20/aeb_1961.pdf;outputs/fontes-pedro-souza-irpf/aeb_1961.pdf;;420;423;;
1959;1960;Brasil;1;aeb_brasil_1946_1959;F08;8;De 751 a 900;751.0;900.0;0;5462;;;4468292;818068.839253;718870;;;;;;;;;;;Cr$;Cr$ 1.000;Cr$ 1.000;renda liquida;pessoas publicadas diretamente na tabela;IBGE, Anuario Estatistico do Brasil 1961, p. 423, Tabela 2a;https://biblioteca.ibge.gov.br/visualizacao/periodicos/20/aeb_1961.pdf;outputs/fontes-pedro-souza-irpf/aeb_1961.pdf;;420;423;;
1959;1960;Brasil;1;aeb_brasil_1946_1959;F09;9;De 901 a 1050;901.0;1050.0;0;3485;;;3377014;969014.060258;621468;;;;;;;;;;;Cr$;Cr$ 1.000;Cr$ 1.000;renda liquida;pessoas publicadas diretamente na tabela;IBGE, Anuario Estatistico do Brasil 1961, p. 423, Tabela 2a;https://biblioteca.ibge.gov.br/visualizacao/periodicos/20/aeb_1961.pdf;outputs/fontes-pedro-souza-irpf/aeb_1961.pdf;;420;423;;
1959;1960;Brasil;1;aeb_brasil_1946_1959;F10;10;De 1051 a 1500;1051.0;1500.0;0;5110;;;6325361;1237839.726027;1395273;;;;;;;;;;;Cr$;Cr$ 1.000;Cr$ 1.000;renda liquida;pessoas publicadas diretamente na tabela;IBGE, Anuario Estatistico do Brasil 1961, p. 423, Tabela 2a;https://biblioteca.ibge.gov.br/visualizacao/periodicos/20/aeb_1961.pdf;outputs/fontes-pedro-souza-irpf/aeb_1961.pdf;;420;423;;
1959;1960;Brasil;1;aeb_brasil_1946_1959;F11;11;De 1501 a 3000;1501.0;3000.0;0;3293;;;6548574;1988634.679623;1896684;;;;;;;;;;;Cr$;Cr$ 1.000;Cr$ 1.000;renda liquida;pessoas publicadas diretamente na tabela;IBGE, Anuario Estatistico do Brasil 1961, p. 423, Tabela 2a;https://biblioteca.ibge.gov.br/visualizacao/periodicos/20/aeb_1961.pdf;outputs/fontes-pedro-souza-irpf/aeb_1961.pdf;;420;423;;
1959;1960;Brasil;1;aeb_brasil_1946_1959;F12;12;De 3001 a 4500;3001.0;4500.0;0;519;;;1818387;3503635.83815;650234;;;;;;;;;;;Cr$;Cr$ 1.000;Cr$ 1.000;renda liquida;pessoas publicadas diretamente na tabela;IBGE, Anuario Estatistico do Brasil 1961, p. 423, Tabela 2a;https://biblioteca.ibge.gov.br/visualizacao/periodicos/20/aeb_1961.pdf;outputs/fontes-pedro-souza-irpf/aeb_1961.pdf;;420;423;;
1959;1960;Brasil;1;aeb_brasil_1946_1959;F13;13;Mais de 4501;4501.0;;1;251;;;1931808;7696446.215139;840322;;;;;;;;;;;Cr$;Cr$ 1.000;Cr$ 1.000;renda liquida;pessoas publicadas diretamente na tabela;IBGE, Anuario Estatistico do Brasil 1961, p. 423, Tabela 2a;https://biblioteca.ibge.gov.br/visualizacao/periodicos/20/aeb_1961.pdf;outputs/fontes-pedro-souza-irpf/aeb_1961.pdf;;420;423;;
1960;1961;Brasil;1;dir_1961;F01;1;241 a 300;241;300;0;25529;12034511;4972641;7061870;276621.489287;186237;26520;159717;;;;;;;;;Cr$;Cr$ 1.000;Cr$ 1.000;renda liquida;pessoas publicadas diretamente na tabela;Brasil. Ministerio da Fazenda. Divisao de Imposto de Renda. Relatorio do ano de 1961, apresentado ao Excelentissimo Senhor Ministro da Fazenda Nacional pelo Diretor da Divisao do Imposto de Renda. Rio de Janeiro: Ministerio da Fazenda, 1967.;https://archive.org/download/depeguanaminfaz0000_1_0000relatrenda196167/depeguanaminfaz0000_1_0000relatrenda196167.pdf;outputs/fontes-pedro-souza-irpf/relatorio_irpf_ano_1961_publicado_1967.pdf;outputs/fontes-pedro-souza-irpf/relatorio_1961_paginas/relatorio_1961_leaf_0050_pagina_46.png;50;46;Quadro XII;
1960;1961;Brasil;1;dir_1961;F02;2;301 a 350;301;350;0;17559;8999447;3211807;5787640;329611.025685;171468;46822;124646;;;;;;;;;Cr$;Cr$ 1.000;Cr$ 1.000;renda liquida;pessoas publicadas diretamente na tabela;Brasil. Ministerio da Fazenda. Divisao de Imposto de Renda. Relatorio do ano de 1961, apresentado ao Excelentissimo Senhor Ministro da Fazenda Nacional pelo Diretor da Divisao do Imposto de Renda. Rio de Janeiro: Ministerio da Fazenda, 1967.;https://archive.org/download/depeguanaminfaz0000_1_0000relatrenda196167/depeguanaminfaz0000_1_0000relatrenda196167.pdf;outputs/fontes-pedro-souza-irpf/relatorio_irpf_ano_1961_publicado_1967.pdf;outputs/fontes-pedro-souza-irpf/relatorio_1961_paginas/relatorio_1961_leaf_0050_pagina_46.png;50;46;Quadro XII;
1960;1961;Brasil;1;dir_1961;F03;3;351 a 400;351;400;0;13503;7743079;2488528;5254551;389139.52455;190654;84656;105998;;;;;;;;;Cr$;Cr$ 1.000;Cr$ 1.000;renda liquida;pessoas publicadas diretamente na tabela;Brasil. Ministerio da Fazenda. Divisao de Imposto de Renda. Relatorio do ano de 1961, apresentado ao Excelentissimo Senhor Ministro da Fazenda Nacional pelo Diretor da Divisao do Imposto de Renda. Rio de Janeiro: Ministerio da Fazenda, 1967.;https://archive.org/download/depeguanaminfaz0000_1_0000relatrenda196167/depeguanaminfaz0000_1_0000relatrenda196167.pdf;outputs/fontes-pedro-souza-irpf/relatorio_irpf_ano_1961_publicado_1967.pdf;outputs/fontes-pedro-souza-irpf/relatorio_1961_paginas/relatorio_1961_leaf_0050_pagina_46.png;50;46;Quadro XII;
1960;1961;Brasil;1;dir_1961;F04;4;401 a 450;401;450;0;10297;6676820;2072222;4604598;447178.595707;224042;131650;92392;;;;;;;;;Cr$;Cr$ 1.000;Cr$ 1.000;renda liquida;pessoas publicadas diretamente na tabela;Brasil. Ministerio da Fazenda. Divisao de Imposto de Renda. Relatorio do ano de 1961, apresentado ao Excelentissimo Senhor Ministro da Fazenda Nacional pelo Diretor da Divisao do Imposto de Renda. Rio de Janeiro: Ministerio da Fazenda, 1967.;https://archive.org/download/depeguanaminfaz0000_1_0000relatrenda196167/depeguanaminfaz0000_1_0000relatrenda196167.pdf;outputs/fontes-pedro-souza-irpf/relatorio_irpf_ano_1961_publicado_1967.pdf;outputs/fontes-pedro-souza-irpf/relatorio_1961_paginas/relatorio_1961_leaf_0050_pagina_46.png;50;46;Quadro XII;
1960;1961;Brasil;1;dir_1961;F05;5;451 a 500;451;500;0;8045;6160254;1993457;4166797;517936.233686;291912;201014;90898;;;;;;;;;Cr$;Cr$ 1.000;Cr$ 1.000;renda liquida;pessoas publicadas diretamente na tabela;Brasil. Ministerio da Fazenda. Divisao de Imposto de Renda. Relatorio do ano de 1961, apresentado ao Excelentissimo Senhor Ministro da Fazenda Nacional pelo Diretor da Divisao do Imposto de Renda. Rio de Janeiro: Ministerio da Fazenda, 1967.;https://archive.org/download/depeguanaminfaz0000_1_0000relatrenda196167/depeguanaminfaz0000_1_0000relatrenda196167.pdf;outputs/fontes-pedro-souza-irpf/relatorio_irpf_ano_1961_publicado_1967.pdf;outputs/fontes-pedro-souza-irpf/relatorio_1961_paginas/relatorio_1961_leaf_0050_pagina_46.png;50;46;Quadro XII;
1960;1961;Brasil;1;dir_1961;F06;6;501 a 600;501;600;0;10710;8937844;2888231;6049613;564856.489262;552891;419210;133681;;;;;;;;;Cr$;Cr$ 1.000;Cr$ 1.000;renda liquida;pessoas publicadas diretamente na tabela;Brasil. Ministerio da Fazenda. Divisao de Imposto de Renda. Relatorio do ano de 1961, apresentado ao Excelentissimo Senhor Ministro da Fazenda Nacional pelo Diretor da Divisao do Imposto de Renda. Rio de Janeiro: Ministerio da Fazenda, 1967.;https://archive.org/download/depeguanaminfaz0000_1_0000relatrenda196167/depeguanaminfaz0000_1_0000relatrenda196167.pdf;outputs/fontes-pedro-souza-irpf/relatorio_irpf_ano_1961_publicado_1967.pdf;outputs/fontes-pedro-souza-irpf/relatorio_1961_paginas/relatorio_1961_leaf_0050_pagina_46.png;50;46;Quadro XII;A soma dos subtipos de abatimentos nesta faixa difere do total de abatimentos em 9090 (Cr$ 1.000).
1960;1961;Brasil;1;dir_1961;F07;7;601 a 700;601;700;0;6943;6397968;1704202;4693766;676042.920928;470686;377769;92917;;;;;;;;;Cr$;Cr$ 1.000;Cr$ 1.000;renda liquida;pessoas publicadas diretamente na tabela;Brasil. Ministerio da Fazenda. Divisao de Imposto de Renda. Relatorio do ano de 1961, apresentado ao Excelentissimo Senhor Ministro da Fazenda Nacional pelo Diretor da Divisao do Imposto de Renda. Rio de Janeiro: Ministerio da Fazenda, 1967.;https://archive.org/download/depeguanaminfaz0000_1_0000relatrenda196167/depeguanaminfaz0000_1_0000relatrenda196167.pdf;outputs/fontes-pedro-souza-irpf/relatorio_irpf_ano_1961_publicado_1967.pdf;outputs/fontes-pedro-souza-irpf/relatorio_1961_paginas/relatorio_1961_leaf_0050_pagina_46.png;50;46;Quadro XII;
1960;1961;Brasil;1;dir_1961;F08;8;701 a 800;701;800;0;4994;5008608;1427375;3581233;717107.128554;393629;321425;72204;;;;;;;;;Cr$;Cr$ 1.000;Cr$ 1.000;renda liquida;pessoas publicadas diretamente na tabela;Brasil. Ministerio da Fazenda. Divisao de Imposto de Renda. Relatorio do ano de 1961, apresentado ao Excelentissimo Senhor Ministro da Fazenda Nacional pelo Diretor da Divisao do Imposto de Renda. Rio de Janeiro: Ministerio da Fazenda, 1967.;https://archive.org/download/depeguanaminfaz0000_1_0000relatrenda196167/depeguanaminfaz0000_1_0000relatrenda196167.pdf;outputs/fontes-pedro-souza-irpf/relatorio_irpf_ano_1961_publicado_1967.pdf;outputs/fontes-pedro-souza-irpf/relatorio_1961_paginas/relatorio_1961_leaf_0050_pagina_46.png;50;46;Quadro XII;A soma dos subtipos de abatimentos nesta faixa difere do total de abatimentos em 60 (Cr$ 1.000).
1960;1961;Brasil;1;dir_1961;F09;9;801 a 1.000;801;1000;0;6205;6804979;1538141;5266838;848805.479452;692369;599317;93052;;;;;;;;;Cr$;Cr$ 1.000;Cr$ 1.000;renda liquida;pessoas publicadas diretamente na tabela;Brasil. Ministerio da Fazenda. Divisao de Imposto de Renda. Relatorio do ano de 1961, apresentado ao Excelentissimo Senhor Ministro da Fazenda Nacional pelo Diretor da Divisao do Imposto de Renda. Rio de Janeiro: Ministerio da Fazenda, 1967.;https://archive.org/download/depeguanaminfaz0000_1_0000relatrenda196167/depeguanaminfaz0000_1_0000relatrenda196167.pdf;outputs/fontes-pedro-souza-irpf/relatorio_irpf_ano_1961_publicado_1967.pdf;outputs/fontes-pedro-souza-irpf/relatorio_1961_paginas/relatorio_1961_leaf_0050_pagina_46.png;50;46;Quadro XII;
1960;1961;Brasil;1;dir_1961;F10;10;1.001 a 1.200;1001;1200;0;3668;5818764;1905271;3913493;1066928.2988;675251;596807;78444;;;;;;;;;Cr$;Cr$ 1.000;Cr$ 1.000;renda liquida;pessoas publicadas diretamente na tabela;Brasil. Ministerio da Fazenda. Divisao de Imposto de Renda. Relatorio do ano de 1961, apresentado ao Excelentissimo Senhor Ministro da Fazenda Nacional pelo Diretor da Divisao do Imposto de Renda. Rio de Janeiro: Ministerio da Fazenda, 1967.;https://archive.org/download/depeguanaminfaz0000_1_0000relatrenda196167/depeguanaminfaz0000_1_0000relatrenda196167.pdf;outputs/fontes-pedro-souza-irpf/relatorio_irpf_ano_1961_publicado_1967.pdf;outputs/fontes-pedro-souza-irpf/relatorio_1961_paginas/relatorio_1961_leaf_0050_pagina_46.png;50;46;Quadro XII;
1960;1961;Brasil;1;dir_1961;F11;11;1.201 a 1.600;1201;1600;0;3925;6912990;1825266;5087724;1296235.414013;1011497;919039;92458;;;;;;;;;Cr$;Cr$ 1.000;Cr$ 1.000;renda liquida;pessoas publicadas diretamente na tabela;Brasil. Ministerio da Fazenda. Divisao de Imposto de Renda. Relatorio do ano de 1961, apresentado ao Excelentissimo Senhor Ministro da Fazenda Nacional pelo Diretor da Divisao do Imposto de Renda. Rio de Janeiro: Ministerio da Fazenda, 1967.;https://archive.org/download/depeguanaminfaz0000_1_0000relatrenda196167/depeguanaminfaz0000_1_0000relatrenda196167.pdf;outputs/fontes-pedro-souza-irpf/relatorio_irpf_ano_1961_publicado_1967.pdf;outputs/fontes-pedro-souza-irpf/relatorio_1961_paginas/relatorio_1961_leaf_0050_pagina_46.png;50;46;Quadro XII;"Numero de contribuintes lido como 3.925; o OCR da Internet Archive le 3.025, mas 3.925 fecha o total publicado e coincide com o AEB 1962."
1960;1961;Brasil;1;dir_1961;F12;12;1.601 a 2.000;1601;2000;0;1821;4154810;1061332;3093478;1698779.791323;733310;675409;57901;;;;;;;;;Cr$;Cr$ 1.000;Cr$ 1.000;renda liquida;pessoas publicadas diretamente na tabela;Brasil. Ministerio da Fazenda. Divisao de Imposto de Renda. Relatorio do ano de 1961, apresentado ao Excelentissimo Senhor Ministro da Fazenda Nacional pelo Diretor da Divisao do Imposto de Renda. Rio de Janeiro: Ministerio da Fazenda, 1967.;https://archive.org/download/depeguanaminfaz0000_1_0000relatrenda196167/depeguanaminfaz0000_1_0000relatrenda196167.pdf;outputs/fontes-pedro-souza-irpf/relatorio_irpf_ano_1961_publicado_1967.pdf;outputs/fontes-pedro-souza-irpf/relatorio_1961_paginas/relatorio_1961_leaf_0050_pagina_46.png;50;46;Quadro XII;
1960;1961;Brasil;1;dir_1961;F13;13;2.001 a 2.500;2001;2500;0;1140;3129224;676456;2452768;2151550.877193;659939;621815;38124;;;;;;;;;Cr$;Cr$ 1.000;Cr$ 1.000;renda liquida;pessoas publicadas diretamente na tabela;Brasil. Ministerio da Fazenda. Divisao de Imposto de Renda. Relatorio do ano de 1961, apresentado ao Excelentissimo Senhor Ministro da Fazenda Nacional pelo Diretor da Divisao do Imposto de Renda. Rio de Janeiro: Ministerio da Fazenda, 1967.;https://archive.org/download/depeguanaminfaz0000_1_0000relatrenda196167/depeguanaminfaz0000_1_0000relatrenda196167.pdf;outputs/fontes-pedro-souza-irpf/relatorio_irpf_ano_1961_publicado_1967.pdf;outputs/fontes-pedro-souza-irpf/relatorio_1961_paginas/relatorio_1961_leaf_0050_pagina_46.png;50;46;Quadro XII;
1960;1961;Brasil;1;dir_1961;F14;14;2.501 a 3.000;2501;3000;0;626;1858423;250402;1608021;2568723.642173;459629;436753;22876;;;;;;;;;Cr$;Cr$ 1.000;Cr$ 1.000;renda liquida;pessoas publicadas diretamente na tabela;Brasil. Ministerio da Fazenda. Divisao de Imposto de Renda. Relatorio do ano de 1961, apresentado ao Excelentissimo Senhor Ministro da Fazenda Nacional pelo Diretor da Divisao do Imposto de Renda. Rio de Janeiro: Ministerio da Fazenda, 1967.;https://archive.org/download/depeguanaminfaz0000_1_0000relatrenda196167/depeguanaminfaz0000_1_0000relatrenda196167.pdf;outputs/fontes-pedro-souza-irpf/relatorio_irpf_ano_1961_publicado_1967.pdf;outputs/fontes-pedro-souza-irpf/relatorio_1961_paginas/relatorio_1961_leaf_0050_pagina_46.png;50;46;Quadro XII;
1960;1961;Brasil;1;dir_1961;F15;15;3.001 a 4.500;3001;4500;0;752;2841053;415261;2425792;3225787.234043;766114;736421;29693;;;;;;;;;Cr$;Cr$ 1.000;Cr$ 1.000;renda liquida;pessoas publicadas diretamente na tabela;Brasil. Ministerio da Fazenda. Divisao de Imposto de Renda. Relatorio do ano de 1961, apresentado ao Excelentissimo Senhor Ministro da Fazenda Nacional pelo Diretor da Divisao do Imposto de Renda. Rio de Janeiro: Ministerio da Fazenda, 1967.;https://archive.org/download/depeguanaminfaz0000_1_0000relatrenda196167/depeguanaminfaz0000_1_0000relatrenda196167.pdf;outputs/fontes-pedro-souza-irpf/relatorio_irpf_ano_1961_publicado_1967.pdf;outputs/fontes-pedro-souza-irpf/relatorio_1961_paginas/relatorio_1961_leaf_0050_pagina_46.png;50;46;Quadro XII;
1960;1961;Brasil;1;dir_1961;F16;16;Acima de 4.501;4501;;1;462;4139493;480412;3659081;7920088.744589;1543308;1509851;33457;;;;;;;;;Cr$;Cr$ 1.000;Cr$ 1.000;renda liquida;pessoas publicadas diretamente na tabela;Brasil. Ministerio da Fazenda. Divisao de Imposto de Renda. Relatorio do ano de 1961, apresentado ao Excelentissimo Senhor Ministro da Fazenda Nacional pelo Diretor da Divisao do Imposto de Renda. Rio de Janeiro: Ministerio da Fazenda, 1967.;https://archive.org/download/depeguanaminfaz0000_1_0000relatrenda196167/depeguanaminfaz0000_1_0000relatrenda196167.pdf;outputs/fontes-pedro-souza-irpf/relatorio_irpf_ano_1961_publicado_1967.pdf;outputs/fontes-pedro-souza-irpf/relatorio_1961_paginas/relatorio_1961_leaf_0050_pagina_46.png;50;46;Quadro XII;
1963;1964;Brasil;1;dir_1964;F01;1;Ate 504;;504.0;0;3882;4601530;2760219;1841311;474320.195775;57087;0;57087;;;7878;8001;50;3435;397;0;Cr$;Cr$ 1.000;Cr$ 1.000;renda liquida;pessoas publicadas diretamente na tabela;Brasil. Ministerio da Fazenda. Divisao de Imposto de Renda. Relatorio das atividades do exercicio ano de 1964. Rio de Janeiro: Imprensa Nacional, 1964.;https://archive.org/download/relatatvfaz000000_3_000000impostrend1964/relatatvfaz000000_3_000000impostrend1964.pdf;outputs/fontes-pedro-souza-irpf/relatorio_irpf_ano_1964.pdf;outputs/fontes-pedro-souza-irpf/relatorio_1964_paginas/relatorio_1964_leaf_0081_pagina_71.png;;71;Tabelas sem numero das paginas 71 e 77;"O total da coluna 'viuvos, solteiros e espolio' inclui os espolios; a coluna 'contribuintes_solteiros_viuvos' foi calculada subtraindo os espolios."
1963;1964;Brasil;1;dir_1964;F02;2;505 a 630;505.0;630.0;0;64757;62807711;25300312;37507399;579202.232963;995915;172829;823086;;;50312;63052;1696;39750;23239;72;Cr$;Cr$ 1.000;Cr$ 1.000;renda liquida;pessoas publicadas diretamente na tabela;Brasil. Ministerio da Fazenda. Divisao de Imposto de Renda. Relatorio das atividades do exercicio ano de 1964. Rio de Janeiro: Imprensa Nacional, 1964.;https://archive.org/download/relatatvfaz000000_3_000000impostrend1964/relatatvfaz000000_3_000000impostrend1964.pdf;outputs/fontes-pedro-souza-irpf/relatorio_irpf_ano_1964.pdf;outputs/fontes-pedro-souza-irpf/relatorio_1964_paginas/relatorio_1964_leaf_0081_pagina_71.png;;71;Tabelas sem numero das paginas 71 e 77;
1963;1964;Brasil;1;dir_1964;F03;3;631 a 945;631.0;945.0;0;152921;236521354;116464786;120056568;785088.823641;4094574;1845127;2249447;;;228043;150186;5196;95922;51612;191;Cr$;Cr$ 1.000;Cr$ 1.000;renda liquida;pessoas publicadas diretamente na tabela;Brasil. Ministerio da Fazenda. Divisao de Imposto de Renda. Relatorio das atividades do exercicio ano de 1964. Rio de Janeiro: Imprensa Nacional, 1964.;https://archive.org/download/relatatvfaz000000_3_000000impostrend1964/relatatvfaz000000_3_000000impostrend1964.pdf;outputs/fontes-pedro-souza-irpf/relatorio_irpf_ano_1964.pdf;outputs/fontes-pedro-souza-irpf/relatorio_1964_paginas/relatorio_1964_leaf_0081_pagina_71.png;;71;Tabelas sem numero das paginas 71 e 77;
1963;1964;Brasil;1;dir_1964;F04;4;946 a 1.260;946.0;1260.0;0;88963;139056959;40379838;98677121;1109192.821735;4672906;2966473;1706433;;;152952;93957;3888;57954;27010;111;Cr$;Cr$ 1.000;Cr$ 1.000;renda liquida;pessoas publicadas diretamente na tabela;Brasil. Ministerio da Fazenda. Divisao de Imposto de Renda. Relatorio das atividades do exercicio ano de 1964. Rio de Janeiro: Imprensa Nacional, 1964.;https://archive.org/download/relatatvfaz000000_3_000000impostrend1964/relatatvfaz000000_3_000000impostrend1964.pdf;outputs/fontes-pedro-souza-irpf/relatorio_irpf_ano_1964.pdf;outputs/fontes-pedro-souza-irpf/relatorio_1964_paginas/relatorio_1964_leaf_0081_pagina_71.png;;71;Tabelas sem numero das paginas 71 e 77;
1963;1964;Brasil;1;dir_1964;F05;5;1.261 a 1.575;1261.0;1575.0;0;52735;101975409;26701072;75274337;1427407.54717;4713652;3450809;1262843;;;154402;62164;2067;36761;13819;88;Cr$;Cr$ 1.000;Cr$ 1.000;renda liquida;pessoas publicadas diretamente na tabela;Brasil. Ministerio da Fazenda. Divisao de Imposto de Renda. Relatorio das atividades do exercicio ano de 1964. Rio de Janeiro: Imprensa Nacional, 1964.;https://archive.org/download/relatatvfaz000000_3_000000impostrend1964/relatatvfaz000000_3_000000impostrend1964.pdf;outputs/fontes-pedro-souza-irpf/relatorio_irpf_ano_1964.pdf;outputs/fontes-pedro-souza-irpf/relatorio_1964_paginas/relatorio_1964_leaf_0081_pagina_71.png;;71;Tabelas sem numero das paginas 71 e 77;
1963;1964;Brasil;1;dir_1964;F06;6;1.576 a 1.890;1576.0;1890.0;0;32416;73852755;17903392;55949363;1725979.855627;4386817;3472965;913852;;;173430;40973;905;23787;7663;61;Cr$;Cr$ 1.000;Cr$ 1.000;renda liquida;pessoas publicadas diretamente na tabela;Brasil. Ministerio da Fazenda. Divisao de Imposto de Renda. Relatorio das atividades do exercicio ano de 1964. Rio de Janeiro: Imprensa Nacional, 1964.;https://archive.org/download/relatatvfaz000000_3_000000impostrend1964/relatatvfaz000000_3_000000impostrend1964.pdf;outputs/fontes-pedro-souza-irpf/relatorio_irpf_ano_1964.pdf;outputs/fontes-pedro-souza-irpf/relatorio_1964_paginas/relatorio_1964_leaf_0081_pagina_71.png;;71;Tabelas sem numero das paginas 71 e 77;
1963;1964;Brasil;1;dir_1964;F07;7;1.891 a 2.520;1891.0;2520.0;0;33592;94864125;20687485;74176640;2208163.848535;7789980;6616028;1173952;;;200652;46508;792;26008;6718;74;Cr$;Cr$ 1.000;Cr$ 1.000;renda liquida;pessoas publicadas diretamente na tabela;Brasil. Ministerio da Fazenda. Divisao de Imposto de Renda. Relatorio das atividades do exercicio ano de 1964. Rio de Janeiro: Imprensa Nacional, 1964.;https://archive.org/download/relatatvfaz000000_3_000000impostrend1964/relatatvfaz000000_3_000000impostrend1964.pdf;outputs/fontes-pedro-souza-irpf/relatorio_irpf_ano_1964.pdf;outputs/fontes-pedro-souza-irpf/relatorio_1964_paginas/relatorio_1964_leaf_0081_pagina_71.png;;71;Tabelas sem numero das paginas 71 e 77;
1963;1964;Brasil;1;dir_1964;F08;8;2.521 a 3.150;2521.0;3150.0;0;16792;59368933;11986806;47382127;2821708.373035;6341332;5621328;720004;;;154113;24753;412;13434;2908;38;Cr$;Cr$ 1.000;Cr$ 1.000;renda liquida;pessoas publicadas diretamente na tabela;Brasil. Ministerio da Fazenda. Divisao de Imposto de Renda. Relatorio das atividades do exercicio ano de 1964. Rio de Janeiro: Imprensa Nacional, 1964.;https://archive.org/download/relatatvfaz000000_3_000000impostrend1964/relatatvfaz000000_3_000000impostrend1964.pdf;outputs/fontes-pedro-souza-irpf/relatorio_irpf_ano_1964.pdf;outputs/fontes-pedro-souza-irpf/relatorio_1964_paginas/relatorio_1964_leaf_0081_pagina_71.png;;71;Tabelas sem numero das paginas 71 e 77;
1963;1964;Brasil;1;dir_1964;F09;9;3.151 a 3.780;3151.0;3780.0;0;8724;36087821;6145480;29942341;3432180.307199;4807748;4373825;433923;;;129690;12687;128;7187;1380;29;Cr$;Cr$ 1.000;Cr$ 1.000;renda liquida;pessoas publicadas diretamente na tabela;Brasil. Ministerio da Fazenda. Divisao de Imposto de Renda. Relatorio das atividades do exercicio ano de 1964. Rio de Janeiro: Imprensa Nacional, 1964.;https://archive.org/download/relatatvfaz000000_3_000000impostrend1964/relatatvfaz000000_3_000000impostrend1964.pdf;outputs/fontes-pedro-souza-irpf/relatorio_irpf_ano_1964.pdf;outputs/fontes-pedro-souza-irpf/relatorio_1964_paginas/relatorio_1964_leaf_0081_pagina_71.png;;71;Tabelas sem numero das paginas 71 e 77;
1963;1964;Brasil;1;dir_1964;F10;10;3.781 a 5.250;3781.0;5250.0;0;9379;46327116;7151956;39175160;4176901.588656;7547156;6983907;563249;;;143132;14208;143;7857;1344;35;Cr$;Cr$ 1.000;Cr$ 1.000;renda liquida;pessoas publicadas diretamente na tabela;Brasil. Ministerio da Fazenda. Divisao de Imposto de Renda. Relatorio das atividades do exercicio ano de 1964. Rio de Janeiro: Imprensa Nacional, 1964.;https://archive.org/download/relatatvfaz000000_3_000000impostrend1964/relatatvfaz000000_3_000000impostrend1964.pdf;outputs/fontes-pedro-souza-irpf/relatorio_irpf_ano_1964.pdf;outputs/fontes-pedro-souza-irpf/relatorio_1964_paginas/relatorio_1964_leaf_0081_pagina_71.png;;71;Tabelas sem numero das paginas 71 e 77;
1963;1964;Brasil;1;dir_1964;F11;11;5.251 a 7.350;5251.0;7350.0;0;3983;27521378;3377212;24144166;6061804.167713;6071064;5754998;316066;;;795662;5958;42;3405;515;21;Cr$;Cr$ 1.000;Cr$ 1.000;renda liquida;pessoas publicadas diretamente na tabela;Brasil. Ministerio da Fazenda. Divisao de Imposto de Renda. Relatorio das atividades do exercicio ano de 1964. Rio de Janeiro: Imprensa Nacional, 1964.;https://archive.org/download/relatatvfaz000000_3_000000impostrend1964/relatatvfaz000000_3_000000impostrend1964.pdf;outputs/fontes-pedro-souza-irpf/relatorio_irpf_ano_1964.pdf;outputs/fontes-pedro-souza-irpf/relatorio_1964_paginas/relatorio_1964_leaf_0081_pagina_71.png;;71;Tabelas sem numero das paginas 71 e 77;
1963;1964;Brasil;1;dir_1964;F12;12;7.351 a 9.450;7351.0;9450.0;0;1497;13734979;1467767;12267212;8194530.394122;3650966;3503265;147701;;;62843;2343;14;1284;191;8;Cr$;Cr$ 1.000;Cr$ 1.000;renda liquida;pessoas publicadas diretamente na tabela;Brasil. Ministerio da Fazenda. Divisao de Imposto de Renda. Relatorio das atividades do exercicio ano de 1964. Rio de Janeiro: Imprensa Nacional, 1964.;https://archive.org/download/relatatvfaz000000_3_000000impostrend1964/relatatvfaz000000_3_000000impostrend1964.pdf;outputs/fontes-pedro-souza-irpf/relatorio_irpf_ano_1964.pdf;outputs/fontes-pedro-souza-irpf/relatorio_1964_paginas/relatorio_1964_leaf_0081_pagina_71.png;;71;Tabelas sem numero das paginas 71 e 77;
1963;1964;Brasil;1;dir_1964;F13;13;9.451 a 12.600;9451.0;12600.0;0;913;10622377;989529;9632848;10550764.512596;3267873;3164977;102896;;;52326;1409;12;756;142;3;Cr$;Cr$ 1.000;Cr$ 1.000;renda liquida;pessoas publicadas diretamente na tabela;Brasil. Ministerio da Fazenda. Divisao de Imposto de Renda. Relatorio das atividades do exercicio ano de 1964. Rio de Janeiro: Imprensa Nacional, 1964.;https://archive.org/download/relatatvfaz000000_3_000000impostrend1964/relatatvfaz000000_3_000000impostrend1964.pdf;outputs/fontes-pedro-souza-irpf/relatorio_irpf_ano_1964.pdf;outputs/fontes-pedro-souza-irpf/relatorio_1964_paginas/relatorio_1964_leaf_0081_pagina_71.png;;71;Tabelas sem numero das paginas 71 e 77;
1963;1964;Brasil;1;dir_1964;F14;14;12.601 a 16.800;12601.0;16800.0;0;483;7492974;572033;6920941;14329070.393375;2721919;2655187;66732;;;66917;742;7;416;58;2;Cr$;Cr$ 1.000;Cr$ 1.000;renda liquida;pessoas publicadas diretamente na tabela;Brasil. Ministerio da Fazenda. Divisao de Imposto de Renda. Relatorio das atividades do exercicio ano de 1964. Rio de Janeiro: Imprensa Nacional, 1964.;https://archive.org/download/relatatvfaz000000_3_000000impostrend1964/relatatvfaz000000_3_000000impostrend1964.pdf;outputs/fontes-pedro-souza-irpf/relatorio_irpf_ano_1964.pdf;outputs/fontes-pedro-souza-irpf/relatorio_1964_paginas/relatorio_1964_leaf_0081_pagina_71.png;;71;Tabelas sem numero das paginas 71 e 77;
1963;1964;Brasil;1;dir_1964;F15;15;Acima de 16.801;16801.0;;1;361;9505609;635189;8870420;24571800.554017;4387303;4316590;70713;;;44306;472;3;314;42;2;Cr$;Cr$ 1.000;Cr$ 1.000;renda liquida;pessoas publicadas diretamente na tabela;Brasil. Ministerio da Fazenda. Divisao de Imposto de Renda. Relatorio das atividades do exercicio ano de 1964. Rio de Janeiro: Imprensa Nacional, 1964.;https://archive.org/download/relatatvfaz000000_3_000000impostrend1964/relatatvfaz000000_3_000000impostrend1964.pdf;outputs/fontes-pedro-souza-irpf/relatorio_irpf_ano_1964.pdf;outputs/fontes-pedro-souza-irpf/relatorio_1964_paginas/relatorio_1964_leaf_0081_pagina_71.png;;71;Tabelas sem numero das paginas 71 e 77;
1964;1965;Brasil;1;dir_1965;F01;1;Ate 1.008;;1008.0;0;17510;38185377;20706245;17479132;998237.121645;;;;231;1208371;;25216;340;14008;2862;300;Cr$;Cr$ 1.000;Cr$ 1.000;renda liquida;pessoas publicadas diretamente na tabela;Brasil. Ministerio da Fazenda. Departamento do Imposto de Renda. Relatorio das atividades do ano de 1965, apresentado ao Excelentissimo Senhor Diretor-Geral da Fazenda Nacional pelo Diretor do Departamento do Imposto de Renda, Sr. Orlando Travancas. Rio de Janeiro: Departamento de Imprensa Nacional, 1969.;https://archive.org/download/depeguanaminfaz0000_2_0000relatrenda196569/depeguanaminfaz0000_2_0000relatrenda196569.pdf;outputs/fontes-pedro-souza-irpf/relatorio_irpf_ano_1965_publicado_1969.pdf;outputs/fontes-pedro-souza-irpf/relatorio_1965_paginas/relatorio_1965_leaf_0059.png;57;53;Quadro IV;
1964;1965;Brasil;1;dir_1965;F02;2;1.009 a 1.260;1009.0;1260.0;0;13442;28310050;12698447;15611603;1161404.776075;;;;75491;11640;;16671;299;9408;3583;152;Cr$;Cr$ 1.000;Cr$ 1.000;renda liquida;pessoas publicadas diretamente na tabela;Brasil. Ministerio da Fazenda. Departamento do Imposto de Renda. Relatorio das atividades do ano de 1965, apresentado ao Excelentissimo Senhor Diretor-Geral da Fazenda Nacional pelo Diretor do Departamento do Imposto de Renda, Sr. Orlando Travancas. Rio de Janeiro: Departamento de Imprensa Nacional, 1969.;https://archive.org/download/depeguanaminfaz0000_2_0000relatrenda196569/depeguanaminfaz0000_2_0000relatrenda196569.pdf;outputs/fontes-pedro-souza-irpf/relatorio_irpf_ano_1965_publicado_1969.pdf;outputs/fontes-pedro-souza-irpf/relatorio_1965_paginas/relatorio_1965_leaf_0059.png;57;53;Quadro IV;
1964;1965;Brasil;1;dir_1965;F03;3;1.261 a 1.890;1261.0;1890.0;0;34054;86015874;32896604;53119270;1559854.055324;;;;795043;103032;;43103;578;24499;8561;316;Cr$;Cr$ 1.000;Cr$ 1.000;renda liquida;pessoas publicadas diretamente na tabela;Brasil. Ministerio da Fazenda. Departamento do Imposto de Renda. Relatorio das atividades do ano de 1965, apresentado ao Excelentissimo Senhor Diretor-Geral da Fazenda Nacional pelo Diretor do Departamento do Imposto de Renda, Sr. Orlando Travancas. Rio de Janeiro: Departamento de Imprensa Nacional, 1969.;https://archive.org/download/depeguanaminfaz0000_2_0000relatrenda196569/depeguanaminfaz0000_2_0000relatrenda196569.pdf;outputs/fontes-pedro-souza-irpf/relatorio_irpf_ano_1965_publicado_1969.pdf;outputs/fontes-pedro-souza-irpf/relatorio_1965_paginas/relatorio_1965_leaf_0059.png;57;53;Quadro IV;A soma das subcategorias de contribuintes nesta faixa difere do total publicado em 100.
1964;1965;Brasil;1;dir_1965;F04;4;1.891 a 2.520;1891.0;2520.0;0;26402;87166894;28961901;58204993;2204567.570639;;;;1713711;902922;;37474;431;20063;5739;169;Cr$;Cr$ 1.000;Cr$ 1.000;renda liquida;pessoas publicadas diretamente na tabela;Brasil. Ministerio da Fazenda. Departamento do Imposto de Renda. Relatorio das atividades do ano de 1965, apresentado ao Excelentissimo Senhor Diretor-Geral da Fazenda Nacional pelo Diretor do Departamento do Imposto de Renda, Sr. Orlando Travancas. Rio de Janeiro: Departamento de Imprensa Nacional, 1969.;https://archive.org/download/depeguanaminfaz0000_2_0000relatrenda196569/depeguanaminfaz0000_2_0000relatrenda196569.pdf;outputs/fontes-pedro-souza-irpf/relatorio_irpf_ano_1965_publicado_1969.pdf;outputs/fontes-pedro-souza-irpf/relatorio_1965_paginas/relatorio_1965_leaf_0059.png;57;53;Quadro IV;
1964;1965;Brasil;1;dir_1965;F05;5;2.521 a 3.150;2521.0;3150.0;0;20265;82132883;24446813;57686070;2846586.23242;;;;2620948;525864;;31292;336;15910;3897;122;Cr$;Cr$ 1.000;Cr$ 1.000;renda liquida;pessoas publicadas diretamente na tabela;Brasil. Ministerio da Fazenda. Departamento do Imposto de Renda. Relatorio das atividades do ano de 1965, apresentado ao Excelentissimo Senhor Diretor-Geral da Fazenda Nacional pelo Diretor do Departamento do Imposto de Renda, Sr. Orlando Travancas. Rio de Janeiro: Departamento de Imprensa Nacional, 1969.;https://archive.org/download/depeguanaminfaz0000_2_0000relatrenda196569/depeguanaminfaz0000_2_0000relatrenda196569.pdf;outputs/fontes-pedro-souza-irpf/relatorio_irpf_ano_1965_publicado_1969.pdf;outputs/fontes-pedro-souza-irpf/relatorio_1965_paginas/relatorio_1965_leaf_0059.png;57;53;Quadro IV;
1964;1965;Brasil;1;dir_1965;F06;6;3.151 a 3.780;3151.0;3780.0;0;16334;79016089;22135924;56880165;3482316.946247;;;;3573290;847060;;27575;200;13259;2787;88;Cr$;Cr$ 1.000;Cr$ 1.000;renda liquida;pessoas publicadas diretamente na tabela;Brasil. Ministerio da Fazenda. Departamento do Imposto de Renda. Relatorio das atividades do ano de 1965, apresentado ao Excelentissimo Senhor Diretor-Geral da Fazenda Nacional pelo Diretor do Departamento do Imposto de Renda, Sr. Orlando Travancas. Rio de Janeiro: Departamento de Imprensa Nacional, 1969.;https://archive.org/download/depeguanaminfaz0000_2_0000relatrenda196569/depeguanaminfaz0000_2_0000relatrenda196569.pdf;outputs/fontes-pedro-souza-irpf/relatorio_irpf_ano_1965_publicado_1969.pdf;outputs/fontes-pedro-souza-irpf/relatorio_1965_paginas/relatorio_1965_leaf_0059.png;57;53;Quadro IV;
1964;1965;Brasil;1;dir_1965;F07;7;3.781 a 5.040;3781.0;5040.0;0;25218;146172940;35857062;110315878;4374489.570941;;;;9713777;2466192;;42439;268;21379;3577;94;Cr$;Cr$ 1.000;Cr$ 1.000;renda liquida;pessoas publicadas diretamente na tabela;Brasil. Ministerio da Fazenda. Departamento do Imposto de Renda. Relatorio das atividades do ano de 1965, apresentado ao Excelentissimo Senhor Diretor-Geral da Fazenda Nacional pelo Diretor do Departamento do Imposto de Renda, Sr. Orlando Travancas. Rio de Janeiro: Departamento de Imprensa Nacional, 1969.;https://archive.org/download/depeguanaminfaz0000_2_0000relatrenda196569/depeguanaminfaz0000_2_0000relatrenda196569.pdf;outputs/fontes-pedro-souza-irpf/relatorio_irpf_ano_1965_publicado_1969.pdf;outputs/fontes-pedro-souza-irpf/relatorio_1965_paginas/relatorio_1965_leaf_0059.png;57;53;Quadro IV;A soma das subcategorias de contribuintes nesta faixa difere do total publicado em -100.
1964;1965;Brasil;1;dir_1965;F08;8;5.041 a 6.300;5041.0;6300.0;0;15976;112488288;22418187;90070101;5637838.069604;;;;10670637;2501584;;24023;253;13179;2483;61;Cr$;Cr$ 1.000;Cr$ 1.000;renda liquida;pessoas publicadas diretamente na tabela;Brasil. Ministerio da Fazenda. Departamento do Imposto de Renda. Relatorio das atividades do ano de 1965, apresentado ao Excelentissimo Senhor Diretor-Geral da Fazenda Nacional pelo Diretor do Departamento do Imposto de Renda, Sr. Orlando Travancas. Rio de Janeiro: Departamento de Imprensa Nacional, 1969.;https://archive.org/download/depeguanaminfaz0000_2_0000relatrenda196569/depeguanaminfaz0000_2_0000relatrenda196569.pdf;outputs/fontes-pedro-souza-irpf/relatorio_irpf_ano_1965_publicado_1969.pdf;outputs/fontes-pedro-souza-irpf/relatorio_1965_paginas/relatorio_1965_leaf_0059.png;57;53;Quadro IV;
1964;1965;Brasil;1;dir_1965;F09;9;6.301 a 7.560;6301.0;7560.0;0;8641;71946673;13075614;58871059;6812991.436176;;;;8531134;1906328;;12827;148;7134;1323;36;Cr$;Cr$ 1.000;Cr$ 1.000;renda liquida;pessoas publicadas diretamente na tabela;Brasil. Ministerio da Fazenda. Departamento do Imposto de Renda. Relatorio das atividades do ano de 1965, apresentado ao Excelentissimo Senhor Diretor-Geral da Fazenda Nacional pelo Diretor do Departamento do Imposto de Renda, Sr. Orlando Travancas. Rio de Janeiro: Departamento de Imprensa Nacional, 1969.;https://archive.org/download/depeguanaminfaz0000_2_0000relatrenda196569/depeguanaminfaz0000_2_0000relatrenda196569.pdf;outputs/fontes-pedro-souza-irpf/relatorio_irpf_ano_1965_publicado_1969.pdf;outputs/fontes-pedro-souza-irpf/relatorio_1965_paginas/relatorio_1965_leaf_0059.png;57;53;Quadro IV;
1964;1965;Brasil;1;dir_1965;F10;10;7.561 a 10.500;7561.0;10500.0;0;8629;88855815;13317669;75538146;8753986.093406;;;;14059067;3548850;;12556;116;7292;1187;34;Cr$;Cr$ 1.000;Cr$ 1.000;renda liquida;pessoas publicadas diretamente na tabela;Brasil. Ministerio da Fazenda. Departamento do Imposto de Renda. Relatorio das atividades do ano de 1965, apresentado ao Excelentissimo Senhor Diretor-Geral da Fazenda Nacional pelo Diretor do Departamento do Imposto de Renda, Sr. Orlando Travancas. Rio de Janeiro: Departamento de Imprensa Nacional, 1969.;https://archive.org/download/depeguanaminfaz0000_2_0000relatrenda196569/depeguanaminfaz0000_2_0000relatrenda196569.pdf;outputs/fontes-pedro-souza-irpf/relatorio_irpf_ano_1965_publicado_1969.pdf;outputs/fontes-pedro-souza-irpf/relatorio_1965_paginas/relatorio_1965_leaf_0059.png;57;53;Quadro IV;
1964;1965;Brasil;1;dir_1965;F11;11;10.501 a 14.700;10501.0;14700.0;0;3726;52537529;6947630;45589899;12235614.331723;;;;10934264;1860735;;5817;40;3210;457;19;Cr$;Cr$ 1.000;Cr$ 1.000;renda liquida;pessoas publicadas diretamente na tabela;Brasil. Ministerio da Fazenda. Departamento do Imposto de Renda. Relatorio das atividades do ano de 1965, apresentado ao Excelentissimo Senhor Diretor-Geral da Fazenda Nacional pelo Diretor do Departamento do Imposto de Renda, Sr. Orlando Travancas. Rio de Janeiro: Departamento de Imprensa Nacional, 1969.;https://archive.org/download/depeguanaminfaz0000_2_0000relatrenda196569/depeguanaminfaz0000_2_0000relatrenda196569.pdf;outputs/fontes-pedro-souza-irpf/relatorio_irpf_ano_1965_publicado_1969.pdf;outputs/fontes-pedro-souza-irpf/relatorio_1965_paginas/relatorio_1965_leaf_0059.png;57;53;Quadro IV;
1964;1965;Brasil;1;dir_1965;F12;12;14.701 a 18.900;14701.0;18900.0;0;1504;28143937;3371372;24772565;16471120.345745;;;;7095115;1182016;;2465;12;1296;182;14;Cr$;Cr$ 1.000;Cr$ 1.000;renda liquida;pessoas publicadas diretamente na tabela;Brasil. Ministerio da Fazenda. Departamento do Imposto de Renda. Relatorio das atividades do ano de 1965, apresentado ao Excelentissimo Senhor Diretor-Geral da Fazenda Nacional pelo Diretor do Departamento do Imposto de Renda, Sr. Orlando Travancas. Rio de Janeiro: Departamento de Imprensa Nacional, 1969.;https://archive.org/download/depeguanaminfaz0000_2_0000relatrenda196569/depeguanaminfaz0000_2_0000relatrenda196569.pdf;outputs/fontes-pedro-souza-irpf/relatorio_irpf_ano_1965_publicado_1969.pdf;outputs/fontes-pedro-souza-irpf/relatorio_1965_paginas/relatorio_1965_leaf_0059.png;57;53;Quadro IV;
1964;1965;Brasil;1;dir_1965;F13;13;18.901 a 25.200;18901.0;25200.0;0;909;21607767;2328460;19279307;21209358.635864;;;;6352030;958538;;1461;4;795;105;5;Cr$;Cr$ 1.000;Cr$ 1.000;renda liquida;pessoas publicadas diretamente na tabela;Brasil. Ministerio da Fazenda. Departamento do Imposto de Renda. Relatorio das atividades do ano de 1965, apresentado ao Excelentissimo Senhor Diretor-Geral da Fazenda Nacional pelo Diretor do Departamento do Imposto de Renda, Sr. Orlando Travancas. Rio de Janeiro: Departamento de Imprensa Nacional, 1969.;https://archive.org/download/depeguanaminfaz0000_2_0000relatrenda196569/depeguanaminfaz0000_2_0000relatrenda196569.pdf;outputs/fontes-pedro-souza-irpf/relatorio_irpf_ano_1965_publicado_1969.pdf;outputs/fontes-pedro-souza-irpf/relatorio_1965_paginas/relatorio_1965_leaf_0059.png;57;53;Quadro IV;
1964;1965;Brasil;1;dir_1965;F14;14;25.201 a 33.600;25201.0;33600.0;0;433;13621350;1241688;12379662;28590443.418014;;;;4743905;610457;;737;5;377;49;2;Cr$;Cr$ 1.000;Cr$ 1.000;renda liquida;pessoas publicadas diretamente na tabela;Brasil. Ministerio da Fazenda. Departamento do Imposto de Renda. Relatorio das atividades do ano de 1965, apresentado ao Excelentissimo Senhor Diretor-Geral da Fazenda Nacional pelo Diretor do Departamento do Imposto de Renda, Sr. Orlando Travancas. Rio de Janeiro: Departamento de Imprensa Nacional, 1969.;https://archive.org/download/depeguanaminfaz0000_2_0000relatrenda196569/depeguanaminfaz0000_2_0000relatrenda196569.pdf;outputs/fontes-pedro-souza-irpf/relatorio_irpf_ano_1965_publicado_1969.pdf;outputs/fontes-pedro-souza-irpf/relatorio_1965_paginas/relatorio_1965_leaf_0059.png;57;53;Quadro IV;
1964;1965;Brasil;1;dir_1965;F15;15;Acima de 33.601;33601.0;;1;433;26865374;2062118;24803256;57282346.420323;;;;12645770;1430715;;591;6;370;54;3;Cr$;Cr$ 1.000;Cr$ 1.000;renda liquida;pessoas publicadas diretamente na tabela;Brasil. Ministerio da Fazenda. Departamento do Imposto de Renda. Relatorio das atividades do ano de 1965, apresentado ao Excelentissimo Senhor Diretor-Geral da Fazenda Nacional pelo Diretor do Departamento do Imposto de Renda, Sr. Orlando Travancas. Rio de Janeiro: Departamento de Imprensa Nacional, 1969.;https://archive.org/download/depeguanaminfaz0000_2_0000relatrenda196569/depeguanaminfaz0000_2_0000relatrenda196569.pdf;outputs/fontes-pedro-souza-irpf/relatorio_irpf_ano_1965_publicado_1969.pdf;outputs/fontes-pedro-souza-irpf/relatorio_1965_paginas/relatorio_1965_leaf_0059.png;57;53;Quadro IV;
1965;1966;Brasil;1;boletim_estatistico_28_1968;F01;1;Ate 1.500;;1500.0;0;101375;298685;205660;93025;917.632552;;;;0;11273;;;816;81530;17968;1061;NCr$;NCr$ 1.000;NCr$ 1,00;renda liquida;pessoas publicadas diretamente na tabela;Brasil. Ministerio da Fazenda. Departamento do Imposto de Renda. Boletim Estatistico, n. 28. [S.l.]: Ministerio da Fazenda, 1968.;;outputs/fontes-pedro-souza-irpf/boletim_estatistico_n28_1968.pdf;outputs/fontes-pedro-souza-irpf/boletim_estatistico_n28_1968_p77_tabela.png;77;36;Tabela sem numero;Valores por faixa da coluna de dependentes nao transcritos: a coluna esta no limite direito do scan e alguns digitos finais nao estao legiveis. O total geral de dependentes foi preservado na tabela de totais.
1965;1966;Brasil;1;boletim_estatistico_28_1968;F02;2;1.501 a 1.800;1501.0;1800.0;0;18623;57699;27053;30646;1645.599527;;;;122;975;;;435;12581;5376;231;NCr$;NCr$ 1.000;NCr$ 1,00;renda liquida;pessoas publicadas diretamente na tabela;Brasil. Ministerio da Fazenda. Departamento do Imposto de Renda. Boletim Estatistico, n. 28. [S.l.]: Ministerio da Fazenda, 1968.;;outputs/fontes-pedro-souza-irpf/boletim_estatistico_n28_1968.pdf;outputs/fontes-pedro-souza-irpf/boletim_estatistico_n28_1968_p77_tabela.png;77;36;Tabela sem numero;Valores por faixa da coluna de dependentes nao transcritos: a coluna esta no limite direito do scan e alguns digitos finais nao estao legiveis. O total geral de dependentes foi preservado na tabela de totais.
1965;1966;Brasil;1;boletim_estatistico_28_1968;F03;3;1.801 a 2.400;1801.0;2400.0;0;35464;134749;60086;74663;2105.318069;;;;1004;1664;;;755;24518;9791;400;NCr$;NCr$ 1.000;NCr$ 1,00;renda liquida;pessoas publicadas diretamente na tabela;Brasil. Ministerio da Fazenda. Departamento do Imposto de Renda. Boletim Estatistico, n. 28. [S.l.]: Ministerio da Fazenda, 1968.;;outputs/fontes-pedro-souza-irpf/boletim_estatistico_n28_1968.pdf;outputs/fontes-pedro-souza-irpf/boletim_estatistico_n28_1968_p77_tabela.png;77;36;Tabela sem numero;Valores por faixa da coluna de dependentes nao transcritos: a coluna esta no limite direito do scan e alguns digitos finais nao estao legiveis. O total geral de dependentes foi preservado na tabela de totais.
1965;1966;Brasil;1;boletim_estatistico_28_1968;F04;4;2.401 a 3.300;2401.0;3300.0;0;43883;204821;79944;124877;2845.68056;;;;3668;2835;;;849;30950;11639;445;NCr$;NCr$ 1.000;NCr$ 1,00;renda liquida;pessoas publicadas diretamente na tabela;Brasil. Ministerio da Fazenda. Departamento do Imposto de Renda. Boletim Estatistico, n. 28. [S.l.]: Ministerio da Fazenda, 1968.;;outputs/fontes-pedro-souza-irpf/boletim_estatistico_n28_1968.pdf;outputs/fontes-pedro-souza-irpf/boletim_estatistico_n28_1968_p77_tabela.png;77;36;Tabela sem numero;Valores por faixa da coluna de dependentes nao transcritos: a coluna esta no limite direito do scan e alguns digitos finais nao estao legiveis. O total geral de dependentes foi preservado na tabela de totais.
1965;1966;Brasil;1;boletim_estatistico_28_1968;F05;5;3.301 a 4.800;3301.0;4800.0;0;54123;330360;111818;218542;4037.876688;;;;11946;6841;;;894;40567;12217;445;NCr$;NCr$ 1.000;NCr$ 1,00;renda liquida;pessoas publicadas diretamente na tabela;Brasil. Ministerio da Fazenda. Departamento do Imposto de Renda. Boletim Estatistico, n. 28. [S.l.]: Ministerio da Fazenda, 1968.;;outputs/fontes-pedro-souza-irpf/boletim_estatistico_n28_1968.pdf;outputs/fontes-pedro-souza-irpf/boletim_estatistico_n28_1968_p77_tabela.png;77;36;Tabela sem numero;Valores por faixa da coluna de dependentes nao transcritos: a coluna esta no limite direito do scan e alguns digitos finais nao estao legiveis. O total geral de dependentes foi preservado na tabela de totais.
1965;1966;Brasil;1;boletim_estatistico_28_1968;F06;6;4.801 a 6.600;4801.0;6600.0;0;45508;364709;105506;259203;5695.767777;;;;21723;13204;;;610;36350;8251;297;NCr$;NCr$ 1.000;NCr$ 1,00;renda liquida;pessoas publicadas diretamente na tabela;Brasil. Ministerio da Fazenda. Departamento do Imposto de Renda. Boletim Estatistico, n. 28. [S.l.]: Ministerio da Fazenda, 1968.;;outputs/fontes-pedro-souza-irpf/boletim_estatistico_n28_1968.pdf;outputs/fontes-pedro-souza-irpf/boletim_estatistico_n28_1968_p77_tabela.png;77;36;Tabela sem numero;Valores por faixa da coluna de dependentes nao transcritos: a coluna esta no limite direito do scan e alguns digitos finais nao estao legiveis. O total geral de dependentes foi preservado na tabela de totais.
1965;1966;Brasil;1;boletim_estatistico_28_1968;F07;7;6.601 a 9.000;6601.0;9000.0;0;34624;343594;78434;265160;7658.271719;;;;30157;12231;;;595;27218;6521;290;NCr$;NCr$ 1.000;NCr$ 1,00;renda liquida;pessoas publicadas diretamente na tabela;Brasil. Ministerio da Fazenda. Departamento do Imposto de Renda. Boletim Estatistico, n. 28. [S.l.]: Ministerio da Fazenda, 1968.;;outputs/fontes-pedro-souza-irpf/boletim_estatistico_n28_1968.pdf;outputs/fontes-pedro-souza-irpf/boletim_estatistico_n28_1968_p77_tabela.png;77;36;Tabela sem numero;Valores por faixa da coluna de dependentes nao transcritos: a coluna esta no limite direito do scan e alguns digitos finais nao estao legiveis. O total geral de dependentes foi preservado na tabela de totais.
1965;1966;Brasil;1;boletim_estatistico_28_1968;F08;8;9.001 a 12.000;9001.0;12000.0;0;18467;236211;55083;181128;9808.198408;;;;25638;11290;;;321;14968;3070;108;NCr$;NCr$ 1.000;NCr$ 1,00;renda liquida;pessoas publicadas diretamente na tabela;Brasil. Ministerio da Fazenda. Departamento do Imposto de Renda. Boletim Estatistico, n. 28. [S.l.]: Ministerio da Fazenda, 1968.;;outputs/fontes-pedro-souza-irpf/boletim_estatistico_n28_1968.pdf;outputs/fontes-pedro-souza-irpf/boletim_estatistico_n28_1968_p77_tabela.png;77;36;Tabela sem numero;Valores por faixa da coluna de dependentes nao transcritos: a coluna esta no limite direito do scan e alguns digitos finais nao estao legiveis. O total geral de dependentes foi preservado na tabela de totais.
1965;1966;Brasil;1;boletim_estatistico_28_1968;F09;9;12.001 a 18.000;12001.0;18000.0;0;11479;197326;31868;165458;14413.973343;;;;31999;9785;;;135;9648;1581;115;NCr$;NCr$ 1.000;NCr$ 1,00;renda liquida;pessoas publicadas diretamente na tabela;Brasil. Ministerio da Fazenda. Departamento do Imposto de Renda. Boletim Estatistico, n. 28. [S.l.]: Ministerio da Fazenda, 1968.;;outputs/fontes-pedro-souza-irpf/boletim_estatistico_n28_1968.pdf;outputs/fontes-pedro-souza-irpf/boletim_estatistico_n28_1968_p77_tabela.png;77;36;Tabela sem numero;Valores por faixa da coluna de dependentes nao transcritos: a coluna esta no limite direito do scan e alguns digitos finais nao estao legiveis. O total geral de dependentes foi preservado na tabela de totais.
1965;1966;Brasil;1;boletim_estatistico_28_1968;F10;10;18.001 a 24.000;18001.0;24000.0;0;3631;86252;12150;74102;20408.152024;;;;17785;6342;;;32;3111;446;42;NCr$;NCr$ 1.000;NCr$ 1,00;renda liquida;pessoas publicadas diretamente na tabela;Brasil. Ministerio da Fazenda. Departamento do Imposto de Renda. Boletim Estatistico, n. 28. [S.l.]: Ministerio da Fazenda, 1968.;;outputs/fontes-pedro-souza-irpf/boletim_estatistico_n28_1968.pdf;outputs/fontes-pedro-souza-irpf/boletim_estatistico_n28_1968_p77_tabela.png;77;36;Tabela sem numero;Valores por faixa da coluna de dependentes nao transcritos: a coluna esta no limite direito do scan e alguns digitos finais nao estao legiveis. O total geral de dependentes foi preservado na tabela de totais.
1965;1966;Brasil;1;boletim_estatistico_28_1968;F11;11;24.001 a 36.000;24001.0;36000.0;0;2388;76906;9563;67343;28200.586265;;;;19414;4135;;;34;2031;287;36;NCr$;NCr$ 1.000;NCr$ 1,00;renda liquida;pessoas publicadas diretamente na tabela;Brasil. Ministerio da Fazenda. Departamento do Imposto de Renda. Boletim Estatistico, n. 28. [S.l.]: Ministerio da Fazenda, 1968.;;outputs/fontes-pedro-souza-irpf/boletim_estatistico_n28_1968.pdf;outputs/fontes-pedro-souza-irpf/boletim_estatistico_n28_1968_p77_tabela.png;77;36;Tabela sem numero;Valores por faixa da coluna de dependentes nao transcritos: a coluna esta no limite direito do scan e alguns digitos finais nao estao legiveis. O total geral de dependentes foi preservado na tabela de totais.
1965;1966;Brasil;1;boletim_estatistico_28_1968;F12;12;36.001 a 48.000;36001.0;48000.0;0;768;35306;3927;31379;40858.072917;;;;10725;1888;;;7;654;93;14;NCr$;NCr$ 1.000;NCr$ 1,00;renda liquida;pessoas publicadas diretamente na tabela;Brasil. Ministerio da Fazenda. Departamento do Imposto de Renda. Boletim Estatistico, n. 28. [S.l.]: Ministerio da Fazenda, 1968.;;outputs/fontes-pedro-souza-irpf/boletim_estatistico_n28_1968.pdf;outputs/fontes-pedro-souza-irpf/boletim_estatistico_n28_1968_p77_tabela.png;77;36;Tabela sem numero;Valores por faixa da coluna de dependentes nao transcritos: a coluna esta no limite direito do scan e alguns digitos finais nao estao legiveis. O total geral de dependentes foi preservado na tabela de totais.
1965;1966;Brasil;1;boletim_estatistico_28_1968;F13;13;48.001 em diante;48001.0;;1;729;71381;6472;64909;89038.408779;;;;29212;4632;;;7;605;108;9;NCr$;NCr$ 1.000;NCr$ 1,00;renda liquida;pessoas publicadas diretamente na tabela;Brasil. Ministerio da Fazenda. Departamento do Imposto de Renda. Boletim Estatistico, n. 28. [S.l.]: Ministerio da Fazenda, 1968.;;outputs/fontes-pedro-souza-irpf/boletim_estatistico_n28_1968.pdf;outputs/fontes-pedro-souza-irpf/boletim_estatistico_n28_1968_p77_tabela.png;77;36;Tabela sem numero;Valores por faixa da coluna de dependentes nao transcritos: a coluna esta no limite direito do scan e alguns digitos finais nao estao legiveis. O total geral de dependentes foi preservado na tabela de totais.
1967;1968;Brasil;1;receita_cief_1968;F01;1;Ate 2.599;;2599.0;0;95043;483420;440418;43002;452.447839;;;;0;6646;;320024;763;74659;19165;456;NCr$;NCr$ 1.000;NCr$ 1,00;renda liquida;pessoas publicadas diretamente na tabela;Brasil. Ministerio da Fazenda. Secretaria da Receita Federal. Centro de Informacoes Economico-Fiscais (CIEF). Imposto sobre a renda e proventos de qualquer natureza, 1968. Rio de Janeiro: Imprensa Nacional, 1968.;https://archive.org/download/depeguanaminfaz0000_2_0000Impsobreren1968/depeguanaminfaz0000_2_0000Impsobreren1968.pdf;outputs/fontes-pedro-souza-irpf/imposto_renda_proventos_1968.pdf;;121;48;Quadro 2.1.1.6;"Ano-calendario inferido como 1967 pela regra usual de exercicio do IR; confirmar antes da emenda definitiva com a serie. A soma dos descontos na fonte nas faixas e 221.839, mas o total publicado e 221.399."
1967;1968;Brasil;1;receita_cief_1968;F02;2;2.600 a 3.118;2600.0;3118.0;0;17532;104341;52878;51463;2935.375314;;;;638;789;;36333;409;11067;5902;154;NCr$;NCr$ 1.000;NCr$ 1,00;renda liquida;pessoas publicadas diretamente na tabela;Brasil. Ministerio da Fazenda. Secretaria da Receita Federal. Centro de Informacoes Economico-Fiscais (CIEF). Imposto sobre a renda e proventos de qualquer natureza, 1968. Rio de Janeiro: Imprensa Nacional, 1968.;https://archive.org/download/depeguanaminfaz0000_2_0000Impsobreren1968/depeguanaminfaz0000_2_0000Impsobreren1968.pdf;outputs/fontes-pedro-souza-irpf/imposto_renda_proventos_1968.pdf;;121;48;Quadro 2.1.1.6;
1967;1968;Brasil;1;receita_cief_1968;F03;3;3.119 a 4.158;3119.0;4158.0;0;37698;256821;119072;137749;3654.013476;;;;1809;6919;;80891;789;24222;12377;310;NCr$;NCr$ 1.000;NCr$ 1,00;renda liquida;pessoas publicadas diretamente na tabela;Brasil. Ministerio da Fazenda. Secretaria da Receita Federal. Centro de Informacoes Economico-Fiscais (CIEF). Imposto sobre a renda e proventos de qualquer natureza, 1968. Rio de Janeiro: Imprensa Nacional, 1968.;https://archive.org/download/depeguanaminfaz0000_2_0000Impsobreren1968/depeguanaminfaz0000_2_0000Impsobreren1968.pdf;outputs/fontes-pedro-souza-irpf/imposto_renda_proventos_1968.pdf;;121;48;Quadro 2.1.1.6;
1967;1968;Brasil;1;receita_cief_1968;F04;4;4.159 a 5.717;4159.0;5717.0;0;50741;424585;172677;251908;4964.584852;;;;7083;6480;;114269;1067;33346;15958;370;NCr$;NCr$ 1.000;NCr$ 1,00;renda liquida;pessoas publicadas diretamente na tabela;Brasil. Ministerio da Fazenda. Secretaria da Receita Federal. Centro de Informacoes Economico-Fiscais (CIEF). Imposto sobre a renda e proventos de qualquer natureza, 1968. Rio de Janeiro: Imprensa Nacional, 1968.;https://archive.org/download/depeguanaminfaz0000_2_0000Impsobreren1968/depeguanaminfaz0000_2_0000Impsobreren1968.pdf;outputs/fontes-pedro-souza-irpf/imposto_renda_proventos_1968.pdf;;121;48;Quadro 2.1.1.6;
1967;1968;Brasil;1;receita_cief_1968;F05;5;5.718 a 8.316;5718.0;8316.0;0;70915;774069;274900;499169;7038.976239;;;;25598;14159;;174328;1279;50207;19059;370;NCr$;NCr$ 1.000;NCr$ 1,00;renda liquida;pessoas publicadas diretamente na tabela;Brasil. Ministerio da Fazenda. Secretaria da Receita Federal. Centro de Informacoes Economico-Fiscais (CIEF). Imposto sobre a renda e proventos de qualquer natureza, 1968. Rio de Janeiro: Imprensa Nacional, 1968.;https://archive.org/download/depeguanaminfaz0000_2_0000Impsobreren1968/depeguanaminfaz0000_2_0000Impsobreren1968.pdf;outputs/fontes-pedro-souza-irpf/imposto_renda_proventos_1968.pdf;;121;48;Quadro 2.1.1.6;
1967;1968;Brasil;1;receita_cief_1968;F06;6;8.317 a 11.434;8317.0;11434.0;0;65601;912671;265376;647295;9867.151415;;;;49841;35601;;160381;1165;48230;15956;250;NCr$;NCr$ 1.000;NCr$ 1,00;renda liquida;pessoas publicadas diretamente na tabela;Brasil. Ministerio da Fazenda. Secretaria da Receita Federal. Centro de Informacoes Economico-Fiscais (CIEF). Imposto sobre a renda e proventos de qualquer natureza, 1968. Rio de Janeiro: Imprensa Nacional, 1968.;https://archive.org/download/depeguanaminfaz0000_2_0000Impsobreren1968/depeguanaminfaz0000_2_0000Impsobreren1968.pdf;outputs/fontes-pedro-souza-irpf/imposto_renda_proventos_1968.pdf;;121;48;Quadro 2.1.1.6;
1967;1968;Brasil;1;receita_cief_1968;F07;7;11.435 a 15.592;11435.0;15592.0;0;54426;944306;217988;726318;13345.055672;;;;75954;37254;;123769;1358;39259;13627;182;NCr$;NCr$ 1.000;NCr$ 1,00;renda liquida;pessoas publicadas diretamente na tabela;Brasil. Ministerio da Fazenda. Secretaria da Receita Federal. Centro de Informacoes Economico-Fiscais (CIEF). Imposto sobre a renda e proventos de qualquer natureza, 1968. Rio de Janeiro: Imprensa Nacional, 1968.;https://archive.org/download/depeguanaminfaz0000_2_0000Impsobreren1968/depeguanaminfaz0000_2_0000Impsobreren1968.pdf;outputs/fontes-pedro-souza-irpf/imposto_renda_proventos_1968.pdf;;121;48;Quadro 2.1.1.6;
1967;1968;Brasil;1;receita_cief_1968;F08;8;15.593 a 20.789;15593.0;20789.0;0;30938;693613;139542;554071;17909.076217;;;;75105;32372;;73622;628;23254;6944;112;NCr$;NCr$ 1.000;NCr$ 1,00;renda liquida;pessoas publicadas diretamente na tabela;Brasil. Ministerio da Fazenda. Secretaria da Receita Federal. Centro de Informacoes Economico-Fiscais (CIEF). Imposto sobre a renda e proventos de qualquer natureza, 1968. Rio de Janeiro: Imprensa Nacional, 1968.;https://archive.org/download/depeguanaminfaz0000_2_0000Impsobreren1968/depeguanaminfaz0000_2_0000Impsobreren1968.pdf;outputs/fontes-pedro-souza-irpf/imposto_renda_proventos_1968.pdf;;121;48;Quadro 2.1.1.6;
1967;1968;Brasil;1;receita_cief_1968;F09;9;20.790 a 31.183;20790.0;31183.0;0;21038;637168;111195;525973;25001.09326;;;;93012;32662;;52355;356;16360;4203;119;NCr$;NCr$ 1.000;NCr$ 1,00;renda liquida;pessoas publicadas diretamente na tabela;Brasil. Ministerio da Fazenda. Secretaria da Receita Federal. Centro de Informacoes Economico-Fiscais (CIEF). Imposto sobre a renda e proventos de qualquer natureza, 1968. Rio de Janeiro: Imprensa Nacional, 1968.;https://archive.org/download/depeguanaminfaz0000_2_0000Impsobreren1968/depeguanaminfaz0000_2_0000Impsobreren1968.pdf;outputs/fontes-pedro-souza-irpf/imposto_renda_proventos_1968.pdf;;121;48;Quadro 2.1.1.6;
1967;1968;Brasil;1;receita_cief_1968;F10;10;31.184 a 41.578;31184.0;41578.0;0;6964;291219;43172;248047;35618.466399;;;;54642;15684;;17856;89;5546;1274;55;NCr$;NCr$ 1.000;NCr$ 1,00;renda liquida;pessoas publicadas diretamente na tabela;Brasil. Ministerio da Fazenda. Secretaria da Receita Federal. Centro de Informacoes Economico-Fiscais (CIEF). Imposto sobre a renda e proventos de qualquer natureza, 1968. Rio de Janeiro: Imprensa Nacional, 1968.;https://archive.org/download/depeguanaminfaz0000_2_0000Impsobreren1968/depeguanaminfaz0000_2_0000Impsobreren1968.pdf;outputs/fontes-pedro-souza-irpf/imposto_renda_proventos_1968.pdf;;121;48;Quadro 2.1.1.6;
1967;1968;Brasil;1;receita_cief_1968;F11;11;41.579 a 62.366;41579.0;62366.0;0;4530;259617;34432;225185;49709.713024;;;;59889;14521;;11577;66;3643;785;36;NCr$;NCr$ 1.000;NCr$ 1,00;renda liquida;pessoas publicadas diretamente na tabela;Brasil. Ministerio da Fazenda. Secretaria da Receita Federal. Centro de Informacoes Economico-Fiscais (CIEF). Imposto sobre a renda e proventos de qualquer natureza, 1968. Rio de Janeiro: Imprensa Nacional, 1968.;https://archive.org/download/depeguanaminfaz0000_2_0000Impsobreren1968/depeguanaminfaz0000_2_0000Impsobreren1968.pdf;outputs/fontes-pedro-souza-irpf/imposto_renda_proventos_1968.pdf;;121;48;Quadro 2.1.1.6;
1967;1968;Brasil;1;receita_cief_1968;F12;12;62.367 a 83.155;62367.0;83155.0;0;1442;117032;14956;102076;70787.79473;;;;31991;7102;;3604;19;1159;254;10;NCr$;NCr$ 1.000;NCr$ 1,00;renda liquida;pessoas publicadas diretamente na tabela;Brasil. Ministerio da Fazenda. Secretaria da Receita Federal. Centro de Informacoes Economico-Fiscais (CIEF). Imposto sobre a renda e proventos de qualquer natureza, 1968. Rio de Janeiro: Imprensa Nacional, 1968.;https://archive.org/download/depeguanaminfaz0000_2_0000Impsobreren1968/depeguanaminfaz0000_2_0000Impsobreren1968.pdf;outputs/fontes-pedro-souza-irpf/imposto_renda_proventos_1968.pdf;;121;48;Quadro 2.1.1.6;
1967;1968;Brasil;1;receita_cief_1968;F13;13;Acima de 83.155;83155.0;;1;1388;215687;24557;191130;137701.729107;;;;91939;11650;;3665;19;1125;231;13;NCr$;NCr$ 1.000;NCr$ 1,00;renda liquida;pessoas publicadas diretamente na tabela;Brasil. Ministerio da Fazenda. Secretaria da Receita Federal. Centro de Informacoes Economico-Fiscais (CIEF). Imposto sobre a renda e proventos de qualquer natureza, 1968. Rio de Janeiro: Imprensa Nacional, 1968.;https://archive.org/download/depeguanaminfaz0000_2_0000Impsobreren1968/depeguanaminfaz0000_2_0000Impsobreren1968.pdf;outputs/fontes-pedro-souza-irpf/imposto_renda_proventos_1968.pdf;;121;48;Quadro 2.1.1.6;
1968;1969;Brasil;1;aef_1970;F01;1;Ate 3.500;;3500;0;2952624;10519334;8199627;2319707;785.642534;;;;0;14387;;10032730;28110;2335824;578709;9981;Cr$;Cr$ 1.000;Cr$ 1,00;renda liquida;pessoas publicadas diretamente na tabela;Brasil. Ministerio da Fazenda. Anuario Economico-Fiscal 1970. Brasilia: Ministerio da Fazenda, 1970.;https://archive.org/download/anuareco1970minfaz/anuareco1970minfaz.pdf;outputs/fontes-pedro-souza-irpf/aef_scan/pdf/anuareco1970minfaz.pdf;outputs/fontes-pedro-souza-irpf/aef_scan/previews/anuareco1970/aef1970_pdfpage_120_rot270.png;120;114;"6.3.49; 6.3.50";
1968;1969;Brasil;1;aef_1970;F02;2;3.500 a 3.750;3500;3750;0;95725;534090;186802;347288;3627.975973;;;;2774;1524;;108088;5254;34672;55414;385;Cr$;Cr$ 1.000;Cr$ 1,00;renda liquida;pessoas publicadas diretamente na tabela;Brasil. Ministerio da Fazenda. Anuario Economico-Fiscal 1970. Brasilia: Ministerio da Fazenda, 1970.;https://archive.org/download/anuareco1970minfaz/anuareco1970minfaz.pdf;outputs/fontes-pedro-souza-irpf/aef_scan/pdf/anuareco1970minfaz.pdf;outputs/fontes-pedro-souza-irpf/aef_scan/previews/anuareco1970/aef1970_pdfpage_120_rot270.png;120;114;"6.3.49; 6.3.50";
1968;1969;Brasil;1;aef_1970;F03;3;3.750 a 5.000;3750;5000;0;389686;2485373;850391;1634982;4195.639566;;;;16106;10582;;487117;36398;142720;204386;6182;Cr$;Cr$ 1.000;Cr$ 1,00;renda liquida;pessoas publicadas diretamente na tabela;Brasil. Ministerio da Fazenda. Anuario Economico-Fiscal 1970. Brasilia: Ministerio da Fazenda, 1970.;https://archive.org/download/anuareco1970minfaz/anuareco1970minfaz.pdf;outputs/fontes-pedro-souza-irpf/aef_scan/pdf/anuareco1970minfaz.pdf;outputs/fontes-pedro-souza-irpf/aef_scan/previews/anuareco1970/aef1970_pdfpage_120_rot270.png;120;114;"6.3.49; 6.3.50";
1968;1969;Brasil;1;aef_1970;F04;4;5.000 a 7.000;5000;7000;0;336418;2934162;943294;1990868;5917.840306;;;;50064;23319;;519028;18163;164570;151865;1820;Cr$;Cr$ 1.000;Cr$ 1,00;renda liquida;pessoas publicadas diretamente na tabela;Brasil. Ministerio da Fazenda. Anuario Economico-Fiscal 1970. Brasilia: Ministerio da Fazenda, 1970.;https://archive.org/download/anuareco1970minfaz/anuareco1970minfaz.pdf;outputs/fontes-pedro-souza-irpf/aef_scan/pdf/anuareco1970minfaz.pdf;outputs/fontes-pedro-souza-irpf/aef_scan/previews/anuareco1970/aef1970_pdfpage_120_rot270.png;120;114;"6.3.49; 6.3.50";
1968;1969;Brasil;1;aef_1970;F05;5;7.000 a 10.000;7000;10000;0;257399;3032885;880323;2152562;8362.744222;;;;102576;46179;;460600;12135;145305;98326;1633;Cr$;Cr$ 1.000;Cr$ 1,00;renda liquida;pessoas publicadas diretamente na tabela;Brasil. Ministerio da Fazenda. Anuario Economico-Fiscal 1970. Brasilia: Ministerio da Fazenda, 1970.;https://archive.org/download/anuareco1970minfaz/anuareco1970minfaz.pdf;outputs/fontes-pedro-souza-irpf/aef_scan/pdf/anuareco1970minfaz.pdf;outputs/fontes-pedro-souza-irpf/aef_scan/previews/anuareco1970/aef1970_pdfpage_120_rot270.png;120;114;"6.3.49; 6.3.50";
1968;1969;Brasil;1;aef_1970;F06;6;10.000 a 13.750;10000;13750;0;153244;2415090;622360;1792730;11698.533058;;;;132807;59893;;307048;6751;95480;49893;1120;Cr$;Cr$ 1.000;Cr$ 1,00;renda liquida;pessoas publicadas diretamente na tabela;Brasil. Ministerio da Fazenda. Anuario Economico-Fiscal 1970. Brasilia: Ministerio da Fazenda, 1970.;https://archive.org/download/anuareco1970minfaz/anuareco1970minfaz.pdf;outputs/fontes-pedro-souza-irpf/aef_scan/pdf/anuareco1970minfaz.pdf;outputs/fontes-pedro-souza-irpf/aef_scan/previews/anuareco1970/aef1970_pdfpage_120_rot270.png;120;114;"6.3.49; 6.3.50";
1968;1969;Brasil;1;aef_1970;F07;7;13.750 a 18.750;13750;18750;0;95200;1990712;467541;1523171;15999.695378;;;;156349;68220;;216523;2735;67270;24330;865;Cr$;Cr$ 1.000;Cr$ 1,00;renda liquida;pessoas publicadas diretamente na tabela;Brasil. Ministerio da Fazenda. Anuario Economico-Fiscal 1970. Brasilia: Ministerio da Fazenda, 1970.;https://archive.org/download/anuareco1970minfaz/anuareco1970minfaz.pdf;outputs/fontes-pedro-souza-irpf/aef_scan/pdf/anuareco1970minfaz.pdf;outputs/fontes-pedro-souza-irpf/aef_scan/previews/anuareco1970/aef1970_pdfpage_120_rot270.png;120;114;"6.3.49; 6.3.50";
1968;1969;Brasil;1;aef_1970;F08;8;18.750 a 25.000;18750;25000;0;55945;1531320;322468;1208852;21607.864867;;;;162445;65812;;138079;1062;42728;11606;549;Cr$;Cr$ 1.000;Cr$ 1,00;renda liquida;pessoas publicadas diretamente na tabela;Brasil. Ministerio da Fazenda. Anuario Economico-Fiscal 1970. Brasilia: Ministerio da Fazenda, 1970.;https://archive.org/download/anuareco1970minfaz/anuareco1970minfaz.pdf;outputs/fontes-pedro-souza-irpf/aef_scan/pdf/anuareco1970minfaz.pdf;outputs/fontes-pedro-souza-irpf/aef_scan/previews/anuareco1970/aef1970_pdfpage_120_rot270.png;120;114;"6.3.49; 6.3.50";
1968;1969;Brasil;1;aef_1970;F09;9;25.000 a 37.500;25000;37500;0;39015;1421968;250140;1171828;30035.319749;;;;197040;68031;;98911;763;30671;7174;407;Cr$;Cr$ 1.000;Cr$ 1,00;renda liquida;pessoas publicadas diretamente na tabela;Brasil. Ministerio da Fazenda. Anuario Economico-Fiscal 1970. Brasilia: Ministerio da Fazenda, 1970.;https://archive.org/download/anuareco1970minfaz/anuareco1970minfaz.pdf;outputs/fontes-pedro-souza-irpf/aef_scan/pdf/anuareco1970minfaz.pdf;outputs/fontes-pedro-souza-irpf/aef_scan/previews/anuareco1970/aef1970_pdfpage_120_rot270.png;120;114;"6.3.49; 6.3.50";
1968;1969;Brasil;1;aef_1970;F10;10;37.500 a 50.000;37500;50000;0;14161;717505;114368;603137;42591.413036;;;;130987;37178;;38011;200;11537;2215;214;Cr$;Cr$ 1.000;Cr$ 1,00;renda liquida;pessoas publicadas diretamente na tabela;Brasil. Ministerio da Fazenda. Anuario Economico-Fiscal 1970. Brasilia: Ministerio da Fazenda, 1970.;https://archive.org/download/anuareco1970minfaz/anuareco1970minfaz.pdf;outputs/fontes-pedro-souza-irpf/aef_scan/pdf/anuareco1970minfaz.pdf;outputs/fontes-pedro-souza-irpf/aef_scan/previews/anuareco1970/aef1970_pdfpage_120_rot270.png;120;114;"6.3.49; 6.3.50";Nesta classe, as subcategorias de contribuintes somam 14.166, mas o total da classe publicado e 14.161.
1968;1969;Brasil;1;aef_1970;F11;11;50.000 a 75.000;50000;75000;0;8319;584713;84102;500611;60176.824138;;;;130745;31119;;22477;105;6847;1237;130;Cr$;Cr$ 1.000;Cr$ 1,00;renda liquida;pessoas publicadas diretamente na tabela;Brasil. Ministerio da Fazenda. Anuario Economico-Fiscal 1970. Brasilia: Ministerio da Fazenda, 1970.;https://archive.org/download/anuareco1970minfaz/anuareco1970minfaz.pdf;outputs/fontes-pedro-souza-irpf/aef_scan/pdf/anuareco1970minfaz.pdf;outputs/fontes-pedro-souza-irpf/aef_scan/previews/anuareco1970/aef1970_pdfpage_120_rot270.png;120;114;"6.3.49; 6.3.50";
1968;1969;Brasil;1;aef_1970;F12;12;75.000 a 100.000;75000;100000;0;2545;251487;33306;218181;85729.273084;;;;67195;13642;;6690;34;2060;396;55;Cr$;Cr$ 1.000;Cr$ 1,00;renda liquida;pessoas publicadas diretamente na tabela;Brasil. Ministerio da Fazenda. Anuario Economico-Fiscal 1970. Brasilia: Ministerio da Fazenda, 1970.;https://archive.org/download/anuareco1970minfaz/anuareco1970minfaz.pdf;outputs/fontes-pedro-souza-irpf/aef_scan/pdf/anuareco1970minfaz.pdf;outputs/fontes-pedro-souza-irpf/aef_scan/previews/anuareco1970/aef1970_pdfpage_120_rot270.png;120;114;"6.3.49; 6.3.50";
1968;1969;Brasil;1;aef_1970;F13;13;100.000 a 150.000;100000;150000;0;1586;217304;28052;189252;119326.607818;;;;67712;11857;;4078;31;1306;224;25;Cr$;Cr$ 1.000;Cr$ 1,00;renda liquida;pessoas publicadas diretamente na tabela;Brasil. Ministerio da Fazenda. Anuario Economico-Fiscal 1970. Brasilia: Ministerio da Fazenda, 1970.;https://archive.org/download/anuareco1970minfaz/anuareco1970minfaz.pdf;outputs/fontes-pedro-souza-irpf/aef_scan/pdf/anuareco1970minfaz.pdf;outputs/fontes-pedro-souza-irpf/aef_scan/previews/anuareco1970/aef1970_pdfpage_120_rot270.png;120;114;"6.3.49; 6.3.50";
1968;1969;Brasil;1;aef_1970;F14;14;150.000 a 250.000;150000;250000;0;671;142771;17874;124897;186135.61848;;;;51029;8328;;1761;12;539;108;12;Cr$;Cr$ 1.000;Cr$ 1,00;renda liquida;pessoas publicadas diretamente na tabela;Brasil. Ministerio da Fazenda. Anuario Economico-Fiscal 1970. Brasilia: Ministerio da Fazenda, 1970.;https://archive.org/download/anuareco1970minfaz/anuareco1970minfaz.pdf;outputs/fontes-pedro-souza-irpf/aef_scan/pdf/anuareco1970minfaz.pdf;outputs/fontes-pedro-souza-irpf/aef_scan/previews/anuareco1970/aef1970_pdfpage_120_rot270.png;120;114;"6.3.49; 6.3.50";
1968;1969;Brasil;1;aef_1970;F15;15;250.000 a 500.000;250000;500000;0;206;78003;9871;68132;330737.864078;;;;30588;4257;;507;2;171;28;5;Cr$;Cr$ 1.000;Cr$ 1,00;renda liquida;pessoas publicadas diretamente na tabela;Brasil. Ministerio da Fazenda. Anuario Economico-Fiscal 1970. Brasilia: Ministerio da Fazenda, 1970.;https://archive.org/download/anuareco1970minfaz/anuareco1970minfaz.pdf;outputs/fontes-pedro-souza-irpf/aef_scan/pdf/anuareco1970minfaz.pdf;outputs/fontes-pedro-souza-irpf/aef_scan/previews/anuareco1970/aef1970_pdfpage_120_rot270.png;120;114;"6.3.49; 6.3.50";
1968;1969;Brasil;1;aef_1970;F16;16;500.000 a 1.000.000;500000;1000000;0;37;29783;3624;26159;707000.0;;;;12454;1514;;84;1;30;5;1;Cr$;Cr$ 1.000;Cr$ 1,00;renda liquida;pessoas publicadas diretamente na tabela;Brasil. Ministerio da Fazenda. Anuario Economico-Fiscal 1970. Brasilia: Ministerio da Fazenda, 1970.;https://archive.org/download/anuareco1970minfaz/anuareco1970minfaz.pdf;outputs/fontes-pedro-souza-irpf/aef_scan/pdf/anuareco1970minfaz.pdf;outputs/fontes-pedro-souza-irpf/aef_scan/previews/anuareco1970/aef1970_pdfpage_120_rot270.png;120;114;"6.3.49; 6.3.50";
1968;1969;Brasil;1;aef_1970;F17;17;1.000.000 a 2.000.000;1000000;2000000;0;9;21582;8332;13250;1472222.222222;;;;6473;431;;41;0;8;1;0;Cr$;Cr$ 1.000;Cr$ 1,00;renda liquida;pessoas publicadas diretamente na tabela;Brasil. Ministerio da Fazenda. Anuario Economico-Fiscal 1970. Brasilia: Ministerio da Fazenda, 1970.;https://archive.org/download/anuareco1970minfaz/anuareco1970minfaz.pdf;outputs/fontes-pedro-souza-irpf/aef_scan/pdf/anuareco1970minfaz.pdf;outputs/fontes-pedro-souza-irpf/aef_scan/previews/anuareco1970/aef1970_pdfpage_120_rot270.png;120;114;"6.3.49; 6.3.50";
1968;1969;Brasil;1;aef_1970;F18;18;Acima de 2.000.000;2000000;;1;10;35849;1093;34756;3475600.0;;;;22211;341;;50;0;9;1;0;Cr$;Cr$ 1.000;Cr$ 1,00;renda liquida;pessoas publicadas diretamente na tabela;Brasil. Ministerio da Fazenda. Anuario Economico-Fiscal 1970. Brasilia: Ministerio da Fazenda, 1970.;https://archive.org/download/anuareco1970minfaz/anuareco1970minfaz.pdf;outputs/fontes-pedro-souza-irpf/aef_scan/pdf/anuareco1970minfaz.pdf;outputs/fontes-pedro-souza-irpf/aef_scan/previews/anuareco1970/aef1970_pdfpage_120_rot270.png;120;114;"6.3.49; 6.3.50";
1969;1970;Brasil;1;aef_1971;F01;1;Ate 4.200;;4200;0;4661258;18532376;13897570;4634806;994.325137;;;;0;30556;;14264250;97894;3353562;1188957;20845;Cr$;Cr$ 1.000;Cr$ 1,00;renda liquida;pessoas publicadas diretamente na tabela;Brasil. Ministerio da Fazenda. Anuario Economico-Fiscal 1971. Brasilia: Ministerio da Fazenda, 1971.;https://archive.org/download/anuareco1971minfaz/anuareco1971minfaz.pdf;outputs/fontes-pedro-souza-irpf/aef_scan/pdf/anuareco1971minfaz.pdf;outputs/fontes-pedro-souza-irpf/aef_scan/previews/anuareco1971/aef1971_pdfpage_168.png;168;178;"8.2.2.36; 8.2.2.38";
1969;1970;Brasil;1;aef_1971;F02;2;4.200 a 4.500;4200;4500;0;117216;762943;253625;509318;4345.123533;;;;1175;2360;;121063;6601;44662;65523;430;Cr$;Cr$ 1.000;Cr$ 1,00;renda liquida;pessoas publicadas diretamente na tabela;Brasil. Ministerio da Fazenda. Anuario Economico-Fiscal 1971. Brasilia: Ministerio da Fazenda, 1971.;https://archive.org/download/anuareco1971minfaz/anuareco1971minfaz.pdf;outputs/fontes-pedro-souza-irpf/aef_scan/pdf/anuareco1971minfaz.pdf;outputs/fontes-pedro-souza-irpf/aef_scan/previews/anuareco1971/aef1971_pdfpage_168.png;168;178;"8.2.2.36; 8.2.2.38";
1969;1970;Brasil;1;aef_1971;F03;3;4.500 a 6.000;4500;6000;0;426639;3339706;1126409;2213297;5187.751237;;;;21532;14489;;528974;24858;190268;209568;1945;Cr$;Cr$ 1.000;Cr$ 1,00;renda liquida;pessoas publicadas diretamente na tabela;Brasil. Ministerio da Fazenda. Anuario Economico-Fiscal 1971. Brasilia: Ministerio da Fazenda, 1971.;https://archive.org/download/anuareco1971minfaz/anuareco1971minfaz.pdf;outputs/fontes-pedro-souza-irpf/aef_scan/pdf/anuareco1971minfaz.pdf;outputs/fontes-pedro-souza-irpf/aef_scan/previews/anuareco1971/aef1971_pdfpage_168.png;168;178;"8.2.2.36; 8.2.2.38";"Ultimo digito de contribuintes com desconto na fonte esta pouco legivel no scan; foi lido como 154.796 porque fecha com o total publicado."
1969;1970;Brasil;1;aef_1971;F04;4;6.000 a 8.400;6000;8400;0;370711;3879654;1248149;2631505;7098.534977;;;;66253;33132;;564672;20258;195027;153404;2022;Cr$;Cr$ 1.000;Cr$ 1,00;renda liquida;pessoas publicadas diretamente na tabela;Brasil. Ministerio da Fazenda. Anuario Economico-Fiscal 1971. Brasilia: Ministerio da Fazenda, 1971.;https://archive.org/download/anuareco1971minfaz/anuareco1971minfaz.pdf;outputs/fontes-pedro-souza-irpf/aef_scan/pdf/anuareco1971minfaz.pdf;outputs/fontes-pedro-souza-irpf/aef_scan/previews/anuareco1971/aef1971_pdfpage_168.png;168;178;"8.2.2.36; 8.2.2.38";
1969;1970;Brasil;1;aef_1971;F05;5;8.400 a 12.000;8400;12000;0;278789;3972528;1168988;2803540;10056.135644;;;;134506;65007;;499388;14206;167024;95901;1658;Cr$;Cr$ 1.000;Cr$ 1,00;renda liquida;pessoas publicadas diretamente na tabela;Brasil. Ministerio da Fazenda. Anuario Economico-Fiscal 1971. Brasilia: Ministerio da Fazenda, 1971.;https://archive.org/download/anuareco1971minfaz/anuareco1971minfaz.pdf;outputs/fontes-pedro-souza-irpf/aef_scan/pdf/anuareco1971minfaz.pdf;outputs/fontes-pedro-souza-irpf/aef_scan/previews/anuareco1971/aef1971_pdfpage_168.png;168;178;"8.2.2.36; 8.2.2.38";
1969;1970;Brasil;1;aef_1971;F06;6;12.000 a 16.500;12000;16500;0;170671;3259918;858580;2401338;14069.982598;;;;178513;86892;;342039;7706;111136;50694;1135;Cr$;Cr$ 1.000;Cr$ 1,00;renda liquida;pessoas publicadas diretamente na tabela;Brasil. Ministerio da Fazenda. Anuario Economico-Fiscal 1971. Brasilia: Ministerio da Fazenda, 1971.;https://archive.org/download/anuareco1971minfaz/anuareco1971minfaz.pdf;outputs/fontes-pedro-souza-irpf/aef_scan/pdf/anuareco1971minfaz.pdf;outputs/fontes-pedro-souza-irpf/aef_scan/previews/anuareco1971/aef1971_pdfpage_168.png;168;178;"8.2.2.36; 8.2.2.38";
1969;1970;Brasil;1;aef_1971;F07;7;16.500 a 22.500;16500;22500;0;110801;2813433;681230;2132203;19243.535708;;;;220052;105287;;250961;3431;79631;26895;844;Cr$;Cr$ 1.000;Cr$ 1,00;renda liquida;pessoas publicadas diretamente na tabela;Brasil. Ministerio da Fazenda. Anuario Economico-Fiscal 1971. Brasilia: Ministerio da Fazenda, 1971.;https://archive.org/download/anuareco1971minfaz/anuareco1971minfaz.pdf;outputs/fontes-pedro-souza-irpf/aef_scan/pdf/anuareco1971minfaz.pdf;outputs/fontes-pedro-souza-irpf/aef_scan/previews/anuareco1971/aef1971_pdfpage_168.png;168;178;"8.2.2.36; 8.2.2.38";
1969;1970;Brasil;1;aef_1971;F08;8;22.500 a 30.000;22500;30000;0;67896;2264145;500587;1763558;25974.402027;;;;237783;109383;;166158;1571;52080;13661;584;Cr$;Cr$ 1.000;Cr$ 1,00;renda liquida;pessoas publicadas diretamente na tabela;Brasil. Ministerio da Fazenda. Anuario Economico-Fiscal 1971. Brasilia: Ministerio da Fazenda, 1971.;https://archive.org/download/anuareco1971minfaz/anuareco1971minfaz.pdf;outputs/fontes-pedro-souza-irpf/aef_scan/pdf/anuareco1971minfaz.pdf;outputs/fontes-pedro-souza-irpf/aef_scan/previews/anuareco1971/aef1971_pdfpage_168.png;168;178;"8.2.2.36; 8.2.2.38";
1969;1970;Brasil;1;aef_1971;F09;9;30.000 a 45.000;30000;45000;0;50650;2292931;458023;1834908;36227.206318;;;;323103;132212;;130976;1049;40391;8729;481;Cr$;Cr$ 1.000;Cr$ 1,00;renda liquida;pessoas publicadas diretamente na tabela;Brasil. Ministerio da Fazenda. Anuario Economico-Fiscal 1971. Brasilia: Ministerio da Fazenda, 1971.;https://archive.org/download/anuareco1971minfaz/anuareco1971minfaz.pdf;outputs/fontes-pedro-souza-irpf/aef_scan/pdf/anuareco1971minfaz.pdf;outputs/fontes-pedro-souza-irpf/aef_scan/previews/anuareco1971/aef1971_pdfpage_168.png;168;178;"8.2.2.36; 8.2.2.38";
1969;1970;Brasil;1;aef_1971;F10;10;45.000 a 60.000;45000;60000;0;16589;1054466;196073;858393;51744.71035;;;;188699;64801;;45298;269;13663;2488;169;Cr$;Cr$ 1.000;Cr$ 1,00;renda liquida;pessoas publicadas diretamente na tabela;Brasil. Ministerio da Fazenda. Anuario Economico-Fiscal 1971. Brasilia: Ministerio da Fazenda, 1971.;https://archive.org/download/anuareco1971minfaz/anuareco1971minfaz.pdf;outputs/fontes-pedro-souza-irpf/aef_scan/pdf/anuareco1971minfaz.pdf;outputs/fontes-pedro-souza-irpf/aef_scan/previews/anuareco1971/aef1971_pdfpage_168.png;168;178;"8.2.2.36; 8.2.2.38";
1969;1970;Brasil;1;aef_1971;F11;11;60.000 a 100.000;60000;100000;0;11771;1069703;190521;879182;74690.510577;;;;237467;67701;;32444;157;9757;1705;152;Cr$;Cr$ 1.000;Cr$ 1,00;renda liquida;pessoas publicadas diretamente na tabela;Brasil. Ministerio da Fazenda. Anuario Economico-Fiscal 1971. Brasilia: Ministerio da Fazenda, 1971.;https://archive.org/download/anuareco1971minfaz/anuareco1971minfaz.pdf;outputs/fontes-pedro-souza-irpf/aef_scan/pdf/anuareco1971minfaz.pdf;outputs/fontes-pedro-souza-irpf/aef_scan/previews/anuareco1971/aef1971_pdfpage_168.png;168;178;"8.2.2.36; 8.2.2.38";
1969;1970;Brasil;1;aef_1971;F12;12;100.000 a 250.000;100000;250000;0;4126;703424;129033;574391;139212.554532;;;;204878;40383;;11070;59;3369;635;63;Cr$;Cr$ 1.000;Cr$ 1,00;renda liquida;pessoas publicadas diretamente na tabela;Brasil. Ministerio da Fazenda. Anuario Economico-Fiscal 1971. Brasilia: Ministerio da Fazenda, 1971.;https://archive.org/download/anuareco1971minfaz/anuareco1971minfaz.pdf;outputs/fontes-pedro-souza-irpf/aef_scan/pdf/anuareco1971minfaz.pdf;outputs/fontes-pedro-souza-irpf/aef_scan/previews/anuareco1971/aef1971_pdfpage_168.png;168;178;"8.2.2.36; 8.2.2.38";
1969;1970;Brasil;1;aef_1971;F13;13;250.000 a 500.000;250000;500000;0;522;208795;37493;171302;328164.750958;;;;74690;6818;;1259;13;366;133;10;Cr$;Cr$ 1.000;Cr$ 1,00;renda liquida;pessoas publicadas diretamente na tabela;Brasil. Ministerio da Fazenda. Anuario Economico-Fiscal 1971. Brasilia: Ministerio da Fazenda, 1971.;https://archive.org/download/anuareco1971minfaz/anuareco1971minfaz.pdf;outputs/fontes-pedro-souza-irpf/aef_scan/pdf/anuareco1971minfaz.pdf;outputs/fontes-pedro-souza-irpf/aef_scan/previews/anuareco1971/aef1971_pdfpage_168.png;168;178;"8.2.2.36; 8.2.2.38";
1969;1970;Brasil;1;aef_1971;F14;14;500.000 a 1.000.000;500000;1000000;0;112;83526;9959;73567;656848.214286;;;;33939;2060;;459;2;85;21;4;Cr$;Cr$ 1.000;Cr$ 1,00;renda liquida;pessoas publicadas diretamente na tabela;Brasil. Ministerio da Fazenda. Anuario Economico-Fiscal 1971. Brasilia: Ministerio da Fazenda, 1971.;https://archive.org/download/anuareco1971minfaz/anuareco1971minfaz.pdf;outputs/fontes-pedro-souza-irpf/aef_scan/pdf/anuareco1971minfaz.pdf;outputs/fontes-pedro-souza-irpf/aef_scan/previews/anuareco1971/aef1971_pdfpage_168.png;168;178;"8.2.2.36; 8.2.2.38";
1969;1970;Brasil;1;aef_1971;F15;15;Acima de 1.000.000;1000000;;1;28;54159;2019;52140;1862142.857143;;;;24409;209;;87;1;19;8;0;Cr$;Cr$ 1.000;Cr$ 1,00;renda liquida;pessoas publicadas diretamente na tabela;Brasil. Ministerio da Fazenda. Anuario Economico-Fiscal 1971. Brasilia: Ministerio da Fazenda, 1971.;https://archive.org/download/anuareco1971minfaz/anuareco1971minfaz.pdf;outputs/fontes-pedro-souza-irpf/aef_scan/pdf/anuareco1971minfaz.pdf;outputs/fontes-pedro-souza-irpf/aef_scan/previews/anuareco1971/aef1971_pdfpage_168.png;168;178;"8.2.2.36; 8.2.2.38";
1970;1971;Brasil;1;aef_1972;F01;1;Ate 5.040;;5040;0;6172428;;;7748438;1255.330641;;;;;;;;;;;;Cr$;Cr$ 1.000;Cr$ 1,00;renda liquida;"declarantes publicados diretamente; primeira faixa agrega renda liquida negativa e zero a limite superior";Brasil. Ministerio da Fazenda. Secretaria da Receita Federal. Centro de Informacoes Economico-Fiscais. Anuario Economico-Fiscal 1972. Brasilia: Centro de Informacoes Economico-Fiscais, 1972.;https://archive.org/download/anuareco1972minfaz/anuareco1972minfaz.pdf;outputs/fontes-pedro-souza-irpf/aef_scan/pdf/anuareco1972minfaz.pdf;outputs/fontes-pedro-souza-irpf/aef_scan/previews/anuareco1972/aef1972_pdfpage_145.png;145;141;8.2.1.54;"O Quadro 8.2.1.54 separa uma classe de renda liquida negativa. Para manter comparabilidade com o padrao anterior de primeira faixa 'Ate X', a tabela principal agrega os declarantes da classe negativa com os declarantes de renda liquida de zero a Cr$ 5.040 na faixa 'Ate 5.040'. O valor de renda liquida usado nessa faixa e o total positivo da classe de zero a 5.040; a quantidade e o valor publicado da classe negativa foram preservados em colunas proprias e na tabela de origem."
1970;1971;Brasil;1;aef_1972;F02;2;5.041 a 7.200;5041;7200;0;667140;;;4007750;6007.359775;;;;;;;;;;;;Cr$;Cr$ 1.000;Cr$ 1,00;renda liquida;"declarantes publicados diretamente; primeira faixa agrega renda liquida negativa e zero a limite superior";Brasil. Ministerio da Fazenda. Secretaria da Receita Federal. Centro de Informacoes Economico-Fiscais. Anuario Economico-Fiscal 1972. Brasilia: Centro de Informacoes Economico-Fiscais, 1972.;https://archive.org/download/anuareco1972minfaz/anuareco1972minfaz.pdf;outputs/fontes-pedro-souza-irpf/aef_scan/pdf/anuareco1972minfaz.pdf;outputs/fontes-pedro-souza-irpf/aef_scan/previews/anuareco1972/aef1972_pdfpage_145.png;145;141;8.2.1.54;
1970;1971;Brasil;1;aef_1972;F03;3;7.201 a 14.400;7201;14400;0;777927;;;7820199;10052.612906;;;;;;;;;;;;Cr$;Cr$ 1.000;Cr$ 1,00;renda liquida;"declarantes publicados diretamente; primeira faixa agrega renda liquida negativa e zero a limite superior";Brasil. Ministerio da Fazenda. Secretaria da Receita Federal. Centro de Informacoes Economico-Fiscais. Anuario Economico-Fiscal 1972. Brasilia: Centro de Informacoes Economico-Fiscais, 1972.;https://archive.org/download/anuareco1972minfaz/anuareco1972minfaz.pdf;outputs/fontes-pedro-souza-irpf/aef_scan/pdf/anuareco1972minfaz.pdf;outputs/fontes-pedro-souza-irpf/aef_scan/previews/anuareco1972/aef1972_pdfpage_145.png;145;141;8.2.1.54;
1970;1971;Brasil;1;aef_1972;F04;4;14.401 a 27.000;14401;27000;0;344169;;;6657755;19344.435437;;;;;;;;;;;;Cr$;Cr$ 1.000;Cr$ 1,00;renda liquida;"declarantes publicados diretamente; primeira faixa agrega renda liquida negativa e zero a limite superior";Brasil. Ministerio da Fazenda. Secretaria da Receita Federal. Centro de Informacoes Economico-Fiscais. Anuario Economico-Fiscal 1972. Brasilia: Centro de Informacoes Economico-Fiscais, 1972.;https://archive.org/download/anuareco1972minfaz/anuareco1972minfaz.pdf;outputs/fontes-pedro-souza-irpf/aef_scan/pdf/anuareco1972minfaz.pdf;outputs/fontes-pedro-souza-irpf/aef_scan/previews/anuareco1972/aef1972_pdfpage_145.png;145;141;8.2.1.54;
1970;1971;Brasil;1;aef_1972;F05;5;27.001 a 54.000;27001;54000;0;147438;;;5378932;36482.670682;;;;;;;;;;;;Cr$;Cr$ 1.000;Cr$ 1,00;renda liquida;"declarantes publicados diretamente; primeira faixa agrega renda liquida negativa e zero a limite superior";Brasil. Ministerio da Fazenda. Secretaria da Receita Federal. Centro de Informacoes Economico-Fiscais. Anuario Economico-Fiscal 1972. Brasilia: Centro de Informacoes Economico-Fiscais, 1972.;https://archive.org/download/anuareco1972minfaz/anuareco1972minfaz.pdf;outputs/fontes-pedro-souza-irpf/aef_scan/pdf/anuareco1972minfaz.pdf;outputs/fontes-pedro-souza-irpf/aef_scan/previews/anuareco1972/aef1972_pdfpage_145.png;145;141;8.2.1.54;
1970;1971;Brasil;1;aef_1972;F06;6;54.001 a 108.000;54001;108000;0;35119;;;2511826;71523.277998;;;;;;;;;;;;Cr$;Cr$ 1.000;Cr$ 1,00;renda liquida;"declarantes publicados diretamente; primeira faixa agrega renda liquida negativa e zero a limite superior";Brasil. Ministerio da Fazenda. Secretaria da Receita Federal. Centro de Informacoes Economico-Fiscais. Anuario Economico-Fiscal 1972. Brasilia: Centro de Informacoes Economico-Fiscais, 1972.;https://archive.org/download/anuareco1972minfaz/anuareco1972minfaz.pdf;outputs/fontes-pedro-souza-irpf/aef_scan/pdf/anuareco1972minfaz.pdf;outputs/fontes-pedro-souza-irpf/aef_scan/previews/anuareco1972/aef1972_pdfpage_145.png;145;141;8.2.1.54;
1970;1971;Brasil;1;aef_1972;F07;7;108.001 a 288.000;108001;288000;0;6657;;;1002475;150589.604927;;;;;;;;;;;;Cr$;Cr$ 1.000;Cr$ 1,00;renda liquida;"declarantes publicados diretamente; primeira faixa agrega renda liquida negativa e zero a limite superior";Brasil. Ministerio da Fazenda. Secretaria da Receita Federal. Centro de Informacoes Economico-Fiscais. Anuario Economico-Fiscal 1972. Brasilia: Centro de Informacoes Economico-Fiscais, 1972.;https://archive.org/download/anuareco1972minfaz/anuareco1972minfaz.pdf;outputs/fontes-pedro-souza-irpf/aef_scan/pdf/anuareco1972minfaz.pdf;outputs/fontes-pedro-souza-irpf/aef_scan/previews/anuareco1972/aef1972_pdfpage_145.png;145;141;8.2.1.54;
1970;1971;Brasil;1;aef_1972;F08;8;Acima de 288.001;288001;;1;616;;;319951;519400.974026;;;;;;;;;;;;Cr$;Cr$ 1.000;Cr$ 1,00;renda liquida;"declarantes publicados diretamente; primeira faixa agrega renda liquida negativa e zero a limite superior";Brasil. Ministerio da Fazenda. Secretaria da Receita Federal. Centro de Informacoes Economico-Fiscais. Anuario Economico-Fiscal 1972. Brasilia: Centro de Informacoes Economico-Fiscais, 1972.;https://archive.org/download/anuareco1972minfaz/anuareco1972minfaz.pdf;outputs/fontes-pedro-souza-irpf/aef_scan/pdf/anuareco1972minfaz.pdf;outputs/fontes-pedro-souza-irpf/aef_scan/previews/anuareco1972/aef1972_pdfpage_145.png;145;141;8.2.1.54;
1971;1972;Brasil;1;aef_1973;F01;1;Ate 6.048;;6048;0;7485699;;;9195815;1228.451077;;;;;;;;;;;;Cr$;Cr$ 1.000;Cr$ 1,00;renda liquida;"declarantes publicados diretamente; primeira faixa agrega renda liquida negativa e zero a limite superior";Brasil. Ministerio da Fazenda. Anuario Economico-Fiscal 1973. Brasilia: Ministerio da Fazenda, 1975.;https://archive.org/download/anuareco1973minfaz/anuareco1973minfaz.pdf;outputs/fontes-pedro-souza-irpf/aef_scan/pdf/anuareco1973minfaz.pdf;outputs/fontes-pedro-souza-irpf/aef_scan/previews/anuareco1973/aef1973_pdfpage_202.png;202;200;8.2.1.54;"O Quadro 8.2.1.54 separa uma classe de renda liquida negativa. Para manter comparabilidade com o ano anterior e com o padrao historico de primeira faixa 'Ate X', a tabela principal agrega os declarantes da classe negativa com os declarantes de renda liquida de zero a Cr$ 6.048 na faixa 'Ate 6.048'. O valor de renda liquida usado nessa faixa e o total positivo da classe de zero a 6.048; a quantidade e o valor publicado da classe negativa foram preservados em colunas proprias e na tabela de origem."
1971;1972;Brasil;1;aef_1973;F02;2;6.049 a 8.640;6049;8640;0;670755;;;4844721;7222.787754;;;;;;;;;;;;Cr$;Cr$ 1.000;Cr$ 1,00;renda liquida;"declarantes publicados diretamente; primeira faixa agrega renda liquida negativa e zero a limite superior";Brasil. Ministerio da Fazenda. Anuario Economico-Fiscal 1973. Brasilia: Ministerio da Fazenda, 1975.;https://archive.org/download/anuareco1973minfaz/anuareco1973minfaz.pdf;outputs/fontes-pedro-souza-irpf/aef_scan/pdf/anuareco1973minfaz.pdf;outputs/fontes-pedro-souza-irpf/aef_scan/previews/anuareco1973/aef1973_pdfpage_202.png;202;200;8.2.1.54;
1971;1972;Brasil;1;aef_1973;F03;3;8.641 a 17.280;8641;17280;0;838677;;;10129627;12078.102774;;;;;;;;;;;;Cr$;Cr$ 1.000;Cr$ 1,00;renda liquida;"declarantes publicados diretamente; primeira faixa agrega renda liquida negativa e zero a limite superior";Brasil. Ministerio da Fazenda. Anuario Economico-Fiscal 1973. Brasilia: Ministerio da Fazenda, 1975.;https://archive.org/download/anuareco1973minfaz/anuareco1973minfaz.pdf;outputs/fontes-pedro-souza-irpf/aef_scan/pdf/anuareco1973minfaz.pdf;outputs/fontes-pedro-souza-irpf/aef_scan/previews/anuareco1973/aef1973_pdfpage_202.png;202;200;8.2.1.54;
1971;1972;Brasil;1;aef_1973;F04;4;17.281 a 32.400;17281;32400;0;385880;;;8990807;23299.489479;;;;;;;;;;;;Cr$;Cr$ 1.000;Cr$ 1,00;renda liquida;"declarantes publicados diretamente; primeira faixa agrega renda liquida negativa e zero a limite superior";Brasil. Ministerio da Fazenda. Anuario Economico-Fiscal 1973. Brasilia: Ministerio da Fazenda, 1975.;https://archive.org/download/anuareco1973minfaz/anuareco1973minfaz.pdf;outputs/fontes-pedro-souza-irpf/aef_scan/pdf/anuareco1973minfaz.pdf;outputs/fontes-pedro-souza-irpf/aef_scan/previews/anuareco1973/aef1973_pdfpage_202.png;202;200;8.2.1.54;
1971;1972;Brasil;1;aef_1973;F05;5;32.401 a 64.800;32401;64800;0;176777;;;7762687;43912.313253;;;;;;;;;;;;Cr$;Cr$ 1.000;Cr$ 1,00;renda liquida;"declarantes publicados diretamente; primeira faixa agrega renda liquida negativa e zero a limite superior";Brasil. Ministerio da Fazenda. Anuario Economico-Fiscal 1973. Brasilia: Ministerio da Fazenda, 1975.;https://archive.org/download/anuareco1973minfaz/anuareco1973minfaz.pdf;outputs/fontes-pedro-souza-irpf/aef_scan/pdf/anuareco1973minfaz.pdf;outputs/fontes-pedro-souza-irpf/aef_scan/previews/anuareco1973/aef1973_pdfpage_202.png;202;200;8.2.1.54;
1971;1972;Brasil;1;aef_1973;F06;6;64.801 a 129.600;64801;129600;0;44270;;;3796733;85763.112717;;;;;;;;;;;;Cr$;Cr$ 1.000;Cr$ 1,00;renda liquida;"declarantes publicados diretamente; primeira faixa agrega renda liquida negativa e zero a limite superior";Brasil. Ministerio da Fazenda. Anuario Economico-Fiscal 1973. Brasilia: Ministerio da Fazenda, 1975.;https://archive.org/download/anuareco1973minfaz/anuareco1973minfaz.pdf;outputs/fontes-pedro-souza-irpf/aef_scan/pdf/anuareco1973minfaz.pdf;outputs/fontes-pedro-souza-irpf/aef_scan/previews/anuareco1973/aef1973_pdfpage_202.png;202;200;8.2.1.54;
1971;1972;Brasil;1;aef_1973;F07;7;129.601 a 345.600;129601;345600;0;8927;;;1627986;182366.528509;;;;;;;;;;;;Cr$;Cr$ 1.000;Cr$ 1,00;renda liquida;"declarantes publicados diretamente; primeira faixa agrega renda liquida negativa e zero a limite superior";Brasil. Ministerio da Fazenda. Anuario Economico-Fiscal 1973. Brasilia: Ministerio da Fazenda, 1975.;https://archive.org/download/anuareco1973minfaz/anuareco1973minfaz.pdf;outputs/fontes-pedro-souza-irpf/aef_scan/pdf/anuareco1973minfaz.pdf;outputs/fontes-pedro-souza-irpf/aef_scan/previews/anuareco1973/aef1973_pdfpage_202.png;202;200;8.2.1.54;
1971;1972;Brasil;1;aef_1973;F08;8;Acima de 345.600;345600;;1;1060;;;649932;613143.396226;;;;;;;;;;;;Cr$;Cr$ 1.000;Cr$ 1,00;renda liquida;"declarantes publicados diretamente; primeira faixa agrega renda liquida negativa e zero a limite superior";Brasil. Ministerio da Fazenda. Anuario Economico-Fiscal 1973. Brasilia: Ministerio da Fazenda, 1975.;https://archive.org/download/anuareco1973minfaz/anuareco1973minfaz.pdf;outputs/fontes-pedro-souza-irpf/aef_scan/pdf/anuareco1973minfaz.pdf;outputs/fontes-pedro-souza-irpf/aef_scan/previews/anuareco1973/aef1973_pdfpage_202.png;202;200;8.2.1.54;
1972;1973;Brasil;1;aef_1974;F01;1;Ate 7.600;;7600;0;8378761;;;13060052;1558.709217;;;;;;;;;;;;Cr$;Cr$ 1.000;Cr$ 1,00;renda liquida;"declarantes publicados diretamente; primeira faixa agrega renda liquida negativa e zero a limite superior";Brasil. Ministerio da Fazenda. Anuario Economico-Fiscal 1974. Brasilia: Ministerio da Fazenda, 1974.;https://archive.org/download/anuareco1974minfaz/anuareco1974minfaz.pdf;outputs/fontes-pedro-souza-irpf/aef_scan/pdf/anuareco1974minfaz.pdf;"outputs/fontes-pedro-souza-irpf/aef_scan/previews/anuareco1974/aef1974_pdfpage_220.png; outputs/fontes-pedro-souza-irpf/aef_scan/previews/anuareco1974/aef1974_pdfpage_221.png";"220; 221";"218; 219";8.2.1.54;"O Quadro 8.2.1.54 separa uma classe de renda liquida negativa. Para manter comparabilidade com os AEF 1972 e 1973 e com o padrao historico de primeira faixa 'Ate X', a tabela principal agrega os declarantes da classe negativa com os declarantes de renda liquida de zero a Cr$ 7.600 na faixa 'Ate 7.600'. O valor de renda liquida usado nessa faixa e o total positivo da classe de zero a 7.600; a quantidade e o valor publicado da classe negativa foram preservados em colunas proprias e na tabela de origem."
1972;1973;Brasil;1;aef_1974;F02;2;7.601 a 10.900;7601;10900;0;712824;;;6492020;9107.465517;;;;;;;;;;;;Cr$;Cr$ 1.000;Cr$ 1,00;renda liquida;"declarantes publicados diretamente; primeira faixa agrega renda liquida negativa e zero a limite superior";Brasil. Ministerio da Fazenda. Anuario Economico-Fiscal 1974. Brasilia: Ministerio da Fazenda, 1974.;https://archive.org/download/anuareco1974minfaz/anuareco1974minfaz.pdf;outputs/fontes-pedro-souza-irpf/aef_scan/pdf/anuareco1974minfaz.pdf;"outputs/fontes-pedro-souza-irpf/aef_scan/previews/anuareco1974/aef1974_pdfpage_220.png; outputs/fontes-pedro-souza-irpf/aef_scan/previews/anuareco1974/aef1974_pdfpage_221.png";"220; 221";"218; 219";8.2.1.54;
1972;1973;Brasil;1;aef_1974;F03;3;10.901 a 21.700;10901;21700;0;889415;;;13509344;15189.021998;;;;;;;;;;;;Cr$;Cr$ 1.000;Cr$ 1,00;renda liquida;"declarantes publicados diretamente; primeira faixa agrega renda liquida negativa e zero a limite superior";Brasil. Ministerio da Fazenda. Anuario Economico-Fiscal 1974. Brasilia: Ministerio da Fazenda, 1974.;https://archive.org/download/anuareco1974minfaz/anuareco1974minfaz.pdf;outputs/fontes-pedro-souza-irpf/aef_scan/pdf/anuareco1974minfaz.pdf;"outputs/fontes-pedro-souza-irpf/aef_scan/previews/anuareco1974/aef1974_pdfpage_220.png; outputs/fontes-pedro-souza-irpf/aef_scan/previews/anuareco1974/aef1974_pdfpage_221.png";"220; 221";"218; 219";8.2.1.54;
1972;1973;Brasil;1;aef_1974;F04;4;21.701 a 40.300;21701;40300;0;413285;;;12063076;29188.274435;;;;;;;;;;;;Cr$;Cr$ 1.000;Cr$ 1,00;renda liquida;"declarantes publicados diretamente; primeira faixa agrega renda liquida negativa e zero a limite superior";Brasil. Ministerio da Fazenda. Anuario Economico-Fiscal 1974. Brasilia: Ministerio da Fazenda, 1974.;https://archive.org/download/anuareco1974minfaz/anuareco1974minfaz.pdf;outputs/fontes-pedro-souza-irpf/aef_scan/pdf/anuareco1974minfaz.pdf;"outputs/fontes-pedro-souza-irpf/aef_scan/previews/anuareco1974/aef1974_pdfpage_220.png; outputs/fontes-pedro-souza-irpf/aef_scan/previews/anuareco1974/aef1974_pdfpage_221.png";"220; 221";"218; 219";8.2.1.54;
1972;1973;Brasil;1;aef_1974;F05;5;40.301 a 79.700;40301;79700;0;194386;;;10585588;54456.534936;;;;;;;;;;;;Cr$;Cr$ 1.000;Cr$ 1,00;renda liquida;"declarantes publicados diretamente; primeira faixa agrega renda liquida negativa e zero a limite superior";Brasil. Ministerio da Fazenda. Anuario Economico-Fiscal 1974. Brasilia: Ministerio da Fazenda, 1974.;https://archive.org/download/anuareco1974minfaz/anuareco1974minfaz.pdf;outputs/fontes-pedro-souza-irpf/aef_scan/pdf/anuareco1974minfaz.pdf;"outputs/fontes-pedro-souza-irpf/aef_scan/previews/anuareco1974/aef1974_pdfpage_220.png; outputs/fontes-pedro-souza-irpf/aef_scan/previews/anuareco1974/aef1974_pdfpage_221.png";"220; 221";"218; 219";8.2.1.54;
1972;1973;Brasil;1;aef_1974;F06;6;79.701 a 152.700;79701;152700;0;50040;;;5208136;104079.456435;;;;;;;;;;;;Cr$;Cr$ 1.000;Cr$ 1,00;renda liquida;"declarantes publicados diretamente; primeira faixa agrega renda liquida negativa e zero a limite superior";Brasil. Ministerio da Fazenda. Anuario Economico-Fiscal 1974. Brasilia: Ministerio da Fazenda, 1974.;https://archive.org/download/anuareco1974minfaz/anuareco1974minfaz.pdf;outputs/fontes-pedro-souza-irpf/aef_scan/pdf/anuareco1974minfaz.pdf;"outputs/fontes-pedro-souza-irpf/aef_scan/previews/anuareco1974/aef1974_pdfpage_220.png; outputs/fontes-pedro-souza-irpf/aef_scan/previews/anuareco1974/aef1974_pdfpage_221.png";"220; 221";"218; 219";8.2.1.54;
1972;1973;Brasil;1;aef_1974;F07;7;152.701 a 397.400;152701;397400;0;10972;;;2343595;213597.794386;;;;;;;;;;;;Cr$;Cr$ 1.000;Cr$ 1,00;renda liquida;"declarantes publicados diretamente; primeira faixa agrega renda liquida negativa e zero a limite superior";Brasil. Ministerio da Fazenda. Anuario Economico-Fiscal 1974. Brasilia: Ministerio da Fazenda, 1974.;https://archive.org/download/anuareco1974minfaz/anuareco1974minfaz.pdf;outputs/fontes-pedro-souza-irpf/aef_scan/pdf/anuareco1974minfaz.pdf;"outputs/fontes-pedro-souza-irpf/aef_scan/previews/anuareco1974/aef1974_pdfpage_220.png; outputs/fontes-pedro-souza-irpf/aef_scan/previews/anuareco1974/aef1974_pdfpage_221.png";"220; 221";"218; 219";8.2.1.54;
1972;1973;Brasil;1;aef_1974;F08;8;Acima de 397.400;397400;;1;1734;;;1383506;797869.665513;;;;;;;;;;;;Cr$;Cr$ 1.000;Cr$ 1,00;renda liquida;"declarantes publicados diretamente; primeira faixa agrega renda liquida negativa e zero a limite superior";Brasil. Ministerio da Fazenda. Anuario Economico-Fiscal 1974. Brasilia: Ministerio da Fazenda, 1974.;https://archive.org/download/anuareco1974minfaz/anuareco1974minfaz.pdf;outputs/fontes-pedro-souza-irpf/aef_scan/pdf/anuareco1974minfaz.pdf;"outputs/fontes-pedro-souza-irpf/aef_scan/previews/anuareco1974/aef1974_pdfpage_220.png; outputs/fontes-pedro-souza-irpf/aef_scan/previews/anuareco1974/aef1974_pdfpage_221.png";"220; 221";"218; 219";8.2.1.54;
1974;1975;Brasil;1;aef_1976;F01;1;Ate 13.900;;13900;0;10771352;;;19123329;1775.387992;;;;;;;;;;;;Cr$;Cr$ 1.000;Cr$ 1,00;renda liquida;"declarantes publicados diretamente; primeira faixa agrega renda liquida negativa e zero a limite superior";Brasil. Ministerio da Fazenda. Anuario Economico-Fiscal 1976. Brasilia: Ministerio da Fazenda, 1976.;https://archive.org/download/anuareco1976minfaz/anuareco1976minfaz.pdf;outputs/fontes-pedro-souza-irpf/aef_scan/pdf/anuareco1976minfaz.pdf;"outputs/fontes-pedro-souza-irpf/aef_scan/previews/anuareco1976/aef1976_pdfpage_219.png; outputs/fontes-pedro-souza-irpf/aef_scan/previews/anuareco1976/aef1976_pdfpage_220.png";"219; 220";"216; 217";8.2.1.68;"O Quadro 8.2.1.68 separa uma classe de renda liquida negativa. Para manter comparabilidade com os AEF 1972-1974 e com o padrao historico de primeira faixa 'Ate X', a tabela principal agrega os declarantes da classe negativa com os declarantes de renda liquida de zero a Cr$ 13.900 na faixa 'Ate 13.900'. O valor de renda liquida usado nessa faixa e o total positivo da classe de zero a 13.900; a quantidade e o valor publicado da classe negativa foram preservados em colunas proprias e na tabela de origem."
1974;1975;Brasil;1;aef_1976;F02;2;13.901 a 19.900;13901;19900;0;777691;;;12544666;16130.656006;;;;;;;;;;;;Cr$;Cr$ 1.000;Cr$ 1,00;renda liquida;"declarantes publicados diretamente; primeira faixa agrega renda liquida negativa e zero a limite superior";Brasil. Ministerio da Fazenda. Anuario Economico-Fiscal 1976. Brasilia: Ministerio da Fazenda, 1976.;https://archive.org/download/anuareco1976minfaz/anuareco1976minfaz.pdf;outputs/fontes-pedro-souza-irpf/aef_scan/pdf/anuareco1976minfaz.pdf;"outputs/fontes-pedro-souza-irpf/aef_scan/previews/anuareco1976/aef1976_pdfpage_219.png; outputs/fontes-pedro-souza-irpf/aef_scan/previews/anuareco1976/aef1976_pdfpage_220.png";"219; 220";"216; 217";8.2.1.68;
1974;1975;Brasil;1;aef_1976;F03;3;19.901 a 39.100;19901;39100;0;956203;;;26390069;27598.814269;;;;;;;;;;;;Cr$;Cr$ 1.000;Cr$ 1,00;renda liquida;"declarantes publicados diretamente; primeira faixa agrega renda liquida negativa e zero a limite superior";Brasil. Ministerio da Fazenda. Anuario Economico-Fiscal 1976. Brasilia: Ministerio da Fazenda, 1976.;https://archive.org/download/anuareco1976minfaz/anuareco1976minfaz.pdf;outputs/fontes-pedro-souza-irpf/aef_scan/pdf/anuareco1976minfaz.pdf;"outputs/fontes-pedro-souza-irpf/aef_scan/previews/anuareco1976/aef1976_pdfpage_219.png; outputs/fontes-pedro-souza-irpf/aef_scan/previews/anuareco1976/aef1976_pdfpage_220.png";"219; 220";"216; 217";8.2.1.68;
1974;1975;Brasil;1;aef_1976;F04;4;39.101 a 71.000;39101;71000;0;448272;;;23307363;51993.796177;;;;;;;;;;;;Cr$;Cr$ 1.000;Cr$ 1,00;renda liquida;"declarantes publicados diretamente; primeira faixa agrega renda liquida negativa e zero a limite superior";Brasil. Ministerio da Fazenda. Anuario Economico-Fiscal 1976. Brasilia: Ministerio da Fazenda, 1976.;https://archive.org/download/anuareco1976minfaz/anuareco1976minfaz.pdf;outputs/fontes-pedro-souza-irpf/aef_scan/pdf/anuareco1976minfaz.pdf;"outputs/fontes-pedro-souza-irpf/aef_scan/previews/anuareco1976/aef1976_pdfpage_219.png; outputs/fontes-pedro-souza-irpf/aef_scan/previews/anuareco1976/aef1976_pdfpage_220.png";"219; 220";"216; 217";8.2.1.68;
1974;1975;Brasil;1;aef_1976;F05;5;71.001 a 133.900;71001;133900;0;205160;;;19316912;94155.35192;;;;;;;;;;;;Cr$;Cr$ 1.000;Cr$ 1,00;renda liquida;"declarantes publicados diretamente; primeira faixa agrega renda liquida negativa e zero a limite superior";Brasil. Ministerio da Fazenda. Anuario Economico-Fiscal 1976. Brasilia: Ministerio da Fazenda, 1976.;https://archive.org/download/anuareco1976minfaz/anuareco1976minfaz.pdf;outputs/fontes-pedro-souza-irpf/aef_scan/pdf/anuareco1976minfaz.pdf;"outputs/fontes-pedro-souza-irpf/aef_scan/previews/anuareco1976/aef1976_pdfpage_219.png; outputs/fontes-pedro-souza-irpf/aef_scan/previews/anuareco1976/aef1976_pdfpage_220.png";"219; 220";"216; 217";8.2.1.68;
1974;1975;Brasil;1;aef_1976;F06;6;133.901 a 235.000;133901;235000;0;58578;;;9954495;169935.726723;;;;;;;;;;;;Cr$;Cr$ 1.000;Cr$ 1,00;renda liquida;"declarantes publicados diretamente; primeira faixa agrega renda liquida negativa e zero a limite superior";Brasil. Ministerio da Fazenda. Anuario Economico-Fiscal 1976. Brasilia: Ministerio da Fazenda, 1976.;https://archive.org/download/anuareco1976minfaz/anuareco1976minfaz.pdf;outputs/fontes-pedro-souza-irpf/aef_scan/pdf/anuareco1976minfaz.pdf;"outputs/fontes-pedro-souza-irpf/aef_scan/previews/anuareco1976/aef1976_pdfpage_219.png; outputs/fontes-pedro-souza-irpf/aef_scan/previews/anuareco1976/aef1976_pdfpage_220.png";"219; 220";"216; 217";8.2.1.68;
1974;1975;Brasil;1;aef_1976;F07;7;235.001 a 594.100;235001;594100;0;18311;;;6006645;328034.787832;;;;;;;;;;;;Cr$;Cr$ 1.000;Cr$ 1,00;renda liquida;"declarantes publicados diretamente; primeira faixa agrega renda liquida negativa e zero a limite superior";Brasil. Ministerio da Fazenda. Anuario Economico-Fiscal 1976. Brasilia: Ministerio da Fazenda, 1976.;https://archive.org/download/anuareco1976minfaz/anuareco1976minfaz.pdf;outputs/fontes-pedro-souza-irpf/aef_scan/pdf/anuareco1976minfaz.pdf;"outputs/fontes-pedro-souza-irpf/aef_scan/previews/anuareco1976/aef1976_pdfpage_219.png; outputs/fontes-pedro-souza-irpf/aef_scan/previews/anuareco1976/aef1976_pdfpage_220.png";"219; 220";"216; 217";8.2.1.68;
1974;1975;Brasil;1;aef_1976;F08;8;Acima de 594.100;594100;;1;2288;;;2423517;1059229.458042;;;;;;;;;;;;Cr$;Cr$ 1.000;Cr$ 1,00;renda liquida;"declarantes publicados diretamente; primeira faixa agrega renda liquida negativa e zero a limite superior";Brasil. Ministerio da Fazenda. Anuario Economico-Fiscal 1976. Brasilia: Ministerio da Fazenda, 1976.;https://archive.org/download/anuareco1976minfaz/anuareco1976minfaz.pdf;outputs/fontes-pedro-souza-irpf/aef_scan/pdf/anuareco1976minfaz.pdf;"outputs/fontes-pedro-souza-irpf/aef_scan/previews/anuareco1976/aef1976_pdfpage_219.png; outputs/fontes-pedro-souza-irpf/aef_scan/previews/anuareco1976/aef1976_pdfpage_220.png";"219; 220";"216; 217";8.2.1.68;
1975;1976;Brasil;1;aef_1977;F01;1;Ate 26.000;;26000;0;2988896;;;33043472;11055.410426;;;;;;;;;;;;Cr$;Cr$ 1.000;Cr$ 1,00;renda liquida;"declarantes publicados diretamente; MCT e MSO somados por faixa; primeira faixa agrega renda liquida negativa e zero a limite superior";Brasil. Ministerio da Fazenda. Anuario Economico-Fiscal 1977. Brasilia: Ministerio da Fazenda, 1977.;https://archive.org/download/anuareco1977minfaz/anuareco1977minfaz.pdf;outputs/fontes-pedro-souza-irpf/aef_scan/pdf/anuareco1977minfaz.pdf;"outputs/fontes-pedro-souza-irpf/aef_scan/previews/anuareco1977/aef1977_pdfpage_298.png; outputs/fontes-pedro-souza-irpf/aef_scan/previews/anuareco1977/aef1977_pdfpage_299.png; outputs/fontes-pedro-souza-irpf/aef_scan/previews/anuareco1977/aef1977_pdfpage_302.png; outputs/fontes-pedro-souza-irpf/aef_scan/previews/anuareco1977/aef1977_pdfpage_303.png";"298; 299; 302; 303";"295; 296; 299; 300";"8.2.1.125; 8.2.1.127";"O AEF 1977 passa a separar declaracoes apresentadas no Modelo Completo (MCT) e no Modelo Simplificado (MSO). Como os quadros 8.2.1.125 e 8.2.1.127 usam as mesmas classes de renda liquida, a tabela principal soma MCT e MSO por faixa. A tabela de origem preserva os valores de cada modelo. Os quadros 8.2.1.125 e 8.2.1.127 separam uma classe de renda liquida negativa. Para manter comparabilidade com os AEF 1972-1974 e 1976, a tabela principal agrega os declarantes da classe negativa com os declarantes de renda liquida de zero a Cr$ 26.000 na faixa 'Ate 26.000'. O valor de renda liquida usado nessa faixa e o total positivo da classe de zero a 26.000; a quantidade e o valor publicado da classe negativa foram preservados em colunas proprias e na tabela de origem."
1975;1976;Brasil;1;aef_1977;F02;2;26.001 a 36.500;26001;36500;0;679638;;;19774905;29096.232112;;;;;;;;;;;;Cr$;Cr$ 1.000;Cr$ 1,00;renda liquida;"declarantes publicados diretamente; MCT e MSO somados por faixa; primeira faixa agrega renda liquida negativa e zero a limite superior";Brasil. Ministerio da Fazenda. Anuario Economico-Fiscal 1977. Brasilia: Ministerio da Fazenda, 1977.;https://archive.org/download/anuareco1977minfaz/anuareco1977minfaz.pdf;outputs/fontes-pedro-souza-irpf/aef_scan/pdf/anuareco1977minfaz.pdf;"outputs/fontes-pedro-souza-irpf/aef_scan/previews/anuareco1977/aef1977_pdfpage_298.png; outputs/fontes-pedro-souza-irpf/aef_scan/previews/anuareco1977/aef1977_pdfpage_299.png; outputs/fontes-pedro-souza-irpf/aef_scan/previews/anuareco1977/aef1977_pdfpage_302.png; outputs/fontes-pedro-souza-irpf/aef_scan/previews/anuareco1977/aef1977_pdfpage_303.png";"298; 299; 302; 303";"295; 296; 299; 300";"8.2.1.125; 8.2.1.127";
1975;1976;Brasil;1;aef_1977;F03;3;36.501 a 52.500;36501;52500;0;525517;;;22323335;42478.806585;;;;;;;;;;;;Cr$;Cr$ 1.000;Cr$ 1,00;renda liquida;"declarantes publicados diretamente; MCT e MSO somados por faixa; primeira faixa agrega renda liquida negativa e zero a limite superior";Brasil. Ministerio da Fazenda. Anuario Economico-Fiscal 1977. Brasilia: Ministerio da Fazenda, 1977.;https://archive.org/download/anuareco1977minfaz/anuareco1977minfaz.pdf;outputs/fontes-pedro-souza-irpf/aef_scan/pdf/anuareco1977minfaz.pdf;"outputs/fontes-pedro-souza-irpf/aef_scan/previews/anuareco1977/aef1977_pdfpage_298.png; outputs/fontes-pedro-souza-irpf/aef_scan/previews/anuareco1977/aef1977_pdfpage_299.png; outputs/fontes-pedro-souza-irpf/aef_scan/previews/anuareco1977/aef1977_pdfpage_302.png; outputs/fontes-pedro-souza-irpf/aef_scan/previews/anuareco1977/aef1977_pdfpage_303.png";"298; 299; 302; 303";"295; 296; 299; 300";"8.2.1.125; 8.2.1.127";
1975;1976;Brasil;1;aef_1977;F04;4;52.501 a 77.000;52501;77000;0;363442;;;22972561;63208.327601;;;;;;;;;;;;Cr$;Cr$ 1.000;Cr$ 1,00;renda liquida;"declarantes publicados diretamente; MCT e MSO somados por faixa; primeira faixa agrega renda liquida negativa e zero a limite superior";Brasil. Ministerio da Fazenda. Anuario Economico-Fiscal 1977. Brasilia: Ministerio da Fazenda, 1977.;https://archive.org/download/anuareco1977minfaz/anuareco1977minfaz.pdf;outputs/fontes-pedro-souza-irpf/aef_scan/pdf/anuareco1977minfaz.pdf;"outputs/fontes-pedro-souza-irpf/aef_scan/previews/anuareco1977/aef1977_pdfpage_298.png; outputs/fontes-pedro-souza-irpf/aef_scan/previews/anuareco1977/aef1977_pdfpage_299.png; outputs/fontes-pedro-souza-irpf/aef_scan/previews/anuareco1977/aef1977_pdfpage_302.png; outputs/fontes-pedro-souza-irpf/aef_scan/previews/anuareco1977/aef1977_pdfpage_303.png";"298; 299; 302; 303";"295; 296; 299; 300";"8.2.1.125; 8.2.1.127";
1975;1976;Brasil;1;aef_1977;F05;5;77.001 a 112.000;77001;112000;0;221226;;;20451026;92444.043648;;;;;;;;;;;;Cr$;Cr$ 1.000;Cr$ 1,00;renda liquida;"declarantes publicados diretamente; MCT e MSO somados por faixa; primeira faixa agrega renda liquida negativa e zero a limite superior";Brasil. Ministerio da Fazenda. Anuario Economico-Fiscal 1977. Brasilia: Ministerio da Fazenda, 1977.;https://archive.org/download/anuareco1977minfaz/anuareco1977minfaz.pdf;outputs/fontes-pedro-souza-irpf/aef_scan/pdf/anuareco1977minfaz.pdf;"outputs/fontes-pedro-souza-irpf/aef_scan/previews/anuareco1977/aef1977_pdfpage_298.png; outputs/fontes-pedro-souza-irpf/aef_scan/previews/anuareco1977/aef1977_pdfpage_299.png; outputs/fontes-pedro-souza-irpf/aef_scan/previews/anuareco1977/aef1977_pdfpage_302.png; outputs/fontes-pedro-souza-irpf/aef_scan/previews/anuareco1977/aef1977_pdfpage_303.png";"298; 299; 302; 303";"295; 296; 299; 300";"8.2.1.125; 8.2.1.127";
1975;1976;Brasil;1;aef_1977;F06;6;112.001 a 163.500;112001;163500;0;131572;;;17635646;134037.986806;;;;;;;;;;;;Cr$;Cr$ 1.000;Cr$ 1,00;renda liquida;"declarantes publicados diretamente; MCT e MSO somados por faixa; primeira faixa agrega renda liquida negativa e zero a limite superior";Brasil. Ministerio da Fazenda. Anuario Economico-Fiscal 1977. Brasilia: Ministerio da Fazenda, 1977.;https://archive.org/download/anuareco1977minfaz/anuareco1977minfaz.pdf;outputs/fontes-pedro-souza-irpf/aef_scan/pdf/anuareco1977minfaz.pdf;"outputs/fontes-pedro-souza-irpf/aef_scan/previews/anuareco1977/aef1977_pdfpage_298.png; outputs/fontes-pedro-souza-irpf/aef_scan/previews/anuareco1977/aef1977_pdfpage_299.png; outputs/fontes-pedro-souza-irpf/aef_scan/previews/anuareco1977/aef1977_pdfpage_302.png; outputs/fontes-pedro-souza-irpf/aef_scan/previews/anuareco1977/aef1977_pdfpage_303.png";"298; 299; 302; 303";"295; 296; 299; 300";"8.2.1.125; 8.2.1.127";
1975;1976;Brasil;1;aef_1977;F07;7;163.501 a 238.000;163501;238000;0;66295;;;12878223;194256.324006;;;;;;;;;;;;Cr$;Cr$ 1.000;Cr$ 1,00;renda liquida;"declarantes publicados diretamente; MCT e MSO somados por faixa; primeira faixa agrega renda liquida negativa e zero a limite superior";Brasil. Ministerio da Fazenda. Anuario Economico-Fiscal 1977. Brasilia: Ministerio da Fazenda, 1977.;https://archive.org/download/anuareco1977minfaz/anuareco1977minfaz.pdf;outputs/fontes-pedro-souza-irpf/aef_scan/pdf/anuareco1977minfaz.pdf;"outputs/fontes-pedro-souza-irpf/aef_scan/previews/anuareco1977/aef1977_pdfpage_298.png; outputs/fontes-pedro-souza-irpf/aef_scan/previews/anuareco1977/aef1977_pdfpage_299.png; outputs/fontes-pedro-souza-irpf/aef_scan/previews/anuareco1977/aef1977_pdfpage_302.png; outputs/fontes-pedro-souza-irpf/aef_scan/previews/anuareco1977/aef1977_pdfpage_303.png";"298; 299; 302; 303";"295; 296; 299; 300";"8.2.1.125; 8.2.1.127";
1975;1976;Brasil;1;aef_1977;F08;8;238.001 a 500.000;238001;500000;0;38024;;;12015995;316010.808963;;;;;;;;;;;;Cr$;Cr$ 1.000;Cr$ 1,00;renda liquida;"declarantes publicados diretamente; MCT e MSO somados por faixa; primeira faixa agrega renda liquida negativa e zero a limite superior";Brasil. Ministerio da Fazenda. Anuario Economico-Fiscal 1977. Brasilia: Ministerio da Fazenda, 1977.;https://archive.org/download/anuareco1977minfaz/anuareco1977minfaz.pdf;outputs/fontes-pedro-souza-irpf/aef_scan/pdf/anuareco1977minfaz.pdf;"outputs/fontes-pedro-souza-irpf/aef_scan/previews/anuareco1977/aef1977_pdfpage_298.png; outputs/fontes-pedro-souza-irpf/aef_scan/previews/anuareco1977/aef1977_pdfpage_299.png; outputs/fontes-pedro-souza-irpf/aef_scan/previews/anuareco1977/aef1977_pdfpage_302.png; outputs/fontes-pedro-souza-irpf/aef_scan/previews/anuareco1977/aef1977_pdfpage_303.png";"298; 299; 302; 303";"295; 296; 299; 300";"8.2.1.125; 8.2.1.127";
1975;1976;Brasil;1;aef_1977;F09;9;500.001 a 2.317.500;500001;2317500;0;6579;;;5121928;778526.827785;;;;;;;;;;;;Cr$;Cr$ 1.000;Cr$ 1,00;renda liquida;"declarantes publicados diretamente; MCT e MSO somados por faixa; primeira faixa agrega renda liquida negativa e zero a limite superior";Brasil. Ministerio da Fazenda. Anuario Economico-Fiscal 1977. Brasilia: Ministerio da Fazenda, 1977.;https://archive.org/download/anuareco1977minfaz/anuareco1977minfaz.pdf;outputs/fontes-pedro-souza-irpf/aef_scan/pdf/anuareco1977minfaz.pdf;"outputs/fontes-pedro-souza-irpf/aef_scan/previews/anuareco1977/aef1977_pdfpage_298.png; outputs/fontes-pedro-souza-irpf/aef_scan/previews/anuareco1977/aef1977_pdfpage_299.png; outputs/fontes-pedro-souza-irpf/aef_scan/previews/anuareco1977/aef1977_pdfpage_302.png; outputs/fontes-pedro-souza-irpf/aef_scan/previews/anuareco1977/aef1977_pdfpage_303.png";"298; 299; 302; 303";"295; 296; 299; 300";"8.2.1.125; 8.2.1.127";
1975;1976;Brasil;1;aef_1977;F10;10;Acima de 2.317.500;2317500;;1;295;;;3112612;10551227.118644;;;;;;;;;;;;Cr$;Cr$ 1.000;Cr$ 1,00;renda liquida;"declarantes publicados diretamente; MCT e MSO somados por faixa; primeira faixa agrega renda liquida negativa e zero a limite superior";Brasil. Ministerio da Fazenda. Anuario Economico-Fiscal 1977. Brasilia: Ministerio da Fazenda, 1977.;https://archive.org/download/anuareco1977minfaz/anuareco1977minfaz.pdf;outputs/fontes-pedro-souza-irpf/aef_scan/pdf/anuareco1977minfaz.pdf;"outputs/fontes-pedro-souza-irpf/aef_scan/previews/anuareco1977/aef1977_pdfpage_298.png; outputs/fontes-pedro-souza-irpf/aef_scan/previews/anuareco1977/aef1977_pdfpage_299.png; outputs/fontes-pedro-souza-irpf/aef_scan/previews/anuareco1977/aef1977_pdfpage_302.png; outputs/fontes-pedro-souza-irpf/aef_scan/previews/anuareco1977/aef1977_pdfpage_303.png";"298; 299; 302; 303";"295; 296; 299; 300";"8.2.1.125; 8.2.1.127";
1976;1977;Brasil;1;aef_1978;F01;1;Ate 35.100;;35100;0;3361273;;;54346252;16168.354073;;;;;;;;;;;;Cr$;Cr$ 1.000;Cr$ 1,00;renda liquida;"declarantes publicados diretamente; MCT e MSO somados por faixa; primeira faixa agrega renda liquida negativa e zero a limite superior";Brasil. Ministerio da Fazenda. Anuario Economico-Fiscal 1978. Brasilia: Ministerio da Fazenda, 1978.;https://archive.org/download/anuareco1978minfaz/anuareco1978minfaz.pdf;outputs/fontes-pedro-souza-irpf/aef_scan/pdf/anuareco1978minfaz.pdf;"outputs/fontes-pedro-souza-irpf/aef_scan/previews/anuareco1978/aef1978_pdfpage_306.png; outputs/fontes-pedro-souza-irpf/aef_scan/previews/anuareco1978/aef1978_pdfpage_307.png; outputs/fontes-pedro-souza-irpf/aef_scan/previews/anuareco1978/aef1978_pdfpage_310.png; outputs/fontes-pedro-souza-irpf/aef_scan/previews/anuareco1978/aef1978_pdfpage_311.png";"306; 307; 310; 311";"315; 316; 319; 320";"8.2.125; 8.2.127";"O AEF 1978 separa declaracoes apresentadas no Modelo Completo (MCT) e no Modelo Simplificado (MSO). Como os quadros 8.2.125 e 8.2.127 usam as mesmas classes de renda liquida, a tabela principal soma MCT e MSO por faixa. A tabela de origem preserva os valores de cada modelo. Os quadros 8.2.125 e 8.2.127 separam uma classe de renda liquida negativa. Para manter comparabilidade com os AEF 1972-1974, 1976 e 1977, a tabela principal agrega os declarantes da classe negativa com os declarantes de renda liquida de zero a Cr$ 35.100 na faixa 'Ate 35.100'. O valor de renda liquida usado nessa faixa e o total positivo da classe de zero a 35.100; a quantidade e o valor publicado da classe negativa foram preservados em colunas proprias e na tabela de origem."
1976;1977;Brasil;1;aef_1978;F02;2;35.101 a 49.300;35101;49300;0;676078;;;28148289;41634.676768;;;;;;;;;;;;Cr$;Cr$ 1.000;Cr$ 1,00;renda liquida;"declarantes publicados diretamente; MCT e MSO somados por faixa; primeira faixa agrega renda liquida negativa e zero a limite superior";Brasil. Ministerio da Fazenda. Anuario Economico-Fiscal 1978. Brasilia: Ministerio da Fazenda, 1978.;https://archive.org/download/anuareco1978minfaz/anuareco1978minfaz.pdf;outputs/fontes-pedro-souza-irpf/aef_scan/pdf/anuareco1978minfaz.pdf;"outputs/fontes-pedro-souza-irpf/aef_scan/previews/anuareco1978/aef1978_pdfpage_306.png; outputs/fontes-pedro-souza-irpf/aef_scan/previews/anuareco1978/aef1978_pdfpage_307.png; outputs/fontes-pedro-souza-irpf/aef_scan/previews/anuareco1978/aef1978_pdfpage_310.png; outputs/fontes-pedro-souza-irpf/aef_scan/previews/anuareco1978/aef1978_pdfpage_311.png";"306; 307; 310; 311";"315; 316; 319; 320";"8.2.125; 8.2.127";
1976;1977;Brasil;1;aef_1978;F03;3;49.301 a 70.900;49301;70900;0;540257;;;31873972;58997.795494;;;;;;;;;;;;Cr$;Cr$ 1.000;Cr$ 1,00;renda liquida;"declarantes publicados diretamente; MCT e MSO somados por faixa; primeira faixa agrega renda liquida negativa e zero a limite superior";Brasil. Ministerio da Fazenda. Anuario Economico-Fiscal 1978. Brasilia: Ministerio da Fazenda, 1978.;https://archive.org/download/anuareco1978minfaz/anuareco1978minfaz.pdf;outputs/fontes-pedro-souza-irpf/aef_scan/pdf/anuareco1978minfaz.pdf;"outputs/fontes-pedro-souza-irpf/aef_scan/previews/anuareco1978/aef1978_pdfpage_306.png; outputs/fontes-pedro-souza-irpf/aef_scan/previews/anuareco1978/aef1978_pdfpage_307.png; outputs/fontes-pedro-souza-irpf/aef_scan/previews/anuareco1978/aef1978_pdfpage_310.png; outputs/fontes-pedro-souza-irpf/aef_scan/previews/anuareco1978/aef1978_pdfpage_311.png";"306; 307; 310; 311";"315; 316; 319; 320";"8.2.125; 8.2.127";
1976;1977;Brasil;1;aef_1978;F04;4;70.901 a 104.000;70901;104000;0;399475;;;34183856;85571.953189;;;;;;;;;;;;Cr$;Cr$ 1.000;Cr$ 1,00;renda liquida;"declarantes publicados diretamente; MCT e MSO somados por faixa; primeira faixa agrega renda liquida negativa e zero a limite superior";Brasil. Ministerio da Fazenda. Anuario Economico-Fiscal 1978. Brasilia: Ministerio da Fazenda, 1978.;https://archive.org/download/anuareco1978minfaz/anuareco1978minfaz.pdf;outputs/fontes-pedro-souza-irpf/aef_scan/pdf/anuareco1978minfaz.pdf;"outputs/fontes-pedro-souza-irpf/aef_scan/previews/anuareco1978/aef1978_pdfpage_306.png; outputs/fontes-pedro-souza-irpf/aef_scan/previews/anuareco1978/aef1978_pdfpage_307.png; outputs/fontes-pedro-souza-irpf/aef_scan/previews/anuareco1978/aef1978_pdfpage_310.png; outputs/fontes-pedro-souza-irpf/aef_scan/previews/anuareco1978/aef1978_pdfpage_311.png";"306; 307; 310; 311";"315; 316; 319; 320";"8.2.125; 8.2.127";
1976;1977;Brasil;1;aef_1978;F05;5;104.001 a 151.200;104001;151200;0;243421;;;30301769;124482.969834;;;;;;;;;;;;Cr$;Cr$ 1.000;Cr$ 1,00;renda liquida;"declarantes publicados diretamente; MCT e MSO somados por faixa; primeira faixa agrega renda liquida negativa e zero a limite superior";Brasil. Ministerio da Fazenda. Anuario Economico-Fiscal 1978. Brasilia: Ministerio da Fazenda, 1978.;https://archive.org/download/anuareco1978minfaz/anuareco1978minfaz.pdf;outputs/fontes-pedro-souza-irpf/aef_scan/pdf/anuareco1978minfaz.pdf;"outputs/fontes-pedro-souza-irpf/aef_scan/previews/anuareco1978/aef1978_pdfpage_306.png; outputs/fontes-pedro-souza-irpf/aef_scan/previews/anuareco1978/aef1978_pdfpage_307.png; outputs/fontes-pedro-souza-irpf/aef_scan/previews/anuareco1978/aef1978_pdfpage_310.png; outputs/fontes-pedro-souza-irpf/aef_scan/previews/anuareco1978/aef1978_pdfpage_311.png";"306; 307; 310; 311";"315; 316; 319; 320";"8.2.125; 8.2.127";
1976;1977;Brasil;1;aef_1978;F06;6;151.201 a 220.700;151201;220700;0;146616;;;26618625;181553.343428;;;;;;;;;;;;Cr$;Cr$ 1.000;Cr$ 1,00;renda liquida;"declarantes publicados diretamente; MCT e MSO somados por faixa; primeira faixa agrega renda liquida negativa e zero a limite superior";Brasil. Ministerio da Fazenda. Anuario Economico-Fiscal 1978. Brasilia: Ministerio da Fazenda, 1978.;https://archive.org/download/anuareco1978minfaz/anuareco1978minfaz.pdf;outputs/fontes-pedro-souza-irpf/aef_scan/pdf/anuareco1978minfaz.pdf;"outputs/fontes-pedro-souza-irpf/aef_scan/previews/anuareco1978/aef1978_pdfpage_306.png; outputs/fontes-pedro-souza-irpf/aef_scan/previews/anuareco1978/aef1978_pdfpage_307.png; outputs/fontes-pedro-souza-irpf/aef_scan/previews/anuareco1978/aef1978_pdfpage_310.png; outputs/fontes-pedro-souza-irpf/aef_scan/previews/anuareco1978/aef1978_pdfpage_311.png";"306; 307; 310; 311";"315; 316; 319; 320";"8.2.125; 8.2.127";
1976;1977;Brasil;1;aef_1978;F07;7;220.701 a 321.300;220701;321300;0;80073;;;21043286;262801.268842;;;;;;;;;;;;Cr$;Cr$ 1.000;Cr$ 1,00;renda liquida;"declarantes publicados diretamente; MCT e MSO somados por faixa; primeira faixa agrega renda liquida negativa e zero a limite superior";Brasil. Ministerio da Fazenda. Anuario Economico-Fiscal 1978. Brasilia: Ministerio da Fazenda, 1978.;https://archive.org/download/anuareco1978minfaz/anuareco1978minfaz.pdf;outputs/fontes-pedro-souza-irpf/aef_scan/pdf/anuareco1978minfaz.pdf;"outputs/fontes-pedro-souza-irpf/aef_scan/previews/anuareco1978/aef1978_pdfpage_306.png; outputs/fontes-pedro-souza-irpf/aef_scan/previews/anuareco1978/aef1978_pdfpage_307.png; outputs/fontes-pedro-souza-irpf/aef_scan/previews/anuareco1978/aef1978_pdfpage_310.png; outputs/fontes-pedro-souza-irpf/aef_scan/previews/anuareco1978/aef1978_pdfpage_311.png";"306; 307; 310; 311";"315; 316; 319; 320";"8.2.125; 8.2.127";
1976;1977;Brasil;1;aef_1978;F08;8;321.301 a 675.000;321301;675000;0;47899;;;20397966;425853.692144;;;;;;;;;;;;Cr$;Cr$ 1.000;Cr$ 1,00;renda liquida;"declarantes publicados diretamente; MCT e MSO somados por faixa; primeira faixa agrega renda liquida negativa e zero a limite superior";Brasil. Ministerio da Fazenda. Anuario Economico-Fiscal 1978. Brasilia: Ministerio da Fazenda, 1978.;https://archive.org/download/anuareco1978minfaz/anuareco1978minfaz.pdf;outputs/fontes-pedro-souza-irpf/aef_scan/pdf/anuareco1978minfaz.pdf;"outputs/fontes-pedro-souza-irpf/aef_scan/previews/anuareco1978/aef1978_pdfpage_306.png; outputs/fontes-pedro-souza-irpf/aef_scan/previews/anuareco1978/aef1978_pdfpage_307.png; outputs/fontes-pedro-souza-irpf/aef_scan/previews/anuareco1978/aef1978_pdfpage_310.png; outputs/fontes-pedro-souza-irpf/aef_scan/previews/anuareco1978/aef1978_pdfpage_311.png";"306; 307; 310; 311";"315; 316; 319; 320";"8.2.125; 8.2.127";
1976;1977;Brasil;1;aef_1978;F09;9;675.001 a 3.128.500;675001;3128500;0;7758;;;8069273;1040122.840938;;;;;;;;;;;;Cr$;Cr$ 1.000;Cr$ 1,00;renda liquida;"declarantes publicados diretamente; MCT e MSO somados por faixa; primeira faixa agrega renda liquida negativa e zero a limite superior";Brasil. Ministerio da Fazenda. Anuario Economico-Fiscal 1978. Brasilia: Ministerio da Fazenda, 1978.;https://archive.org/download/anuareco1978minfaz/anuareco1978minfaz.pdf;outputs/fontes-pedro-souza-irpf/aef_scan/pdf/anuareco1978minfaz.pdf;"outputs/fontes-pedro-souza-irpf/aef_scan/previews/anuareco1978/aef1978_pdfpage_306.png; outputs/fontes-pedro-souza-irpf/aef_scan/previews/anuareco1978/aef1978_pdfpage_307.png; outputs/fontes-pedro-souza-irpf/aef_scan/previews/anuareco1978/aef1978_pdfpage_310.png; outputs/fontes-pedro-souza-irpf/aef_scan/previews/anuareco1978/aef1978_pdfpage_311.png";"306; 307; 310; 311";"315; 316; 319; 320";"8.2.125; 8.2.127";
1976;1977;Brasil;1;aef_1978;F10;10;Acima de 3.128.500;3128500;;1;211;;;978408;4637004.739336;;;;;;;;;;;;Cr$;Cr$ 1.000;Cr$ 1,00;renda liquida;"declarantes publicados diretamente; MCT e MSO somados por faixa; primeira faixa agrega renda liquida negativa e zero a limite superior";Brasil. Ministerio da Fazenda. Anuario Economico-Fiscal 1978. Brasilia: Ministerio da Fazenda, 1978.;https://archive.org/download/anuareco1978minfaz/anuareco1978minfaz.pdf;outputs/fontes-pedro-souza-irpf/aef_scan/pdf/anuareco1978minfaz.pdf;"outputs/fontes-pedro-souza-irpf/aef_scan/previews/anuareco1978/aef1978_pdfpage_306.png; outputs/fontes-pedro-souza-irpf/aef_scan/previews/anuareco1978/aef1978_pdfpage_307.png; outputs/fontes-pedro-souza-irpf/aef_scan/previews/anuareco1978/aef1978_pdfpage_310.png; outputs/fontes-pedro-souza-irpf/aef_scan/previews/anuareco1978/aef1978_pdfpage_311.png";"306; 307; 310; 311";"315; 316; 319; 320";"8.2.125; 8.2.127";
1977;1978;Brasil;1;aef_1979;F01;1;Ate 47.300;;47300;0;3656182;;;84584116;23134.54746;;;;;;;;;;;;Cr$;Cr$ 1.000;Cr$ 1,00;renda liquida;"declarantes publicados diretamente; MCT e MSO somados por faixa; primeira faixa agrega renda liquida negativa e zero a limite superior";Brasil. Ministerio da Fazenda. Anuario Economico-Fiscal 1979. Brasilia: Ministerio da Fazenda, 1979.;https://archive.org/download/anuareco1979minfaz/anuareco1979minfaz.pdf;outputs/fontes-pedro-souza-irpf/aef_scan/pdf/anuareco1979minfaz.pdf;"outputs/fontes-pedro-souza-irpf/aef_scan/previews/anuareco1979/aef1979_pdfpage_598.png; outputs/fontes-pedro-souza-irpf/aef_scan/previews/anuareco1979/aef1979_pdfpage_599.png; outputs/fontes-pedro-souza-irpf/aef_scan/previews/anuareco1979/aef1979_pdfpage_604.png; outputs/fontes-pedro-souza-irpf/aef_scan/previews/anuareco1979/aef1979_pdfpage_605.png";"598; 599; 604; 605";"607; 608; 613; 614";"131; 134";"O AEF 1979 separa declaracoes apresentadas no Modelo Completo (MCT) e no Modelo Simplificado (MSO). Como os quadros 131 e 134 usam as mesmas classes de renda liquida, a tabela principal soma MCT e MSO por faixa. A tabela de origem preserva os valores de cada modelo. Os quadros 131 e 134 separam uma classe de renda liquida negativa. Para manter comparabilidade com os AEF 1972-1974 e 1976-1978, a tabela principal agrega os declarantes da classe negativa com os declarantes de renda liquida de zero a Cr$ 47.300 na faixa 'Ate 47.300'. O valor de renda liquida usado nessa faixa e o total positivo da classe de zero a 47.300; a quantidade e o valor publicado da classe negativa foram preservados em colunas proprias e na tabela de origem. No quadro 131, o ultimo digito do total monetario MCT aparece parcialmente cortado no canto direito do scan. O valor usado (Cr$ 161.774.555 mil) e a soma das classes positivas transcritas."
1977;1978;Brasil;1;aef_1979;F02;2;47.301 a 66.400;47301;66400;0;783949;;;43888061;55983.311414;;;;;;;;;;;;Cr$;Cr$ 1.000;Cr$ 1,00;renda liquida;"declarantes publicados diretamente; MCT e MSO somados por faixa; primeira faixa agrega renda liquida negativa e zero a limite superior";Brasil. Ministerio da Fazenda. Anuario Economico-Fiscal 1979. Brasilia: Ministerio da Fazenda, 1979.;https://archive.org/download/anuareco1979minfaz/anuareco1979minfaz.pdf;outputs/fontes-pedro-souza-irpf/aef_scan/pdf/anuareco1979minfaz.pdf;"outputs/fontes-pedro-souza-irpf/aef_scan/previews/anuareco1979/aef1979_pdfpage_598.png; outputs/fontes-pedro-souza-irpf/aef_scan/previews/anuareco1979/aef1979_pdfpage_599.png; outputs/fontes-pedro-souza-irpf/aef_scan/previews/anuareco1979/aef1979_pdfpage_604.png; outputs/fontes-pedro-souza-irpf/aef_scan/previews/anuareco1979/aef1979_pdfpage_605.png";"598; 599; 604; 605";"607; 608; 613; 614";"131; 134";
1977;1978;Brasil;1;aef_1979;F03;3;66.401 a 95.500;66401;95500;0;614564;;;48842383;79474.85209;;;;;;;;;;;;Cr$;Cr$ 1.000;Cr$ 1,00;renda liquida;"declarantes publicados diretamente; MCT e MSO somados por faixa; primeira faixa agrega renda liquida negativa e zero a limite superior";Brasil. Ministerio da Fazenda. Anuario Economico-Fiscal 1979. Brasilia: Ministerio da Fazenda, 1979.;https://archive.org/download/anuareco1979minfaz/anuareco1979minfaz.pdf;outputs/fontes-pedro-souza-irpf/aef_scan/pdf/anuareco1979minfaz.pdf;"outputs/fontes-pedro-souza-irpf/aef_scan/previews/anuareco1979/aef1979_pdfpage_598.png; outputs/fontes-pedro-souza-irpf/aef_scan/previews/anuareco1979/aef1979_pdfpage_599.png; outputs/fontes-pedro-souza-irpf/aef_scan/previews/anuareco1979/aef1979_pdfpage_604.png; outputs/fontes-pedro-souza-irpf/aef_scan/previews/anuareco1979/aef1979_pdfpage_605.png";"598; 599; 604; 605";"607; 608; 613; 614";"131; 134";
1977;1978;Brasil;1;aef_1979;F04;4;95.501 a 140.100;95501;140100;0;454808;;;52414508;115245.351885;;;;;;;;;;;;Cr$;Cr$ 1.000;Cr$ 1,00;renda liquida;"declarantes publicados diretamente; MCT e MSO somados por faixa; primeira faixa agrega renda liquida negativa e zero a limite superior";Brasil. Ministerio da Fazenda. Anuario Economico-Fiscal 1979. Brasilia: Ministerio da Fazenda, 1979.;https://archive.org/download/anuareco1979minfaz/anuareco1979minfaz.pdf;outputs/fontes-pedro-souza-irpf/aef_scan/pdf/anuareco1979minfaz.pdf;"outputs/fontes-pedro-souza-irpf/aef_scan/previews/anuareco1979/aef1979_pdfpage_598.png; outputs/fontes-pedro-souza-irpf/aef_scan/previews/anuareco1979/aef1979_pdfpage_599.png; outputs/fontes-pedro-souza-irpf/aef_scan/previews/anuareco1979/aef1979_pdfpage_604.png; outputs/fontes-pedro-souza-irpf/aef_scan/previews/anuareco1979/aef1979_pdfpage_605.png";"598; 599; 604; 605";"607; 608; 613; 614";"131; 134";
1977;1978;Brasil;1;aef_1979;F05;5;140.101 a 203.800;140101;203800;0;280055;;;46964202;167696.352502;;;;;;;;;;;;Cr$;Cr$ 1.000;Cr$ 1,00;renda liquida;"declarantes publicados diretamente; MCT e MSO somados por faixa; primeira faixa agrega renda liquida negativa e zero a limite superior";Brasil. Ministerio da Fazenda. Anuario Economico-Fiscal 1979. Brasilia: Ministerio da Fazenda, 1979.;https://archive.org/download/anuareco1979minfaz/anuareco1979minfaz.pdf;outputs/fontes-pedro-souza-irpf/aef_scan/pdf/anuareco1979minfaz.pdf;"outputs/fontes-pedro-souza-irpf/aef_scan/previews/anuareco1979/aef1979_pdfpage_598.png; outputs/fontes-pedro-souza-irpf/aef_scan/previews/anuareco1979/aef1979_pdfpage_599.png; outputs/fontes-pedro-souza-irpf/aef_scan/previews/anuareco1979/aef1979_pdfpage_604.png; outputs/fontes-pedro-souza-irpf/aef_scan/previews/anuareco1979/aef1979_pdfpage_605.png";"598; 599; 604; 605";"607; 608; 613; 614";"131; 134";
1977;1978;Brasil;1;aef_1979;F06;6;203.801 a 297.600;203801;297600;0;169797;;;41589070;244934.068329;;;;;;;;;;;;Cr$;Cr$ 1.000;Cr$ 1,00;renda liquida;"declarantes publicados diretamente; MCT e MSO somados por faixa; primeira faixa agrega renda liquida negativa e zero a limite superior";Brasil. Ministerio da Fazenda. Anuario Economico-Fiscal 1979. Brasilia: Ministerio da Fazenda, 1979.;https://archive.org/download/anuareco1979minfaz/anuareco1979minfaz.pdf;outputs/fontes-pedro-souza-irpf/aef_scan/pdf/anuareco1979minfaz.pdf;"outputs/fontes-pedro-souza-irpf/aef_scan/previews/anuareco1979/aef1979_pdfpage_598.png; outputs/fontes-pedro-souza-irpf/aef_scan/previews/anuareco1979/aef1979_pdfpage_599.png; outputs/fontes-pedro-souza-irpf/aef_scan/previews/anuareco1979/aef1979_pdfpage_604.png; outputs/fontes-pedro-souza-irpf/aef_scan/previews/anuareco1979/aef1979_pdfpage_605.png";"598; 599; 604; 605";"607; 608; 613; 614";"131; 134";
1977;1978;Brasil;1;aef_1979;F07;7;297.601 a 433.200;297601;433200;0;98430;;;34946969;355043.878899;;;;;;;;;;;;Cr$;Cr$ 1.000;Cr$ 1,00;renda liquida;"declarantes publicados diretamente; MCT e MSO somados por faixa; primeira faixa agrega renda liquida negativa e zero a limite superior";Brasil. Ministerio da Fazenda. Anuario Economico-Fiscal 1979. Brasilia: Ministerio da Fazenda, 1979.;https://archive.org/download/anuareco1979minfaz/anuareco1979minfaz.pdf;outputs/fontes-pedro-souza-irpf/aef_scan/pdf/anuareco1979minfaz.pdf;"outputs/fontes-pedro-souza-irpf/aef_scan/previews/anuareco1979/aef1979_pdfpage_598.png; outputs/fontes-pedro-souza-irpf/aef_scan/previews/anuareco1979/aef1979_pdfpage_599.png; outputs/fontes-pedro-souza-irpf/aef_scan/previews/anuareco1979/aef1979_pdfpage_604.png; outputs/fontes-pedro-souza-irpf/aef_scan/previews/anuareco1979/aef1979_pdfpage_605.png";"598; 599; 604; 605";"607; 608; 613; 614";"131; 134";
1977;1978;Brasil;1;aef_1979;F08;8;433.201 a 910.000;433201;910000;0;61980;;;35558499;573709.244918;;;;;;;;;;;;Cr$;Cr$ 1.000;Cr$ 1,00;renda liquida;"declarantes publicados diretamente; MCT e MSO somados por faixa; primeira faixa agrega renda liquida negativa e zero a limite superior";Brasil. Ministerio da Fazenda. Anuario Economico-Fiscal 1979. Brasilia: Ministerio da Fazenda, 1979.;https://archive.org/download/anuareco1979minfaz/anuareco1979minfaz.pdf;outputs/fontes-pedro-souza-irpf/aef_scan/pdf/anuareco1979minfaz.pdf;"outputs/fontes-pedro-souza-irpf/aef_scan/previews/anuareco1979/aef1979_pdfpage_598.png; outputs/fontes-pedro-souza-irpf/aef_scan/previews/anuareco1979/aef1979_pdfpage_599.png; outputs/fontes-pedro-souza-irpf/aef_scan/previews/anuareco1979/aef1979_pdfpage_604.png; outputs/fontes-pedro-souza-irpf/aef_scan/previews/anuareco1979/aef1979_pdfpage_605.png";"598; 599; 604; 605";"607; 608; 613; 614";"131; 134";
1977;1978;Brasil;1;aef_1979;F09;9;910.001 a 4.223.500;910001;4223500;0;9926;;;13976162;1408035.663913;;;;;;;;;;;;Cr$;Cr$ 1.000;Cr$ 1,00;renda liquida;"declarantes publicados diretamente; MCT e MSO somados por faixa; primeira faixa agrega renda liquida negativa e zero a limite superior";Brasil. Ministerio da Fazenda. Anuario Economico-Fiscal 1979. Brasilia: Ministerio da Fazenda, 1979.;https://archive.org/download/anuareco1979minfaz/anuareco1979minfaz.pdf;outputs/fontes-pedro-souza-irpf/aef_scan/pdf/anuareco1979minfaz.pdf;"outputs/fontes-pedro-souza-irpf/aef_scan/previews/anuareco1979/aef1979_pdfpage_598.png; outputs/fontes-pedro-souza-irpf/aef_scan/previews/anuareco1979/aef1979_pdfpage_599.png; outputs/fontes-pedro-souza-irpf/aef_scan/previews/anuareco1979/aef1979_pdfpage_604.png; outputs/fontes-pedro-souza-irpf/aef_scan/previews/anuareco1979/aef1979_pdfpage_605.png";"598; 599; 604; 605";"607; 608; 613; 614";"131; 134";
1977;1978;Brasil;1;aef_1979;F10;10;Acima de 4.223.500;4223500;;1;251;;;1794924;7151091.633466;;;;;;;;;;;;Cr$;Cr$ 1.000;Cr$ 1,00;renda liquida;"declarantes publicados diretamente; MCT e MSO somados por faixa; primeira faixa agrega renda liquida negativa e zero a limite superior";Brasil. Ministerio da Fazenda. Anuario Economico-Fiscal 1979. Brasilia: Ministerio da Fazenda, 1979.;https://archive.org/download/anuareco1979minfaz/anuareco1979minfaz.pdf;outputs/fontes-pedro-souza-irpf/aef_scan/pdf/anuareco1979minfaz.pdf;"outputs/fontes-pedro-souza-irpf/aef_scan/previews/anuareco1979/aef1979_pdfpage_598.png; outputs/fontes-pedro-souza-irpf/aef_scan/previews/anuareco1979/aef1979_pdfpage_599.png; outputs/fontes-pedro-souza-irpf/aef_scan/previews/anuareco1979/aef1979_pdfpage_604.png; outputs/fontes-pedro-souza-irpf/aef_scan/previews/anuareco1979/aef1979_pdfpage_605.png";"598; 599; 604; 605";"607; 608; 613; 614";"131; 134";
