ano_calendario;ano_exercicio;unidade_geografica;codigo_faixa;ordem_faixa;faixa_renda_liquida_cr_mil;limite_inferior_cr_mil;limite_superior_cr_mil;faixa_topo_aberta;pessoas_fisicas_notificadas;renda_liquida_total_cr_mil;renda_liquida_media_cr;pessoas_calculadas_por_media;diferenca_pessoas_publicadas_menos_calculadas;moeda;unidade_monetaria_agregados;unidade_limites_faixa;tipo_rendimento;metodo_pessoas;fonte;url_fonte;arquivo_fonte;arquivo_imagem_tabela;pagina_pdf;pagina_impressa;quadro;observacao
1933;1934;Distrito Federal;F01;1;De mais de 12 a 20;12;20;0;5634;80307;14254;5633.997474;0.002526;Cr$;Cr$ 1.000;Cr$ 1.000;renda liquida;pessoas publicadas diretamente na tabela;Brasil. Instituto Brasileiro de Geografia e Estatistica. Anuario Estatistico do Brasil 1941-1945. Rio de Janeiro: IBGE, 1946, p. 496-497, tabela beta.;https://biblioteca.ibge.gov.br/visualizacao/periodicos/20/aeb_1941_1945.pdf;outputs/fontes-pedro-souza-irpf/aeb_1941_1945.pdf;"outputs/fontes-pedro-souza-irpf/aeb_1941_1945_paginas/pagina-501.png; outputs/fontes-pedro-souza-irpf/aeb_1941_1945_paginas/pagina-502.png";501-502;496-497;Tabela beta - Contribuintes no Distrito Federal e sua renda liquida por classes de renda - 1934/44;"Serie do Distrito Federal; nao comparar diretamente com a serie nacional. A tabela traz anos impressos 1934-1944; seguindo a regra dos Anuarios Estatisticos do Brasil usada no projeto, ano_calendario = ano_exercicio - 1."
1933;1934;Distrito Federal;F02;2;De mais de 20 a 30;20;30;0;2218;54057;24372;2217.996061;0.003939;Cr$;Cr$ 1.000;Cr$ 1.000;renda liquida;pessoas publicadas diretamente na tabela;Brasil. Instituto Brasileiro de Geografia e Estatistica. Anuario Estatistico do Brasil 1941-1945. Rio de Janeiro: IBGE, 1946, p. 496-497, tabela beta.;https://biblioteca.ibge.gov.br/visualizacao/periodicos/20/aeb_1941_1945.pdf;outputs/fontes-pedro-souza-irpf/aeb_1941_1945.pdf;"outputs/fontes-pedro-souza-irpf/aeb_1941_1945_paginas/pagina-501.png; outputs/fontes-pedro-souza-irpf/aeb_1941_1945_paginas/pagina-502.png";501-502;496-497;Tabela beta - Contribuintes no Distrito Federal e sua renda liquida por classes de renda - 1934/44;"Serie do Distrito Federal; nao comparar diretamente com a serie nacional. A tabela traz anos impressos 1934-1944; seguindo a regra dos Anuarios Estatisticos do Brasil usada no projeto, ano_calendario = ano_exercicio - 1."
1933;1934;Distrito Federal;F03;3;De mais de 30 a 60;30;60;0;1769;72643;41065;1768.976014;0.023986;Cr$;Cr$ 1.000;Cr$ 1.000;renda liquida;pessoas publicadas diretamente na tabela;Brasil. Instituto Brasileiro de Geografia e Estatistica. Anuario Estatistico do Brasil 1941-1945. Rio de Janeiro: IBGE, 1946, p. 496-497, tabela beta.;https://biblioteca.ibge.gov.br/visualizacao/periodicos/20/aeb_1941_1945.pdf;outputs/fontes-pedro-souza-irpf/aeb_1941_1945.pdf;"outputs/fontes-pedro-souza-irpf/aeb_1941_1945_paginas/pagina-501.png; outputs/fontes-pedro-souza-irpf/aeb_1941_1945_paginas/pagina-502.png";501-502;496-497;Tabela beta - Contribuintes no Distrito Federal e sua renda liquida por classes de renda - 1934/44;"Serie do Distrito Federal; nao comparar diretamente com a serie nacional. A tabela traz anos impressos 1934-1944; seguindo a regra dos Anuarios Estatisticos do Brasil usada no projeto, ano_calendario = ano_exercicio - 1."
1933;1934;Distrito Federal;F04;4;De mais de 60 a 90;60;90;0;499;36712;73570;499.007748;-0.007748;Cr$;Cr$ 1.000;Cr$ 1.000;renda liquida;pessoas publicadas diretamente na tabela;Brasil. Instituto Brasileiro de Geografia e Estatistica. Anuario Estatistico do Brasil 1941-1945. Rio de Janeiro: IBGE, 1946, p. 496-497, tabela beta.;https://biblioteca.ibge.gov.br/visualizacao/periodicos/20/aeb_1941_1945.pdf;outputs/fontes-pedro-souza-irpf/aeb_1941_1945.pdf;"outputs/fontes-pedro-souza-irpf/aeb_1941_1945_paginas/pagina-501.png; outputs/fontes-pedro-souza-irpf/aeb_1941_1945_paginas/pagina-502.png";501-502;496-497;Tabela beta - Contribuintes no Distrito Federal e sua renda liquida por classes de renda - 1934/44;"Serie do Distrito Federal; nao comparar diretamente com a serie nacional. A tabela traz anos impressos 1934-1944; seguindo a regra dos Anuarios Estatisticos do Brasil usada no projeto, ano_calendario = ano_exercicio - 1."
1933;1934;Distrito Federal;F05;5;De mais de 90 a 120;90;120;0;209;21572;103215;209.00063;-0.00063;Cr$;Cr$ 1.000;Cr$ 1.000;renda liquida;pessoas publicadas diretamente na tabela;Brasil. Instituto Brasileiro de Geografia e Estatistica. Anuario Estatistico do Brasil 1941-1945. Rio de Janeiro: IBGE, 1946, p. 496-497, tabela beta.;https://biblioteca.ibge.gov.br/visualizacao/periodicos/20/aeb_1941_1945.pdf;outputs/fontes-pedro-souza-irpf/aeb_1941_1945.pdf;"outputs/fontes-pedro-souza-irpf/aeb_1941_1945_paginas/pagina-501.png; outputs/fontes-pedro-souza-irpf/aeb_1941_1945_paginas/pagina-502.png";501-502;496-497;Tabela beta - Contribuintes no Distrito Federal e sua renda liquida por classes de renda - 1934/44;"Serie do Distrito Federal; nao comparar diretamente com a serie nacional. A tabela traz anos impressos 1934-1944; seguindo a regra dos Anuarios Estatisticos do Brasil usada no projeto, ano_calendario = ano_exercicio - 1."
1933;1934;Distrito Federal;F06;6;De mais de 120 a 150;120;150;0;112;14997;133898;112.003167;-0.003167;Cr$;Cr$ 1.000;Cr$ 1.000;renda liquida;pessoas publicadas diretamente na tabela;Brasil. Instituto Brasileiro de Geografia e Estatistica. Anuario Estatistico do Brasil 1941-1945. Rio de Janeiro: IBGE, 1946, p. 496-497, tabela beta.;https://biblioteca.ibge.gov.br/visualizacao/periodicos/20/aeb_1941_1945.pdf;outputs/fontes-pedro-souza-irpf/aeb_1941_1945.pdf;"outputs/fontes-pedro-souza-irpf/aeb_1941_1945_paginas/pagina-501.png; outputs/fontes-pedro-souza-irpf/aeb_1941_1945_paginas/pagina-502.png";501-502;496-497;Tabela beta - Contribuintes no Distrito Federal e sua renda liquida por classes de renda - 1934/44;"Serie do Distrito Federal; nao comparar diretamente com a serie nacional. A tabela traz anos impressos 1934-1944; seguindo a regra dos Anuarios Estatisticos do Brasil usada no projeto, ano_calendario = ano_exercicio - 1."
1933;1934;Distrito Federal;F07;7;De mais de 150 a 200;150;200;0;115;19824;172384;114.999072;0.000928;Cr$;Cr$ 1.000;Cr$ 1.000;renda liquida;pessoas publicadas diretamente na tabela;Brasil. Instituto Brasileiro de Geografia e Estatistica. Anuario Estatistico do Brasil 1941-1945. Rio de Janeiro: IBGE, 1946, p. 496-497, tabela beta.;https://biblioteca.ibge.gov.br/visualizacao/periodicos/20/aeb_1941_1945.pdf;outputs/fontes-pedro-souza-irpf/aeb_1941_1945.pdf;"outputs/fontes-pedro-souza-irpf/aeb_1941_1945_paginas/pagina-501.png; outputs/fontes-pedro-souza-irpf/aeb_1941_1945_paginas/pagina-502.png";501-502;496-497;Tabela beta - Contribuintes no Distrito Federal e sua renda liquida por classes de renda - 1934/44;"Serie do Distrito Federal; nao comparar diretamente com a serie nacional. A tabela traz anos impressos 1934-1944; seguindo a regra dos Anuarios Estatisticos do Brasil usada no projeto, ano_calendario = ano_exercicio - 1."
1933;1934;Distrito Federal;F08;8;De mais de 200 a 250;200;250;0;50;11198;223964;49.999107;0.000893;Cr$;Cr$ 1.000;Cr$ 1.000;renda liquida;pessoas publicadas diretamente na tabela;Brasil. Instituto Brasileiro de Geografia e Estatistica. Anuario Estatistico do Brasil 1941-1945. Rio de Janeiro: IBGE, 1946, p. 496-497, tabela beta.;https://biblioteca.ibge.gov.br/visualizacao/periodicos/20/aeb_1941_1945.pdf;outputs/fontes-pedro-souza-irpf/aeb_1941_1945.pdf;"outputs/fontes-pedro-souza-irpf/aeb_1941_1945_paginas/pagina-501.png; outputs/fontes-pedro-souza-irpf/aeb_1941_1945_paginas/pagina-502.png";501-502;496-497;Tabela beta - Contribuintes no Distrito Federal e sua renda liquida por classes de renda - 1934/44;"Serie do Distrito Federal; nao comparar diretamente com a serie nacional. A tabela traz anos impressos 1934-1944; seguindo a regra dos Anuarios Estatisticos do Brasil usada no projeto, ano_calendario = ano_exercicio - 1."
1933;1934;Distrito Federal;F09;9;De mais de 250 a 300;250;300;0;29;7919;273064;29.000527;-0.000527;Cr$;Cr$ 1.000;Cr$ 1.000;renda liquida;pessoas publicadas diretamente na tabela;Brasil. Instituto Brasileiro de Geografia e Estatistica. Anuario Estatistico do Brasil 1941-1945. Rio de Janeiro: IBGE, 1946, p. 496-497, tabela beta.;https://biblioteca.ibge.gov.br/visualizacao/periodicos/20/aeb_1941_1945.pdf;outputs/fontes-pedro-souza-irpf/aeb_1941_1945.pdf;"outputs/fontes-pedro-souza-irpf/aeb_1941_1945_paginas/pagina-501.png; outputs/fontes-pedro-souza-irpf/aeb_1941_1945_paginas/pagina-502.png";501-502;496-497;Tabela beta - Contribuintes no Distrito Federal e sua renda liquida por classes de renda - 1934/44;"Serie do Distrito Federal; nao comparar diretamente com a serie nacional. A tabela traz anos impressos 1934-1944; seguindo a regra dos Anuarios Estatisticos do Brasil usada no projeto, ano_calendario = ano_exercicio - 1."
1933;1934;Distrito Federal;F10;10;De mais de 300 a 400;300;400;0;28;9852;351859;27.999852;0.000148;Cr$;Cr$ 1.000;Cr$ 1.000;renda liquida;pessoas publicadas diretamente na tabela;Brasil. Instituto Brasileiro de Geografia e Estatistica. Anuario Estatistico do Brasil 1941-1945. Rio de Janeiro: IBGE, 1946, p. 496-497, tabela beta.;https://biblioteca.ibge.gov.br/visualizacao/periodicos/20/aeb_1941_1945.pdf;outputs/fontes-pedro-souza-irpf/aeb_1941_1945.pdf;"outputs/fontes-pedro-souza-irpf/aeb_1941_1945_paginas/pagina-501.png; outputs/fontes-pedro-souza-irpf/aeb_1941_1945_paginas/pagina-502.png";501-502;496-497;Tabela beta - Contribuintes no Distrito Federal e sua renda liquida por classes de renda - 1934/44;"Serie do Distrito Federal; nao comparar diretamente com a serie nacional. A tabela traz anos impressos 1934-1944; seguindo a regra dos Anuarios Estatisticos do Brasil usada no projeto, ano_calendario = ano_exercicio - 1."
1933;1934;Distrito Federal;F11;11;De mais de 400 a 500;400;500;0;12;5300;441647;12.000534;-0.000534;Cr$;Cr$ 1.000;Cr$ 1.000;renda liquida;pessoas publicadas diretamente na tabela;Brasil. Instituto Brasileiro de Geografia e Estatistica. Anuario Estatistico do Brasil 1941-1945. Rio de Janeiro: IBGE, 1946, p. 496-497, tabela beta.;https://biblioteca.ibge.gov.br/visualizacao/periodicos/20/aeb_1941_1945.pdf;outputs/fontes-pedro-souza-irpf/aeb_1941_1945.pdf;"outputs/fontes-pedro-souza-irpf/aeb_1941_1945_paginas/pagina-501.png; outputs/fontes-pedro-souza-irpf/aeb_1941_1945_paginas/pagina-502.png";501-502;496-497;Tabela beta - Contribuintes no Distrito Federal e sua renda liquida por classes de renda - 1934/44;"Serie do Distrito Federal; nao comparar diretamente com a serie nacional. A tabela traz anos impressos 1934-1944; seguindo a regra dos Anuarios Estatisticos do Brasil usada no projeto, ano_calendario = ano_exercicio - 1."
1933;1934;Distrito Federal;F12;12;Mais de 500;500;;1;27;22027;815803;27.000391;-0.000391;Cr$;Cr$ 1.000;Cr$ 1.000;renda liquida;pessoas publicadas diretamente na tabela;Brasil. Instituto Brasileiro de Geografia e Estatistica. Anuario Estatistico do Brasil 1941-1945. Rio de Janeiro: IBGE, 1946, p. 496-497, tabela beta.;https://biblioteca.ibge.gov.br/visualizacao/periodicos/20/aeb_1941_1945.pdf;outputs/fontes-pedro-souza-irpf/aeb_1941_1945.pdf;"outputs/fontes-pedro-souza-irpf/aeb_1941_1945_paginas/pagina-501.png; outputs/fontes-pedro-souza-irpf/aeb_1941_1945_paginas/pagina-502.png";501-502;496-497;Tabela beta - Contribuintes no Distrito Federal e sua renda liquida por classes de renda - 1934/44;"Serie do Distrito Federal; nao comparar diretamente com a serie nacional. A tabela traz anos impressos 1934-1944; seguindo a regra dos Anuarios Estatisticos do Brasil usada no projeto, ano_calendario = ano_exercicio - 1."
1934;1935;Distrito Federal;F01;1;De mais de 12 a 20;12;20;0;5866;84110;14339;5865.82049;0.17951;Cr$;Cr$ 1.000;Cr$ 1.000;renda liquida;pessoas publicadas diretamente na tabela;Brasil. Instituto Brasileiro de Geografia e Estatistica. Anuario Estatistico do Brasil 1941-1945. Rio de Janeiro: IBGE, 1946, p. 496-497, tabela beta.;https://biblioteca.ibge.gov.br/visualizacao/periodicos/20/aeb_1941_1945.pdf;outputs/fontes-pedro-souza-irpf/aeb_1941_1945.pdf;"outputs/fontes-pedro-souza-irpf/aeb_1941_1945_paginas/pagina-501.png; outputs/fontes-pedro-souza-irpf/aeb_1941_1945_paginas/pagina-502.png";501-502;496-497;Tabela beta - Contribuintes no Distrito Federal e sua renda liquida por classes de renda - 1934/44;"Serie do Distrito Federal; nao comparar diretamente com a serie nacional. A tabela traz anos impressos 1934-1944; seguindo a regra dos Anuarios Estatisticos do Brasil usada no projeto, ano_calendario = ano_exercicio - 1."
1934;1935;Distrito Federal;F02;2;De mais de 20 a 30;20;30;0;2501;61132;24443;2501.002332;-0.002332;Cr$;Cr$ 1.000;Cr$ 1.000;renda liquida;pessoas publicadas diretamente na tabela;Brasil. Instituto Brasileiro de Geografia e Estatistica. Anuario Estatistico do Brasil 1941-1945. Rio de Janeiro: IBGE, 1946, p. 496-497, tabela beta.;https://biblioteca.ibge.gov.br/visualizacao/periodicos/20/aeb_1941_1945.pdf;outputs/fontes-pedro-souza-irpf/aeb_1941_1945.pdf;"outputs/fontes-pedro-souza-irpf/aeb_1941_1945_paginas/pagina-501.png; outputs/fontes-pedro-souza-irpf/aeb_1941_1945_paginas/pagina-502.png";501-502;496-497;Tabela beta - Contribuintes no Distrito Federal e sua renda liquida por classes de renda - 1934/44;"Serie do Distrito Federal; nao comparar diretamente com a serie nacional. A tabela traz anos impressos 1934-1944; seguindo a regra dos Anuarios Estatisticos do Brasil usada no projeto, ano_calendario = ano_exercicio - 1."
1934;1935;Distrito Federal;F03;3;De mais de 30 a 60;30;60;0;2334;96135;41189;2333.996941;0.003059;Cr$;Cr$ 1.000;Cr$ 1.000;renda liquida;pessoas publicadas diretamente na tabela;Brasil. Instituto Brasileiro de Geografia e Estatistica. Anuario Estatistico do Brasil 1941-1945. Rio de Janeiro: IBGE, 1946, p. 496-497, tabela beta.;https://biblioteca.ibge.gov.br/visualizacao/periodicos/20/aeb_1941_1945.pdf;outputs/fontes-pedro-souza-irpf/aeb_1941_1945.pdf;"outputs/fontes-pedro-souza-irpf/aeb_1941_1945_paginas/pagina-501.png; outputs/fontes-pedro-souza-irpf/aeb_1941_1945_paginas/pagina-502.png";501-502;496-497;Tabela beta - Contribuintes no Distrito Federal e sua renda liquida por classes de renda - 1934/44;"Serie do Distrito Federal; nao comparar diretamente com a serie nacional. A tabela traz anos impressos 1934-1944; seguindo a regra dos Anuarios Estatisticos do Brasil usada no projeto, ano_calendario = ano_exercicio - 1."
1934;1935;Distrito Federal;F04;4;De mais de 60 a 90;60;90;0;656;47690;72699;655.992517;0.007483;Cr$;Cr$ 1.000;Cr$ 1.000;renda liquida;pessoas publicadas diretamente na tabela;Brasil. Instituto Brasileiro de Geografia e Estatistica. Anuario Estatistico do Brasil 1941-1945. Rio de Janeiro: IBGE, 1946, p. 496-497, tabela beta.;https://biblioteca.ibge.gov.br/visualizacao/periodicos/20/aeb_1941_1945.pdf;outputs/fontes-pedro-souza-irpf/aeb_1941_1945.pdf;"outputs/fontes-pedro-souza-irpf/aeb_1941_1945_paginas/pagina-501.png; outputs/fontes-pedro-souza-irpf/aeb_1941_1945_paginas/pagina-502.png";501-502;496-497;Tabela beta - Contribuintes no Distrito Federal e sua renda liquida por classes de renda - 1934/44;"Serie do Distrito Federal; nao comparar diretamente com a serie nacional. A tabela traz anos impressos 1934-1944; seguindo a regra dos Anuarios Estatisticos do Brasil usada no projeto, ano_calendario = ano_exercicio - 1."
1934;1935;Distrito Federal;F05;5;De mais de 90 a 120;90;120;0;256;26640;104061;256.00369;-0.00369;Cr$;Cr$ 1.000;Cr$ 1.000;renda liquida;pessoas publicadas diretamente na tabela;Brasil. Instituto Brasileiro de Geografia e Estatistica. Anuario Estatistico do Brasil 1941-1945. Rio de Janeiro: IBGE, 1946, p. 496-497, tabela beta.;https://biblioteca.ibge.gov.br/visualizacao/periodicos/20/aeb_1941_1945.pdf;outputs/fontes-pedro-souza-irpf/aeb_1941_1945.pdf;"outputs/fontes-pedro-souza-irpf/aeb_1941_1945_paginas/pagina-501.png; outputs/fontes-pedro-souza-irpf/aeb_1941_1945_paginas/pagina-502.png";501-502;496-497;Tabela beta - Contribuintes no Distrito Federal e sua renda liquida por classes de renda - 1934/44;"Serie do Distrito Federal; nao comparar diretamente com a serie nacional. A tabela traz anos impressos 1934-1944; seguindo a regra dos Anuarios Estatisticos do Brasil usada no projeto, ano_calendario = ano_exercicio - 1."
1934;1935;Distrito Federal;F06;6;De mais de 120 a 150;120;150;0;147;19497;132631;147.001832;-0.001832;Cr$;Cr$ 1.000;Cr$ 1.000;renda liquida;pessoas publicadas diretamente na tabela;Brasil. Instituto Brasileiro de Geografia e Estatistica. Anuario Estatistico do Brasil 1941-1945. Rio de Janeiro: IBGE, 1946, p. 496-497, tabela beta.;https://biblioteca.ibge.gov.br/visualizacao/periodicos/20/aeb_1941_1945.pdf;outputs/fontes-pedro-souza-irpf/aeb_1941_1945.pdf;"outputs/fontes-pedro-souza-irpf/aeb_1941_1945_paginas/pagina-501.png; outputs/fontes-pedro-souza-irpf/aeb_1941_1945_paginas/pagina-502.png";501-502;496-497;Tabela beta - Contribuintes no Distrito Federal e sua renda liquida por classes de renda - 1934/44;"Serie do Distrito Federal; nao comparar diretamente com a serie nacional. A tabela traz anos impressos 1934-1944; seguindo a regra dos Anuarios Estatisticos do Brasil usada no projeto, ano_calendario = ano_exercicio - 1."
1934;1935;Distrito Federal;F07;7;De mais de 150 a 200;150;200;0;129;22473;174210;128.999483;0.000517;Cr$;Cr$ 1.000;Cr$ 1.000;renda liquida;pessoas publicadas diretamente na tabela;Brasil. Instituto Brasileiro de Geografia e Estatistica. Anuario Estatistico do Brasil 1941-1945. Rio de Janeiro: IBGE, 1946, p. 496-497, tabela beta.;https://biblioteca.ibge.gov.br/visualizacao/periodicos/20/aeb_1941_1945.pdf;outputs/fontes-pedro-souza-irpf/aeb_1941_1945.pdf;"outputs/fontes-pedro-souza-irpf/aeb_1941_1945_paginas/pagina-501.png; outputs/fontes-pedro-souza-irpf/aeb_1941_1945_paginas/pagina-502.png";501-502;496-497;Tabela beta - Contribuintes no Distrito Federal e sua renda liquida por classes de renda - 1934/44;"Serie do Distrito Federal; nao comparar diretamente com a serie nacional. A tabela traz anos impressos 1934-1944; seguindo a regra dos Anuarios Estatisticos do Brasil usada no projeto, ano_calendario = ano_exercicio - 1."
1934;1935;Distrito Federal;F08;8;De mais de 200 a 250;200;250;0;55;12187;221587;54.998714;0.001286;Cr$;Cr$ 1.000;Cr$ 1.000;renda liquida;pessoas publicadas diretamente na tabela;Brasil. Instituto Brasileiro de Geografia e Estatistica. Anuario Estatistico do Brasil 1941-1945. Rio de Janeiro: IBGE, 1946, p. 496-497, tabela beta.;https://biblioteca.ibge.gov.br/visualizacao/periodicos/20/aeb_1941_1945.pdf;outputs/fontes-pedro-souza-irpf/aeb_1941_1945.pdf;"outputs/fontes-pedro-souza-irpf/aeb_1941_1945_paginas/pagina-501.png; outputs/fontes-pedro-souza-irpf/aeb_1941_1945_paginas/pagina-502.png";501-502;496-497;Tabela beta - Contribuintes no Distrito Federal e sua renda liquida por classes de renda - 1934/44;"Serie do Distrito Federal; nao comparar diretamente com a serie nacional. A tabela traz anos impressos 1934-1944; seguindo a regra dos Anuarios Estatisticos do Brasil usada no projeto, ano_calendario = ano_exercicio - 1."
1934;1935;Distrito Federal;F09;9;De mais de 250 a 300;250;300;0;29;7812;269393;28.998526;0.001474;Cr$;Cr$ 1.000;Cr$ 1.000;renda liquida;pessoas publicadas diretamente na tabela;Brasil. Instituto Brasileiro de Geografia e Estatistica. Anuario Estatistico do Brasil 1941-1945. Rio de Janeiro: IBGE, 1946, p. 496-497, tabela beta.;https://biblioteca.ibge.gov.br/visualizacao/periodicos/20/aeb_1941_1945.pdf;outputs/fontes-pedro-souza-irpf/aeb_1941_1945.pdf;"outputs/fontes-pedro-souza-irpf/aeb_1941_1945_paginas/pagina-501.png; outputs/fontes-pedro-souza-irpf/aeb_1941_1945_paginas/pagina-502.png";501-502;496-497;Tabela beta - Contribuintes no Distrito Federal e sua renda liquida por classes de renda - 1934/44;"Serie do Distrito Federal; nao comparar diretamente com a serie nacional. A tabela traz anos impressos 1934-1944; seguindo a regra dos Anuarios Estatisticos do Brasil usada no projeto, ano_calendario = ano_exercicio - 1."
1934;1935;Distrito Federal;F10;10;De mais de 300 a 400;300;400;0;33;11421;346084;33.000659;-0.000659;Cr$;Cr$ 1.000;Cr$ 1.000;renda liquida;pessoas publicadas diretamente na tabela;Brasil. Instituto Brasileiro de Geografia e Estatistica. Anuario Estatistico do Brasil 1941-1945. Rio de Janeiro: IBGE, 1946, p. 496-497, tabela beta.;https://biblioteca.ibge.gov.br/visualizacao/periodicos/20/aeb_1941_1945.pdf;outputs/fontes-pedro-souza-irpf/aeb_1941_1945.pdf;"outputs/fontes-pedro-souza-irpf/aeb_1941_1945_paginas/pagina-501.png; outputs/fontes-pedro-souza-irpf/aeb_1941_1945_paginas/pagina-502.png";501-502;496-497;Tabela beta - Contribuintes no Distrito Federal e sua renda liquida por classes de renda - 1934/44;"Serie do Distrito Federal; nao comparar diretamente com a serie nacional. A tabela traz anos impressos 1934-1944; seguindo a regra dos Anuarios Estatisticos do Brasil usada no projeto, ano_calendario = ano_exercicio - 1."
1934;1935;Distrito Federal;F11;11;De mais de 400 a 500;400;500;0;27;11937;442101;27.000618;-0.000618;Cr$;Cr$ 1.000;Cr$ 1.000;renda liquida;pessoas publicadas diretamente na tabela;Brasil. Instituto Brasileiro de Geografia e Estatistica. Anuario Estatistico do Brasil 1941-1945. Rio de Janeiro: IBGE, 1946, p. 496-497, tabela beta.;https://biblioteca.ibge.gov.br/visualizacao/periodicos/20/aeb_1941_1945.pdf;outputs/fontes-pedro-souza-irpf/aeb_1941_1945.pdf;"outputs/fontes-pedro-souza-irpf/aeb_1941_1945_paginas/pagina-501.png; outputs/fontes-pedro-souza-irpf/aeb_1941_1945_paginas/pagina-502.png";501-502;496-497;Tabela beta - Contribuintes no Distrito Federal e sua renda liquida por classes de renda - 1934/44;"Serie do Distrito Federal; nao comparar diretamente com a serie nacional. A tabela traz anos impressos 1934-1944; seguindo a regra dos Anuarios Estatisticos do Brasil usada no projeto, ano_calendario = ano_exercicio - 1."
1934;1935;Distrito Federal;F12;12;Mais de 500;500;;1;26;23427;901024;26.000417;-0.000417;Cr$;Cr$ 1.000;Cr$ 1.000;renda liquida;pessoas publicadas diretamente na tabela;Brasil. Instituto Brasileiro de Geografia e Estatistica. Anuario Estatistico do Brasil 1941-1945. Rio de Janeiro: IBGE, 1946, p. 496-497, tabela beta.;https://biblioteca.ibge.gov.br/visualizacao/periodicos/20/aeb_1941_1945.pdf;outputs/fontes-pedro-souza-irpf/aeb_1941_1945.pdf;"outputs/fontes-pedro-souza-irpf/aeb_1941_1945_paginas/pagina-501.png; outputs/fontes-pedro-souza-irpf/aeb_1941_1945_paginas/pagina-502.png";501-502;496-497;Tabela beta - Contribuintes no Distrito Federal e sua renda liquida por classes de renda - 1934/44;"Serie do Distrito Federal; nao comparar diretamente com a serie nacional. A tabela traz anos impressos 1934-1944; seguindo a regra dos Anuarios Estatisticos do Brasil usada no projeto, ano_calendario = ano_exercicio - 1."
1935;1936;Distrito Federal;F01;1;De mais de 12 a 20;12;20;0;6971;99311;14246;6971.149796;-0.149796;Cr$;Cr$ 1.000;Cr$ 1.000;renda liquida;pessoas publicadas diretamente na tabela;Brasil. Instituto Brasileiro de Geografia e Estatistica. Anuario Estatistico do Brasil 1941-1945. Rio de Janeiro: IBGE, 1946, p. 496-497, tabela beta.;https://biblioteca.ibge.gov.br/visualizacao/periodicos/20/aeb_1941_1945.pdf;outputs/fontes-pedro-souza-irpf/aeb_1941_1945.pdf;"outputs/fontes-pedro-souza-irpf/aeb_1941_1945_paginas/pagina-501.png; outputs/fontes-pedro-souza-irpf/aeb_1941_1945_paginas/pagina-502.png";501-502;496-497;Tabela beta - Contribuintes no Distrito Federal e sua renda liquida por classes de renda - 1934/44;"Serie do Distrito Federal; nao comparar diretamente com a serie nacional. A tabela traz anos impressos 1934-1944; seguindo a regra dos Anuarios Estatisticos do Brasil usada no projeto, ano_calendario = ano_exercicio - 1."
1935;1936;Distrito Federal;F02;2;De mais de 20 a 30;20;30;0;2794;68409;24484;2794.028753;-0.028753;Cr$;Cr$ 1.000;Cr$ 1.000;renda liquida;pessoas publicadas diretamente na tabela;Brasil. Instituto Brasileiro de Geografia e Estatistica. Anuario Estatistico do Brasil 1941-1945. Rio de Janeiro: IBGE, 1946, p. 496-497, tabela beta.;https://biblioteca.ibge.gov.br/visualizacao/periodicos/20/aeb_1941_1945.pdf;outputs/fontes-pedro-souza-irpf/aeb_1941_1945.pdf;"outputs/fontes-pedro-souza-irpf/aeb_1941_1945_paginas/pagina-501.png; outputs/fontes-pedro-souza-irpf/aeb_1941_1945_paginas/pagina-502.png";501-502;496-497;Tabela beta - Contribuintes no Distrito Federal e sua renda liquida por classes de renda - 1934/44;"Serie do Distrito Federal; nao comparar diretamente com a serie nacional. A tabela traz anos impressos 1934-1944; seguindo a regra dos Anuarios Estatisticos do Brasil usada no projeto, ano_calendario = ano_exercicio - 1."
1935;1936;Distrito Federal;F03;3;De mais de 30 a 60;30;60;0;2738;113012;41275;2738.025439;-0.025439;Cr$;Cr$ 1.000;Cr$ 1.000;renda liquida;pessoas publicadas diretamente na tabela;Brasil. Instituto Brasileiro de Geografia e Estatistica. Anuario Estatistico do Brasil 1941-1945. Rio de Janeiro: IBGE, 1946, p. 496-497, tabela beta.;https://biblioteca.ibge.gov.br/visualizacao/periodicos/20/aeb_1941_1945.pdf;outputs/fontes-pedro-souza-irpf/aeb_1941_1945.pdf;"outputs/fontes-pedro-souza-irpf/aeb_1941_1945_paginas/pagina-501.png; outputs/fontes-pedro-souza-irpf/aeb_1941_1945_paginas/pagina-502.png";501-502;496-497;Tabela beta - Contribuintes no Distrito Federal e sua renda liquida por classes de renda - 1934/44;"Serie do Distrito Federal; nao comparar diretamente com a serie nacional. A tabela traz anos impressos 1934-1944; seguindo a regra dos Anuarios Estatisticos do Brasil usada no projeto, ano_calendario = ano_exercicio - 1."
1935;1936;Distrito Federal;F04;4;De mais de 60 a 90;60;90;0;790;56966;72109;789.998475;0.001525;Cr$;Cr$ 1.000;Cr$ 1.000;renda liquida;pessoas publicadas diretamente na tabela;Brasil. Instituto Brasileiro de Geografia e Estatistica. Anuario Estatistico do Brasil 1941-1945. Rio de Janeiro: IBGE, 1946, p. 496-497, tabela beta.;https://biblioteca.ibge.gov.br/visualizacao/periodicos/20/aeb_1941_1945.pdf;outputs/fontes-pedro-souza-irpf/aeb_1941_1945.pdf;"outputs/fontes-pedro-souza-irpf/aeb_1941_1945_paginas/pagina-501.png; outputs/fontes-pedro-souza-irpf/aeb_1941_1945_paginas/pagina-502.png";501-502;496-497;Tabela beta - Contribuintes no Distrito Federal e sua renda liquida por classes de renda - 1934/44;"Serie do Distrito Federal; nao comparar diretamente com a serie nacional. A tabela traz anos impressos 1934-1944; seguindo a regra dos Anuarios Estatisticos do Brasil usada no projeto, ano_calendario = ano_exercicio - 1."
1935;1936;Distrito Federal;F05;5;De mais de 90 a 120;90;120;0;342;35604;104106;341.997579;0.002421;Cr$;Cr$ 1.000;Cr$ 1.000;renda liquida;pessoas publicadas diretamente na tabela;Brasil. Instituto Brasileiro de Geografia e Estatistica. Anuario Estatistico do Brasil 1941-1945. Rio de Janeiro: IBGE, 1946, p. 496-497, tabela beta.;https://biblioteca.ibge.gov.br/visualizacao/periodicos/20/aeb_1941_1945.pdf;outputs/fontes-pedro-souza-irpf/aeb_1941_1945.pdf;"outputs/fontes-pedro-souza-irpf/aeb_1941_1945_paginas/pagina-501.png; outputs/fontes-pedro-souza-irpf/aeb_1941_1945_paginas/pagina-502.png";501-502;496-497;Tabela beta - Contribuintes no Distrito Federal e sua renda liquida por classes de renda - 1934/44;"Serie do Distrito Federal; nao comparar diretamente com a serie nacional. A tabela traz anos impressos 1934-1944; seguindo a regra dos Anuarios Estatisticos do Brasil usada no projeto, ano_calendario = ano_exercicio - 1."
1935;1936;Distrito Federal;F06;6;De mais de 120 a 150;120;150;0;186;24710;132851;185.997847;0.002153;Cr$;Cr$ 1.000;Cr$ 1.000;renda liquida;pessoas publicadas diretamente na tabela;Brasil. Instituto Brasileiro de Geografia e Estatistica. Anuario Estatistico do Brasil 1941-1945. Rio de Janeiro: IBGE, 1946, p. 496-497, tabela beta.;https://biblioteca.ibge.gov.br/visualizacao/periodicos/20/aeb_1941_1945.pdf;outputs/fontes-pedro-souza-irpf/aeb_1941_1945.pdf;"outputs/fontes-pedro-souza-irpf/aeb_1941_1945_paginas/pagina-501.png; outputs/fontes-pedro-souza-irpf/aeb_1941_1945_paginas/pagina-502.png";501-502;496-497;Tabela beta - Contribuintes no Distrito Federal e sua renda liquida por classes de renda - 1934/44;"Serie do Distrito Federal; nao comparar diretamente com a serie nacional. A tabela traz anos impressos 1934-1944; seguindo a regra dos Anuarios Estatisticos do Brasil usada no projeto, ano_calendario = ano_exercicio - 1."
1935;1936;Distrito Federal;F07;7;De mais de 150 a 200;150;200;0;180;30683;170459;180.002229;-0.002229;Cr$;Cr$ 1.000;Cr$ 1.000;renda liquida;pessoas publicadas diretamente na tabela;Brasil. Instituto Brasileiro de Geografia e Estatistica. Anuario Estatistico do Brasil 1941-1945. Rio de Janeiro: IBGE, 1946, p. 496-497, tabela beta.;https://biblioteca.ibge.gov.br/visualizacao/periodicos/20/aeb_1941_1945.pdf;outputs/fontes-pedro-souza-irpf/aeb_1941_1945.pdf;"outputs/fontes-pedro-souza-irpf/aeb_1941_1945_paginas/pagina-501.png; outputs/fontes-pedro-souza-irpf/aeb_1941_1945_paginas/pagina-502.png";501-502;496-497;Tabela beta - Contribuintes no Distrito Federal e sua renda liquida por classes de renda - 1934/44;"Serie do Distrito Federal; nao comparar diretamente com a serie nacional. A tabela traz anos impressos 1934-1944; seguindo a regra dos Anuarios Estatisticos do Brasil usada no projeto, ano_calendario = ano_exercicio - 1."
1935;1936;Distrito Federal;F08;8;De mais de 200 a 250;200;250;0;83;18706;225379;82.997972;0.002028;Cr$;Cr$ 1.000;Cr$ 1.000;renda liquida;pessoas publicadas diretamente na tabela;Brasil. Instituto Brasileiro de Geografia e Estatistica. Anuario Estatistico do Brasil 1941-1945. Rio de Janeiro: IBGE, 1946, p. 496-497, tabela beta.;https://biblioteca.ibge.gov.br/visualizacao/periodicos/20/aeb_1941_1945.pdf;outputs/fontes-pedro-souza-irpf/aeb_1941_1945.pdf;"outputs/fontes-pedro-souza-irpf/aeb_1941_1945_paginas/pagina-501.png; outputs/fontes-pedro-souza-irpf/aeb_1941_1945_paginas/pagina-502.png";501-502;496-497;Tabela beta - Contribuintes no Distrito Federal e sua renda liquida por classes de renda - 1934/44;"Serie do Distrito Federal; nao comparar diretamente com a serie nacional. A tabela traz anos impressos 1934-1944; seguindo a regra dos Anuarios Estatisticos do Brasil usada no projeto, ano_calendario = ano_exercicio - 1."
1935;1936;Distrito Federal;F09;9;De mais de 250 a 300;250;300;0;40;10837;270927;39.999705;0.000295;Cr$;Cr$ 1.000;Cr$ 1.000;renda liquida;pessoas publicadas diretamente na tabela;Brasil. Instituto Brasileiro de Geografia e Estatistica. Anuario Estatistico do Brasil 1941-1945. Rio de Janeiro: IBGE, 1946, p. 496-497, tabela beta.;https://biblioteca.ibge.gov.br/visualizacao/periodicos/20/aeb_1941_1945.pdf;outputs/fontes-pedro-souza-irpf/aeb_1941_1945.pdf;"outputs/fontes-pedro-souza-irpf/aeb_1941_1945_paginas/pagina-501.png; outputs/fontes-pedro-souza-irpf/aeb_1941_1945_paginas/pagina-502.png";501-502;496-497;Tabela beta - Contribuintes no Distrito Federal e sua renda liquida por classes de renda - 1934/44;"Serie do Distrito Federal; nao comparar diretamente com a serie nacional. A tabela traz anos impressos 1934-1944; seguindo a regra dos Anuarios Estatisticos do Brasil usada no projeto, ano_calendario = ano_exercicio - 1."
1935;1936;Distrito Federal;F10;10;De mais de 300 a 400;300;400;0;43;14479;336717;43.000502;-0.000502;Cr$;Cr$ 1.000;Cr$ 1.000;renda liquida;pessoas publicadas diretamente na tabela;Brasil. Instituto Brasileiro de Geografia e Estatistica. Anuario Estatistico do Brasil 1941-1945. Rio de Janeiro: IBGE, 1946, p. 496-497, tabela beta.;https://biblioteca.ibge.gov.br/visualizacao/periodicos/20/aeb_1941_1945.pdf;outputs/fontes-pedro-souza-irpf/aeb_1941_1945.pdf;"outputs/fontes-pedro-souza-irpf/aeb_1941_1945_paginas/pagina-501.png; outputs/fontes-pedro-souza-irpf/aeb_1941_1945_paginas/pagina-502.png";501-502;496-497;Tabela beta - Contribuintes no Distrito Federal e sua renda liquida por classes de renda - 1934/44;"Serie do Distrito Federal; nao comparar diretamente com a serie nacional. A tabela traz anos impressos 1934-1944; seguindo a regra dos Anuarios Estatisticos do Brasil usada no projeto, ano_calendario = ano_exercicio - 1."
1935;1936;Distrito Federal;F11;11;De mais de 400 a 500;400;500;0;39;17467;447862;39.000853;-0.000853;Cr$;Cr$ 1.000;Cr$ 1.000;renda liquida;pessoas publicadas diretamente na tabela;Brasil. Instituto Brasileiro de Geografia e Estatistica. Anuario Estatistico do Brasil 1941-1945. Rio de Janeiro: IBGE, 1946, p. 496-497, tabela beta.;https://biblioteca.ibge.gov.br/visualizacao/periodicos/20/aeb_1941_1945.pdf;outputs/fontes-pedro-souza-irpf/aeb_1941_1945.pdf;"outputs/fontes-pedro-souza-irpf/aeb_1941_1945_paginas/pagina-501.png; outputs/fontes-pedro-souza-irpf/aeb_1941_1945_paginas/pagina-502.png";501-502;496-497;Tabela beta - Contribuintes no Distrito Federal e sua renda liquida por classes de renda - 1934/44;"Serie do Distrito Federal; nao comparar diretamente com a serie nacional. A tabela traz anos impressos 1934-1944; seguindo a regra dos Anuarios Estatisticos do Brasil usada no projeto, ano_calendario = ano_exercicio - 1."
1935;1936;Distrito Federal;F12;12;Mais de 500;500;;1;35;32927;940768;35.000128;-0.000128;Cr$;Cr$ 1.000;Cr$ 1.000;renda liquida;pessoas publicadas diretamente na tabela;Brasil. Instituto Brasileiro de Geografia e Estatistica. Anuario Estatistico do Brasil 1941-1945. Rio de Janeiro: IBGE, 1946, p. 496-497, tabela beta.;https://biblioteca.ibge.gov.br/visualizacao/periodicos/20/aeb_1941_1945.pdf;outputs/fontes-pedro-souza-irpf/aeb_1941_1945.pdf;"outputs/fontes-pedro-souza-irpf/aeb_1941_1945_paginas/pagina-501.png; outputs/fontes-pedro-souza-irpf/aeb_1941_1945_paginas/pagina-502.png";501-502;496-497;Tabela beta - Contribuintes no Distrito Federal e sua renda liquida por classes de renda - 1934/44;"Serie do Distrito Federal; nao comparar diretamente com a serie nacional. A tabela traz anos impressos 1934-1944; seguindo a regra dos Anuarios Estatisticos do Brasil usada no projeto, ano_calendario = ano_exercicio - 1."
1936;1937;Distrito Federal;F01;1;De mais de 12 a 20;12;20;0;7697;110294;14329;7697.25731;-0.25731;Cr$;Cr$ 1.000;Cr$ 1.000;renda liquida;pessoas publicadas diretamente na tabela;Brasil. Instituto Brasileiro de Geografia e Estatistica. Anuario Estatistico do Brasil 1941-1945. Rio de Janeiro: IBGE, 1946, p. 496-497, tabela beta.;https://biblioteca.ibge.gov.br/visualizacao/periodicos/20/aeb_1941_1945.pdf;outputs/fontes-pedro-souza-irpf/aeb_1941_1945.pdf;"outputs/fontes-pedro-souza-irpf/aeb_1941_1945_paginas/pagina-501.png; outputs/fontes-pedro-souza-irpf/aeb_1941_1945_paginas/pagina-502.png";501-502;496-497;Tabela beta - Contribuintes no Distrito Federal e sua renda liquida por classes de renda - 1934/44;"Serie do Distrito Federal; nao comparar diretamente com a serie nacional. A tabela traz anos impressos 1934-1944; seguindo a regra dos Anuarios Estatisticos do Brasil usada no projeto, ano_calendario = ano_exercicio - 1."
1936;1937;Distrito Federal;F02;2;De mais de 20 a 30;20;30;0;3331;81297;24406;3331.025158;-0.025158;Cr$;Cr$ 1.000;Cr$ 1.000;renda liquida;pessoas publicadas diretamente na tabela;Brasil. Instituto Brasileiro de Geografia e Estatistica. Anuario Estatistico do Brasil 1941-1945. Rio de Janeiro: IBGE, 1946, p. 496-497, tabela beta.;https://biblioteca.ibge.gov.br/visualizacao/periodicos/20/aeb_1941_1945.pdf;outputs/fontes-pedro-souza-irpf/aeb_1941_1945.pdf;"outputs/fontes-pedro-souza-irpf/aeb_1941_1945_paginas/pagina-501.png; outputs/fontes-pedro-souza-irpf/aeb_1941_1945_paginas/pagina-502.png";501-502;496-497;Tabela beta - Contribuintes no Distrito Federal e sua renda liquida por classes de renda - 1934/44;"Serie do Distrito Federal; nao comparar diretamente com a serie nacional. A tabela traz anos impressos 1934-1944; seguindo a regra dos Anuarios Estatisticos do Brasil usada no projeto, ano_calendario = ano_exercicio - 1."
1936;1937;Distrito Federal;F03;3;De mais de 30 a 60;30;60;0;3252;134104;41237;3252.030943;-0.030943;Cr$;Cr$ 1.000;Cr$ 1.000;renda liquida;pessoas publicadas diretamente na tabela;Brasil. Instituto Brasileiro de Geografia e Estatistica. Anuario Estatistico do Brasil 1941-1945. Rio de Janeiro: IBGE, 1946, p. 496-497, tabela beta.;https://biblioteca.ibge.gov.br/visualizacao/periodicos/20/aeb_1941_1945.pdf;outputs/fontes-pedro-souza-irpf/aeb_1941_1945.pdf;"outputs/fontes-pedro-souza-irpf/aeb_1941_1945_paginas/pagina-501.png; outputs/fontes-pedro-souza-irpf/aeb_1941_1945_paginas/pagina-502.png";501-502;496-497;Tabela beta - Contribuintes no Distrito Federal e sua renda liquida por classes de renda - 1934/44;"Serie do Distrito Federal; nao comparar diretamente com a serie nacional. A tabela traz anos impressos 1934-1944; seguindo a regra dos Anuarios Estatisticos do Brasil usada no projeto, ano_calendario = ano_exercicio - 1."
1936;1937;Distrito Federal;F04;4;De mais de 60 a 90;60;90;0;904;65642;72613;903.997907;0.002093;Cr$;Cr$ 1.000;Cr$ 1.000;renda liquida;pessoas publicadas diretamente na tabela;Brasil. Instituto Brasileiro de Geografia e Estatistica. Anuario Estatistico do Brasil 1941-1945. Rio de Janeiro: IBGE, 1946, p. 496-497, tabela beta.;https://biblioteca.ibge.gov.br/visualizacao/periodicos/20/aeb_1941_1945.pdf;outputs/fontes-pedro-souza-irpf/aeb_1941_1945.pdf;"outputs/fontes-pedro-souza-irpf/aeb_1941_1945_paginas/pagina-501.png; outputs/fontes-pedro-souza-irpf/aeb_1941_1945_paginas/pagina-502.png";501-502;496-497;Tabela beta - Contribuintes no Distrito Federal e sua renda liquida por classes de renda - 1934/44;"Serie do Distrito Federal; nao comparar diretamente com a serie nacional. A tabela traz anos impressos 1934-1944; seguindo a regra dos Anuarios Estatisticos do Brasil usada no projeto, ano_calendario = ano_exercicio - 1."
1936;1937;Distrito Federal;F05;5;De mais de 90 a 120;90;120;0;406;41764;102868;405.996034;0.003966;Cr$;Cr$ 1.000;Cr$ 1.000;renda liquida;pessoas publicadas diretamente na tabela;Brasil. Instituto Brasileiro de Geografia e Estatistica. Anuario Estatistico do Brasil 1941-1945. Rio de Janeiro: IBGE, 1946, p. 496-497, tabela beta.;https://biblioteca.ibge.gov.br/visualizacao/periodicos/20/aeb_1941_1945.pdf;outputs/fontes-pedro-souza-irpf/aeb_1941_1945.pdf;"outputs/fontes-pedro-souza-irpf/aeb_1941_1945_paginas/pagina-501.png; outputs/fontes-pedro-souza-irpf/aeb_1941_1945_paginas/pagina-502.png";501-502;496-497;Tabela beta - Contribuintes no Distrito Federal e sua renda liquida por classes de renda - 1934/44;"Serie do Distrito Federal; nao comparar diretamente com a serie nacional. A tabela traz anos impressos 1934-1944; seguindo a regra dos Anuarios Estatisticos do Brasil usada no projeto, ano_calendario = ano_exercicio - 1."
1936;1937;Distrito Federal;F06;6;De mais de 120 a 150;120;150;0;178;23700;133146;178.00009;-9e-05;Cr$;Cr$ 1.000;Cr$ 1.000;renda liquida;pessoas publicadas diretamente na tabela;Brasil. Instituto Brasileiro de Geografia e Estatistica. Anuario Estatistico do Brasil 1941-1945. Rio de Janeiro: IBGE, 1946, p. 496-497, tabela beta.;https://biblioteca.ibge.gov.br/visualizacao/periodicos/20/aeb_1941_1945.pdf;outputs/fontes-pedro-souza-irpf/aeb_1941_1945.pdf;"outputs/fontes-pedro-souza-irpf/aeb_1941_1945_paginas/pagina-501.png; outputs/fontes-pedro-souza-irpf/aeb_1941_1945_paginas/pagina-502.png";501-502;496-497;Tabela beta - Contribuintes no Distrito Federal e sua renda liquida por classes de renda - 1934/44;"Serie do Distrito Federal; nao comparar diretamente com a serie nacional. A tabela traz anos impressos 1934-1944; seguindo a regra dos Anuarios Estatisticos do Brasil usada no projeto, ano_calendario = ano_exercicio - 1."
1936;1937;Distrito Federal;F07;7;De mais de 150 a 200;150;200;0;156;26763;171560;155.997902;0.002098;Cr$;Cr$ 1.000;Cr$ 1.000;renda liquida;pessoas publicadas diretamente na tabela;Brasil. Instituto Brasileiro de Geografia e Estatistica. Anuario Estatistico do Brasil 1941-1945. Rio de Janeiro: IBGE, 1946, p. 496-497, tabela beta.;https://biblioteca.ibge.gov.br/visualizacao/periodicos/20/aeb_1941_1945.pdf;outputs/fontes-pedro-souza-irpf/aeb_1941_1945.pdf;"outputs/fontes-pedro-souza-irpf/aeb_1941_1945_paginas/pagina-501.png; outputs/fontes-pedro-souza-irpf/aeb_1941_1945_paginas/pagina-502.png";501-502;496-497;Tabela beta - Contribuintes no Distrito Federal e sua renda liquida por classes de renda - 1934/44;"Serie do Distrito Federal; nao comparar diretamente com a serie nacional. A tabela traz anos impressos 1934-1944; seguindo a regra dos Anuarios Estatisticos do Brasil usada no projeto, ano_calendario = ano_exercicio - 1."
1936;1937;Distrito Federal;F08;8;De mais de 200 a 250;200;250;0;61;13592;222820;60.99991;9e-05;Cr$;Cr$ 1.000;Cr$ 1.000;renda liquida;pessoas publicadas diretamente na tabela;Brasil. Instituto Brasileiro de Geografia e Estatistica. Anuario Estatistico do Brasil 1941-1945. Rio de Janeiro: IBGE, 1946, p. 496-497, tabela beta.;https://biblioteca.ibge.gov.br/visualizacao/periodicos/20/aeb_1941_1945.pdf;outputs/fontes-pedro-souza-irpf/aeb_1941_1945.pdf;"outputs/fontes-pedro-souza-irpf/aeb_1941_1945_paginas/pagina-501.png; outputs/fontes-pedro-souza-irpf/aeb_1941_1945_paginas/pagina-502.png";501-502;496-497;Tabela beta - Contribuintes no Distrito Federal e sua renda liquida por classes de renda - 1934/44;"Serie do Distrito Federal; nao comparar diretamente com a serie nacional. A tabela traz anos impressos 1934-1944; seguindo a regra dos Anuarios Estatisticos do Brasil usada no projeto, ano_calendario = ano_exercicio - 1."
1936;1937;Distrito Federal;F09;9;De mais de 250 a 300;250;300;0;51;13823;271046;50.998723;0.001277;Cr$;Cr$ 1.000;Cr$ 1.000;renda liquida;pessoas publicadas diretamente na tabela;Brasil. Instituto Brasileiro de Geografia e Estatistica. Anuario Estatistico do Brasil 1941-1945. Rio de Janeiro: IBGE, 1946, p. 496-497, tabela beta.;https://biblioteca.ibge.gov.br/visualizacao/periodicos/20/aeb_1941_1945.pdf;outputs/fontes-pedro-souza-irpf/aeb_1941_1945.pdf;"outputs/fontes-pedro-souza-irpf/aeb_1941_1945_paginas/pagina-501.png; outputs/fontes-pedro-souza-irpf/aeb_1941_1945_paginas/pagina-502.png";501-502;496-497;Tabela beta - Contribuintes no Distrito Federal e sua renda liquida por classes de renda - 1934/44;"Serie do Distrito Federal; nao comparar diretamente com a serie nacional. A tabela traz anos impressos 1934-1944; seguindo a regra dos Anuarios Estatisticos do Brasil usada no projeto, ano_calendario = ano_exercicio - 1."
1936;1937;Distrito Federal;F10;10;De mais de 300 a 400;300;400;0;47;15740;334895;46.999806;0.000194;Cr$;Cr$ 1.000;Cr$ 1.000;renda liquida;pessoas publicadas diretamente na tabela;Brasil. Instituto Brasileiro de Geografia e Estatistica. Anuario Estatistico do Brasil 1941-1945. Rio de Janeiro: IBGE, 1946, p. 496-497, tabela beta.;https://biblioteca.ibge.gov.br/visualizacao/periodicos/20/aeb_1941_1945.pdf;outputs/fontes-pedro-souza-irpf/aeb_1941_1945.pdf;"outputs/fontes-pedro-souza-irpf/aeb_1941_1945_paginas/pagina-501.png; outputs/fontes-pedro-souza-irpf/aeb_1941_1945_paginas/pagina-502.png";501-502;496-497;Tabela beta - Contribuintes no Distrito Federal e sua renda liquida por classes de renda - 1934/44;"Serie do Distrito Federal; nao comparar diretamente com a serie nacional. A tabela traz anos impressos 1934-1944; seguindo a regra dos Anuarios Estatisticos do Brasil usada no projeto, ano_calendario = ano_exercicio - 1."
1936;1937;Distrito Federal;F11;11;De mais de 400 a 500;400;500;0;24;10572;440509;23.99951;0.00049;Cr$;Cr$ 1.000;Cr$ 1.000;renda liquida;pessoas publicadas diretamente na tabela;Brasil. Instituto Brasileiro de Geografia e Estatistica. Anuario Estatistico do Brasil 1941-1945. Rio de Janeiro: IBGE, 1946, p. 496-497, tabela beta.;https://biblioteca.ibge.gov.br/visualizacao/periodicos/20/aeb_1941_1945.pdf;outputs/fontes-pedro-souza-irpf/aeb_1941_1945.pdf;"outputs/fontes-pedro-souza-irpf/aeb_1941_1945_paginas/pagina-501.png; outputs/fontes-pedro-souza-irpf/aeb_1941_1945_paginas/pagina-502.png";501-502;496-497;Tabela beta - Contribuintes no Distrito Federal e sua renda liquida por classes de renda - 1934/44;"Serie do Distrito Federal; nao comparar diretamente com a serie nacional. A tabela traz anos impressos 1934-1944; seguindo a regra dos Anuarios Estatisticos do Brasil usada no projeto, ano_calendario = ano_exercicio - 1."
1936;1937;Distrito Federal;F12;12;Mais de 500;500;;1;30;23378;779270;29.999872;0.000128;Cr$;Cr$ 1.000;Cr$ 1.000;renda liquida;pessoas publicadas diretamente na tabela;Brasil. Instituto Brasileiro de Geografia e Estatistica. Anuario Estatistico do Brasil 1941-1945. Rio de Janeiro: IBGE, 1946, p. 496-497, tabela beta.;https://biblioteca.ibge.gov.br/visualizacao/periodicos/20/aeb_1941_1945.pdf;outputs/fontes-pedro-souza-irpf/aeb_1941_1945.pdf;"outputs/fontes-pedro-souza-irpf/aeb_1941_1945_paginas/pagina-501.png; outputs/fontes-pedro-souza-irpf/aeb_1941_1945_paginas/pagina-502.png";501-502;496-497;Tabela beta - Contribuintes no Distrito Federal e sua renda liquida por classes de renda - 1934/44;"Serie do Distrito Federal; nao comparar diretamente com a serie nacional. A tabela traz anos impressos 1934-1944; seguindo a regra dos Anuarios Estatisticos do Brasil usada no projeto, ano_calendario = ano_exercicio - 1."
1937;1938;Distrito Federal;F01;1;De mais de 12 a 20;12;20;0;9349;133853;14317;9349.235175;-0.235175;Cr$;Cr$ 1.000;Cr$ 1.000;renda liquida;pessoas publicadas diretamente na tabela;Brasil. Instituto Brasileiro de Geografia e Estatistica. Anuario Estatistico do Brasil 1941-1945. Rio de Janeiro: IBGE, 1946, p. 496-497, tabela beta.;https://biblioteca.ibge.gov.br/visualizacao/periodicos/20/aeb_1941_1945.pdf;outputs/fontes-pedro-souza-irpf/aeb_1941_1945.pdf;"outputs/fontes-pedro-souza-irpf/aeb_1941_1945_paginas/pagina-501.png; outputs/fontes-pedro-souza-irpf/aeb_1941_1945_paginas/pagina-502.png";501-502;496-497;Tabela beta - Contribuintes no Distrito Federal e sua renda liquida por classes de renda - 1934/44;"Serie do Distrito Federal; nao comparar diretamente com a serie nacional. A tabela traz anos impressos 1934-1944; seguindo a regra dos Anuarios Estatisticos do Brasil usada no projeto, ano_calendario = ano_exercicio - 1."
1937;1938;Distrito Federal;F02;2;De mais de 20 a 30;20;30;0;3953;96895;24512;3952.961815;0.038185;Cr$;Cr$ 1.000;Cr$ 1.000;renda liquida;pessoas publicadas diretamente na tabela;Brasil. Instituto Brasileiro de Geografia e Estatistica. Anuario Estatistico do Brasil 1941-1945. Rio de Janeiro: IBGE, 1946, p. 496-497, tabela beta.;https://biblioteca.ibge.gov.br/visualizacao/periodicos/20/aeb_1941_1945.pdf;outputs/fontes-pedro-souza-irpf/aeb_1941_1945.pdf;"outputs/fontes-pedro-souza-irpf/aeb_1941_1945_paginas/pagina-501.png; outputs/fontes-pedro-souza-irpf/aeb_1941_1945_paginas/pagina-502.png";501-502;496-497;Tabela beta - Contribuintes no Distrito Federal e sua renda liquida por classes de renda - 1934/44;"Serie do Distrito Federal; nao comparar diretamente com a serie nacional. A tabela traz anos impressos 1934-1944; seguindo a regra dos Anuarios Estatisticos do Brasil usada no projeto, ano_calendario = ano_exercicio - 1."
1937;1938;Distrito Federal;F03;3;De mais de 30 a 60;30;60;0;3802;157911;41534;3801.969471;0.030529;Cr$;Cr$ 1.000;Cr$ 1.000;renda liquida;pessoas publicadas diretamente na tabela;Brasil. Instituto Brasileiro de Geografia e Estatistica. Anuario Estatistico do Brasil 1941-1945. Rio de Janeiro: IBGE, 1946, p. 496-497, tabela beta.;https://biblioteca.ibge.gov.br/visualizacao/periodicos/20/aeb_1941_1945.pdf;outputs/fontes-pedro-souza-irpf/aeb_1941_1945.pdf;"outputs/fontes-pedro-souza-irpf/aeb_1941_1945_paginas/pagina-501.png; outputs/fontes-pedro-souza-irpf/aeb_1941_1945_paginas/pagina-502.png";501-502;496-497;Tabela beta - Contribuintes no Distrito Federal e sua renda liquida por classes de renda - 1934/44;"Serie do Distrito Federal; nao comparar diretamente com a serie nacional. A tabela traz anos impressos 1934-1944; seguindo a regra dos Anuarios Estatisticos do Brasil usada no projeto, ano_calendario = ano_exercicio - 1."
1937;1938;Distrito Federal;F04;4;De mais de 60 a 90;60;90;0;1103;80565;73042;1102.995537;0.004463;Cr$;Cr$ 1.000;Cr$ 1.000;renda liquida;pessoas publicadas diretamente na tabela;Brasil. Instituto Brasileiro de Geografia e Estatistica. Anuario Estatistico do Brasil 1941-1945. Rio de Janeiro: IBGE, 1946, p. 496-497, tabela beta.;https://biblioteca.ibge.gov.br/visualizacao/periodicos/20/aeb_1941_1945.pdf;outputs/fontes-pedro-souza-irpf/aeb_1941_1945.pdf;"outputs/fontes-pedro-souza-irpf/aeb_1941_1945_paginas/pagina-501.png; outputs/fontes-pedro-souza-irpf/aeb_1941_1945_paginas/pagina-502.png";501-502;496-497;Tabela beta - Contribuintes no Distrito Federal e sua renda liquida por classes de renda - 1934/44;"Serie do Distrito Federal; nao comparar diretamente com a serie nacional. A tabela traz anos impressos 1934-1944; seguindo a regra dos Anuarios Estatisticos do Brasil usada no projeto, ano_calendario = ano_exercicio - 1."
1937;1938;Distrito Federal;F05;5;De mais de 90 a 120;90;120;0;480;49393;102902;480.000389;-0.000389;Cr$;Cr$ 1.000;Cr$ 1.000;renda liquida;pessoas publicadas diretamente na tabela;Brasil. Instituto Brasileiro de Geografia e Estatistica. Anuario Estatistico do Brasil 1941-1945. Rio de Janeiro: IBGE, 1946, p. 496-497, tabela beta.;https://biblioteca.ibge.gov.br/visualizacao/periodicos/20/aeb_1941_1945.pdf;outputs/fontes-pedro-souza-irpf/aeb_1941_1945.pdf;"outputs/fontes-pedro-souza-irpf/aeb_1941_1945_paginas/pagina-501.png; outputs/fontes-pedro-souza-irpf/aeb_1941_1945_paginas/pagina-502.png";501-502;496-497;Tabela beta - Contribuintes no Distrito Federal e sua renda liquida por classes de renda - 1934/44;"Serie do Distrito Federal; nao comparar diretamente com a serie nacional. A tabela traz anos impressos 1934-1944; seguindo a regra dos Anuarios Estatisticos do Brasil usada no projeto, ano_calendario = ano_exercicio - 1."
1937;1938;Distrito Federal;F06;6;De mais de 120 a 150;120;150;0;251;33589;133822;250.997594;0.002406;Cr$;Cr$ 1.000;Cr$ 1.000;renda liquida;pessoas publicadas diretamente na tabela;Brasil. Instituto Brasileiro de Geografia e Estatistica. Anuario Estatistico do Brasil 1941-1945. Rio de Janeiro: IBGE, 1946, p. 496-497, tabela beta.;https://biblioteca.ibge.gov.br/visualizacao/periodicos/20/aeb_1941_1945.pdf;outputs/fontes-pedro-souza-irpf/aeb_1941_1945.pdf;"outputs/fontes-pedro-souza-irpf/aeb_1941_1945_paginas/pagina-501.png; outputs/fontes-pedro-souza-irpf/aeb_1941_1945_paginas/pagina-502.png";501-502;496-497;Tabela beta - Contribuintes no Distrito Federal e sua renda liquida por classes de renda - 1934/44;"Serie do Distrito Federal; nao comparar diretamente com a serie nacional. A tabela traz anos impressos 1934-1944; seguindo a regra dos Anuarios Estatisticos do Brasil usada no projeto, ano_calendario = ano_exercicio - 1."
1937;1938;Distrito Federal;F07;7;De mais de 150 a 200;150;200;0;238;40693;170980;237.998596;0.001404;Cr$;Cr$ 1.000;Cr$ 1.000;renda liquida;pessoas publicadas diretamente na tabela;Brasil. Instituto Brasileiro de Geografia e Estatistica. Anuario Estatistico do Brasil 1941-1945. Rio de Janeiro: IBGE, 1946, p. 496-497, tabela beta.;https://biblioteca.ibge.gov.br/visualizacao/periodicos/20/aeb_1941_1945.pdf;outputs/fontes-pedro-souza-irpf/aeb_1941_1945.pdf;"outputs/fontes-pedro-souza-irpf/aeb_1941_1945_paginas/pagina-501.png; outputs/fontes-pedro-souza-irpf/aeb_1941_1945_paginas/pagina-502.png";501-502;496-497;Tabela beta - Contribuintes no Distrito Federal e sua renda liquida por classes de renda - 1934/44;"Serie do Distrito Federal; nao comparar diretamente com a serie nacional. A tabela traz anos impressos 1934-1944; seguindo a regra dos Anuarios Estatisticos do Brasil usada no projeto, ano_calendario = ano_exercicio - 1."
1937;1938;Distrito Federal;F08;8;De mais de 200 a 250;200;250;0;119;26396;221818;118.998458;0.001542;Cr$;Cr$ 1.000;Cr$ 1.000;renda liquida;pessoas publicadas diretamente na tabela;Brasil. Instituto Brasileiro de Geografia e Estatistica. Anuario Estatistico do Brasil 1941-1945. Rio de Janeiro: IBGE, 1946, p. 496-497, tabela beta.;https://biblioteca.ibge.gov.br/visualizacao/periodicos/20/aeb_1941_1945.pdf;outputs/fontes-pedro-souza-irpf/aeb_1941_1945.pdf;"outputs/fontes-pedro-souza-irpf/aeb_1941_1945_paginas/pagina-501.png; outputs/fontes-pedro-souza-irpf/aeb_1941_1945_paginas/pagina-502.png";501-502;496-497;Tabela beta - Contribuintes no Distrito Federal e sua renda liquida por classes de renda - 1934/44;"Serie do Distrito Federal; nao comparar diretamente com a serie nacional. A tabela traz anos impressos 1934-1944; seguindo a regra dos Anuarios Estatisticos do Brasil usada no projeto, ano_calendario = ano_exercicio - 1."
1937;1938;Distrito Federal;F09;9;De mais de 250 a 300;250;300;0;88;23919;271804;88.000912;-0.000912;Cr$;Cr$ 1.000;Cr$ 1.000;renda liquida;pessoas publicadas diretamente na tabela;Brasil. Instituto Brasileiro de Geografia e Estatistica. Anuario Estatistico do Brasil 1941-1945. Rio de Janeiro: IBGE, 1946, p. 496-497, tabela beta.;https://biblioteca.ibge.gov.br/visualizacao/periodicos/20/aeb_1941_1945.pdf;outputs/fontes-pedro-souza-irpf/aeb_1941_1945.pdf;"outputs/fontes-pedro-souza-irpf/aeb_1941_1945_paginas/pagina-501.png; outputs/fontes-pedro-souza-irpf/aeb_1941_1945_paginas/pagina-502.png";501-502;496-497;Tabela beta - Contribuintes no Distrito Federal e sua renda liquida por classes de renda - 1934/44;"Serie do Distrito Federal; nao comparar diretamente com a serie nacional. A tabela traz anos impressos 1934-1944; seguindo a regra dos Anuarios Estatisticos do Brasil usada no projeto, ano_calendario = ano_exercicio - 1."
1937;1938;Distrito Federal;F10;10;De mais de 300 a 400;300;400;0;77;26796;348001;76.999779;0.000221;Cr$;Cr$ 1.000;Cr$ 1.000;renda liquida;pessoas publicadas diretamente na tabela;Brasil. Instituto Brasileiro de Geografia e Estatistica. Anuario Estatistico do Brasil 1941-1945. Rio de Janeiro: IBGE, 1946, p. 496-497, tabela beta.;https://biblioteca.ibge.gov.br/visualizacao/periodicos/20/aeb_1941_1945.pdf;outputs/fontes-pedro-souza-irpf/aeb_1941_1945.pdf;"outputs/fontes-pedro-souza-irpf/aeb_1941_1945_paginas/pagina-501.png; outputs/fontes-pedro-souza-irpf/aeb_1941_1945_paginas/pagina-502.png";501-502;496-497;Tabela beta - Contribuintes no Distrito Federal e sua renda liquida por classes de renda - 1934/44;"Serie do Distrito Federal; nao comparar diretamente com a serie nacional. A tabela traz anos impressos 1934-1944; seguindo a regra dos Anuarios Estatisticos do Brasil usada no projeto, ano_calendario = ano_exercicio - 1."
1937;1938;Distrito Federal;F11;11;De mais de 400 a 500;400;500;0;40;17529;438221;40.000365;-0.000365;Cr$;Cr$ 1.000;Cr$ 1.000;renda liquida;pessoas publicadas diretamente na tabela;Brasil. Instituto Brasileiro de Geografia e Estatistica. Anuario Estatistico do Brasil 1941-1945. Rio de Janeiro: IBGE, 1946, p. 496-497, tabela beta.;https://biblioteca.ibge.gov.br/visualizacao/periodicos/20/aeb_1941_1945.pdf;outputs/fontes-pedro-souza-irpf/aeb_1941_1945.pdf;"outputs/fontes-pedro-souza-irpf/aeb_1941_1945_paginas/pagina-501.png; outputs/fontes-pedro-souza-irpf/aeb_1941_1945_paginas/pagina-502.png";501-502;496-497;Tabela beta - Contribuintes no Distrito Federal e sua renda liquida por classes de renda - 1934/44;"Serie do Distrito Federal; nao comparar diretamente com a serie nacional. A tabela traz anos impressos 1934-1944; seguindo a regra dos Anuarios Estatisticos do Brasil usada no projeto, ano_calendario = ano_exercicio - 1."
1937;1938;Distrito Federal;F12;12;Mais de 500;500;;1;71;62520;880560;71.000273;-0.000273;Cr$;Cr$ 1.000;Cr$ 1.000;renda liquida;pessoas publicadas diretamente na tabela;Brasil. Instituto Brasileiro de Geografia e Estatistica. Anuario Estatistico do Brasil 1941-1945. Rio de Janeiro: IBGE, 1946, p. 496-497, tabela beta.;https://biblioteca.ibge.gov.br/visualizacao/periodicos/20/aeb_1941_1945.pdf;outputs/fontes-pedro-souza-irpf/aeb_1941_1945.pdf;"outputs/fontes-pedro-souza-irpf/aeb_1941_1945_paginas/pagina-501.png; outputs/fontes-pedro-souza-irpf/aeb_1941_1945_paginas/pagina-502.png";501-502;496-497;Tabela beta - Contribuintes no Distrito Federal e sua renda liquida por classes de renda - 1934/44;"Serie do Distrito Federal; nao comparar diretamente com a serie nacional. A tabela traz anos impressos 1934-1944; seguindo a regra dos Anuarios Estatisticos do Brasil usada no projeto, ano_calendario = ano_exercicio - 1."
1938;1939;Distrito Federal;F01;1;De mais de 12 a 20;12;20;0;12377;190069;15357;12376.701179;0.298821;Cr$;Cr$ 1.000;Cr$ 1.000;renda liquida;pessoas publicadas diretamente na tabela;Brasil. Instituto Brasileiro de Geografia e Estatistica. Anuario Estatistico do Brasil 1941-1945. Rio de Janeiro: IBGE, 1946, p. 496-497, tabela beta.;https://biblioteca.ibge.gov.br/visualizacao/periodicos/20/aeb_1941_1945.pdf;outputs/fontes-pedro-souza-irpf/aeb_1941_1945.pdf;"outputs/fontes-pedro-souza-irpf/aeb_1941_1945_paginas/pagina-501.png; outputs/fontes-pedro-souza-irpf/aeb_1941_1945_paginas/pagina-502.png";501-502;496-497;Tabela beta - Contribuintes no Distrito Federal e sua renda liquida por classes de renda - 1934/44;"Serie do Distrito Federal; nao comparar diretamente com a serie nacional. A tabela traz anos impressos 1934-1944; seguindo a regra dos Anuarios Estatisticos do Brasil usada no projeto, ano_calendario = ano_exercicio - 1."
1938;1939;Distrito Federal;F02;2;De mais de 20 a 30;20;30;0;6200;150886;24336;6200.115056;-0.115056;Cr$;Cr$ 1.000;Cr$ 1.000;renda liquida;pessoas publicadas diretamente na tabela;Brasil. Instituto Brasileiro de Geografia e Estatistica. Anuario Estatistico do Brasil 1941-1945. Rio de Janeiro: IBGE, 1946, p. 496-497, tabela beta.;https://biblioteca.ibge.gov.br/visualizacao/periodicos/20/aeb_1941_1945.pdf;outputs/fontes-pedro-souza-irpf/aeb_1941_1945.pdf;"outputs/fontes-pedro-souza-irpf/aeb_1941_1945_paginas/pagina-501.png; outputs/fontes-pedro-souza-irpf/aeb_1941_1945_paginas/pagina-502.png";501-502;496-497;Tabela beta - Contribuintes no Distrito Federal e sua renda liquida por classes de renda - 1934/44;"Serie do Distrito Federal; nao comparar diretamente com a serie nacional. A tabela traz anos impressos 1934-1944; seguindo a regra dos Anuarios Estatisticos do Brasil usada no projeto, ano_calendario = ano_exercicio - 1."
1938;1939;Distrito Federal;F03;3;De mais de 30 a 60;30;60;0;5502;226101;41094;5502.044094;-0.044094;Cr$;Cr$ 1.000;Cr$ 1.000;renda liquida;pessoas publicadas diretamente na tabela;Brasil. Instituto Brasileiro de Geografia e Estatistica. Anuario Estatistico do Brasil 1941-1945. Rio de Janeiro: IBGE, 1946, p. 496-497, tabela beta.;https://biblioteca.ibge.gov.br/visualizacao/periodicos/20/aeb_1941_1945.pdf;outputs/fontes-pedro-souza-irpf/aeb_1941_1945.pdf;"outputs/fontes-pedro-souza-irpf/aeb_1941_1945_paginas/pagina-501.png; outputs/fontes-pedro-souza-irpf/aeb_1941_1945_paginas/pagina-502.png";501-502;496-497;Tabela beta - Contribuintes no Distrito Federal e sua renda liquida por classes de renda - 1934/44;"Serie do Distrito Federal; nao comparar diretamente com a serie nacional. A tabela traz anos impressos 1934-1944; seguindo a regra dos Anuarios Estatisticos do Brasil usada no projeto, ano_calendario = ano_exercicio - 1."
1938;1939;Distrito Federal;F04;4;De mais de 60 a 90;60;90;0;1369;99968;73023;1368.993331;0.006669;Cr$;Cr$ 1.000;Cr$ 1.000;renda liquida;pessoas publicadas diretamente na tabela;Brasil. Instituto Brasileiro de Geografia e Estatistica. Anuario Estatistico do Brasil 1941-1945. Rio de Janeiro: IBGE, 1946, p. 496-497, tabela beta.;https://biblioteca.ibge.gov.br/visualizacao/periodicos/20/aeb_1941_1945.pdf;outputs/fontes-pedro-souza-irpf/aeb_1941_1945.pdf;"outputs/fontes-pedro-souza-irpf/aeb_1941_1945_paginas/pagina-501.png; outputs/fontes-pedro-souza-irpf/aeb_1941_1945_paginas/pagina-502.png";501-502;496-497;Tabela beta - Contribuintes no Distrito Federal e sua renda liquida por classes de renda - 1934/44;"Serie do Distrito Federal; nao comparar diretamente com a serie nacional. A tabela traz anos impressos 1934-1944; seguindo a regra dos Anuarios Estatisticos do Brasil usada no projeto, ano_calendario = ano_exercicio - 1."
1938;1939;Distrito Federal;F05;5;De mais de 90 a 120;90;120;0;613;63220;103133;612.994871;0.005129;Cr$;Cr$ 1.000;Cr$ 1.000;renda liquida;pessoas publicadas diretamente na tabela;Brasil. Instituto Brasileiro de Geografia e Estatistica. Anuario Estatistico do Brasil 1941-1945. Rio de Janeiro: IBGE, 1946, p. 496-497, tabela beta.;https://biblioteca.ibge.gov.br/visualizacao/periodicos/20/aeb_1941_1945.pdf;outputs/fontes-pedro-souza-irpf/aeb_1941_1945.pdf;"outputs/fontes-pedro-souza-irpf/aeb_1941_1945_paginas/pagina-501.png; outputs/fontes-pedro-souza-irpf/aeb_1941_1945_paginas/pagina-502.png";501-502;496-497;Tabela beta - Contribuintes no Distrito Federal e sua renda liquida por classes de renda - 1934/44;"Serie do Distrito Federal; nao comparar diretamente com a serie nacional. A tabela traz anos impressos 1934-1944; seguindo a regra dos Anuarios Estatisticos do Brasil usada no projeto, ano_calendario = ano_exercicio - 1."
1938;1939;Distrito Federal;F06;6;De mais de 120 a 150;120;150;0;358;47614;133000;358.0;0.0;Cr$;Cr$ 1.000;Cr$ 1.000;renda liquida;pessoas publicadas diretamente na tabela;Brasil. Instituto Brasileiro de Geografia e Estatistica. Anuario Estatistico do Brasil 1941-1945. Rio de Janeiro: IBGE, 1946, p. 496-497, tabela beta.;https://biblioteca.ibge.gov.br/visualizacao/periodicos/20/aeb_1941_1945.pdf;outputs/fontes-pedro-souza-irpf/aeb_1941_1945.pdf;"outputs/fontes-pedro-souza-irpf/aeb_1941_1945_paginas/pagina-501.png; outputs/fontes-pedro-souza-irpf/aeb_1941_1945_paginas/pagina-502.png";501-502;496-497;Tabela beta - Contribuintes no Distrito Federal e sua renda liquida por classes de renda - 1934/44;"Serie do Distrito Federal; nao comparar diretamente com a serie nacional. A tabela traz anos impressos 1934-1944; seguindo a regra dos Anuarios Estatisticos do Brasil usada no projeto, ano_calendario = ano_exercicio - 1."
1938;1939;Distrito Federal;F07;7;De mais de 150 a 200;150;200;0;307;52745;171809;306.997887;0.002113;Cr$;Cr$ 1.000;Cr$ 1.000;renda liquida;pessoas publicadas diretamente na tabela;Brasil. Instituto Brasileiro de Geografia e Estatistica. Anuario Estatistico do Brasil 1941-1945. Rio de Janeiro: IBGE, 1946, p. 496-497, tabela beta.;https://biblioteca.ibge.gov.br/visualizacao/periodicos/20/aeb_1941_1945.pdf;outputs/fontes-pedro-souza-irpf/aeb_1941_1945.pdf;"outputs/fontes-pedro-souza-irpf/aeb_1941_1945_paginas/pagina-501.png; outputs/fontes-pedro-souza-irpf/aeb_1941_1945_paginas/pagina-502.png";501-502;496-497;Tabela beta - Contribuintes no Distrito Federal e sua renda liquida por classes de renda - 1934/44;"Serie do Distrito Federal; nao comparar diretamente com a serie nacional. A tabela traz anos impressos 1934-1944; seguindo a regra dos Anuarios Estatisticos do Brasil usada no projeto, ano_calendario = ano_exercicio - 1."
1938;1939;Distrito Federal;F08;8;De mais de 200 a 250;200;250;0;181;40408;223247;181.001312;-0.001312;Cr$;Cr$ 1.000;Cr$ 1.000;renda liquida;pessoas publicadas diretamente na tabela;Brasil. Instituto Brasileiro de Geografia e Estatistica. Anuario Estatistico do Brasil 1941-1945. Rio de Janeiro: IBGE, 1946, p. 496-497, tabela beta.;https://biblioteca.ibge.gov.br/visualizacao/periodicos/20/aeb_1941_1945.pdf;outputs/fontes-pedro-souza-irpf/aeb_1941_1945.pdf;"outputs/fontes-pedro-souza-irpf/aeb_1941_1945_paginas/pagina-501.png; outputs/fontes-pedro-souza-irpf/aeb_1941_1945_paginas/pagina-502.png";501-502;496-497;Tabela beta - Contribuintes no Distrito Federal e sua renda liquida por classes de renda - 1934/44;"Serie do Distrito Federal; nao comparar diretamente com a serie nacional. A tabela traz anos impressos 1934-1944; seguindo a regra dos Anuarios Estatisticos do Brasil usada no projeto, ano_calendario = ano_exercicio - 1."
1938;1939;Distrito Federal;F09;9;De mais de 250 a 300;250;300;0;93;25513;274333;93.000113;-0.000113;Cr$;Cr$ 1.000;Cr$ 1.000;renda liquida;pessoas publicadas diretamente na tabela;Brasil. Instituto Brasileiro de Geografia e Estatistica. Anuario Estatistico do Brasil 1941-1945. Rio de Janeiro: IBGE, 1946, p. 496-497, tabela beta.;https://biblioteca.ibge.gov.br/visualizacao/periodicos/20/aeb_1941_1945.pdf;outputs/fontes-pedro-souza-irpf/aeb_1941_1945.pdf;"outputs/fontes-pedro-souza-irpf/aeb_1941_1945_paginas/pagina-501.png; outputs/fontes-pedro-souza-irpf/aeb_1941_1945_paginas/pagina-502.png";501-502;496-497;Tabela beta - Contribuintes no Distrito Federal e sua renda liquida por classes de renda - 1934/44;"Serie do Distrito Federal; nao comparar diretamente com a serie nacional. A tabela traz anos impressos 1934-1944; seguindo a regra dos Anuarios Estatisticos do Brasil usada no projeto, ano_calendario = ano_exercicio - 1."
1938;1939;Distrito Federal;F10;10;De mais de 300 a 400;300;400;0;96;33159;345405;96.000347;-0.000347;Cr$;Cr$ 1.000;Cr$ 1.000;renda liquida;pessoas publicadas diretamente na tabela;Brasil. Instituto Brasileiro de Geografia e Estatistica. Anuario Estatistico do Brasil 1941-1945. Rio de Janeiro: IBGE, 1946, p. 496-497, tabela beta.;https://biblioteca.ibge.gov.br/visualizacao/periodicos/20/aeb_1941_1945.pdf;outputs/fontes-pedro-souza-irpf/aeb_1941_1945.pdf;"outputs/fontes-pedro-souza-irpf/aeb_1941_1945_paginas/pagina-501.png; outputs/fontes-pedro-souza-irpf/aeb_1941_1945_paginas/pagina-502.png";501-502;496-497;Tabela beta - Contribuintes no Distrito Federal e sua renda liquida por classes de renda - 1934/44;"Serie do Distrito Federal; nao comparar diretamente com a serie nacional. A tabela traz anos impressos 1934-1944; seguindo a regra dos Anuarios Estatisticos do Brasil usada no projeto, ano_calendario = ano_exercicio - 1."
1938;1939;Distrito Federal;F11;11;De mais de 400 a 500;400;500;0;53;23498;443359;52.999939;6.1e-05;Cr$;Cr$ 1.000;Cr$ 1.000;renda liquida;pessoas publicadas diretamente na tabela;Brasil. Instituto Brasileiro de Geografia e Estatistica. Anuario Estatistico do Brasil 1941-1945. Rio de Janeiro: IBGE, 1946, p. 496-497, tabela beta.;https://biblioteca.ibge.gov.br/visualizacao/periodicos/20/aeb_1941_1945.pdf;outputs/fontes-pedro-souza-irpf/aeb_1941_1945.pdf;"outputs/fontes-pedro-souza-irpf/aeb_1941_1945_paginas/pagina-501.png; outputs/fontes-pedro-souza-irpf/aeb_1941_1945_paginas/pagina-502.png";501-502;496-497;Tabela beta - Contribuintes no Distrito Federal e sua renda liquida por classes de renda - 1934/44;"Serie do Distrito Federal; nao comparar diretamente com a serie nacional. A tabela traz anos impressos 1934-1944; seguindo a regra dos Anuarios Estatisticos do Brasil usada no projeto, ano_calendario = ano_exercicio - 1."
1938;1939;Distrito Federal;F12;12;Mais de 500;500;;1;65;51822;797263;64.999881;0.000119;Cr$;Cr$ 1.000;Cr$ 1.000;renda liquida;pessoas publicadas diretamente na tabela;Brasil. Instituto Brasileiro de Geografia e Estatistica. Anuario Estatistico do Brasil 1941-1945. Rio de Janeiro: IBGE, 1946, p. 496-497, tabela beta.;https://biblioteca.ibge.gov.br/visualizacao/periodicos/20/aeb_1941_1945.pdf;outputs/fontes-pedro-souza-irpf/aeb_1941_1945.pdf;"outputs/fontes-pedro-souza-irpf/aeb_1941_1945_paginas/pagina-501.png; outputs/fontes-pedro-souza-irpf/aeb_1941_1945_paginas/pagina-502.png";501-502;496-497;Tabela beta - Contribuintes no Distrito Federal e sua renda liquida por classes de renda - 1934/44;"Serie do Distrito Federal; nao comparar diretamente com a serie nacional. A tabela traz anos impressos 1934-1944; seguindo a regra dos Anuarios Estatisticos do Brasil usada no projeto, ano_calendario = ano_exercicio - 1."
1939;1940;Distrito Federal;F01;1;De mais de 12 a 20;12;20;0;14134;218081;15430;14133.570966;0.429034;Cr$;Cr$ 1.000;Cr$ 1.000;renda liquida;pessoas publicadas diretamente na tabela;Brasil. Instituto Brasileiro de Geografia e Estatistica. Anuario Estatistico do Brasil 1941-1945. Rio de Janeiro: IBGE, 1946, p. 496-497, tabela beta.;https://biblioteca.ibge.gov.br/visualizacao/periodicos/20/aeb_1941_1945.pdf;outputs/fontes-pedro-souza-irpf/aeb_1941_1945.pdf;"outputs/fontes-pedro-souza-irpf/aeb_1941_1945_paginas/pagina-501.png; outputs/fontes-pedro-souza-irpf/aeb_1941_1945_paginas/pagina-502.png";501-502;496-497;Tabela beta - Contribuintes no Distrito Federal e sua renda liquida por classes de renda - 1934/44;"Serie do Distrito Federal; nao comparar diretamente com a serie nacional. A tabela traz anos impressos 1934-1944; seguindo a regra dos Anuarios Estatisticos do Brasil usada no projeto, ano_calendario = ano_exercicio - 1."
1939;1940;Distrito Federal;F02;2;De mais de 20 a 30;20;30;0;7218;175594;24327;7218.070457;-0.070457;Cr$;Cr$ 1.000;Cr$ 1.000;renda liquida;pessoas publicadas diretamente na tabela;Brasil. Instituto Brasileiro de Geografia e Estatistica. Anuario Estatistico do Brasil 1941-1945. Rio de Janeiro: IBGE, 1946, p. 496-497, tabela beta.;https://biblioteca.ibge.gov.br/visualizacao/periodicos/20/aeb_1941_1945.pdf;outputs/fontes-pedro-souza-irpf/aeb_1941_1945.pdf;"outputs/fontes-pedro-souza-irpf/aeb_1941_1945_paginas/pagina-501.png; outputs/fontes-pedro-souza-irpf/aeb_1941_1945_paginas/pagina-502.png";501-502;496-497;Tabela beta - Contribuintes no Distrito Federal e sua renda liquida por classes de renda - 1934/44;"Serie do Distrito Federal; nao comparar diretamente com a serie nacional. A tabela traz anos impressos 1934-1944; seguindo a regra dos Anuarios Estatisticos do Brasil usada no projeto, ano_calendario = ano_exercicio - 1."
1939;1940;Distrito Federal;F03;3;De mais de 30 a 60;30;60;0;6526;268713;41176;6525.961725;0.038275;Cr$;Cr$ 1.000;Cr$ 1.000;renda liquida;pessoas publicadas diretamente na tabela;Brasil. Instituto Brasileiro de Geografia e Estatistica. Anuario Estatistico do Brasil 1941-1945. Rio de Janeiro: IBGE, 1946, p. 496-497, tabela beta.;https://biblioteca.ibge.gov.br/visualizacao/periodicos/20/aeb_1941_1945.pdf;outputs/fontes-pedro-souza-irpf/aeb_1941_1945.pdf;"outputs/fontes-pedro-souza-irpf/aeb_1941_1945_paginas/pagina-501.png; outputs/fontes-pedro-souza-irpf/aeb_1941_1945_paginas/pagina-502.png";501-502;496-497;Tabela beta - Contribuintes no Distrito Federal e sua renda liquida por classes de renda - 1934/44;"Serie do Distrito Federal; nao comparar diretamente com a serie nacional. A tabela traz anos impressos 1934-1944; seguindo a regra dos Anuarios Estatisticos do Brasil usada no projeto, ano_calendario = ano_exercicio - 1."
1939;1940;Distrito Federal;F04;4;De mais de 60 a 90;60;90;0;1711;124261;72625;1710.994836;0.005164;Cr$;Cr$ 1.000;Cr$ 1.000;renda liquida;pessoas publicadas diretamente na tabela;Brasil. Instituto Brasileiro de Geografia e Estatistica. Anuario Estatistico do Brasil 1941-1945. Rio de Janeiro: IBGE, 1946, p. 496-497, tabela beta.;https://biblioteca.ibge.gov.br/visualizacao/periodicos/20/aeb_1941_1945.pdf;outputs/fontes-pedro-souza-irpf/aeb_1941_1945.pdf;"outputs/fontes-pedro-souza-irpf/aeb_1941_1945_paginas/pagina-501.png; outputs/fontes-pedro-souza-irpf/aeb_1941_1945_paginas/pagina-502.png";501-502;496-497;Tabela beta - Contribuintes no Distrito Federal e sua renda liquida por classes de renda - 1934/44;"Serie do Distrito Federal; nao comparar diretamente com a serie nacional. A tabela traz anos impressos 1934-1944; seguindo a regra dos Anuarios Estatisticos do Brasil usada no projeto, ano_calendario = ano_exercicio - 1."
1939;1940;Distrito Federal;F05;5;De mais de 90 a 120;90;120;0;727;75010;103177;727.003111;-0.003111;Cr$;Cr$ 1.000;Cr$ 1.000;renda liquida;pessoas publicadas diretamente na tabela;Brasil. Instituto Brasileiro de Geografia e Estatistica. Anuario Estatistico do Brasil 1941-1945. Rio de Janeiro: IBGE, 1946, p. 496-497, tabela beta.;https://biblioteca.ibge.gov.br/visualizacao/periodicos/20/aeb_1941_1945.pdf;outputs/fontes-pedro-souza-irpf/aeb_1941_1945.pdf;"outputs/fontes-pedro-souza-irpf/aeb_1941_1945_paginas/pagina-501.png; outputs/fontes-pedro-souza-irpf/aeb_1941_1945_paginas/pagina-502.png";501-502;496-497;Tabela beta - Contribuintes no Distrito Federal e sua renda liquida por classes de renda - 1934/44;"Serie do Distrito Federal; nao comparar diretamente com a serie nacional. A tabela traz anos impressos 1934-1944; seguindo a regra dos Anuarios Estatisticos do Brasil usada no projeto, ano_calendario = ano_exercicio - 1."
1939;1940;Distrito Federal;F06;6;De mais de 120 a 150;120;150;0;439;58829;134007;438.999455;0.000545;Cr$;Cr$ 1.000;Cr$ 1.000;renda liquida;pessoas publicadas diretamente na tabela;Brasil. Instituto Brasileiro de Geografia e Estatistica. Anuario Estatistico do Brasil 1941-1945. Rio de Janeiro: IBGE, 1946, p. 496-497, tabela beta.;https://biblioteca.ibge.gov.br/visualizacao/periodicos/20/aeb_1941_1945.pdf;outputs/fontes-pedro-souza-irpf/aeb_1941_1945.pdf;"outputs/fontes-pedro-souza-irpf/aeb_1941_1945_paginas/pagina-501.png; outputs/fontes-pedro-souza-irpf/aeb_1941_1945_paginas/pagina-502.png";501-502;496-497;Tabela beta - Contribuintes no Distrito Federal e sua renda liquida por classes de renda - 1934/44;"Serie do Distrito Federal; nao comparar diretamente com a serie nacional. A tabela traz anos impressos 1934-1944; seguindo a regra dos Anuarios Estatisticos do Brasil usada no projeto, ano_calendario = ano_exercicio - 1."
1939;1940;Distrito Federal;F07;7;De mais de 150 a 200;150;200;0;385;66100;171688;385.000699;-0.000699;Cr$;Cr$ 1.000;Cr$ 1.000;renda liquida;pessoas publicadas diretamente na tabela;Brasil. Instituto Brasileiro de Geografia e Estatistica. Anuario Estatistico do Brasil 1941-1945. Rio de Janeiro: IBGE, 1946, p. 496-497, tabela beta.;https://biblioteca.ibge.gov.br/visualizacao/periodicos/20/aeb_1941_1945.pdf;outputs/fontes-pedro-souza-irpf/aeb_1941_1945.pdf;"outputs/fontes-pedro-souza-irpf/aeb_1941_1945_paginas/pagina-501.png; outputs/fontes-pedro-souza-irpf/aeb_1941_1945_paginas/pagina-502.png";501-502;496-497;Tabela beta - Contribuintes no Distrito Federal e sua renda liquida por classes de renda - 1934/44;"Serie do Distrito Federal; nao comparar diretamente com a serie nacional. A tabela traz anos impressos 1934-1944; seguindo a regra dos Anuarios Estatisticos do Brasil usada no projeto, ano_calendario = ano_exercicio - 1."
1939;1940;Distrito Federal;F08;8;De mais de 200 a 250;200;250;0;209;46707;223477;209.001374;-0.001374;Cr$;Cr$ 1.000;Cr$ 1.000;renda liquida;pessoas publicadas diretamente na tabela;Brasil. Instituto Brasileiro de Geografia e Estatistica. Anuario Estatistico do Brasil 1941-1945. Rio de Janeiro: IBGE, 1946, p. 496-497, tabela beta.;https://biblioteca.ibge.gov.br/visualizacao/periodicos/20/aeb_1941_1945.pdf;outputs/fontes-pedro-souza-irpf/aeb_1941_1945.pdf;"outputs/fontes-pedro-souza-irpf/aeb_1941_1945_paginas/pagina-501.png; outputs/fontes-pedro-souza-irpf/aeb_1941_1945_paginas/pagina-502.png";501-502;496-497;Tabela beta - Contribuintes no Distrito Federal e sua renda liquida por classes de renda - 1934/44;"Serie do Distrito Federal; nao comparar diretamente com a serie nacional. A tabela traz anos impressos 1934-1944; seguindo a regra dos Anuarios Estatisticos do Brasil usada no projeto, ano_calendario = ano_exercicio - 1."
1939;1940;Distrito Federal;F09;9;De mais de 250 a 300;250;300;0;109;29693;272412;109.000338;-0.000338;Cr$;Cr$ 1.000;Cr$ 1.000;renda liquida;pessoas publicadas diretamente na tabela;Brasil. Instituto Brasileiro de Geografia e Estatistica. Anuario Estatistico do Brasil 1941-1945. Rio de Janeiro: IBGE, 1946, p. 496-497, tabela beta.;https://biblioteca.ibge.gov.br/visualizacao/periodicos/20/aeb_1941_1945.pdf;outputs/fontes-pedro-souza-irpf/aeb_1941_1945.pdf;"outputs/fontes-pedro-souza-irpf/aeb_1941_1945_paginas/pagina-501.png; outputs/fontes-pedro-souza-irpf/aeb_1941_1945_paginas/pagina-502.png";501-502;496-497;Tabela beta - Contribuintes no Distrito Federal e sua renda liquida por classes de renda - 1934/44;"Serie do Distrito Federal; nao comparar diretamente com a serie nacional. A tabela traz anos impressos 1934-1944; seguindo a regra dos Anuarios Estatisticos do Brasil usada no projeto, ano_calendario = ano_exercicio - 1."
1939;1940;Distrito Federal;F10;10;De mais de 300 a 400;300;400;0;134;46213;344871;134.000829;-0.000829;Cr$;Cr$ 1.000;Cr$ 1.000;renda liquida;pessoas publicadas diretamente na tabela;Brasil. Instituto Brasileiro de Geografia e Estatistica. Anuario Estatistico do Brasil 1941-1945. Rio de Janeiro: IBGE, 1946, p. 496-497, tabela beta.;https://biblioteca.ibge.gov.br/visualizacao/periodicos/20/aeb_1941_1945.pdf;outputs/fontes-pedro-souza-irpf/aeb_1941_1945.pdf;"outputs/fontes-pedro-souza-irpf/aeb_1941_1945_paginas/pagina-501.png; outputs/fontes-pedro-souza-irpf/aeb_1941_1945_paginas/pagina-502.png";501-502;496-497;Tabela beta - Contribuintes no Distrito Federal e sua renda liquida por classes de renda - 1934/44;"Serie do Distrito Federal; nao comparar diretamente com a serie nacional. A tabela traz anos impressos 1934-1944; seguindo a regra dos Anuarios Estatisticos do Brasil usada no projeto, ano_calendario = ano_exercicio - 1."
1939;1940;Distrito Federal;F11;11;De mais de 400 a 500;400;500;0;68;30218;444383;67.999901;9.9e-05;Cr$;Cr$ 1.000;Cr$ 1.000;renda liquida;pessoas publicadas diretamente na tabela;Brasil. Instituto Brasileiro de Geografia e Estatistica. Anuario Estatistico do Brasil 1941-1945. Rio de Janeiro: IBGE, 1946, p. 496-497, tabela beta.;https://biblioteca.ibge.gov.br/visualizacao/periodicos/20/aeb_1941_1945.pdf;outputs/fontes-pedro-souza-irpf/aeb_1941_1945.pdf;"outputs/fontes-pedro-souza-irpf/aeb_1941_1945_paginas/pagina-501.png; outputs/fontes-pedro-souza-irpf/aeb_1941_1945_paginas/pagina-502.png";501-502;496-497;Tabela beta - Contribuintes no Distrito Federal e sua renda liquida por classes de renda - 1934/44;"Serie do Distrito Federal; nao comparar diretamente com a serie nacional. A tabela traz anos impressos 1934-1944; seguindo a regra dos Anuarios Estatisticos do Brasil usada no projeto, ano_calendario = ano_exercicio - 1."
1939;1940;Distrito Federal;F12;12;Mais de 500;500;;1;104;84203;809641;104.000415;-0.000415;Cr$;Cr$ 1.000;Cr$ 1.000;renda liquida;pessoas publicadas diretamente na tabela;Brasil. Instituto Brasileiro de Geografia e Estatistica. Anuario Estatistico do Brasil 1941-1945. Rio de Janeiro: IBGE, 1946, p. 496-497, tabela beta.;https://biblioteca.ibge.gov.br/visualizacao/periodicos/20/aeb_1941_1945.pdf;outputs/fontes-pedro-souza-irpf/aeb_1941_1945.pdf;"outputs/fontes-pedro-souza-irpf/aeb_1941_1945_paginas/pagina-501.png; outputs/fontes-pedro-souza-irpf/aeb_1941_1945_paginas/pagina-502.png";501-502;496-497;Tabela beta - Contribuintes no Distrito Federal e sua renda liquida por classes de renda - 1934/44;"Serie do Distrito Federal; nao comparar diretamente com a serie nacional. A tabela traz anos impressos 1934-1944; seguindo a regra dos Anuarios Estatisticos do Brasil usada no projeto, ano_calendario = ano_exercicio - 1."
1940;1941;Distrito Federal;F01;1;De mais de 12 a 20;12;20;0;15951;246115;15429;15951.455052;-0.455052;Cr$;Cr$ 1.000;Cr$ 1.000;renda liquida;pessoas publicadas diretamente na tabela;Brasil. Instituto Brasileiro de Geografia e Estatistica. Anuario Estatistico do Brasil 1941-1945. Rio de Janeiro: IBGE, 1946, p. 496-497, tabela beta.;https://biblioteca.ibge.gov.br/visualizacao/periodicos/20/aeb_1941_1945.pdf;outputs/fontes-pedro-souza-irpf/aeb_1941_1945.pdf;"outputs/fontes-pedro-souza-irpf/aeb_1941_1945_paginas/pagina-501.png; outputs/fontes-pedro-souza-irpf/aeb_1941_1945_paginas/pagina-502.png";501-502;496-497;Tabela beta - Contribuintes no Distrito Federal e sua renda liquida por classes de renda - 1934/44;"Serie do Distrito Federal; nao comparar diretamente com a serie nacional. A tabela traz anos impressos 1934-1944; seguindo a regra dos Anuarios Estatisticos do Brasil usada no projeto, ano_calendario = ano_exercicio - 1."
1940;1941;Distrito Federal;F02;2;De mais de 20 a 30;20;30;0;8056;195932;24321;8056.08322;-0.08322;Cr$;Cr$ 1.000;Cr$ 1.000;renda liquida;pessoas publicadas diretamente na tabela;Brasil. Instituto Brasileiro de Geografia e Estatistica. Anuario Estatistico do Brasil 1941-1945. Rio de Janeiro: IBGE, 1946, p. 496-497, tabela beta.;https://biblioteca.ibge.gov.br/visualizacao/periodicos/20/aeb_1941_1945.pdf;outputs/fontes-pedro-souza-irpf/aeb_1941_1945.pdf;"outputs/fontes-pedro-souza-irpf/aeb_1941_1945_paginas/pagina-501.png; outputs/fontes-pedro-souza-irpf/aeb_1941_1945_paginas/pagina-502.png";501-502;496-497;Tabela beta - Contribuintes no Distrito Federal e sua renda liquida por classes de renda - 1934/44;"Serie do Distrito Federal; nao comparar diretamente com a serie nacional. A tabela traz anos impressos 1934-1944; seguindo a regra dos Anuarios Estatisticos do Brasil usada no projeto, ano_calendario = ano_exercicio - 1."
1940;1941;Distrito Federal;F03;3;De mais de 30 a 60;30;60;0;7347;302921;41231;7346.923431;0.076569;Cr$;Cr$ 1.000;Cr$ 1.000;renda liquida;pessoas publicadas diretamente na tabela;Brasil. Instituto Brasileiro de Geografia e Estatistica. Anuario Estatistico do Brasil 1941-1945. Rio de Janeiro: IBGE, 1946, p. 496-497, tabela beta.;https://biblioteca.ibge.gov.br/visualizacao/periodicos/20/aeb_1941_1945.pdf;outputs/fontes-pedro-souza-irpf/aeb_1941_1945.pdf;"outputs/fontes-pedro-souza-irpf/aeb_1941_1945_paginas/pagina-501.png; outputs/fontes-pedro-souza-irpf/aeb_1941_1945_paginas/pagina-502.png";501-502;496-497;Tabela beta - Contribuintes no Distrito Federal e sua renda liquida por classes de renda - 1934/44;"Serie do Distrito Federal; nao comparar diretamente com a serie nacional. A tabela traz anos impressos 1934-1944; seguindo a regra dos Anuarios Estatisticos do Brasil usada no projeto, ano_calendario = ano_exercicio - 1."
1940;1941;Distrito Federal;F04;4;De mais de 60 a 90;60;90;0;1944;141381;72727;1943.99604;0.00396;Cr$;Cr$ 1.000;Cr$ 1.000;renda liquida;pessoas publicadas diretamente na tabela;Brasil. Instituto Brasileiro de Geografia e Estatistica. Anuario Estatistico do Brasil 1941-1945. Rio de Janeiro: IBGE, 1946, p. 496-497, tabela beta.;https://biblioteca.ibge.gov.br/visualizacao/periodicos/20/aeb_1941_1945.pdf;outputs/fontes-pedro-souza-irpf/aeb_1941_1945.pdf;"outputs/fontes-pedro-souza-irpf/aeb_1941_1945_paginas/pagina-501.png; outputs/fontes-pedro-souza-irpf/aeb_1941_1945_paginas/pagina-502.png";501-502;496-497;Tabela beta - Contribuintes no Distrito Federal e sua renda liquida por classes de renda - 1934/44;"Serie do Distrito Federal; nao comparar diretamente com a serie nacional. A tabela traz anos impressos 1934-1944; seguindo a regra dos Anuarios Estatisticos do Brasil usada no projeto, ano_calendario = ano_exercicio - 1."
1940;1941;Distrito Federal;F05;5;De mais de 90 a 120;90;120;0;886;91744;103548;886.004558;-0.004558;Cr$;Cr$ 1.000;Cr$ 1.000;renda liquida;pessoas publicadas diretamente na tabela;Brasil. Instituto Brasileiro de Geografia e Estatistica. Anuario Estatistico do Brasil 1941-1945. Rio de Janeiro: IBGE, 1946, p. 496-497, tabela beta.;https://biblioteca.ibge.gov.br/visualizacao/periodicos/20/aeb_1941_1945.pdf;outputs/fontes-pedro-souza-irpf/aeb_1941_1945.pdf;"outputs/fontes-pedro-souza-irpf/aeb_1941_1945_paginas/pagina-501.png; outputs/fontes-pedro-souza-irpf/aeb_1941_1945_paginas/pagina-502.png";501-502;496-497;Tabela beta - Contribuintes no Distrito Federal e sua renda liquida por classes de renda - 1934/44;"Serie do Distrito Federal; nao comparar diretamente com a serie nacional. A tabela traz anos impressos 1934-1944; seguindo a regra dos Anuarios Estatisticos do Brasil usada no projeto, ano_calendario = ano_exercicio - 1."
1940;1941;Distrito Federal;F06;6;De mais de 120 a 150;120;150;0;499;66887;134042;499.000313;-0.000313;Cr$;Cr$ 1.000;Cr$ 1.000;renda liquida;pessoas publicadas diretamente na tabela;Brasil. Instituto Brasileiro de Geografia e Estatistica. Anuario Estatistico do Brasil 1941-1945. Rio de Janeiro: IBGE, 1946, p. 496-497, tabela beta.;https://biblioteca.ibge.gov.br/visualizacao/periodicos/20/aeb_1941_1945.pdf;outputs/fontes-pedro-souza-irpf/aeb_1941_1945.pdf;"outputs/fontes-pedro-souza-irpf/aeb_1941_1945_paginas/pagina-501.png; outputs/fontes-pedro-souza-irpf/aeb_1941_1945_paginas/pagina-502.png";501-502;496-497;Tabela beta - Contribuintes no Distrito Federal e sua renda liquida por classes de renda - 1934/44;"Serie do Distrito Federal; nao comparar diretamente com a serie nacional. A tabela traz anos impressos 1934-1944; seguindo a regra dos Anuarios Estatisticos do Brasil usada no projeto, ano_calendario = ano_exercicio - 1."
1940;1941;Distrito Federal;F07;7;De mais de 150 a 200;150;200;0;461;79132;171653;460.999808;0.000192;Cr$;Cr$ 1.000;Cr$ 1.000;renda liquida;pessoas publicadas diretamente na tabela;Brasil. Instituto Brasileiro de Geografia e Estatistica. Anuario Estatistico do Brasil 1941-1945. Rio de Janeiro: IBGE, 1946, p. 496-497, tabela beta.;https://biblioteca.ibge.gov.br/visualizacao/periodicos/20/aeb_1941_1945.pdf;outputs/fontes-pedro-souza-irpf/aeb_1941_1945.pdf;"outputs/fontes-pedro-souza-irpf/aeb_1941_1945_paginas/pagina-501.png; outputs/fontes-pedro-souza-irpf/aeb_1941_1945_paginas/pagina-502.png";501-502;496-497;Tabela beta - Contribuintes no Distrito Federal e sua renda liquida por classes de renda - 1934/44;"Serie do Distrito Federal; nao comparar diretamente com a serie nacional. A tabela traz anos impressos 1934-1944; seguindo a regra dos Anuarios Estatisticos do Brasil usada no projeto, ano_calendario = ano_exercicio - 1."
1940;1941;Distrito Federal;F08;8;De mais de 200 a 250;200;250;0;228;50941;223427;227.998407;0.001593;Cr$;Cr$ 1.000;Cr$ 1.000;renda liquida;pessoas publicadas diretamente na tabela;Brasil. Instituto Brasileiro de Geografia e Estatistica. Anuario Estatistico do Brasil 1941-1945. Rio de Janeiro: IBGE, 1946, p. 496-497, tabela beta.;https://biblioteca.ibge.gov.br/visualizacao/periodicos/20/aeb_1941_1945.pdf;outputs/fontes-pedro-souza-irpf/aeb_1941_1945.pdf;"outputs/fontes-pedro-souza-irpf/aeb_1941_1945_paginas/pagina-501.png; outputs/fontes-pedro-souza-irpf/aeb_1941_1945_paginas/pagina-502.png";501-502;496-497;Tabela beta - Contribuintes no Distrito Federal e sua renda liquida por classes de renda - 1934/44;"Serie do Distrito Federal; nao comparar diretamente com a serie nacional. A tabela traz anos impressos 1934-1944; seguindo a regra dos Anuarios Estatisticos do Brasil usada no projeto, ano_calendario = ano_exercicio - 1."
1940;1941;Distrito Federal;F09;9;De mais de 250 a 300;250;300;0;145;39828;274678;144.998871;0.001129;Cr$;Cr$ 1.000;Cr$ 1.000;renda liquida;pessoas publicadas diretamente na tabela;Brasil. Instituto Brasileiro de Geografia e Estatistica. Anuario Estatistico do Brasil 1941-1945. Rio de Janeiro: IBGE, 1946, p. 496-497, tabela beta.;https://biblioteca.ibge.gov.br/visualizacao/periodicos/20/aeb_1941_1945.pdf;outputs/fontes-pedro-souza-irpf/aeb_1941_1945.pdf;"outputs/fontes-pedro-souza-irpf/aeb_1941_1945_paginas/pagina-501.png; outputs/fontes-pedro-souza-irpf/aeb_1941_1945_paginas/pagina-502.png";501-502;496-497;Tabela beta - Contribuintes no Distrito Federal e sua renda liquida por classes de renda - 1934/44;"Serie do Distrito Federal; nao comparar diretamente com a serie nacional. A tabela traz anos impressos 1934-1944; seguindo a regra dos Anuarios Estatisticos do Brasil usada no projeto, ano_calendario = ano_exercicio - 1."
1940;1941;Distrito Federal;F10;10;De mais de 300 a 400;300;400;0;167;57080;341796;167.000199;-0.000199;Cr$;Cr$ 1.000;Cr$ 1.000;renda liquida;pessoas publicadas diretamente na tabela;Brasil. Instituto Brasileiro de Geografia e Estatistica. Anuario Estatistico do Brasil 1941-1945. Rio de Janeiro: IBGE, 1946, p. 496-497, tabela beta.;https://biblioteca.ibge.gov.br/visualizacao/periodicos/20/aeb_1941_1945.pdf;outputs/fontes-pedro-souza-irpf/aeb_1941_1945.pdf;"outputs/fontes-pedro-souza-irpf/aeb_1941_1945_paginas/pagina-501.png; outputs/fontes-pedro-souza-irpf/aeb_1941_1945_paginas/pagina-502.png";501-502;496-497;Tabela beta - Contribuintes no Distrito Federal e sua renda liquida por classes de renda - 1934/44;"Serie do Distrito Federal; nao comparar diretamente com a serie nacional. A tabela traz anos impressos 1934-1944; seguindo a regra dos Anuarios Estatisticos do Brasil usada no projeto, ano_calendario = ano_exercicio - 1."
1940;1941;Distrito Federal;F11;11;De mais de 400 a 500;400;500;0;97;43106;444392;96.999946;5.4e-05;Cr$;Cr$ 1.000;Cr$ 1.000;renda liquida;pessoas publicadas diretamente na tabela;Brasil. Instituto Brasileiro de Geografia e Estatistica. Anuario Estatistico do Brasil 1941-1945. Rio de Janeiro: IBGE, 1946, p. 496-497, tabela beta.;https://biblioteca.ibge.gov.br/visualizacao/periodicos/20/aeb_1941_1945.pdf;outputs/fontes-pedro-souza-irpf/aeb_1941_1945.pdf;"outputs/fontes-pedro-souza-irpf/aeb_1941_1945_paginas/pagina-501.png; outputs/fontes-pedro-souza-irpf/aeb_1941_1945_paginas/pagina-502.png";501-502;496-497;Tabela beta - Contribuintes no Distrito Federal e sua renda liquida por classes de renda - 1934/44;"Serie do Distrito Federal; nao comparar diretamente com a serie nacional. A tabela traz anos impressos 1934-1944; seguindo a regra dos Anuarios Estatisticos do Brasil usada no projeto, ano_calendario = ano_exercicio - 1."
1940;1941;Distrito Federal;F12;12;Mais de 500;500;;1;156;147671;946608;156.000161;-0.000161;Cr$;Cr$ 1.000;Cr$ 1.000;renda liquida;pessoas publicadas diretamente na tabela;Brasil. Instituto Brasileiro de Geografia e Estatistica. Anuario Estatistico do Brasil 1941-1945. Rio de Janeiro: IBGE, 1946, p. 496-497, tabela beta.;https://biblioteca.ibge.gov.br/visualizacao/periodicos/20/aeb_1941_1945.pdf;outputs/fontes-pedro-souza-irpf/aeb_1941_1945.pdf;"outputs/fontes-pedro-souza-irpf/aeb_1941_1945_paginas/pagina-501.png; outputs/fontes-pedro-souza-irpf/aeb_1941_1945_paginas/pagina-502.png";501-502;496-497;Tabela beta - Contribuintes no Distrito Federal e sua renda liquida por classes de renda - 1934/44;"Serie do Distrito Federal; nao comparar diretamente com a serie nacional. A tabela traz anos impressos 1934-1944; seguindo a regra dos Anuarios Estatisticos do Brasil usada no projeto, ano_calendario = ano_exercicio - 1."
1941;1942;Distrito Federal;F01;1;De mais de 12 a 20;12;20;0;15323;236119;15409;15323.447336;-0.447336;Cr$;Cr$ 1.000;Cr$ 1.000;renda liquida;pessoas publicadas diretamente na tabela;Brasil. Instituto Brasileiro de Geografia e Estatistica. Anuario Estatistico do Brasil 1941-1945. Rio de Janeiro: IBGE, 1946, p. 496-497, tabela beta.;https://biblioteca.ibge.gov.br/visualizacao/periodicos/20/aeb_1941_1945.pdf;outputs/fontes-pedro-souza-irpf/aeb_1941_1945.pdf;"outputs/fontes-pedro-souza-irpf/aeb_1941_1945_paginas/pagina-501.png; outputs/fontes-pedro-souza-irpf/aeb_1941_1945_paginas/pagina-502.png";501-502;496-497;Tabela beta - Contribuintes no Distrito Federal e sua renda liquida por classes de renda - 1934/44;"Serie do Distrito Federal; nao comparar diretamente com a serie nacional. A tabela traz anos impressos 1934-1944; seguindo a regra dos Anuarios Estatisticos do Brasil usada no projeto, ano_calendario = ano_exercicio - 1."
1941;1942;Distrito Federal;F02;2;De mais de 20 a 30;20;30;0;8438;205398;24342;8438.008381;-0.008381;Cr$;Cr$ 1.000;Cr$ 1.000;renda liquida;pessoas publicadas diretamente na tabela;Brasil. Instituto Brasileiro de Geografia e Estatistica. Anuario Estatistico do Brasil 1941-1945. Rio de Janeiro: IBGE, 1946, p. 496-497, tabela beta.;https://biblioteca.ibge.gov.br/visualizacao/periodicos/20/aeb_1941_1945.pdf;outputs/fontes-pedro-souza-irpf/aeb_1941_1945.pdf;"outputs/fontes-pedro-souza-irpf/aeb_1941_1945_paginas/pagina-501.png; outputs/fontes-pedro-souza-irpf/aeb_1941_1945_paginas/pagina-502.png";501-502;496-497;Tabela beta - Contribuintes no Distrito Federal e sua renda liquida por classes de renda - 1934/44;"Serie do Distrito Federal; nao comparar diretamente com a serie nacional. A tabela traz anos impressos 1934-1944; seguindo a regra dos Anuarios Estatisticos do Brasil usada no projeto, ano_calendario = ano_exercicio - 1."
1941;1942;Distrito Federal;F03;3;De mais de 30 a 60;30;60;0;8114;335203;41312;8113.937839;0.062161;Cr$;Cr$ 1.000;Cr$ 1.000;renda liquida;pessoas publicadas diretamente na tabela;Brasil. Instituto Brasileiro de Geografia e Estatistica. Anuario Estatistico do Brasil 1941-1945. Rio de Janeiro: IBGE, 1946, p. 496-497, tabela beta.;https://biblioteca.ibge.gov.br/visualizacao/periodicos/20/aeb_1941_1945.pdf;outputs/fontes-pedro-souza-irpf/aeb_1941_1945.pdf;"outputs/fontes-pedro-souza-irpf/aeb_1941_1945_paginas/pagina-501.png; outputs/fontes-pedro-souza-irpf/aeb_1941_1945_paginas/pagina-502.png";501-502;496-497;Tabela beta - Contribuintes no Distrito Federal e sua renda liquida por classes de renda - 1934/44;"Serie do Distrito Federal; nao comparar diretamente com a serie nacional. A tabela traz anos impressos 1934-1944; seguindo a regra dos Anuarios Estatisticos do Brasil usada no projeto, ano_calendario = ano_exercicio - 1."
1941;1942;Distrito Federal;F04;4;De mais de 60 a 90;60;90;0;2499;182102;72870;2498.998216;0.001784;Cr$;Cr$ 1.000;Cr$ 1.000;renda liquida;pessoas publicadas diretamente na tabela;Brasil. Instituto Brasileiro de Geografia e Estatistica. Anuario Estatistico do Brasil 1941-1945. Rio de Janeiro: IBGE, 1946, p. 496-497, tabela beta.;https://biblioteca.ibge.gov.br/visualizacao/periodicos/20/aeb_1941_1945.pdf;outputs/fontes-pedro-souza-irpf/aeb_1941_1945.pdf;"outputs/fontes-pedro-souza-irpf/aeb_1941_1945_paginas/pagina-501.png; outputs/fontes-pedro-souza-irpf/aeb_1941_1945_paginas/pagina-502.png";501-502;496-497;Tabela beta - Contribuintes no Distrito Federal e sua renda liquida por classes de renda - 1934/44;"Serie do Distrito Federal; nao comparar diretamente com a serie nacional. A tabela traz anos impressos 1934-1944; seguindo a regra dos Anuarios Estatisticos do Brasil usada no projeto, ano_calendario = ano_exercicio - 1."
1941;1942;Distrito Federal;F05;5;De mais de 90 a 120;90;120;0;1153;118956;103171;1152.99842;0.00158;Cr$;Cr$ 1.000;Cr$ 1.000;renda liquida;pessoas publicadas diretamente na tabela;Brasil. Instituto Brasileiro de Geografia e Estatistica. Anuario Estatistico do Brasil 1941-1945. Rio de Janeiro: IBGE, 1946, p. 496-497, tabela beta.;https://biblioteca.ibge.gov.br/visualizacao/periodicos/20/aeb_1941_1945.pdf;outputs/fontes-pedro-souza-irpf/aeb_1941_1945.pdf;"outputs/fontes-pedro-souza-irpf/aeb_1941_1945_paginas/pagina-501.png; outputs/fontes-pedro-souza-irpf/aeb_1941_1945_paginas/pagina-502.png";501-502;496-497;Tabela beta - Contribuintes no Distrito Federal e sua renda liquida por classes de renda - 1934/44;"Serie do Distrito Federal; nao comparar diretamente com a serie nacional. A tabela traz anos impressos 1934-1944; seguindo a regra dos Anuarios Estatisticos do Brasil usada no projeto, ano_calendario = ano_exercicio - 1."
1941;1942;Distrito Federal;F06;6;De mais de 120 a 150;120;150;0;641;85850;133931;641.00171;-0.00171;Cr$;Cr$ 1.000;Cr$ 1.000;renda liquida;pessoas publicadas diretamente na tabela;Brasil. Instituto Brasileiro de Geografia e Estatistica. Anuario Estatistico do Brasil 1941-1945. Rio de Janeiro: IBGE, 1946, p. 496-497, tabela beta.;https://biblioteca.ibge.gov.br/visualizacao/periodicos/20/aeb_1941_1945.pdf;outputs/fontes-pedro-souza-irpf/aeb_1941_1945.pdf;"outputs/fontes-pedro-souza-irpf/aeb_1941_1945_paginas/pagina-501.png; outputs/fontes-pedro-souza-irpf/aeb_1941_1945_paginas/pagina-502.png";501-502;496-497;Tabela beta - Contribuintes no Distrito Federal e sua renda liquida por classes de renda - 1934/44;"Serie do Distrito Federal; nao comparar diretamente com a serie nacional. A tabela traz anos impressos 1934-1944; seguindo a regra dos Anuarios Estatisticos do Brasil usada no projeto, ano_calendario = ano_exercicio - 1."
1941;1942;Distrito Federal;F07;7;De mais de 150 a 200;150;200;0;677;117295;173257;677.000063;-6.3e-05;Cr$;Cr$ 1.000;Cr$ 1.000;renda liquida;pessoas publicadas diretamente na tabela;Brasil. Instituto Brasileiro de Geografia e Estatistica. Anuario Estatistico do Brasil 1941-1945. Rio de Janeiro: IBGE, 1946, p. 496-497, tabela beta.;https://biblioteca.ibge.gov.br/visualizacao/periodicos/20/aeb_1941_1945.pdf;outputs/fontes-pedro-souza-irpf/aeb_1941_1945.pdf;"outputs/fontes-pedro-souza-irpf/aeb_1941_1945_paginas/pagina-501.png; outputs/fontes-pedro-souza-irpf/aeb_1941_1945_paginas/pagina-502.png";501-502;496-497;Tabela beta - Contribuintes no Distrito Federal e sua renda liquida por classes de renda - 1934/44;"Serie do Distrito Federal; nao comparar diretamente com a serie nacional. A tabela traz anos impressos 1934-1944; seguindo a regra dos Anuarios Estatisticos do Brasil usada no projeto, ano_calendario = ano_exercicio - 1."
1941;1942;Distrito Federal;F08;8;De mais de 200 a 250;200;250;0;396;88306;222995;395.99991;9e-05;Cr$;Cr$ 1.000;Cr$ 1.000;renda liquida;pessoas publicadas diretamente na tabela;Brasil. Instituto Brasileiro de Geografia e Estatistica. Anuario Estatistico do Brasil 1941-1945. Rio de Janeiro: IBGE, 1946, p. 496-497, tabela beta.;https://biblioteca.ibge.gov.br/visualizacao/periodicos/20/aeb_1941_1945.pdf;outputs/fontes-pedro-souza-irpf/aeb_1941_1945.pdf;"outputs/fontes-pedro-souza-irpf/aeb_1941_1945_paginas/pagina-501.png; outputs/fontes-pedro-souza-irpf/aeb_1941_1945_paginas/pagina-502.png";501-502;496-497;Tabela beta - Contribuintes no Distrito Federal e sua renda liquida por classes de renda - 1934/44;"Serie do Distrito Federal; nao comparar diretamente com a serie nacional. A tabela traz anos impressos 1934-1944; seguindo a regra dos Anuarios Estatisticos do Brasil usada no projeto, ano_calendario = ano_exercicio - 1."
1941;1942;Distrito Federal;F09;9;De mais de 250 a 300;250;300;0;243;66289;272794;243.000213;-0.000213;Cr$;Cr$ 1.000;Cr$ 1.000;renda liquida;pessoas publicadas diretamente na tabela;Brasil. Instituto Brasileiro de Geografia e Estatistica. Anuario Estatistico do Brasil 1941-1945. Rio de Janeiro: IBGE, 1946, p. 496-497, tabela beta.;https://biblioteca.ibge.gov.br/visualizacao/periodicos/20/aeb_1941_1945.pdf;outputs/fontes-pedro-souza-irpf/aeb_1941_1945.pdf;"outputs/fontes-pedro-souza-irpf/aeb_1941_1945_paginas/pagina-501.png; outputs/fontes-pedro-souza-irpf/aeb_1941_1945_paginas/pagina-502.png";501-502;496-497;Tabela beta - Contribuintes no Distrito Federal e sua renda liquida por classes de renda - 1934/44;"Serie do Distrito Federal; nao comparar diretamente com a serie nacional. A tabela traz anos impressos 1934-1944; seguindo a regra dos Anuarios Estatisticos do Brasil usada no projeto, ano_calendario = ano_exercicio - 1."
1941;1942;Distrito Federal;F10;10;De mais de 300 a 400;300;400;0;251;86600;345021;250.999215;0.000785;Cr$;Cr$ 1.000;Cr$ 1.000;renda liquida;pessoas publicadas diretamente na tabela;Brasil. Instituto Brasileiro de Geografia e Estatistica. Anuario Estatistico do Brasil 1941-1945. Rio de Janeiro: IBGE, 1946, p. 496-497, tabela beta.;https://biblioteca.ibge.gov.br/visualizacao/periodicos/20/aeb_1941_1945.pdf;outputs/fontes-pedro-souza-irpf/aeb_1941_1945.pdf;"outputs/fontes-pedro-souza-irpf/aeb_1941_1945_paginas/pagina-501.png; outputs/fontes-pedro-souza-irpf/aeb_1941_1945_paginas/pagina-502.png";501-502;496-497;Tabela beta - Contribuintes no Distrito Federal e sua renda liquida por classes de renda - 1934/44;"Serie do Distrito Federal; nao comparar diretamente com a serie nacional. A tabela traz anos impressos 1934-1944; seguindo a regra dos Anuarios Estatisticos do Brasil usada no projeto, ano_calendario = ano_exercicio - 1."
1941;1942;Distrito Federal;F11;11;De mais de 400 a 500;400;500;0;152;68158;448409;151.999625;0.000375;Cr$;Cr$ 1.000;Cr$ 1.000;renda liquida;pessoas publicadas diretamente na tabela;Brasil. Instituto Brasileiro de Geografia e Estatistica. Anuario Estatistico do Brasil 1941-1945. Rio de Janeiro: IBGE, 1946, p. 496-497, tabela beta.;https://biblioteca.ibge.gov.br/visualizacao/periodicos/20/aeb_1941_1945.pdf;outputs/fontes-pedro-souza-irpf/aeb_1941_1945.pdf;"outputs/fontes-pedro-souza-irpf/aeb_1941_1945_paginas/pagina-501.png; outputs/fontes-pedro-souza-irpf/aeb_1941_1945_paginas/pagina-502.png";501-502;496-497;Tabela beta - Contribuintes no Distrito Federal e sua renda liquida por classes de renda - 1934/44;"Serie do Distrito Federal; nao comparar diretamente com a serie nacional. A tabela traz anos impressos 1934-1944; seguindo a regra dos Anuarios Estatisticos do Brasil usada no projeto, ano_calendario = ano_exercicio - 1."
1941;1942;Distrito Federal;F12;12;Mais de 500;500;;1;335;361039;1077728;335.000111;-0.000111;Cr$;Cr$ 1.000;Cr$ 1.000;renda liquida;pessoas publicadas diretamente na tabela;Brasil. Instituto Brasileiro de Geografia e Estatistica. Anuario Estatistico do Brasil 1941-1945. Rio de Janeiro: IBGE, 1946, p. 496-497, tabela beta.;https://biblioteca.ibge.gov.br/visualizacao/periodicos/20/aeb_1941_1945.pdf;outputs/fontes-pedro-souza-irpf/aeb_1941_1945.pdf;"outputs/fontes-pedro-souza-irpf/aeb_1941_1945_paginas/pagina-501.png; outputs/fontes-pedro-souza-irpf/aeb_1941_1945_paginas/pagina-502.png";501-502;496-497;Tabela beta - Contribuintes no Distrito Federal e sua renda liquida por classes de renda - 1934/44;"Serie do Distrito Federal; nao comparar diretamente com a serie nacional. A tabela traz anos impressos 1934-1944; seguindo a regra dos Anuarios Estatisticos do Brasil usada no projeto, ano_calendario = ano_exercicio - 1."
1942;1943;Distrito Federal;F01;1;De mais de 12 a 20;12;20;0;16643;257722;15485;16643.332257;-0.332257;Cr$;Cr$ 1.000;Cr$ 1.000;renda liquida;pessoas publicadas diretamente na tabela;Brasil. Instituto Brasileiro de Geografia e Estatistica. Anuario Estatistico do Brasil 1941-1945. Rio de Janeiro: IBGE, 1946, p. 496-497, tabela beta.;https://biblioteca.ibge.gov.br/visualizacao/periodicos/20/aeb_1941_1945.pdf;outputs/fontes-pedro-souza-irpf/aeb_1941_1945.pdf;"outputs/fontes-pedro-souza-irpf/aeb_1941_1945_paginas/pagina-501.png; outputs/fontes-pedro-souza-irpf/aeb_1941_1945_paginas/pagina-502.png";501-502;496-497;Tabela beta - Contribuintes no Distrito Federal e sua renda liquida por classes de renda - 1934/44;"Serie do Distrito Federal; nao comparar diretamente com a serie nacional. A tabela traz anos impressos 1934-1944; seguindo a regra dos Anuarios Estatisticos do Brasil usada no projeto, ano_calendario = ano_exercicio - 1."
1942;1943;Distrito Federal;F02;2;De mais de 20 a 30;20;30;0;9385;229265;24429;9384.952311;0.047689;Cr$;Cr$ 1.000;Cr$ 1.000;renda liquida;pessoas publicadas diretamente na tabela;Brasil. Instituto Brasileiro de Geografia e Estatistica. Anuario Estatistico do Brasil 1941-1945. Rio de Janeiro: IBGE, 1946, p. 496-497, tabela beta.;https://biblioteca.ibge.gov.br/visualizacao/periodicos/20/aeb_1941_1945.pdf;outputs/fontes-pedro-souza-irpf/aeb_1941_1945.pdf;"outputs/fontes-pedro-souza-irpf/aeb_1941_1945_paginas/pagina-501.png; outputs/fontes-pedro-souza-irpf/aeb_1941_1945_paginas/pagina-502.png";501-502;496-497;Tabela beta - Contribuintes no Distrito Federal e sua renda liquida por classes de renda - 1934/44;"Serie do Distrito Federal; nao comparar diretamente com a serie nacional. A tabela traz anos impressos 1934-1944; seguindo a regra dos Anuarios Estatisticos do Brasil usada no projeto, ano_calendario = ano_exercicio - 1."
1942;1943;Distrito Federal;F03;3;De mais de 30 a 60;30;60;0;9379;389652;41545;9379.034782;-0.034782;Cr$;Cr$ 1.000;Cr$ 1.000;renda liquida;pessoas publicadas diretamente na tabela;Brasil. Instituto Brasileiro de Geografia e Estatistica. Anuario Estatistico do Brasil 1941-1945. Rio de Janeiro: IBGE, 1946, p. 496-497, tabela beta.;https://biblioteca.ibge.gov.br/visualizacao/periodicos/20/aeb_1941_1945.pdf;outputs/fontes-pedro-souza-irpf/aeb_1941_1945.pdf;"outputs/fontes-pedro-souza-irpf/aeb_1941_1945_paginas/pagina-501.png; outputs/fontes-pedro-souza-irpf/aeb_1941_1945_paginas/pagina-502.png";501-502;496-497;Tabela beta - Contribuintes no Distrito Federal e sua renda liquida por classes de renda - 1934/44;"Serie do Distrito Federal; nao comparar diretamente com a serie nacional. A tabela traz anos impressos 1934-1944; seguindo a regra dos Anuarios Estatisticos do Brasil usada no projeto, ano_calendario = ano_exercicio - 1."
1942;1943;Distrito Federal;F04;4;De mais de 60 a 90;60;90;0;2978;216131;72576;2977.995481;0.004519;Cr$;Cr$ 1.000;Cr$ 1.000;renda liquida;pessoas publicadas diretamente na tabela;Brasil. Instituto Brasileiro de Geografia e Estatistica. Anuario Estatistico do Brasil 1941-1945. Rio de Janeiro: IBGE, 1946, p. 496-497, tabela beta.;https://biblioteca.ibge.gov.br/visualizacao/periodicos/20/aeb_1941_1945.pdf;outputs/fontes-pedro-souza-irpf/aeb_1941_1945.pdf;"outputs/fontes-pedro-souza-irpf/aeb_1941_1945_paginas/pagina-501.png; outputs/fontes-pedro-souza-irpf/aeb_1941_1945_paginas/pagina-502.png";501-502;496-497;Tabela beta - Contribuintes no Distrito Federal e sua renda liquida por classes de renda - 1934/44;"Serie do Distrito Federal; nao comparar diretamente com a serie nacional. A tabela traz anos impressos 1934-1944; seguindo a regra dos Anuarios Estatisticos do Brasil usada no projeto, ano_calendario = ano_exercicio - 1."
1942;1943;Distrito Federal;F05;5;De mais de 90 a 120;90;120;0;1503;155859;103699;1502.994243;0.005757;Cr$;Cr$ 1.000;Cr$ 1.000;renda liquida;pessoas publicadas diretamente na tabela;Brasil. Instituto Brasileiro de Geografia e Estatistica. Anuario Estatistico do Brasil 1941-1945. Rio de Janeiro: IBGE, 1946, p. 496-497, tabela beta.;https://biblioteca.ibge.gov.br/visualizacao/periodicos/20/aeb_1941_1945.pdf;outputs/fontes-pedro-souza-irpf/aeb_1941_1945.pdf;"outputs/fontes-pedro-souza-irpf/aeb_1941_1945_paginas/pagina-501.png; outputs/fontes-pedro-souza-irpf/aeb_1941_1945_paginas/pagina-502.png";501-502;496-497;Tabela beta - Contribuintes no Distrito Federal e sua renda liquida por classes de renda - 1934/44;"Serie do Distrito Federal; nao comparar diretamente com a serie nacional. A tabela traz anos impressos 1934-1944; seguindo a regra dos Anuarios Estatisticos do Brasil usada no projeto, ano_calendario = ano_exercicio - 1."
1942;1943;Distrito Federal;F06;6;De mais de 120 a 150;120;150;0;860;114680;133349;859.99895;0.00105;Cr$;Cr$ 1.000;Cr$ 1.000;renda liquida;pessoas publicadas diretamente na tabela;Brasil. Instituto Brasileiro de Geografia e Estatistica. Anuario Estatistico do Brasil 1941-1945. Rio de Janeiro: IBGE, 1946, p. 496-497, tabela beta.;https://biblioteca.ibge.gov.br/visualizacao/periodicos/20/aeb_1941_1945.pdf;outputs/fontes-pedro-souza-irpf/aeb_1941_1945.pdf;"outputs/fontes-pedro-souza-irpf/aeb_1941_1945_paginas/pagina-501.png; outputs/fontes-pedro-souza-irpf/aeb_1941_1945_paginas/pagina-502.png";501-502;496-497;Tabela beta - Contribuintes no Distrito Federal e sua renda liquida por classes de renda - 1934/44;"Serie do Distrito Federal; nao comparar diretamente com a serie nacional. A tabela traz anos impressos 1934-1944; seguindo a regra dos Anuarios Estatisticos do Brasil usada no projeto, ano_calendario = ano_exercicio - 1."
1942;1943;Distrito Federal;F07;7;De mais de 150 a 200;150;200;0;932;162249;174087;931.999517;0.000483;Cr$;Cr$ 1.000;Cr$ 1.000;renda liquida;pessoas publicadas diretamente na tabela;Brasil. Instituto Brasileiro de Geografia e Estatistica. Anuario Estatistico do Brasil 1941-1945. Rio de Janeiro: IBGE, 1946, p. 496-497, tabela beta.;https://biblioteca.ibge.gov.br/visualizacao/periodicos/20/aeb_1941_1945.pdf;outputs/fontes-pedro-souza-irpf/aeb_1941_1945.pdf;"outputs/fontes-pedro-souza-irpf/aeb_1941_1945_paginas/pagina-501.png; outputs/fontes-pedro-souza-irpf/aeb_1941_1945_paginas/pagina-502.png";501-502;496-497;Tabela beta - Contribuintes no Distrito Federal e sua renda liquida por classes de renda - 1934/44;"Serie do Distrito Federal; nao comparar diretamente com a serie nacional. A tabela traz anos impressos 1934-1944; seguindo a regra dos Anuarios Estatisticos do Brasil usada no projeto, ano_calendario = ano_exercicio - 1."
1942;1943;Distrito Federal;F08;8;De mais de 200 a 250;200;250;0;528;117816;223137;527.998494;0.001506;Cr$;Cr$ 1.000;Cr$ 1.000;renda liquida;pessoas publicadas diretamente na tabela;Brasil. Instituto Brasileiro de Geografia e Estatistica. Anuario Estatistico do Brasil 1941-1945. Rio de Janeiro: IBGE, 1946, p. 496-497, tabela beta.;https://biblioteca.ibge.gov.br/visualizacao/periodicos/20/aeb_1941_1945.pdf;outputs/fontes-pedro-souza-irpf/aeb_1941_1945.pdf;"outputs/fontes-pedro-souza-irpf/aeb_1941_1945_paginas/pagina-501.png; outputs/fontes-pedro-souza-irpf/aeb_1941_1945_paginas/pagina-502.png";501-502;496-497;Tabela beta - Contribuintes no Distrito Federal e sua renda liquida por classes de renda - 1934/44;"Serie do Distrito Federal; nao comparar diretamente com a serie nacional. A tabela traz anos impressos 1934-1944; seguindo a regra dos Anuarios Estatisticos do Brasil usada no projeto, ano_calendario = ano_exercicio - 1."
1942;1943;Distrito Federal;F09;9;De mais de 250 a 300;250;300;0;346;94409;272860;345.997948;0.002052;Cr$;Cr$ 1.000;Cr$ 1.000;renda liquida;pessoas publicadas diretamente na tabela;Brasil. Instituto Brasileiro de Geografia e Estatistica. Anuario Estatistico do Brasil 1941-1945. Rio de Janeiro: IBGE, 1946, p. 496-497, tabela beta.;https://biblioteca.ibge.gov.br/visualizacao/periodicos/20/aeb_1941_1945.pdf;outputs/fontes-pedro-souza-irpf/aeb_1941_1945.pdf;"outputs/fontes-pedro-souza-irpf/aeb_1941_1945_paginas/pagina-501.png; outputs/fontes-pedro-souza-irpf/aeb_1941_1945_paginas/pagina-502.png";501-502;496-497;Tabela beta - Contribuintes no Distrito Federal e sua renda liquida por classes de renda - 1934/44;"Serie do Distrito Federal; nao comparar diretamente com a serie nacional. A tabela traz anos impressos 1934-1944; seguindo a regra dos Anuarios Estatisticos do Brasil usada no projeto, ano_calendario = ano_exercicio - 1."
1942;1943;Distrito Federal;F10;10;De mais de 300 a 400;300;400;0;391;135020;345321;390.99852;0.00148;Cr$;Cr$ 1.000;Cr$ 1.000;renda liquida;pessoas publicadas diretamente na tabela;Brasil. Instituto Brasileiro de Geografia e Estatistica. Anuario Estatistico do Brasil 1941-1945. Rio de Janeiro: IBGE, 1946, p. 496-497, tabela beta.;https://biblioteca.ibge.gov.br/visualizacao/periodicos/20/aeb_1941_1945.pdf;outputs/fontes-pedro-souza-irpf/aeb_1941_1945.pdf;"outputs/fontes-pedro-souza-irpf/aeb_1941_1945_paginas/pagina-501.png; outputs/fontes-pedro-souza-irpf/aeb_1941_1945_paginas/pagina-502.png";501-502;496-497;Tabela beta - Contribuintes no Distrito Federal e sua renda liquida por classes de renda - 1934/44;"Serie do Distrito Federal; nao comparar diretamente com a serie nacional. A tabela traz anos impressos 1934-1944; seguindo a regra dos Anuarios Estatisticos do Brasil usada no projeto, ano_calendario = ano_exercicio - 1."
1942;1943;Distrito Federal;F11;11;De mais de 400 a 500;400;500;0;230;101894;443016;230.000722;-0.000722;Cr$;Cr$ 1.000;Cr$ 1.000;renda liquida;pessoas publicadas diretamente na tabela;Brasil. Instituto Brasileiro de Geografia e Estatistica. Anuario Estatistico do Brasil 1941-1945. Rio de Janeiro: IBGE, 1946, p. 496-497, tabela beta.;https://biblioteca.ibge.gov.br/visualizacao/periodicos/20/aeb_1941_1945.pdf;outputs/fontes-pedro-souza-irpf/aeb_1941_1945.pdf;"outputs/fontes-pedro-souza-irpf/aeb_1941_1945_paginas/pagina-501.png; outputs/fontes-pedro-souza-irpf/aeb_1941_1945_paginas/pagina-502.png";501-502;496-497;Tabela beta - Contribuintes no Distrito Federal e sua renda liquida por classes de renda - 1934/44;"Serie do Distrito Federal; nao comparar diretamente com a serie nacional. A tabela traz anos impressos 1934-1944; seguindo a regra dos Anuarios Estatisticos do Brasil usada no projeto, ano_calendario = ano_exercicio - 1."
1942;1943;Distrito Federal;F12;12;Mais de 500;500;;1;558;692254;1240599;557.999805;0.000195;Cr$;Cr$ 1.000;Cr$ 1.000;renda liquida;pessoas publicadas diretamente na tabela;Brasil. Instituto Brasileiro de Geografia e Estatistica. Anuario Estatistico do Brasil 1941-1945. Rio de Janeiro: IBGE, 1946, p. 496-497, tabela beta.;https://biblioteca.ibge.gov.br/visualizacao/periodicos/20/aeb_1941_1945.pdf;outputs/fontes-pedro-souza-irpf/aeb_1941_1945.pdf;"outputs/fontes-pedro-souza-irpf/aeb_1941_1945_paginas/pagina-501.png; outputs/fontes-pedro-souza-irpf/aeb_1941_1945_paginas/pagina-502.png";501-502;496-497;Tabela beta - Contribuintes no Distrito Federal e sua renda liquida por classes de renda - 1934/44;"Serie do Distrito Federal; nao comparar diretamente com a serie nacional. A tabela traz anos impressos 1934-1944; seguindo a regra dos Anuarios Estatisticos do Brasil usada no projeto, ano_calendario = ano_exercicio - 1."
1943;1944;Distrito Federal;F01;1;De mais de 12 a 20;12;20;0;16055;249856;15562;16055.519856;-0.519856;Cr$;Cr$ 1.000;Cr$ 1.000;renda liquida;pessoas publicadas diretamente na tabela;Brasil. Instituto Brasileiro de Geografia e Estatistica. Anuario Estatistico do Brasil 1941-1945. Rio de Janeiro: IBGE, 1946, p. 496-497, tabela beta.;https://biblioteca.ibge.gov.br/visualizacao/periodicos/20/aeb_1941_1945.pdf;outputs/fontes-pedro-souza-irpf/aeb_1941_1945.pdf;"outputs/fontes-pedro-souza-irpf/aeb_1941_1945_paginas/pagina-501.png; outputs/fontes-pedro-souza-irpf/aeb_1941_1945_paginas/pagina-502.png";501-502;496-497;Tabela beta - Contribuintes no Distrito Federal e sua renda liquida por classes de renda - 1934/44;"Serie do Distrito Federal; nao comparar diretamente com a serie nacional. A tabela traz anos impressos 1934-1944; seguindo a regra dos Anuarios Estatisticos do Brasil usada no projeto, ano_calendario = ano_exercicio - 1."
1943;1944;Distrito Federal;F02;2;De mais de 20 a 30;20;30;0;9698;237321;24471;9698.050754;-0.050754;Cr$;Cr$ 1.000;Cr$ 1.000;renda liquida;pessoas publicadas diretamente na tabela;Brasil. Instituto Brasileiro de Geografia e Estatistica. Anuario Estatistico do Brasil 1941-1945. Rio de Janeiro: IBGE, 1946, p. 496-497, tabela beta.;https://biblioteca.ibge.gov.br/visualizacao/periodicos/20/aeb_1941_1945.pdf;outputs/fontes-pedro-souza-irpf/aeb_1941_1945.pdf;"outputs/fontes-pedro-souza-irpf/aeb_1941_1945_paginas/pagina-501.png; outputs/fontes-pedro-souza-irpf/aeb_1941_1945_paginas/pagina-502.png";501-502;496-497;Tabela beta - Contribuintes no Distrito Federal e sua renda liquida por classes de renda - 1934/44;"Serie do Distrito Federal; nao comparar diretamente com a serie nacional. A tabela traz anos impressos 1934-1944; seguindo a regra dos Anuarios Estatisticos do Brasil usada no projeto, ano_calendario = ano_exercicio - 1."
1943;1944;Distrito Federal;F03;3;De mais de 30 a 60;30;60;0;10476;437724;41784;10475.875933;0.124067;Cr$;Cr$ 1.000;Cr$ 1.000;renda liquida;pessoas publicadas diretamente na tabela;Brasil. Instituto Brasileiro de Geografia e Estatistica. Anuario Estatistico do Brasil 1941-1945. Rio de Janeiro: IBGE, 1946, p. 496-497, tabela beta.;https://biblioteca.ibge.gov.br/visualizacao/periodicos/20/aeb_1941_1945.pdf;outputs/fontes-pedro-souza-irpf/aeb_1941_1945.pdf;"outputs/fontes-pedro-souza-irpf/aeb_1941_1945_paginas/pagina-501.png; outputs/fontes-pedro-souza-irpf/aeb_1941_1945_paginas/pagina-502.png";501-502;496-497;Tabela beta - Contribuintes no Distrito Federal e sua renda liquida por classes de renda - 1934/44;"Serie do Distrito Federal; nao comparar diretamente com a serie nacional. A tabela traz anos impressos 1934-1944; seguindo a regra dos Anuarios Estatisticos do Brasil usada no projeto, ano_calendario = ano_exercicio - 1."
1943;1944;Distrito Federal;F04;4;De mais de 60 a 90;60;90;0;3483;254647;73111;3483.018971;-0.018971;Cr$;Cr$ 1.000;Cr$ 1.000;renda liquida;pessoas publicadas diretamente na tabela;Brasil. Instituto Brasileiro de Geografia e Estatistica. Anuario Estatistico do Brasil 1941-1945. Rio de Janeiro: IBGE, 1946, p. 496-497, tabela beta.;https://biblioteca.ibge.gov.br/visualizacao/periodicos/20/aeb_1941_1945.pdf;outputs/fontes-pedro-souza-irpf/aeb_1941_1945.pdf;"outputs/fontes-pedro-souza-irpf/aeb_1941_1945_paginas/pagina-501.png; outputs/fontes-pedro-souza-irpf/aeb_1941_1945_paginas/pagina-502.png";501-502;496-497;Tabela beta - Contribuintes no Distrito Federal e sua renda liquida por classes de renda - 1934/44;"Serie do Distrito Federal; nao comparar diretamente com a serie nacional. A tabela traz anos impressos 1934-1944; seguindo a regra dos Anuarios Estatisticos do Brasil usada no projeto, ano_calendario = ano_exercicio - 1."
1943;1944;Distrito Federal;F05;5;De mais de 90 a 120;90;120;0;1708;177105;103691;1708.007445;-0.007445;Cr$;Cr$ 1.000;Cr$ 1.000;renda liquida;pessoas publicadas diretamente na tabela;Brasil. Instituto Brasileiro de Geografia e Estatistica. Anuario Estatistico do Brasil 1941-1945. Rio de Janeiro: IBGE, 1946, p. 496-497, tabela beta.;https://biblioteca.ibge.gov.br/visualizacao/periodicos/20/aeb_1941_1945.pdf;outputs/fontes-pedro-souza-irpf/aeb_1941_1945.pdf;"outputs/fontes-pedro-souza-irpf/aeb_1941_1945_paginas/pagina-501.png; outputs/fontes-pedro-souza-irpf/aeb_1941_1945_paginas/pagina-502.png";501-502;496-497;Tabela beta - Contribuintes no Distrito Federal e sua renda liquida por classes de renda - 1934/44;"Serie do Distrito Federal; nao comparar diretamente com a serie nacional. A tabela traz anos impressos 1934-1944; seguindo a regra dos Anuarios Estatisticos do Brasil usada no projeto, ano_calendario = ano_exercicio - 1."
1943;1944;Distrito Federal;F06;6;De mais de 120 a 150;120;150;0;1041;139474;133981;1040.998351;0.001649;Cr$;Cr$ 1.000;Cr$ 1.000;renda liquida;pessoas publicadas diretamente na tabela;Brasil. Instituto Brasileiro de Geografia e Estatistica. Anuario Estatistico do Brasil 1941-1945. Rio de Janeiro: IBGE, 1946, p. 496-497, tabela beta.;https://biblioteca.ibge.gov.br/visualizacao/periodicos/20/aeb_1941_1945.pdf;outputs/fontes-pedro-souza-irpf/aeb_1941_1945.pdf;"outputs/fontes-pedro-souza-irpf/aeb_1941_1945_paginas/pagina-501.png; outputs/fontes-pedro-souza-irpf/aeb_1941_1945_paginas/pagina-502.png";501-502;496-497;Tabela beta - Contribuintes no Distrito Federal e sua renda liquida por classes de renda - 1934/44;"Serie do Distrito Federal; nao comparar diretamente com a serie nacional. A tabela traz anos impressos 1934-1944; seguindo a regra dos Anuarios Estatisticos do Brasil usada no projeto, ano_calendario = ano_exercicio - 1."
1943;1944;Distrito Federal;F07;7;De mais de 150 a 200;150;200;0;982;169406;172511;982.001148;-0.001148;Cr$;Cr$ 1.000;Cr$ 1.000;renda liquida;pessoas publicadas diretamente na tabela;Brasil. Instituto Brasileiro de Geografia e Estatistica. Anuario Estatistico do Brasil 1941-1945. Rio de Janeiro: IBGE, 1946, p. 496-497, tabela beta.;https://biblioteca.ibge.gov.br/visualizacao/periodicos/20/aeb_1941_1945.pdf;outputs/fontes-pedro-souza-irpf/aeb_1941_1945.pdf;"outputs/fontes-pedro-souza-irpf/aeb_1941_1945_paginas/pagina-501.png; outputs/fontes-pedro-souza-irpf/aeb_1941_1945_paginas/pagina-502.png";501-502;496-497;Tabela beta - Contribuintes no Distrito Federal e sua renda liquida por classes de renda - 1934/44;"Serie do Distrito Federal; nao comparar diretamente com a serie nacional. A tabela traz anos impressos 1934-1944; seguindo a regra dos Anuarios Estatisticos do Brasil usada no projeto, ano_calendario = ano_exercicio - 1."
1943;1944;Distrito Federal;F08_09;8;De mais de 200 a 300;200;300;0;1034;252394;244095;1033.999058;0.000942;Cr$;Cr$ 1.000;Cr$ 1.000;renda liquida;pessoas publicadas diretamente na tabela;Brasil. Instituto Brasileiro de Geografia e Estatistica. Anuario Estatistico do Brasil 1941-1945. Rio de Janeiro: IBGE, 1946, p. 496-497, tabela beta.;https://biblioteca.ibge.gov.br/visualizacao/periodicos/20/aeb_1941_1945.pdf;outputs/fontes-pedro-souza-irpf/aeb_1941_1945.pdf;"outputs/fontes-pedro-souza-irpf/aeb_1941_1945_paginas/pagina-501.png; outputs/fontes-pedro-souza-irpf/aeb_1941_1945_paginas/pagina-502.png";501-502;496-497;Tabela beta - Contribuintes no Distrito Federal e sua renda liquida por classes de renda - 1934/44;"Serie do Distrito Federal; nao comparar diretamente com a serie nacional. A tabela traz anos impressos 1934-1944; seguindo a regra dos Anuarios Estatisticos do Brasil usada no projeto, ano_calendario = ano_exercicio - 1. Na coluna 1944, a fonte agrega as faixas 200-250 e 250-300 como 200-300."
1943;1944;Distrito Federal;F10;9;De mais de 300 a 400;300;400;0;484;166491;343989;484.000942;-0.000942;Cr$;Cr$ 1.000;Cr$ 1.000;renda liquida;pessoas publicadas diretamente na tabela;Brasil. Instituto Brasileiro de Geografia e Estatistica. Anuario Estatistico do Brasil 1941-1945. Rio de Janeiro: IBGE, 1946, p. 496-497, tabela beta.;https://biblioteca.ibge.gov.br/visualizacao/periodicos/20/aeb_1941_1945.pdf;outputs/fontes-pedro-souza-irpf/aeb_1941_1945.pdf;"outputs/fontes-pedro-souza-irpf/aeb_1941_1945_paginas/pagina-501.png; outputs/fontes-pedro-souza-irpf/aeb_1941_1945_paginas/pagina-502.png";501-502;496-497;Tabela beta - Contribuintes no Distrito Federal e sua renda liquida por classes de renda - 1934/44;"Serie do Distrito Federal; nao comparar diretamente com a serie nacional. A tabela traz anos impressos 1934-1944; seguindo a regra dos Anuarios Estatisticos do Brasil usada no projeto, ano_calendario = ano_exercicio - 1."
1943;1944;Distrito Federal;F11;10;De mais de 400 a 500;400;500;0;250;112073;448292;250.0;0.0;Cr$;Cr$ 1.000;Cr$ 1.000;renda liquida;pessoas publicadas diretamente na tabela;Brasil. Instituto Brasileiro de Geografia e Estatistica. Anuario Estatistico do Brasil 1941-1945. Rio de Janeiro: IBGE, 1946, p. 496-497, tabela beta.;https://biblioteca.ibge.gov.br/visualizacao/periodicos/20/aeb_1941_1945.pdf;outputs/fontes-pedro-souza-irpf/aeb_1941_1945.pdf;"outputs/fontes-pedro-souza-irpf/aeb_1941_1945_paginas/pagina-501.png; outputs/fontes-pedro-souza-irpf/aeb_1941_1945_paginas/pagina-502.png";501-502;496-497;Tabela beta - Contribuintes no Distrito Federal e sua renda liquida por classes de renda - 1934/44;"Serie do Distrito Federal; nao comparar diretamente com a serie nacional. A tabela traz anos impressos 1934-1944; seguindo a regra dos Anuarios Estatisticos do Brasil usada no projeto, ano_calendario = ano_exercicio - 1."
1943;1944;Distrito Federal;F12;11;Mais de 500;500;;1;625;667794;1068470;625.000234;-0.000234;Cr$;Cr$ 1.000;Cr$ 1.000;renda liquida;pessoas publicadas diretamente na tabela;Brasil. Instituto Brasileiro de Geografia e Estatistica. Anuario Estatistico do Brasil 1941-1945. Rio de Janeiro: IBGE, 1946, p. 496-497, tabela beta.;https://biblioteca.ibge.gov.br/visualizacao/periodicos/20/aeb_1941_1945.pdf;outputs/fontes-pedro-souza-irpf/aeb_1941_1945.pdf;"outputs/fontes-pedro-souza-irpf/aeb_1941_1945_paginas/pagina-501.png; outputs/fontes-pedro-souza-irpf/aeb_1941_1945_paginas/pagina-502.png";501-502;496-497;Tabela beta - Contribuintes no Distrito Federal e sua renda liquida por classes de renda - 1934/44;"Serie do Distrito Federal; nao comparar diretamente com a serie nacional. A tabela traz anos impressos 1934-1944; seguindo a regra dos Anuarios Estatisticos do Brasil usada no projeto, ano_calendario = ano_exercicio - 1."
