manifest_id;file_name;document_role;workspace_relative_path;source_root_relative_path;size_bytes;size_mb;sha256;public_urls;url_count;metadata_calendar_years;trusted_metadata_sources;source_blocks;access_category;redistribution_status;manifest_evidence_files;notes
PDF-0001;aeb_1941_1945.pdf;source_pdf;outputs/fontes-pedro-souza-irpf/aeb_1941_1945.pdf;aeb_1941_1945.pdf;26946960;25.70;fe98e7ea083dc226d9a3bf8c849ca1b63f1d90c7bdb0a6353ecb243f6282f3c8;https://biblioteca.ibge.gov.br/visualizacao/periodicos/20/aeb_1941_1945.pdf;1;1933 | 1934;Brasil. Instituto Brasileiro de Geografia e Estatistica. Anuario Estatistico do Brasil 1941-1945. Rio de Janeiro: IBGE, 1946, p. 496-497, tabela beta.;aeb_1941_1945_distrito_federal_1933_1934;public_url_identified;review_source_terms_before_redistribution;data/trusted/irpf_distribution_source_metadata_yearly.csv | outputs/fontes-pedro-souza-irpf/fontes_irpf_aeb1941_1945_df_1933_1943.md | outputs/fontes-pedro-souza-irpf/irpf_aeb1941_1945_df_1933_1943_faixas.csv | outputs/fontes-pedro-souza-irpf/irpf_aeb1941_1945_df_1933_1943_totais.csv | outputs/fontes-pedro-souza-irpf/irpf_historico_faixas_consolidado.csv | outputs/fontes-pedro-souza-irpf/irpf_historico_totais_consolidado.csv | outputs/fontes-pedro-souza-irpf/lacunas_irpf_historico.md | outputs/fontes-pedro-souza-irpf/relatorio_orientadores_cobertura_irpf.md | outputs/fontes-pedro-souza-irpf/tabela_metadados_distribuicoes_irpf.csv;At least one public URL was identified in the project metadata or auxiliary files.
PDF-0002;aeb_1946.pdf;source_pdf;outputs/fontes-pedro-souza-irpf/aeb_1946.pdf;aeb_1946.pdf;29473292;28.11;7b9b1133f641e34ae956757bcdc8530efdaaf2eb673d690298e36b58436cf1dc;https://biblioteca.ibge.gov.br/visualizacao/periodicos/20/aeb_1946.pdf;1;1935 | 1936 | 1937 | 1938 | 1939 | 1940 | 1941 | 1942 | 1943 | 1944 | 1945;Anuario Estatistico do Brasil 1946, p. 489, tabela beta;aeb_1946_distrito_federal_1935_1945;public_url_identified;review_source_terms_before_redistribution;data/trusted/irpf_distribution_source_metadata_yearly.csv | outputs/fontes-pedro-souza-irpf/aeb1946_irpf_df_1935_1945_faixas.csv | outputs/fontes-pedro-souza-irpf/aeb1946_irpf_df_1935_1945_totais.csv | outputs/fontes-pedro-souza-irpf/irpf_historico_faixas_consolidado.csv | outputs/fontes-pedro-souza-irpf/irpf_historico_totais_consolidado.csv | outputs/fontes-pedro-souza-irpf/relatorio_orientadores_cobertura_irpf.md | outputs/fontes-pedro-souza-irpf/tabela_metadados_distribuicoes_irpf.csv;At least one public URL was identified in the project metadata or auxiliary files.
PDF-0003;aeb_1949.pdf;source_pdf;outputs/fontes-pedro-souza-irpf/aeb_1949.pdf;aeb_1949.pdf;45450212;43.34;7db1096086927a4a21879a42473507c81d20b229e0b246b3cb6710bb988912c4;https://biblioteca.ibge.gov.br/visualizacao/periodicos/20/aeb_1949.pdf;1;1946 | 1947;IBGE, Anuario Estatistico do Brasil 1949, p. 570, Tabela b;aeb_brasil_1946_1959;public_url_identified;review_source_terms_before_redistribution;data/trusted/irpf_distribution_source_metadata_yearly.csv | outputs/fontes-pedro-souza-irpf/aeb1949_1950_irpf_brasil_1946_1949_faixas.csv | outputs/fontes-pedro-souza-irpf/aeb1949_1950_irpf_brasil_1946_1949_totais.csv | outputs/fontes-pedro-souza-irpf/aeb1949_1951_irpf_brasil_1946_1950_faixas.csv | outputs/fontes-pedro-souza-irpf/aeb1949_1951_irpf_brasil_1946_1950_totais.csv | outputs/fontes-pedro-souza-irpf/aeb1949_1952_irpf_brasil_1946_1951_faixas.csv | outputs/fontes-pedro-souza-irpf/aeb1949_1952_irpf_brasil_1946_1951_totais.csv | outputs/fontes-pedro-souza-irpf/fontes_irpf_aeb_brasil_1946_1960.csv | outputs/fontes-pedro-souza-irpf/fontes_irpf_aeb_brasil_1946_1960.md | outputs/fontes-pedro-souza-irpf/histogramas_frequencias_irpf/histogramas_frequencias_irpf_indice.csv | outputs/fontes-pedro-souza-irpf/irpf_aeb_brasil_1946_1960_faixas.csv | outputs/fontes-pedro-souza-irpf/irpf_aeb_brasil_1946_1960_totais.csv | outputs/fontes-pedro-souza-irpf/irpf_historico_faixas_consolidado.csv | outputs/fontes-pedro-souza-irpf/irpf_historico_totais_consolidado.csv | outputs/fontes-pedro-souza-irpf/relatorio_orientadores_cobertura_irpf.md | outputs/fontes-pedro-souza-irpf/tabela_metadados_distribuicoes_irpf.csv;At least one public URL was identified in the project metadata or auxiliary files.
PDF-0004;aeb_1950.pdf;source_pdf;outputs/fontes-pedro-souza-irpf/aeb_1950.pdf;aeb_1950.pdf;31576371;30.11;76ac6a3d781479780b555f603798b4f90985ec85163f604b172db16d5c368e9e;https://biblioteca.ibge.gov.br/visualizacao/periodicos/20/aeb_1950.pdf;1;1948;IBGE, Anuario Estatistico do Brasil 1950, p. 496, Tabela b;aeb_brasil_1946_1959;public_url_identified;review_source_terms_before_redistribution;data/trusted/irpf_distribution_source_metadata_yearly.csv | outputs/fontes-pedro-souza-irpf/aeb1949_1950_irpf_brasil_1946_1949_faixas.csv | outputs/fontes-pedro-souza-irpf/aeb1949_1950_irpf_brasil_1946_1949_totais.csv | outputs/fontes-pedro-souza-irpf/aeb1949_1951_irpf_brasil_1946_1950_faixas.csv | outputs/fontes-pedro-souza-irpf/aeb1949_1951_irpf_brasil_1946_1950_totais.csv | outputs/fontes-pedro-souza-irpf/aeb1949_1952_irpf_brasil_1946_1951_faixas.csv | outputs/fontes-pedro-souza-irpf/aeb1949_1952_irpf_brasil_1946_1951_totais.csv | outputs/fontes-pedro-souza-irpf/fontes_irpf_aeb_brasil_1946_1960.csv | outputs/fontes-pedro-souza-irpf/fontes_irpf_aeb_brasil_1946_1960.md | outputs/fontes-pedro-souza-irpf/histogramas_frequencias_irpf/histogramas_frequencias_irpf_indice.csv | outputs/fontes-pedro-souza-irpf/irpf_aeb_brasil_1946_1960_faixas.csv | outputs/fontes-pedro-souza-irpf/irpf_aeb_brasil_1946_1960_totais.csv | outputs/fontes-pedro-souza-irpf/irpf_historico_faixas_consolidado.csv | outputs/fontes-pedro-souza-irpf/irpf_historico_totais_consolidado.csv | outputs/fontes-pedro-souza-irpf/relatorio_orientadores_cobertura_irpf.md | outputs/fontes-pedro-souza-irpf/tabela_metadados_distribuicoes_irpf.csv;At least one public URL was identified in the project metadata or auxiliary files.
PDF-0005;aeb_1951.pdf;source_pdf;outputs/fontes-pedro-souza-irpf/aeb_1951.pdf;aeb_1951.pdf;38723709;36.93;0d099c295b94b48bcab2dca407b2eefc7f2291a7c8cad047efdaaa3f9e631262;https://biblioteca.ibge.gov.br/visualizacao/periodicos/20/aeb_1951.pdf;1;1949;IBGE, Anuario Estatistico do Brasil 1951, p. 506, Tabela b;aeb_brasil_1946_1959;public_url_identified;review_source_terms_before_redistribution;data/trusted/irpf_distribution_source_metadata_yearly.csv | outputs/fontes-pedro-souza-irpf/aeb1949_1951_irpf_brasil_1946_1950_faixas.csv | outputs/fontes-pedro-souza-irpf/aeb1949_1951_irpf_brasil_1946_1950_totais.csv | outputs/fontes-pedro-souza-irpf/aeb1949_1952_irpf_brasil_1946_1951_faixas.csv | outputs/fontes-pedro-souza-irpf/aeb1949_1952_irpf_brasil_1946_1951_totais.csv | outputs/fontes-pedro-souza-irpf/fontes_irpf_aeb_brasil_1946_1960.csv | outputs/fontes-pedro-souza-irpf/fontes_irpf_aeb_brasil_1946_1960.md | outputs/fontes-pedro-souza-irpf/histogramas_frequencias_irpf/histogramas_frequencias_irpf_indice.csv | outputs/fontes-pedro-souza-irpf/irpf_aeb_brasil_1946_1960_faixas.csv | outputs/fontes-pedro-souza-irpf/irpf_aeb_brasil_1946_1960_totais.csv | outputs/fontes-pedro-souza-irpf/irpf_historico_faixas_consolidado.csv | outputs/fontes-pedro-souza-irpf/irpf_historico_totais_consolidado.csv | outputs/fontes-pedro-souza-irpf/relatorio_orientadores_cobertura_irpf.md | outputs/fontes-pedro-souza-irpf/tabela_metadados_distribuicoes_irpf.csv;At least one public URL was identified in the project metadata or auxiliary files.
PDF-0006;aeb_1952.pdf;source_pdf;outputs/fontes-pedro-souza-irpf/aeb_1952.pdf;aeb_1952.pdf;31394824;29.94;d4942337ccedd4ee364f15f4889fbb73f2e7cd371e4c6632d62daf75c2fd1259;https://biblioteca.ibge.gov.br/visualizacao/periodicos/20/aeb_1952.pdf;1;1950;IBGE, Anuario Estatistico do Brasil 1952, p. 515, Tabela d;aeb_brasil_1946_1959;public_url_identified;review_source_terms_before_redistribution;data/trusted/irpf_distribution_source_metadata_yearly.csv | outputs/fontes-pedro-souza-irpf/aeb1949_1952_irpf_brasil_1946_1951_faixas.csv | outputs/fontes-pedro-souza-irpf/aeb1949_1952_irpf_brasil_1946_1951_totais.csv | outputs/fontes-pedro-souza-irpf/fontes_irpf_aeb_brasil_1946_1960.csv | outputs/fontes-pedro-souza-irpf/fontes_irpf_aeb_brasil_1946_1960.md | outputs/fontes-pedro-souza-irpf/histogramas_frequencias_irpf/histogramas_frequencias_irpf_indice.csv | outputs/fontes-pedro-souza-irpf/irpf_aeb_brasil_1946_1960_faixas.csv | outputs/fontes-pedro-souza-irpf/irpf_aeb_brasil_1946_1960_totais.csv | outputs/fontes-pedro-souza-irpf/irpf_historico_faixas_consolidado.csv | outputs/fontes-pedro-souza-irpf/irpf_historico_totais_consolidado.csv | outputs/fontes-pedro-souza-irpf/relatorio_orientadores_cobertura_irpf.md | outputs/fontes-pedro-souza-irpf/tabela_metadados_distribuicoes_irpf.csv;At least one public URL was identified in the project metadata or auxiliary files.
PDF-0007;aeb_1953.pdf;source_pdf;outputs/fontes-pedro-souza-irpf/aeb_1953.pdf;aeb_1953.pdf;31659499;30.19;27fa5ab35887669398c6c3e9d5c91a7803423ada86bc37236b62775ee4ea27d9;https://biblioteca.ibge.gov.br/visualizacao/periodicos/20/aeb_1953.pdf;1;1951;IBGE, Anuario Estatistico do Brasil 1953, p. 444, Tabela c;aeb_brasil_1946_1959;public_url_identified;review_source_terms_before_redistribution;data/trusted/irpf_distribution_source_metadata_yearly.csv | outputs/fontes-pedro-souza-irpf/fontes_irpf_aeb_brasil_1946_1960.csv | outputs/fontes-pedro-souza-irpf/fontes_irpf_aeb_brasil_1946_1960.md | outputs/fontes-pedro-souza-irpf/histogramas_frequencias_irpf/histogramas_frequencias_irpf_indice.csv | outputs/fontes-pedro-souza-irpf/irpf_aeb_brasil_1946_1960_faixas.csv | outputs/fontes-pedro-souza-irpf/irpf_aeb_brasil_1946_1960_totais.csv | outputs/fontes-pedro-souza-irpf/irpf_historico_faixas_consolidado.csv | outputs/fontes-pedro-souza-irpf/irpf_historico_totais_consolidado.csv | outputs/fontes-pedro-souza-irpf/relatorio_orientadores_cobertura_irpf.md | outputs/fontes-pedro-souza-irpf/tabela_metadados_distribuicoes_irpf.csv;At least one public URL was identified in the project metadata or auxiliary files.
PDF-0008;aeb_1954.pdf;source_pdf;outputs/fontes-pedro-souza-irpf/aeb_1954.pdf;aeb_1954.pdf;35867551;34.21;cf4ab49361ebf0bc0a2a5be8ff62fca978fb2d454575013303903bc5b4680d81;https://biblioteca.ibge.gov.br/visualizacao/periodicos/20/aeb_1954.pdf;1;1952;IBGE, Anuario Estatistico do Brasil 1954, p. 482, Tabela c;aeb_brasil_1946_1959;public_url_identified;review_source_terms_before_redistribution;data/trusted/irpf_distribution_source_metadata_yearly.csv | outputs/fontes-pedro-souza-irpf/fontes_irpf_aeb_brasil_1946_1960.csv | outputs/fontes-pedro-souza-irpf/fontes_irpf_aeb_brasil_1946_1960.md | outputs/fontes-pedro-souza-irpf/histogramas_frequencias_irpf/histogramas_frequencias_irpf_indice.csv | outputs/fontes-pedro-souza-irpf/irpf_aeb_brasil_1946_1960_faixas.csv | outputs/fontes-pedro-souza-irpf/irpf_aeb_brasil_1946_1960_totais.csv | outputs/fontes-pedro-souza-irpf/irpf_historico_faixas_consolidado.csv | outputs/fontes-pedro-souza-irpf/irpf_historico_totais_consolidado.csv | outputs/fontes-pedro-souza-irpf/relatorio_orientadores_cobertura_irpf.md | outputs/fontes-pedro-souza-irpf/tabela_metadados_distribuicoes_irpf.csv;At least one public URL was identified in the project metadata or auxiliary files.
PDF-0009;aeb_1955.pdf;source_pdf;outputs/fontes-pedro-souza-irpf/aeb_1955.pdf;aeb_1955.pdf;33259446;31.72;ada1071abc876f3a15438b410dcfdf8d40c8d9a33a8756fedbd4d89ee3da1fb1;https://biblioteca.ibge.gov.br/visualizacao/periodicos/20/aeb_1955.pdf;1;1953;IBGE, Anuario Estatistico do Brasil 1955, p. 531, Tabela c;aeb_brasil_1946_1959;public_url_identified;review_source_terms_before_redistribution;data/trusted/irpf_distribution_source_metadata_yearly.csv | outputs/fontes-pedro-souza-irpf/fontes_irpf_aeb_brasil_1946_1960.csv | outputs/fontes-pedro-souza-irpf/fontes_irpf_aeb_brasil_1946_1960.md | outputs/fontes-pedro-souza-irpf/histogramas_frequencias_irpf/histogramas_frequencias_irpf_indice.csv | outputs/fontes-pedro-souza-irpf/irpf_aeb_brasil_1946_1960_faixas.csv | outputs/fontes-pedro-souza-irpf/irpf_aeb_brasil_1946_1960_totais.csv | outputs/fontes-pedro-souza-irpf/irpf_historico_faixas_consolidado.csv | outputs/fontes-pedro-souza-irpf/irpf_historico_totais_consolidado.csv | outputs/fontes-pedro-souza-irpf/relatorio_orientadores_cobertura_irpf.md | outputs/fontes-pedro-souza-irpf/tabela_metadados_distribuicoes_irpf.csv;At least one public URL was identified in the project metadata or auxiliary files.
PDF-0010;aeb_1956.pdf;source_pdf;outputs/fontes-pedro-souza-irpf/aeb_1956.pdf;aeb_1956.pdf;34329145;32.74;e4acb62add6343beed9239adcc9926853a05f7f9ff615dd4d319fa938a4e1ab5;https://biblioteca.ibge.gov.br/visualizacao/periodicos/20/aeb_1956.pdf;1;1954;IBGE, Anuario Estatistico do Brasil 1956, p. 404, Tabela 2a;aeb_brasil_1946_1959;public_url_identified;review_source_terms_before_redistribution;data/trusted/irpf_distribution_source_metadata_yearly.csv | outputs/fontes-pedro-souza-irpf/fontes_irpf_aeb_brasil_1946_1960.csv | outputs/fontes-pedro-souza-irpf/fontes_irpf_aeb_brasil_1946_1960.md | outputs/fontes-pedro-souza-irpf/histogramas_frequencias_irpf/histogramas_frequencias_irpf_indice.csv | outputs/fontes-pedro-souza-irpf/irpf_aeb_brasil_1946_1960_faixas.csv | outputs/fontes-pedro-souza-irpf/irpf_aeb_brasil_1946_1960_totais.csv | outputs/fontes-pedro-souza-irpf/irpf_historico_faixas_consolidado.csv | outputs/fontes-pedro-souza-irpf/irpf_historico_totais_consolidado.csv | outputs/fontes-pedro-souza-irpf/relatorio_orientadores_cobertura_irpf.md | outputs/fontes-pedro-souza-irpf/tabela_metadados_distribuicoes_irpf.csv;At least one public URL was identified in the project metadata or auxiliary files.
PDF-0011;aeb_1957.pdf;source_pdf;outputs/fontes-pedro-souza-irpf/aeb_1957.pdf;aeb_1957.pdf;35428419;33.79;8224c41dd5da1b1733c7e0e79a19be40ef3f5d6aeca2ee3dd0c393fde94f608e;https://biblioteca.ibge.gov.br/visualizacao/periodicos/20/aeb_1957.pdf;1;1955;IBGE, Anuario Estatistico do Brasil 1957, p. 452, Tabela 3e/2ba;aeb_brasil_1946_1959;public_url_identified;review_source_terms_before_redistribution;data/trusted/irpf_distribution_source_metadata_yearly.csv | outputs/fontes-pedro-souza-irpf/fontes_irpf_aeb_brasil_1946_1960.csv | outputs/fontes-pedro-souza-irpf/fontes_irpf_aeb_brasil_1946_1960.md | outputs/fontes-pedro-souza-irpf/histogramas_frequencias_irpf/histogramas_frequencias_irpf_indice.csv | outputs/fontes-pedro-souza-irpf/irpf_aeb_brasil_1946_1960_faixas.csv | outputs/fontes-pedro-souza-irpf/irpf_aeb_brasil_1946_1960_totais.csv | outputs/fontes-pedro-souza-irpf/irpf_historico_faixas_consolidado.csv | outputs/fontes-pedro-souza-irpf/irpf_historico_totais_consolidado.csv | outputs/fontes-pedro-souza-irpf/relatorio_orientadores_cobertura_irpf.md | outputs/fontes-pedro-souza-irpf/tabela_metadados_distribuicoes_irpf.csv;At least one public URL was identified in the project metadata or auxiliary files.
PDF-0012;aeb_1958.pdf;source_pdf;outputs/fontes-pedro-souza-irpf/aeb_1958.pdf;aeb_1958.pdf;42061348;40.11;12e31ca8371e33a8c4c9f3ebe56c6b217e3c1494358dc4401785dd6c2be8d1ba;https://biblioteca.ibge.gov.br/visualizacao/periodicos/20/aeb_1958.pdf;1;1956;IBGE, Anuario Estatistico do Brasil 1958, p. 450, Tabela 3d/1ba;aeb_brasil_1946_1959;public_url_identified;review_source_terms_before_redistribution;data/trusted/irpf_distribution_source_metadata_yearly.csv | outputs/fontes-pedro-souza-irpf/fontes_irpf_aeb_brasil_1946_1960.csv | outputs/fontes-pedro-souza-irpf/fontes_irpf_aeb_brasil_1946_1960.md | outputs/fontes-pedro-souza-irpf/histogramas_frequencias_irpf/histogramas_frequencias_irpf_indice.csv | outputs/fontes-pedro-souza-irpf/irpf_aeb_brasil_1946_1960_faixas.csv | outputs/fontes-pedro-souza-irpf/irpf_aeb_brasil_1946_1960_totais.csv | outputs/fontes-pedro-souza-irpf/irpf_historico_faixas_consolidado.csv | outputs/fontes-pedro-souza-irpf/irpf_historico_totais_consolidado.csv | outputs/fontes-pedro-souza-irpf/relatorio_orientadores_cobertura_irpf.md | outputs/fontes-pedro-souza-irpf/tabela_metadados_distribuicoes_irpf.csv;At least one public URL was identified in the project metadata or auxiliary files.
PDF-0013;aeb_1959.pdf;source_pdf;outputs/fontes-pedro-souza-irpf/aeb_1959.pdf;aeb_1959.pdf;28155080;26.85;19621f005f3dffc54d0fbbe71d665562849cf9da2b2dcef460f6b1c9f75a4a3f;https://biblioteca.ibge.gov.br/visualizacao/periodicos/20/aeb_1959.pdf;1;1957;IBGE, Anuario Estatistico do Brasil 1959, p. 436, Tabela 3d/ba;aeb_brasil_1946_1959;public_url_identified;review_source_terms_before_redistribution;data/trusted/irpf_distribution_source_metadata_yearly.csv | outputs/fontes-pedro-souza-irpf/fontes_irpf_aeb_brasil_1946_1960.csv | outputs/fontes-pedro-souza-irpf/fontes_irpf_aeb_brasil_1946_1960.md | outputs/fontes-pedro-souza-irpf/histogramas_frequencias_irpf/histogramas_frequencias_irpf_indice.csv | outputs/fontes-pedro-souza-irpf/irpf_aeb_brasil_1946_1960_faixas.csv | outputs/fontes-pedro-souza-irpf/irpf_aeb_brasil_1946_1960_totais.csv | outputs/fontes-pedro-souza-irpf/irpf_historico_faixas_consolidado.csv | outputs/fontes-pedro-souza-irpf/irpf_historico_totais_consolidado.csv | outputs/fontes-pedro-souza-irpf/relatorio_orientadores_cobertura_irpf.md | outputs/fontes-pedro-souza-irpf/tabela_metadados_distribuicoes_irpf.csv;At least one public URL was identified in the project metadata or auxiliary files.
PDF-0014;aeb_1960.pdf;source_pdf;outputs/fontes-pedro-souza-irpf/aeb_1960.pdf;aeb_1960.pdf;24202042;23.08;11c7f48dfd710822844bd459525c91942ec95af8e0cd80e250133a698ce97b46;https://biblioteca.ibge.gov.br/visualizacao/periodicos/20/aeb_1960.pdf;1;1958;IBGE, Anuario Estatistico do Brasil 1960, p. 377, Tabela 2a;aeb_brasil_1946_1959;public_url_identified;review_source_terms_before_redistribution;data/trusted/irpf_distribution_source_metadata_yearly.csv | outputs/fontes-pedro-souza-irpf/fontes_irpf_aeb_brasil_1946_1960.csv | outputs/fontes-pedro-souza-irpf/fontes_irpf_aeb_brasil_1946_1960.md | outputs/fontes-pedro-souza-irpf/histogramas_frequencias_irpf/histogramas_frequencias_irpf_indice.csv | outputs/fontes-pedro-souza-irpf/irpf_aeb_brasil_1946_1960_faixas.csv | outputs/fontes-pedro-souza-irpf/irpf_aeb_brasil_1946_1960_totais.csv | outputs/fontes-pedro-souza-irpf/irpf_historico_faixas_consolidado.csv | outputs/fontes-pedro-souza-irpf/irpf_historico_totais_consolidado.csv | outputs/fontes-pedro-souza-irpf/relatorio_orientadores_cobertura_irpf.md | outputs/fontes-pedro-souza-irpf/tabela_metadados_distribuicoes_irpf.csv;At least one public URL was identified in the project metadata or auxiliary files.
PDF-0015;aeb_1961.pdf;source_pdf;outputs/fontes-pedro-souza-irpf/aeb_1961.pdf;aeb_1961.pdf;28593319;27.27;d3d87de9d608a5765186b180a91ecad292430614d32f5ff818e5e2e83b194e86;https://biblioteca.ibge.gov.br/visualizacao/periodicos/20/aeb_1961.pdf;1;1959;IBGE, Anuario Estatistico do Brasil 1961, p. 423, Tabela 2a;aeb_brasil_1946_1959;public_url_identified;review_source_terms_before_redistribution;data/trusted/irpf_distribution_source_metadata_yearly.csv | outputs/fontes-pedro-souza-irpf/fontes_irpf_aeb_brasil_1946_1960.csv | outputs/fontes-pedro-souza-irpf/fontes_irpf_aeb_brasil_1946_1960.md | outputs/fontes-pedro-souza-irpf/histogramas_frequencias_irpf/histogramas_frequencias_irpf_indice.csv | outputs/fontes-pedro-souza-irpf/irpf_aeb_brasil_1946_1960_faixas.csv | outputs/fontes-pedro-souza-irpf/irpf_aeb_brasil_1946_1960_totais.csv | outputs/fontes-pedro-souza-irpf/irpf_historico_faixas_consolidado.csv | outputs/fontes-pedro-souza-irpf/irpf_historico_totais_consolidado.csv | outputs/fontes-pedro-souza-irpf/relatorio_orientadores_cobertura_irpf.md | outputs/fontes-pedro-souza-irpf/tabela_metadados_distribuicoes_irpf.csv;At least one public URL was identified in the project metadata or auxiliary files.
PDF-0016;aeb_1962.pdf;source_pdf;outputs/fontes-pedro-souza-irpf/aeb_1962.pdf;aeb_1962.pdf;21627482;20.63;fa68a718c8e0ae73299b66aa64a37e7c9f5f086154e802eddec2044864437089;https://archive.org/details/depeguanaminfaz0000_1_0000relatrenda196167 | https://archive.org/download/depeguanaminfaz0000_1_0000relatrenda196167/depeguanaminfaz0000_1_0000relatrenda196167.pdf | https://biblioteca.ibge.gov.br/visualizacao/periodicos/20/aeb_1962.pdf;3;;;;public_url_identified;review_source_terms_before_redistribution;outputs/fontes-pedro-souza-irpf/fontes_irpf_aeb_brasil_1946_1960.csv | outputs/fontes-pedro-souza-irpf/fontes_irpf_aeb_brasil_1946_1960.md | outputs/fontes-pedro-souza-irpf/fontes_irpf_dir_1961.csv | outputs/fontes-pedro-souza-irpf/fontes_irpf_dir_1961.md | outputs/fontes-pedro-souza-irpf/irpf_aeb_brasil_1946_1960_faixas.csv | outputs/fontes-pedro-souza-irpf/irpf_aeb_brasil_1946_1960_totais.csv | outputs/fontes-pedro-souza-irpf/irpf_dir_1961_totais.csv;At least one public URL was identified in the project metadata or auxiliary files.
PDF-0017;aeb_1963.pdf;source_pdf;outputs/fontes-pedro-souza-irpf/aeb_1963.pdf;aeb_1963.pdf;26788485;25.55;8b781a180e081aabe353c7654af6e76a53fb73c71f92e7d2ae1edef4b4f27b6b;https://biblioteca.ibge.gov.br/visualizacao/periodicos/20/aeb_1963.pdf;1;;;;public_url_identified;review_source_terms_before_redistribution;outputs/fontes-pedro-souza-irpf/triagem_aeb_pos_1960.csv;At least one public URL was identified in the project metadata or auxiliary files.
PDF-0018;aeb_1964.pdf;source_pdf;outputs/fontes-pedro-souza-irpf/aeb_1964.pdf;aeb_1964.pdf;25437110;24.26;7d270114c3dd0630bdf54f549bc3dcad54bc20c1ca07012927a8393074a24843;https://biblioteca.ibge.gov.br/visualizacao/periodicos/20/aeb_1964.pdf;1;;;;public_url_identified;review_source_terms_before_redistribution;outputs/fontes-pedro-souza-irpf/triagem_aeb_pos_1960.csv;At least one public URL was identified in the project metadata or auxiliary files.
PDF-0019;aeb_1965.pdf;source_pdf;outputs/fontes-pedro-souza-irpf/aeb_1965.pdf;aeb_1965.pdf;35498756;33.85;966f94e267e2ea5c1ce2da333500ab78bcd09e12706871c9f7a4dfe212b3d0dd;https://biblioteca.ibge.gov.br/visualizacao/periodicos/20/aeb_1965.pdf;1;;;;public_url_identified;review_source_terms_before_redistribution;outputs/fontes-pedro-souza-irpf/triagem_aeb_pos_1960.csv;At least one public URL was identified in the project metadata or auxiliary files.
PDF-0020;aeb_1966.pdf;source_pdf;outputs/fontes-pedro-souza-irpf/aeb_1966.pdf;aeb_1966.pdf;33342784;31.80;c55f227236b4038bf807320ce03450f97e9d50cb55d76b08db4332a701dad288;https://biblioteca.ibge.gov.br/visualizacao/periodicos/20/aeb_1966.pdf;1;;;;public_url_identified;review_source_terms_before_redistribution;outputs/fontes-pedro-souza-irpf/triagem_aeb_pos_1960.csv;At least one public URL was identified in the project metadata or auxiliary files.
PDF-0021;aeb_1967.pdf;source_pdf;outputs/fontes-pedro-souza-irpf/aeb_1967.pdf;aeb_1967.pdf;43349543;41.34;b45d19812b953bd9594ffdca37f99aa2fb967a8fb84f08324f86ca03554c521f;https://biblioteca.ibge.gov.br/visualizacao/periodicos/20/aeb_1967.pdf;1;;;;public_url_identified;review_source_terms_before_redistribution;outputs/fontes-pedro-souza-irpf/triagem_aeb_pos_1960.csv;At least one public URL was identified in the project metadata or auxiliary files.
PDF-0022;aeb_1968.pdf;source_pdf;outputs/fontes-pedro-souza-irpf/aeb_1968.pdf;aeb_1968.pdf;32511033;31.00;cfdfbaad3011c74cd8afe534f675c0d1f26b74c64a358ad15a26f95c32b3c55b;https://biblioteca.ibge.gov.br/visualizacao/periodicos/20/aeb_1968.pdf;1;;;;public_url_identified;review_source_terms_before_redistribution;outputs/fontes-pedro-souza-irpf/triagem_aeb_pos_1960.csv;At least one public URL was identified in the project metadata or auxiliary files.
PDF-0023;aeb_1969.pdf;source_pdf;outputs/fontes-pedro-souza-irpf/aeb_1969.pdf;aeb_1969.pdf;39618660;37.78;0ad04ee56e99a0c008c5ad8c2f8cc44c70938c1355e9290a552c88a98a18e878;https://biblioteca.ibge.gov.br/visualizacao/periodicos/20/aeb_1969.pdf;1;;;;public_url_identified;review_source_terms_before_redistribution;outputs/fontes-pedro-souza-irpf/triagem_aeb_pos_1960.csv;At least one public URL was identified in the project metadata or auxiliary files.
PDF-0024;aeb_1970.pdf;source_pdf;outputs/fontes-pedro-souza-irpf/aeb_1970.pdf;aeb_1970.pdf;42081899;40.13;a125f1f9da2c3df097f3ef18e558b12ddc8e0fc2ad2eff87d8d0f511c7ccf9e6;https://biblioteca.ibge.gov.br/visualizacao/periodicos/20/aeb_1970.pdf;1;;;;public_url_identified;review_source_terms_before_redistribution;outputs/fontes-pedro-souza-irpf/triagem_aeb_pos_1960.csv;At least one public URL was identified in the project metadata or auxiliary files.
PDF-0025;aeb_1971.pdf;source_pdf;outputs/fontes-pedro-souza-irpf/aeb_1971.pdf;aeb_1971.pdf;39106537;37.29;64d9f77b9c8eea864c0079016f4898f3d33c743ff4b12df8e0ffdc1ec16cf93b;https://biblioteca.ibge.gov.br/visualizacao/periodicos/20/aeb_1971.pdf;1;;;;public_url_identified;review_source_terms_before_redistribution;outputs/fontes-pedro-souza-irpf/triagem_aeb_pos_1960.csv;At least one public URL was identified in the project metadata or auxiliary files.
PDF-0026;aeb_1972.pdf;source_pdf;outputs/fontes-pedro-souza-irpf/aeb_1972.pdf;aeb_1972.pdf;42989558;41.00;6301f8693bfc8e220134e96738dc064e36415f61b0531b58201f71d402d92309;https://biblioteca.ibge.gov.br/visualizacao/periodicos/20/aeb_1972.pdf;1;;;;public_url_identified;review_source_terms_before_redistribution;outputs/fontes-pedro-souza-irpf/triagem_aeb_pos_1960.csv;At least one public URL was identified in the project metadata or auxiliary files.
PDF-0027;aeb_1973.pdf;source_pdf;outputs/fontes-pedro-souza-irpf/aeb_1973.pdf;aeb_1973.pdf;52322048;49.90;3c73de347d251602c3f148198ebaa0fd142f1e6f32ee932a7f44af7fcb30e4da;https://biblioteca.ibge.gov.br/visualizacao/periodicos/20/aeb_1973.pdf;1;;;;public_url_identified;review_source_terms_before_redistribution;outputs/fontes-pedro-souza-irpf/triagem_aeb_pos_1960.csv;At least one public URL was identified in the project metadata or auxiliary files.
PDF-0028;aeb_1974.pdf;source_pdf;outputs/fontes-pedro-souza-irpf/aeb_1974.pdf;aeb_1974.pdf;46866138;44.70;032a46dc9ef6bf24d3df1bd5b4a688d9456a3de7985cb7efd2fc48a9d2d2768f;https://biblioteca.ibge.gov.br/visualizacao/periodicos/20/aeb_1974.pdf;1;;;;public_url_identified;review_source_terms_before_redistribution;outputs/fontes-pedro-souza-irpf/triagem_aeb_pos_1960.csv;At least one public URL was identified in the project metadata or auxiliary files.
PDF-0029;aeb_1975.pdf;source_pdf;outputs/fontes-pedro-souza-irpf/aeb_1975.pdf;aeb_1975.pdf;47558681;45.36;13c84a675e1a6689156a663a7577e2602de07dd8faf0c42c7e79acc2f9f87366;https://biblioteca.ibge.gov.br/visualizacao/periodicos/20/aeb_1975.pdf;1;;;;public_url_identified;review_source_terms_before_redistribution;outputs/fontes-pedro-souza-irpf/triagem_aeb_pos_1960.csv;At least one public URL was identified in the project metadata or auxiliary files.
PDF-0030;anuareco1970minfaz.pdf;source_pdf;outputs/fontes-pedro-souza-irpf/aef_scan/pdf/anuareco1970minfaz.pdf;aef_scan/pdf/anuareco1970minfaz.pdf;25147235;23.98;5dd19e2bc3f9f057da1cb7ff1e34c97ed86427dbba8aa1e1ada948f07fb28f2e;https://archive.org/details/anuareco1970minfaz | https://archive.org/download/anuareco1970minfaz/anuareco1970minfaz.pdf;2;1968;Brasil. Ministerio da Fazenda. Anuario Economico-Fiscal 1970. Brasilia: Ministerio da Fazenda, 1970.;aef_1970;public_url_identified;review_source_terms_before_redistribution;data/trusted/irpf_distribution_source_metadata_yearly.csv | outputs/fontes-pedro-souza-irpf/aef_scan/metadata/anuareco1970minfaz.json | outputs/fontes-pedro-souza-irpf/fontes_irpf_aef_1970.csv | outputs/fontes-pedro-souza-irpf/fontes_irpf_aef_1970.md | outputs/fontes-pedro-souza-irpf/histogramas_frequencias_irpf/histogramas_frequencias_irpf_indice.csv | outputs/fontes-pedro-souza-irpf/irpf_aef_1970_faixas.csv | outputs/fontes-pedro-souza-irpf/irpf_aef_1970_totais.csv | outputs/fontes-pedro-souza-irpf/irpf_historico_faixas_consolidado.csv | outputs/fontes-pedro-souza-irpf/irpf_historico_totais_consolidado.csv | outputs/fontes-pedro-souza-irpf/relatorio_orientadores_cobertura_irpf.md | outputs/fontes-pedro-souza-irpf/tabela_metadados_distribuicoes_irpf.csv;At least one public URL was identified in the project metadata or auxiliary files.
PDF-0031;anuareco1971minfaz.pdf;source_pdf;outputs/fontes-pedro-souza-irpf/aef_scan/pdf/anuareco1971minfaz.pdf;aef_scan/pdf/anuareco1971minfaz.pdf;14504392;13.83;e489188918e1893f9ce22df17a899bdb9530178de94113c4efafde41280d6e38;https://archive.org/details/anuareco1971minfaz | https://archive.org/download/anuareco1971minfaz/anuareco1971minfaz.pdf;2;1969;Brasil. Ministerio da Fazenda. Anuario Economico-Fiscal 1971. Brasilia: Ministerio da Fazenda, 1971.;aef_1971;public_url_identified;review_source_terms_before_redistribution;data/trusted/irpf_distribution_source_metadata_yearly.csv | outputs/fontes-pedro-souza-irpf/aef_scan/metadata/anuareco1971minfaz.json | outputs/fontes-pedro-souza-irpf/fontes_irpf_aef_1971.csv | outputs/fontes-pedro-souza-irpf/fontes_irpf_aef_1971.md | outputs/fontes-pedro-souza-irpf/histogramas_frequencias_irpf/histogramas_frequencias_irpf_indice.csv | outputs/fontes-pedro-souza-irpf/irpf_aef_1971_faixas.csv | outputs/fontes-pedro-souza-irpf/irpf_aef_1971_totais.csv | outputs/fontes-pedro-souza-irpf/irpf_historico_faixas_consolidado.csv | outputs/fontes-pedro-souza-irpf/irpf_historico_totais_consolidado.csv | outputs/fontes-pedro-souza-irpf/relatorio_orientadores_cobertura_irpf.md | outputs/fontes-pedro-souza-irpf/tabela_metadados_distribuicoes_irpf.csv;At least one public URL was identified in the project metadata or auxiliary files.
PDF-0032;anuareco1972minfaz.pdf;source_pdf;outputs/fontes-pedro-souza-irpf/aef_scan/pdf/anuareco1972minfaz.pdf;aef_scan/pdf/anuareco1972minfaz.pdf;25297975;24.13;8bc0968059a21b8a8982966f6cddc02e5831c38eeceffce174963e8b71bfbae1;https://archive.org/details/anuareco1972minfaz | https://archive.org/download/anuareco1972minfaz/anuareco1972minfaz.pdf | https://ci.nii.ac.jp/ncid/BB06332999;3;1970;Brasil. Ministerio da Fazenda. Secretaria da Receita Federal. Centro de Informacoes Economico-Fiscais. Anuario Economico-Fiscal 1972. Brasilia: Centro de Informacoes Economico-Fiscais, 1972.;aef_1972;public_url_identified;review_source_terms_before_redistribution;data/trusted/irpf_distribution_source_metadata_yearly.csv | outputs/fontes-pedro-souza-irpf/aef_scan/metadata/anuareco1972minfaz.json | outputs/fontes-pedro-souza-irpf/fontes_irpf_aef_1972.csv | outputs/fontes-pedro-souza-irpf/fontes_irpf_aef_1972.md | outputs/fontes-pedro-souza-irpf/histogramas_frequencias_irpf/histogramas_frequencias_irpf_indice.csv | outputs/fontes-pedro-souza-irpf/irpf_aef_1972_faixas.csv | outputs/fontes-pedro-souza-irpf/irpf_aef_1972_faixas_origem.csv | outputs/fontes-pedro-souza-irpf/irpf_aef_1972_totais.csv | outputs/fontes-pedro-souza-irpf/irpf_historico_faixas_consolidado.csv | outputs/fontes-pedro-souza-irpf/irpf_historico_totais_consolidado.csv | outputs/fontes-pedro-souza-irpf/relatorio_orientadores_cobertura_irpf.md | outputs/fontes-pedro-souza-irpf/tabela_metadados_distribuicoes_irpf.csv;At least one public URL was identified in the project metadata or auxiliary files.
PDF-0033;anuareco1973minfaz.pdf;source_pdf;outputs/fontes-pedro-souza-irpf/aef_scan/pdf/anuareco1973minfaz.pdf;aef_scan/pdf/anuareco1973minfaz.pdf;38205734;36.44;7df9c66fdddd9df736a90d809cf3480463e70646a46cb52971c919dd5af5c729;https://archive.org/details/anuareco1973minfaz | https://archive.org/download/anuareco1973minfaz/anuareco1973minfaz.pdf | https://ci.nii.ac.jp/ncid/BB06332999;3;1971;Brasil. Ministerio da Fazenda. Anuario Economico-Fiscal 1973. Brasilia: Ministerio da Fazenda, 1975.;aef_1973;public_url_identified;review_source_terms_before_redistribution;data/trusted/irpf_distribution_source_metadata_yearly.csv | outputs/fontes-pedro-souza-irpf/fontes_irpf_aef_1973.csv | outputs/fontes-pedro-souza-irpf/fontes_irpf_aef_1973.md | outputs/fontes-pedro-souza-irpf/histogramas_frequencias_irpf/histogramas_frequencias_irpf_indice.csv | outputs/fontes-pedro-souza-irpf/irpf_aef_1973_faixas.csv | outputs/fontes-pedro-souza-irpf/irpf_aef_1973_faixas_origem.csv | outputs/fontes-pedro-souza-irpf/irpf_aef_1973_totais.csv | outputs/fontes-pedro-souza-irpf/irpf_historico_faixas_consolidado.csv | outputs/fontes-pedro-souza-irpf/irpf_historico_totais_consolidado.csv | outputs/fontes-pedro-souza-irpf/relatorio_orientadores_cobertura_irpf.md | outputs/fontes-pedro-souza-irpf/tabela_metadados_distribuicoes_irpf.csv;At least one public URL was identified in the project metadata or auxiliary files.
PDF-0034;anuareco1974minfaz.pdf;source_pdf;outputs/fontes-pedro-souza-irpf/aef_scan/pdf/anuareco1974minfaz.pdf;aef_scan/pdf/anuareco1974minfaz.pdf;32518624;31.01;92ab6cdf09148a290d5f04690f85202a4502a9cf66ea755f3831a902094de176;https://archive.org/details/anuareco1974minfaz | https://archive.org/download/anuareco1974minfaz/anuareco1974minfaz.pdf | https://ci.nii.ac.jp/ncid/BB06332999;3;1972;Brasil. Ministerio da Fazenda. Anuario Economico-Fiscal 1974. Brasilia: Ministerio da Fazenda, 1974.;aef_1974;public_url_identified;review_source_terms_before_redistribution;data/trusted/irpf_distribution_source_metadata_yearly.csv | outputs/fontes-pedro-souza-irpf/fontes_irpf_aef_1974.csv | outputs/fontes-pedro-souza-irpf/fontes_irpf_aef_1974.md | outputs/fontes-pedro-souza-irpf/histogramas_frequencias_irpf/histogramas_frequencias_irpf_indice.csv | outputs/fontes-pedro-souza-irpf/irpf_aef_1974_faixas.csv | outputs/fontes-pedro-souza-irpf/irpf_aef_1974_faixas_origem.csv | outputs/fontes-pedro-souza-irpf/irpf_aef_1974_totais.csv | outputs/fontes-pedro-souza-irpf/irpf_historico_faixas_consolidado.csv | outputs/fontes-pedro-souza-irpf/irpf_historico_totais_consolidado.csv | outputs/fontes-pedro-souza-irpf/relatorio_orientadores_cobertura_irpf.md | outputs/fontes-pedro-souza-irpf/tabela_metadados_distribuicoes_irpf.csv;At least one public URL was identified in the project metadata or auxiliary files.
PDF-0035;anuareco1975minfaz.pdf;source_pdf;outputs/fontes-pedro-souza-irpf/aef_scan/pdf/anuareco1975minfaz.pdf;aef_scan/pdf/anuareco1975minfaz.pdf;42967600;40.98;fd2c8121b3c80e9323f1fc695371c23d433f20b297714539184247dec792f031;https://archive.org/details/anuareco1975minfaz | https://archive.org/download/anuareco1975minfaz/anuareco1975minfaz.pdf | https://ci.nii.ac.jp/ncid/BB06332999;3;1973;Brasil. Ministerio da Fazenda. Anuario Economico-Fiscal 1975. Brasilia: Ministerio da Fazenda, 1975.;;public_url_identified;review_source_terms_before_redistribution;data/trusted/irpf_distribution_source_metadata_yearly.csv | outputs/fontes-pedro-souza-irpf/fontes_irpf_aef_1975.csv | outputs/fontes-pedro-souza-irpf/fontes_irpf_aef_1975.md | outputs/fontes-pedro-souza-irpf/irpf_aef_1975_rendimento_bruto_faixas.csv | outputs/fontes-pedro-souza-irpf/irpf_aef_1975_rendimento_bruto_totais.csv | outputs/fontes-pedro-souza-irpf/lacunas_irpf_historico.md | outputs/fontes-pedro-souza-irpf/relatorio_orientadores_cobertura_irpf.md | outputs/fontes-pedro-souza-irpf/tabela_metadados_distribuicoes_irpf.csv;At least one public URL was identified in the project metadata or auxiliary files.
PDF-0036;anuareco1976minfaz.pdf;source_pdf;outputs/fontes-pedro-souza-irpf/aef_scan/pdf/anuareco1976minfaz.pdf;aef_scan/pdf/anuareco1976minfaz.pdf;39666325;37.83;64d034fc0e1aab685300fe22d3ec752d2438e04c91ba50fe587cb8afd8912185;https://archive.org/details/anuareco1976minfaz | https://archive.org/download/anuareco1976minfaz/anuareco1976minfaz.pdf | https://ci.nii.ac.jp/ncid/BB06332999;3;1974;Brasil. Ministerio da Fazenda. Anuario Economico-Fiscal 1976. Brasilia: Ministerio da Fazenda, 1976.;aef_1976;public_url_identified;review_source_terms_before_redistribution;data/trusted/irpf_distribution_source_metadata_yearly.csv | outputs/fontes-pedro-souza-irpf/fontes_irpf_aef_1976.csv | outputs/fontes-pedro-souza-irpf/fontes_irpf_aef_1976.md | outputs/fontes-pedro-souza-irpf/histogramas_frequencias_irpf/histogramas_frequencias_irpf_indice.csv | outputs/fontes-pedro-souza-irpf/irpf_aef_1976_faixas.csv | outputs/fontes-pedro-souza-irpf/irpf_aef_1976_faixas_origem.csv | outputs/fontes-pedro-souza-irpf/irpf_aef_1976_totais.csv | outputs/fontes-pedro-souza-irpf/irpf_historico_faixas_consolidado.csv | outputs/fontes-pedro-souza-irpf/irpf_historico_totais_consolidado.csv | outputs/fontes-pedro-souza-irpf/lacunas_irpf_historico.md | outputs/fontes-pedro-souza-irpf/relatorio_orientadores_cobertura_irpf.md | outputs/fontes-pedro-souza-irpf/tabela_metadados_distribuicoes_irpf.csv;At least one public URL was identified in the project metadata or auxiliary files.
PDF-0037;anuareco1977minfaz.pdf;source_pdf;outputs/fontes-pedro-souza-irpf/aef_scan/pdf/anuareco1977minfaz.pdf;aef_scan/pdf/anuareco1977minfaz.pdf;47048783;44.87;81d5bfdb7a1f5a6ce3ab291ea5d970f08a49af93a68b6ba4483c204ba507ea7d;https://archive.org/details/anuareco1977minfaz | https://archive.org/download/anuareco1977minfaz/anuareco1977minfaz.pdf | https://ci.nii.ac.jp/ncid/BB06332999;3;1975;Brasil. Ministerio da Fazenda. Anuario Economico-Fiscal 1977. Brasilia: Ministerio da Fazenda, 1977.;aef_1977;public_url_identified;review_source_terms_before_redistribution;data/trusted/irpf_distribution_source_metadata_yearly.csv | outputs/fontes-pedro-souza-irpf/fontes_irpf_aef_1977.csv | outputs/fontes-pedro-souza-irpf/fontes_irpf_aef_1977.md | outputs/fontes-pedro-souza-irpf/histogramas_frequencias_irpf/histogramas_frequencias_irpf_indice.csv | outputs/fontes-pedro-souza-irpf/irpf_aef_1977_faixas.csv | outputs/fontes-pedro-souza-irpf/irpf_aef_1977_faixas_origem.csv | outputs/fontes-pedro-souza-irpf/irpf_aef_1977_totais.csv | outputs/fontes-pedro-souza-irpf/irpf_historico_faixas_consolidado.csv | outputs/fontes-pedro-souza-irpf/irpf_historico_totais_consolidado.csv | outputs/fontes-pedro-souza-irpf/lacunas_irpf_historico.md | outputs/fontes-pedro-souza-irpf/relatorio_orientadores_cobertura_irpf.md | outputs/fontes-pedro-souza-irpf/tabela_metadados_distribuicoes_irpf.csv;At least one public URL was identified in the project metadata or auxiliary files.
PDF-0038;anuareco1978minfaz.pdf;source_pdf;outputs/fontes-pedro-souza-irpf/aef_scan/pdf/anuareco1978minfaz.pdf;aef_scan/pdf/anuareco1978minfaz.pdf;50847536;48.49;6632926fa0b59b4a1ed6c5858e28fa5e0573f3e0461ae7aac5c4e09273386617;https://archive.org/details/anuareco1978minfaz | https://archive.org/download/anuareco1978minfaz/anuareco1978minfaz.pdf | https://ci.nii.ac.jp/ncid/BB06332999;3;1976;Brasil. Ministerio da Fazenda. Anuario Economico-Fiscal 1978. Brasilia: Ministerio da Fazenda, 1978.;aef_1978;public_url_identified;review_source_terms_before_redistribution;data/trusted/irpf_distribution_source_metadata_yearly.csv | outputs/fontes-pedro-souza-irpf/fontes_irpf_aef_1978.csv | outputs/fontes-pedro-souza-irpf/fontes_irpf_aef_1978.md | outputs/fontes-pedro-souza-irpf/histogramas_frequencias_irpf/histogramas_frequencias_irpf_indice.csv | outputs/fontes-pedro-souza-irpf/irpf_aef_1978_faixas.csv | outputs/fontes-pedro-souza-irpf/irpf_aef_1978_faixas_origem.csv | outputs/fontes-pedro-souza-irpf/irpf_aef_1978_totais.csv | outputs/fontes-pedro-souza-irpf/irpf_historico_faixas_consolidado.csv | outputs/fontes-pedro-souza-irpf/irpf_historico_totais_consolidado.csv | outputs/fontes-pedro-souza-irpf/lacunas_irpf_historico.md | outputs/fontes-pedro-souza-irpf/relatorio_orientadores_cobertura_irpf.md | outputs/fontes-pedro-souza-irpf/tabela_metadados_distribuicoes_irpf.csv;At least one public URL was identified in the project metadata or auxiliary files.
PDF-0039;anuareco1979minfaz.pdf;source_pdf;outputs/fontes-pedro-souza-irpf/aef_scan/pdf/anuareco1979minfaz.pdf;aef_scan/pdf/anuareco1979minfaz.pdf;47973667;45.75;c7bb279ed071bf2e4e690c3603f1cea52cf041e820a8df85d37d6e400af8d1b7;https://archive.org/details/anuareco1979minfaz | https://archive.org/download/anuareco1979minfaz/anuareco1979minfaz.pdf | https://ci.nii.ac.jp/ncid/BB06332999;3;1977;Brasil. Ministerio da Fazenda. Anuario Economico-Fiscal 1979. Brasilia: Ministerio da Fazenda, 1979.;aef_1979;public_url_identified;review_source_terms_before_redistribution;data/trusted/irpf_distribution_source_metadata_yearly.csv | outputs/fontes-pedro-souza-irpf/fontes_irpf_aef_1979.csv | outputs/fontes-pedro-souza-irpf/fontes_irpf_aef_1979.md | outputs/fontes-pedro-souza-irpf/histogramas_frequencias_irpf/histogramas_frequencias_irpf_indice.csv | outputs/fontes-pedro-souza-irpf/irpf_aef_1979_faixas.csv | outputs/fontes-pedro-souza-irpf/irpf_aef_1979_faixas_origem.csv | outputs/fontes-pedro-souza-irpf/irpf_aef_1979_totais.csv | outputs/fontes-pedro-souza-irpf/irpf_historico_faixas_consolidado.csv | outputs/fontes-pedro-souza-irpf/irpf_historico_totais_consolidado.csv | outputs/fontes-pedro-souza-irpf/lacunas_irpf_historico.md | outputs/fontes-pedro-souza-irpf/relatorio_orientadores_cobertura_irpf.md | outputs/fontes-pedro-souza-irpf/tabela_metadados_distribuicoes_irpf.csv;At least one public URL was identified in the project metadata or auxiliary files.
PDF-0040;anuareco1980minfaz.pdf;source_pdf;outputs/fontes-pedro-souza-irpf/aef_scan/pdf/anuareco1980minfaz.pdf;aef_scan/pdf/anuareco1980minfaz.pdf;33956157;32.38;9e6f43118972e0f96ce8d0d9aafe580dea97f5ff80f096c5df95d60b15b12d8e;https://archive.org/details/anuareco1980minfaz | https://archive.org/download/anuareco1980minfaz/anuareco1980minfaz.pdf | https://ci.nii.ac.jp/ncid/BB06332999;3;1978;Brasil. Ministerio da Fazenda. Anuario Economico-Fiscal 1980. Brasilia: Ministerio da Fazenda, 1980.;;public_url_identified;review_source_terms_before_redistribution;data/trusted/irpf_distribution_source_metadata_yearly.csv | outputs/fontes-pedro-souza-irpf/fontes_irpf_aef_1980.csv | outputs/fontes-pedro-souza-irpf/fontes_irpf_aef_1980.md | outputs/fontes-pedro-souza-irpf/irpf_aef_1980_renda_liquida_por_rendimento_bruto.csv | outputs/fontes-pedro-souza-irpf/irpf_aef_1980_renda_liquida_por_rendimento_bruto_totais.csv | outputs/fontes-pedro-souza-irpf/irpf_aef_1980_rendimento_bruto_faixas.csv | outputs/fontes-pedro-souza-irpf/irpf_aef_1980_rendimento_bruto_totais.csv | outputs/fontes-pedro-souza-irpf/lacunas_irpf_historico.md | outputs/fontes-pedro-souza-irpf/relatorio_orientadores_cobertura_irpf.md | outputs/fontes-pedro-souza-irpf/tabela_metadados_distribuicoes_irpf.csv;At least one public URL was identified in the project metadata or auxiliary files.
PDF-0041;anuareco1981minfaz.pdf;source_pdf;outputs/fontes-pedro-souza-irpf/aef_scan/pdf/anuareco1981minfaz.pdf;aef_scan/pdf/anuareco1981minfaz.pdf;37067525;35.35;ba7e641a6a46a82f0059132a27f5396f4b6363dc2f575ce1fa10ee27d17e073f;https://archive.org/details/anuareco1981minfaz | https://archive.org/download/anuareco1981minfaz/anuareco1981minfaz.pdf | https://ci.nii.ac.jp/ncid/BB06332999;3;1979;Brasil. Ministerio da Fazenda. Anuario Economico-Fiscal 1981. Brasilia: Ministerio da Fazenda, 1981.;;public_url_identified;review_source_terms_before_redistribution;data/trusted/irpf_distribution_source_metadata_yearly.csv | outputs/fontes-pedro-souza-irpf/fontes_irpf_aef_1981.csv | outputs/fontes-pedro-souza-irpf/fontes_irpf_aef_1981.md | outputs/fontes-pedro-souza-irpf/irpf_aef_1981_renda_liquida_por_rendimento_bruto.csv | outputs/fontes-pedro-souza-irpf/irpf_aef_1981_renda_liquida_por_rendimento_bruto_totais.csv | outputs/fontes-pedro-souza-irpf/irpf_aef_1981_rendimento_bruto_faixas.csv | outputs/fontes-pedro-souza-irpf/irpf_aef_1981_rendimento_bruto_totais.csv | outputs/fontes-pedro-souza-irpf/lacunas_irpf_historico.md | outputs/fontes-pedro-souza-irpf/relatorio_orientadores_cobertura_irpf.md | outputs/fontes-pedro-souza-irpf/tabela_metadados_distribuicoes_irpf.csv;At least one public URL was identified in the project metadata or auxiliary files.
PDF-0042;anuareco1982minfaz.pdf;source_pdf;outputs/fontes-pedro-souza-irpf/aef_scan/pdf/anuareco1982minfaz.pdf;aef_scan/pdf/anuareco1982minfaz.pdf;26427973;25.20;ca3b4b0273a1193b6476d1fff8fea50f1074a55b9a7e8f9943dd21b3c0ca8540;https://archive.org/details/anuareco1982minfaz | https://archive.org/download/anuareco1982minfaz/anuareco1982minfaz.pdf | https://ci.nii.ac.jp/ncid/BB06332999;3;1980;Brasil. Ministerio da Fazenda. Anuario Economico-Fiscal 1982. Brasilia: Ministerio da Fazenda, 1982.;;public_url_identified;review_source_terms_before_redistribution;data/trusted/irpf_distribution_source_metadata_yearly.csv | outputs/fontes-pedro-souza-irpf/fontes_irpf_aef_1982.csv | outputs/fontes-pedro-souza-irpf/fontes_irpf_aef_1982.md | outputs/fontes-pedro-souza-irpf/irpf_aef_1982_renda_liquida_por_rendimento_bruto.csv | outputs/fontes-pedro-souza-irpf/irpf_aef_1982_renda_liquida_por_rendimento_bruto_totais.csv | outputs/fontes-pedro-souza-irpf/irpf_aef_1982_rendimento_bruto_faixas.csv | outputs/fontes-pedro-souza-irpf/irpf_aef_1982_rendimento_bruto_totais.csv | outputs/fontes-pedro-souza-irpf/lacunas_irpf_historico.md | outputs/fontes-pedro-souza-irpf/relatorio_orientadores_cobertura_irpf.md | outputs/fontes-pedro-souza-irpf/tabela_metadados_distribuicoes_irpf.csv;At least one public URL was identified in the project metadata or auxiliary files.
PDF-0043;analise_economica_dirpf_1999.pdf;source_pdf;outputs/fontes-pedro-souza-irpf/analise_economica_dirpf_1999.pdf;analise_economica_dirpf_1999.pdf;308929;0.29;76c81f97ea00139764c724d756fb8b7c576608a0df2b1658af0b467c28de1911;http://www.receita.fazenda.gov.br/Publico/estudotributarios/estatisticas/11AnaliseEconomicaDIRPF1999.pdf | https://web.archive.org/web/20151113053942id_/http://www.receita.fazenda.gov.br/Publico/estudotributarios/estatisticas/11AnaliseEconomicaDIRPF1999.pdf;2;1998;Brasil. Ministerio da Fazenda. Secretaria da Receita Federal. Coordenacao-Geral de Estudos Economico-Tributarios. Analise Economica da DIRPF 1999. Texto para Discussao 09. Brasilia: Secretaria da Receita Federal, agosto de 2000.;;public_url_identified;review_source_terms_before_redistribution;data/trusted/irpf_distribution_source_metadata_yearly.csv | outputs/fontes-pedro-souza-irpf/fontes_irpf_dirpf_1999.md | outputs/fontes-pedro-souza-irpf/irpf_dirpf_1999_rendimento_tributavel_faixas.csv | outputs/fontes-pedro-souza-irpf/irpf_dirpf_1999_rendimento_tributavel_totais.csv | outputs/fontes-pedro-souza-irpf/tabela_metadados_distribuicoes_irpf.csv;At least one public URL was identified in the project metadata or auxiliary files.
PDF-0044;boletim_estatistico_n28_1968.pdf;source_pdf;outputs/fontes-pedro-souza-irpf/boletim_estatistico_n28_1968.pdf;boletim_estatistico_n28_1968.pdf;3859037;3.68;ebd8ae7fc8ddf18c1d15a894bcd90114c8929c41c59a3ae144fc068260e9881c;;0;1965;Brasil. Ministerio da Fazenda. Departamento do Imposto de Renda. Boletim Estatistico, n. 28. [S.l.]: Ministerio da Fazenda, 1968.;boletim_estatistico_28_1968;local_copy_no_public_url_identified;review_before_redistribution;data/trusted/irpf_distribution_source_metadata_yearly.csv | outputs/fontes-pedro-souza-irpf/fontes_candidatas_irpf_pos_triagem.csv | outputs/fontes-pedro-souza-irpf/fontes_irpf_boletim_estatistico_28_1968.csv | outputs/fontes-pedro-souza-irpf/fontes_irpf_boletim_estatistico_28_1968.md | outputs/fontes-pedro-souza-irpf/irpf_boletim_estatistico_28_1968_faixas.csv | outputs/fontes-pedro-souza-irpf/irpf_boletim_estatistico_28_1968_totais.csv | outputs/fontes-pedro-souza-irpf/irpf_historico_faixas_consolidado.csv | outputs/fontes-pedro-souza-irpf/irpf_historico_totais_consolidado.csv | outputs/fontes-pedro-souza-irpf/relatorio_orientadores_cobertura_irpf.md | outputs/fontes-pedro-souza-irpf/tabela_metadados_distribuicoes_irpf.csv;"No public URL was identified automatically; check the source manually before redistribution."
PDF-0045;boletim_estatistico_n32_1968.pdf;source_pdf;outputs/fontes-pedro-souza-irpf/boletim_estatistico_n32_1968.pdf;boletim_estatistico_n32_1968.pdf;5795834;5.53;d6d76b311d5c33f38c142dc046d790b8ccdee69ef5462a905168c012e16a2884;;0;1966;Brasil. Ministerio da Fazenda. Departamento do Imposto de Renda. Boletim Estatistico, n. 32. [S.l.]: Ministerio da Fazenda, agosto 1968.;boletim_estatistico_32_1968;local_copy_no_public_url_identified;review_before_redistribution;data/trusted/irpf_distribution_source_metadata_yearly.csv | outputs/fontes-pedro-souza-irpf/fontes_candidatas_irpf_pos_triagem.csv | outputs/fontes-pedro-souza-irpf/fontes_irpf_boletim_estatistico_32_1968.csv | outputs/fontes-pedro-souza-irpf/fontes_irpf_boletim_estatistico_32_1968.md | outputs/fontes-pedro-souza-irpf/irpf_boletim_estatistico_32_1968_faixas.csv | outputs/fontes-pedro-souza-irpf/irpf_boletim_estatistico_32_1968_totais.csv | outputs/fontes-pedro-souza-irpf/irpf_historico_faixas_consolidado.csv | outputs/fontes-pedro-souza-irpf/irpf_historico_totais_consolidado.csv | outputs/fontes-pedro-souza-irpf/relatorio_orientadores_cobertura_irpf.md | outputs/fontes-pedro-souza-irpf/tabela_metadados_distribuicoes_irpf.csv;"No public URL was identified automatically; check the source manually before redistribution."
PDF-0046;castro_2014_irpf_comparacoes_internacionais.pdf;source_pdf;outputs/fontes-pedro-souza-irpf/castro_2014_irpf_comparacoes_internacionais.pdf;castro_2014_irpf_comparacoes_internacionais.pdf;1357539;1.29;a1b4d0a346b6a4bdbb11f9405575fc951530004c1d20c6b5b94a62682230fb76;https://www.gov.br/receitafederal/pt-br/centrais-de-conteudo/publicacoes/trabalhos-academicos/irpf-comparacoes-internacionais;1;2006;Castro, F. A. de. Imposto de renda da pessoa fisica: comparacoes internacionais, medidas de progressividade e redistribuicao. Dissertacao (Mestrado em Economia), Universidade de Brasilia, Brasilia, 2014.;castro_2014_renda_bruta_2006;public_url_identified;review_source_terms_before_redistribution;data/trusted/irpf_distribution_source_metadata_yearly.csv | outputs/fontes-pedro-souza-irpf/fontes_irpf_castro_2014_2006.md | outputs/fontes-pedro-souza-irpf/irpf_castro_2014_2006_renda_bruta_total_faixas.csv | outputs/fontes-pedro-souza-irpf/irpf_castro_2014_2006_renda_bruta_total_totais.csv | outputs/fontes-pedro-souza-irpf/tabela_metadados_distribuicoes_irpf.csv;At least one public URL was identified in the project metadata or auxiliary files.
PDF-0047;consolida_dirpf_2001.pdf;source_pdf;outputs/fontes-pedro-souza-irpf/consolida_dirpf_2001.pdf;consolida_dirpf_2001.pdf;342694;0.33;410c9c244794b7e66f5010581db753da857768f7f842364cef3391cfb6bd5b42;http://www.receita.fazenda.gov.br/Publico/estudotributarios/estatisticas/22%20Consolida%20DIRPF%202001.pdf | https://livrozilla.com/doc/1724537/modelo-de-tributa%C3%A7%C3%A3o-%C3%B3tima-da-renda | https://web.archive.org/web/20210609080412id_/http://www.receita.fazenda.gov.br/Publico/estudotributarios/estatisticas/22%20Consolida%20DIRPF%202001.pdf;3;2000;"Torres, A. M. Modelos de tributacao otima da renda: o calculo de aliquotas marginais assintoticas para o Brasil no ano de 2000. Dissertacao (Mestrado em Economia), Universidade de Brasilia, Brasilia, 2003; copia textual acessivel como monografia IX Premio Tesouro Nacional 2004.";torres_2003_dirpf_2001;public_url_identified;review_source_terms_before_redistribution;data/trusted/irpf_distribution_source_metadata_yearly.csv | outputs/fontes-pedro-souza-irpf/fontes_irpf_torres_2003.md | outputs/fontes-pedro-souza-irpf/irpf_torres_2003_dirpf_2001_rendimento_tributavel_acima.csv | outputs/fontes-pedro-souza-irpf/irpf_torres_2003_dirpf_2001_rendimento_tributavel_intervalos.csv | outputs/fontes-pedro-souza-irpf/irpf_torres_2003_dirpf_2001_rendimento_tributavel_totais.csv | outputs/fontes-pedro-souza-irpf/tabela_metadados_distribuicoes_irpf.csv;At least one public URL was identified in the project metadata or auxiliary files.
PDF-0048;gn_irpf_2008_ano_calendario_2007.pdf;source_pdf;outputs/fontes-pedro-souza-irpf/gn_irpf_2008_ano_calendario_2007.pdf;gn_irpf_2008_ano_calendario_2007.pdf;4950635;4.72;e5b3ef27ec62aa5b2fe1572be6c4c9fdd673ce6bc2fb8c626a607d24e3de01c7;https://www.gov.br/receitafederal/pt-br/centrais-de-conteudo/publicacoes/estudos/imposto-de-renda/estudos-por-ano/grandes-numeros-do-IRPF-2008-a-2025/gn-irpf-2008-2007.pdf/@@download/file | https://www.gov.br/receitafederal/pt-br/centrais-de-conteudo/publicacoes/estudos/imposto-de-renda/estudos-por-ano/grandes-numeros-do-IRPF-2008-a-2025/gn-irpf-2008-2007.pdf/view | https://www.gov.br/receitafederal/pt-br/centrais-de-conteudo/publicacoes/estudos/imposto-de-renda/estudos-por-ano/grandes-numeros-do-IRPF-2008-a-2025/gn-irpf-2008-2009.xlsx/@@download/file | https://www.gov.br/receitafederal/pt-br/centrais-de-conteudo/publicacoes/estudos/imposto-de-renda/estudos-por-ano/grandes-numeros-do-IRPF-2008-a-2025/gn-irpf-2008-2009.xlsx/view;4;2007;Brasil. Ministerio da Fazenda. Secretaria da Receita Federal do Brasil. Grandes Numeros DIRPF 2008 - ano-calendario 2007. Brasilia: Receita Federal, 2015.;gnirpf_2008_ac2007_rendimentos_totais;public_url_identified;review_source_terms_before_redistribution;data/trusted/irpf_distribution_source_metadata_yearly.csv | outputs/fontes-pedro-souza-irpf/fontes_irpf_gnirpf_2008_ac2007.md | outputs/fontes-pedro-souza-irpf/irpf_gnirpf_2008_ac2007_rendimentos_totais_faixas.csv | outputs/fontes-pedro-souza-irpf/irpf_gnirpf_2008_ac2007_rendimentos_totais_totais.csv | outputs/fontes-pedro-souza-irpf/tabela_metadados_distribuicoes_irpf.csv;At least one public URL was identified in the project metadata or auxiliary files.
PDF-0049;gn_irpf_2009_ano_calendario_2008.pdf;source_pdf;outputs/fontes-pedro-souza-irpf/gn_irpf_2009_ano_calendario_2008.pdf;gn_irpf_2009_ano_calendario_2008.pdf;5020128;4.79;e3ba646dae6cdabe6ec245a7ffa11ce887e353f924bdfeec5c46c39defe0d139;https://www.gov.br/receitafederal/pt-br/centrais-de-conteudo/publicacoes/estudos/imposto-de-renda/estudos-por-ano/grandes-numeros-do-IRPF-2008-a-2025/gn-irpf-2009-2008.pdf/@@download/file | https://www.gov.br/receitafederal/pt-br/centrais-de-conteudo/publicacoes/estudos/imposto-de-renda/estudos-por-ano/grandes-numeros-do-IRPF-2008-a-2025/gn-irpf-2009-2008.pdf/view | https://www.gov.br/receitafederal/pt-br/centrais-de-conteudo/publicacoes/estudos/imposto-de-renda/estudos-por-ano/grandes-numeros-do-IRPF-2008-a-2025/gn-irpf-2009-2008.xlsx/@@download/file | https://www.gov.br/receitafederal/pt-br/centrais-de-conteudo/publicacoes/estudos/imposto-de-renda/estudos-por-ano/grandes-numeros-do-IRPF-2008-a-2025/gn-irpf-2009-2008.xlsx/view;4;2008;Brasil. Ministerio da Fazenda. Secretaria da Receita Federal do Brasil. Grandes Numeros DIRPF 2009 - ano-calendario 2008. Brasilia: Receita Federal, 2015.;gnirpf_2009_ac2008_rendimentos_totais;public_url_identified;review_source_terms_before_redistribution;data/trusted/irpf_distribution_source_metadata_yearly.csv | outputs/fontes-pedro-souza-irpf/fontes_irpf_gnirpf_2009_ac2008.md | outputs/fontes-pedro-souza-irpf/irpf_gnirpf_2009_ac2008_rendimentos_totais_faixas.csv | outputs/fontes-pedro-souza-irpf/irpf_gnirpf_2009_ac2008_rendimentos_totais_totais.csv | outputs/fontes-pedro-souza-irpf/tabela_metadados_distribuicoes_irpf.csv;At least one public URL was identified in the project metadata or auxiliary files.
PDF-0050;gn_irpf_2010_ano_calendario_2009.pdf;source_pdf;outputs/fontes-pedro-souza-irpf/gn_irpf_2010_ano_calendario_2009.pdf;gn_irpf_2010_ano_calendario_2009.pdf;5068748;4.83;f409bf1ae9e09fc04a818cdf211edd99ec9bb3831106888e840b84ab9f240ca4;https://www.gov.br/receitafederal/pt-br/centrais-de-conteudo/publicacoes/estudos/imposto-de-renda/estudos-por-ano/grandes-numeros-do-IRPF-2008-a-2025/gn-irpf-2010-2009.pdf/@@download/file | https://www.gov.br/receitafederal/pt-br/centrais-de-conteudo/publicacoes/estudos/imposto-de-renda/estudos-por-ano/grandes-numeros-do-IRPF-2008-a-2025/gn-irpf-2010-2009.pdf/view | https://www.gov.br/receitafederal/pt-br/centrais-de-conteudo/publicacoes/estudos/imposto-de-renda/estudos-por-ano/grandes-numeros-do-IRPF-2008-a-2025/gn-irpf-2010-2009.xlsx/@@download/file | https://www.gov.br/receitafederal/pt-br/centrais-de-conteudo/publicacoes/estudos/imposto-de-renda/estudos-por-ano/grandes-numeros-do-IRPF-2008-a-2025/gn-irpf-2010-2009.xlsx/view;4;2009;Brasil. Ministerio da Fazenda. Secretaria da Receita Federal do Brasil. Grandes Numeros DIRPF 2010 - ano-calendario 2009. Brasilia: Receita Federal, 2015.;gnirpf_2010_ac2009_rendimentos_totais;public_url_identified;review_source_terms_before_redistribution;data/trusted/irpf_distribution_source_metadata_yearly.csv | outputs/fontes-pedro-souza-irpf/fontes_irpf_gnirpf_2010_ac2009.md | outputs/fontes-pedro-souza-irpf/irpf_gnirpf_2010_ac2009_rendimentos_totais_faixas.csv | outputs/fontes-pedro-souza-irpf/irpf_gnirpf_2010_ac2009_rendimentos_totais_totais.csv | outputs/fontes-pedro-souza-irpf/tabela_metadados_distribuicoes_irpf.csv;At least one public URL was identified in the project metadata or auxiliary files.
PDF-0051;gn_irpf_2011_ano_calendario_2010.pdf;source_pdf;outputs/fontes-pedro-souza-irpf/gn_irpf_2011_ano_calendario_2010.pdf;gn_irpf_2011_ano_calendario_2010.pdf;5014218;4.78;6416ee6d8d21746f523554d8bc8f67b58f277a9dea60afc0ea0948b9658df4b7;https://www.gov.br/receitafederal/pt-br/centrais-de-conteudo/publicacoes/estudos/imposto-de-renda/estudos-por-ano/grandes-numeros-do-IRPF-2008-a-2025/gn-irpf-2011-2010.pdf/@@download/file | https://www.gov.br/receitafederal/pt-br/centrais-de-conteudo/publicacoes/estudos/imposto-de-renda/estudos-por-ano/grandes-numeros-do-IRPF-2008-a-2025/gn-irpf-2011-2010.pdf/view | https://www.gov.br/receitafederal/pt-br/centrais-de-conteudo/publicacoes/estudos/imposto-de-renda/estudos-por-ano/grandes-numeros-do-IRPF-2008-a-2025/gn-irpf-2011-2010.xlsx/@@download/file | https://www.gov.br/receitafederal/pt-br/centrais-de-conteudo/publicacoes/estudos/imposto-de-renda/estudos-por-ano/grandes-numeros-do-IRPF-2008-a-2025/gn-irpf-2011-2010.xlsx/view;4;2010;Brasil. Ministerio da Fazenda. Secretaria da Receita Federal do Brasil. Grandes Numeros DIRPF 2011 - ano-calendario 2010. Brasilia: Receita Federal, 2015.;gnirpf_2011_ac2010_rendimentos_totais;public_url_identified;review_source_terms_before_redistribution;data/trusted/irpf_distribution_source_metadata_yearly.csv | outputs/fontes-pedro-souza-irpf/fontes_irpf_gnirpf_2011_ac2010.md | outputs/fontes-pedro-souza-irpf/irpf_gnirpf_2011_ac2010_rendimentos_totais_faixas.csv | outputs/fontes-pedro-souza-irpf/irpf_gnirpf_2011_ac2010_rendimentos_totais_totais.csv | outputs/fontes-pedro-souza-irpf/tabela_metadados_distribuicoes_irpf.csv;At least one public URL was identified in the project metadata or auxiliary files.
PDF-0052;gn_irpf_2012_ano_calendario_2011.pdf;source_pdf;outputs/fontes-pedro-souza-irpf/gn_irpf_2012_ano_calendario_2011.pdf;gn_irpf_2012_ano_calendario_2011.pdf;5022073;4.79;2da3418f00efec4e253bb45263802367fd21f9fa8014dff64a75a804eab56155;https://www.gov.br/receitafederal/pt-br/centrais-de-conteudo/publicacoes/estudos/imposto-de-renda/estudos-por-ano/grandes-numeros-do-IRPF-2008-a-2025/gn-irpf-2012-2011.pdf/@@download/file | https://www.gov.br/receitafederal/pt-br/centrais-de-conteudo/publicacoes/estudos/imposto-de-renda/estudos-por-ano/grandes-numeros-do-IRPF-2008-a-2025/gn-irpf-2012-2011.pdf/view | https://www.gov.br/receitafederal/pt-br/centrais-de-conteudo/publicacoes/estudos/imposto-de-renda/estudos-por-ano/grandes-numeros-do-IRPF-2008-a-2025/gn-irpf-2012-2011.xlsx/@@download/file | https://www.gov.br/receitafederal/pt-br/centrais-de-conteudo/publicacoes/estudos/imposto-de-renda/estudos-por-ano/grandes-numeros-do-IRPF-2008-a-2025/gn-irpf-2012-2011.xlsx/view;4;2011;Brasil. Ministerio da Fazenda. Secretaria da Receita Federal do Brasil. Grandes Numeros DIRPF 2012 - ano-calendario 2011. Brasilia: Receita Federal, 2015.;gnirpf_2012_ac2011_rendimentos_totais;public_url_identified;review_source_terms_before_redistribution;data/trusted/irpf_distribution_source_metadata_yearly.csv | outputs/fontes-pedro-souza-irpf/fontes_irpf_gnirpf_2012_ac2011.md | outputs/fontes-pedro-souza-irpf/irpf_gnirpf_2012_ac2011_rendimentos_totais_faixas.csv | outputs/fontes-pedro-souza-irpf/irpf_gnirpf_2012_ac2011_rendimentos_totais_totais.csv | outputs/fontes-pedro-souza-irpf/tabela_metadados_distribuicoes_irpf.csv;At least one public URL was identified in the project metadata or auxiliary files.
PDF-0053;gn_irpf_2013_ano_calendario_2012.pdf;source_pdf;outputs/fontes-pedro-souza-irpf/gn_irpf_2013_ano_calendario_2012.pdf;gn_irpf_2013_ano_calendario_2012.pdf;5048800;4.81;f48e6db3157014c2620df4d5cb28b28b577fdf60c3944b58967c6269aa1e7e5c;https://www.gov.br/receitafederal/pt-br/centrais-de-conteudo/publicacoes/estudos/imposto-de-renda/estudos-por-ano/grandes-numeros-do-IRPF-2008-a-2025/gn-irpf-2013-2012.pdf/@@download/file | https://www.gov.br/receitafederal/pt-br/centrais-de-conteudo/publicacoes/estudos/imposto-de-renda/estudos-por-ano/grandes-numeros-do-IRPF-2008-a-2025/gn-irpf-2013-2012.pdf/view | https://www.gov.br/receitafederal/pt-br/centrais-de-conteudo/publicacoes/estudos/imposto-de-renda/estudos-por-ano/grandes-numeros-do-IRPF-2008-a-2025/gn-irpf-2013-2012.xlsx/@@download/file | https://www.gov.br/receitafederal/pt-br/centrais-de-conteudo/publicacoes/estudos/imposto-de-renda/estudos-por-ano/grandes-numeros-do-IRPF-2008-a-2025/gn-irpf-2013-2012.xlsx/view;4;2012;Brasil. Ministerio da Fazenda. Secretaria da Receita Federal do Brasil. Grandes Numeros DIRPF 2013 - ano-calendario 2012. Brasilia: Receita Federal, 2015.;gnirpf_2013_ac2012_rendimentos_totais;public_url_identified;review_source_terms_before_redistribution;data/trusted/irpf_distribution_source_metadata_yearly.csv | outputs/fontes-pedro-souza-irpf/fontes_irpf_gnirpf_2013_ac2012.md | outputs/fontes-pedro-souza-irpf/irpf_gnirpf_2013_ac2012_rendimentos_totais_faixas.csv | outputs/fontes-pedro-souza-irpf/irpf_gnirpf_2013_ac2012_rendimentos_totais_totais.csv | outputs/fontes-pedro-souza-irpf/tabela_metadados_distribuicoes_irpf.csv;At least one public URL was identified in the project metadata or auxiliary files.
PDF-0054;gn_irpf_2014_ano_calendario_2013.pdf;source_pdf;outputs/fontes-pedro-souza-irpf/gn_irpf_2014_ano_calendario_2013.pdf;gn_irpf_2014_ano_calendario_2013.pdf;5070384;4.84;0a34058de53c2adb581ee2d6f5674924067642df75ddccfc321a52e93cef83ff;https://www.gov.br/receitafederal/pt-br/centrais-de-conteudo/publicacoes/estudos/imposto-de-renda/estudos-por-ano/grandes-numeros-do-IRPF-2008-a-2025/gn-irpf-2014-2013.pdf/@@download/file | https://www.gov.br/receitafederal/pt-br/centrais-de-conteudo/publicacoes/estudos/imposto-de-renda/estudos-por-ano/grandes-numeros-do-IRPF-2008-a-2025/gn-irpf-2014-2013.pdf/view | https://www.gov.br/receitafederal/pt-br/centrais-de-conteudo/publicacoes/estudos/imposto-de-renda/estudos-por-ano/grandes-numeros-do-IRPF-2008-a-2025/gn-irpf-2014-2013.xlsx/@@download/file | https://www.gov.br/receitafederal/pt-br/centrais-de-conteudo/publicacoes/estudos/imposto-de-renda/estudos-por-ano/grandes-numeros-do-IRPF-2008-a-2025/gn-irpf-2014-2013.xlsx/view;4;2013;Brasil. Ministerio da Fazenda. Secretaria da Receita Federal do Brasil. Grandes Numeros DIRPF 2014 - ano-calendario 2013. Brasilia: Receita Federal, 2015.;gnirpf_2014_ac2013_rendimentos_totais;public_url_identified;review_source_terms_before_redistribution;data/trusted/irpf_distribution_source_metadata_yearly.csv | outputs/fontes-pedro-souza-irpf/fontes_irpf_gnirpf_2014_ac2013.md | outputs/fontes-pedro-souza-irpf/irpf_gnirpf_2014_ac2013_rendimentos_totais_faixas.csv | outputs/fontes-pedro-souza-irpf/irpf_gnirpf_2014_ac2013_rendimentos_totais_totais.csv | outputs/fontes-pedro-souza-irpf/tabela_metadados_distribuicoes_irpf.csv;At least one public URL was identified in the project metadata or auxiliary files.
PDF-0055;gn_irpf_2015_ano_calendario_2014.pdf;source_pdf;outputs/fontes-pedro-souza-irpf/gn_irpf_2015_ano_calendario_2014.pdf;gn_irpf_2015_ano_calendario_2014.pdf;6668383;6.36;ff38f3da46a8a085c6db9b145d02573325571b9326e732cbd907f75f428b335b;https://www.gov.br/receitafederal/pt-br/centrais-de-conteudo/publicacoes/estudos/imposto-de-renda/estudos-por-ano/grandes-numeros-do-IRPF-2008-a-2025/gn-irpf-2015-2014.pdf/@@download/file | https://www.gov.br/receitafederal/pt-br/centrais-de-conteudo/publicacoes/estudos/imposto-de-renda/estudos-por-ano/grandes-numeros-do-IRPF-2008-a-2025/gn-irpf-2015-2014.pdf/view | https://www.gov.br/receitafederal/pt-br/centrais-de-conteudo/publicacoes/estudos/imposto-de-renda/estudos-por-ano/grandes-numeros-do-IRPF-2008-a-2025/gn-irpf-2015-2014.xlsx/@@download/file | https://www.gov.br/receitafederal/pt-br/centrais-de-conteudo/publicacoes/estudos/imposto-de-renda/estudos-por-ano/grandes-numeros-do-IRPF-2008-a-2025/gn-irpf-2015-2014.xlsx/view;4;2014;Brasil. Ministerio da Fazenda. Secretaria da Receita Federal do Brasil. Centro de Estudos Tributarios e Aduaneiros. Grandes Numeros IRPF - ano-calendario 2014, exercicio 2015. Brasilia: Receita Federal/CETAD, setembro 2016.;gnirpf_2015_ac2014_rendimentos_totais;public_url_identified;review_source_terms_before_redistribution;data/trusted/irpf_distribution_source_metadata_yearly.csv | outputs/fontes-pedro-souza-irpf/fontes_irpf_gnirpf_2015_ac2014.md | outputs/fontes-pedro-souza-irpf/irpf_gnirpf_2015_ac2014_rendimentos_totais_faixas.csv | outputs/fontes-pedro-souza-irpf/irpf_gnirpf_2015_ac2014_rendimentos_totais_totais.csv | outputs/fontes-pedro-souza-irpf/tabela_metadados_distribuicoes_irpf.csv;At least one public URL was identified in the project metadata or auxiliary files.
PDF-0056;gn_irpf_2016_ano_calendario_2015.pdf;source_pdf;outputs/fontes-pedro-souza-irpf/gn_irpf_2016_ano_calendario_2015.pdf;gn_irpf_2016_ano_calendario_2015.pdf;2936108;2.80;a967deec59bc9b251ba0c29e19f597ead78b97d2b2c80fbce9dad010ae137e72;https://www.gov.br/receitafederal/pt-br/centrais-de-conteudo/publicacoes/estudos/imposto-de-renda/estudos-por-ano/grandes-numeros-do-IRPF-2008-a-2025/gn-irpf-2016-2015.pdf/@@download/file | https://www.gov.br/receitafederal/pt-br/centrais-de-conteudo/publicacoes/estudos/imposto-de-renda/estudos-por-ano/grandes-numeros-do-IRPF-2008-a-2025/gn-irpf-2016-2015.pdf/view | https://www.gov.br/receitafederal/pt-br/centrais-de-conteudo/publicacoes/estudos/imposto-de-renda/estudos-por-ano/grandes-numeros-do-IRPF-2008-a-2025/gn-irpf-2016-2015.xlsx/@@download/file | https://www.gov.br/receitafederal/pt-br/centrais-de-conteudo/publicacoes/estudos/imposto-de-renda/estudos-por-ano/grandes-numeros-do-IRPF-2008-a-2025/gn-irpf-2016-2015.xlsx/view;4;2015;Brasil. Ministerio da Fazenda. Secretaria da Receita Federal do Brasil. Centro de Estudos Tributarios e Aduaneiros. Grandes Numeros IRPF - ano-calendario 2015, exercicio 2016. Brasilia: Receita Federal/CETAD, abril 2017.;gnirpf_2016_ac2015_rendimentos_totais;public_url_identified;review_source_terms_before_redistribution;data/trusted/irpf_distribution_source_metadata_yearly.csv | outputs/fontes-pedro-souza-irpf/fontes_irpf_gnirpf_2016_ac2015.md | outputs/fontes-pedro-souza-irpf/irpf_gnirpf_2016_ac2015_rendimentos_totais_faixas.csv | outputs/fontes-pedro-souza-irpf/irpf_gnirpf_2016_ac2015_rendimentos_totais_totais.csv | outputs/fontes-pedro-souza-irpf/tabela_metadados_distribuicoes_irpf.csv;At least one public URL was identified in the project metadata or auxiliary files.
PDF-0057;gn_irpf_2017_ano_calendario_2016.pdf;source_pdf;outputs/fontes-pedro-souza-irpf/gn_irpf_2017_ano_calendario_2016.pdf;gn_irpf_2017_ano_calendario_2016.pdf;3059625;2.92;08f544f6ef3efed85d1a331a899d9c8ce8bef95fc0fd069c090b8a9b17a697fd;https://www.gov.br/receitafederal/pt-br/centrais-de-conteudo/publicacoes/estudos/imposto-de-renda/estudos-por-ano/grandes-numeros-do-IRPF-2008-a-2025/gn-irpf-2017-2016.pdf/@@download/file | https://www.gov.br/receitafederal/pt-br/centrais-de-conteudo/publicacoes/estudos/imposto-de-renda/estudos-por-ano/grandes-numeros-do-IRPF-2008-a-2025/gn-irpf-2017-2016.pdf/view | https://www.gov.br/receitafederal/pt-br/centrais-de-conteudo/publicacoes/estudos/imposto-de-renda/estudos-por-ano/grandes-numeros-do-IRPF-2008-a-2025/gn-irpf-2017-2016.xlsx/@@download/file | https://www.gov.br/receitafederal/pt-br/centrais-de-conteudo/publicacoes/estudos/imposto-de-renda/estudos-por-ano/grandes-numeros-do-IRPF-2008-a-2025/gn-irpf-2017-2016.xlsx/view;4;2016;Brasil. Ministerio da Fazenda. Secretaria da Receita Federal do Brasil. Centro de Estudos Tributarios e Aduaneiros. Grandes Numeros IRPF - ano-calendario 2016, exercicio 2017. Brasilia: Receita Federal/CETAD, dezembro 2017.;gnirpf_2017_ac2016_rendimentos_totais;public_url_identified;review_source_terms_before_redistribution;data/trusted/irpf_distribution_source_metadata_yearly.csv | outputs/fontes-pedro-souza-irpf/fontes_irpf_gnirpf_2017_ac2016.md | outputs/fontes-pedro-souza-irpf/irpf_gnirpf_2017_ac2016_rendimentos_totais_faixas.csv | outputs/fontes-pedro-souza-irpf/irpf_gnirpf_2017_ac2016_rendimentos_totais_totais.csv | outputs/fontes-pedro-souza-irpf/tabela_metadados_distribuicoes_irpf.csv;At least one public URL was identified in the project metadata or auxiliary files.
PDF-0058;gn_irpf_2018_ano_calendario_2017.pdf;source_pdf;outputs/fontes-pedro-souza-irpf/gn_irpf_2018_ano_calendario_2017.pdf;gn_irpf_2018_ano_calendario_2017.pdf;2741303;2.61;decc1b9924c8b4c9b2220b6a47159d16465c60f22950291458e0772536d91354;https://www.gov.br/receitafederal/pt-br/centrais-de-conteudo/publicacoes/estudos/imposto-de-renda/estudos-por-ano/grandes-numeros-do-IRPF-2008-a-2025/gn-2018-2017.pdf/@@download/file | https://www.gov.br/receitafederal/pt-br/centrais-de-conteudo/publicacoes/estudos/imposto-de-renda/estudos-por-ano/grandes-numeros-do-IRPF-2008-a-2025/gn-2018-2017.pdf/view | https://www.gov.br/receitafederal/pt-br/centrais-de-conteudo/publicacoes/estudos/imposto-de-renda/estudos-por-ano/grandes-numeros-do-IRPF-2008-a-2025/gn-irpf-2018-2017.xlsx/@@download/file | https://www.gov.br/receitafederal/pt-br/centrais-de-conteudo/publicacoes/estudos/imposto-de-renda/estudos-por-ano/grandes-numeros-do-IRPF-2008-a-2025/gn-irpf-2018-2017.xlsx/view;4;2017;Brasil. Ministerio da Economia. Secretaria Especial da Receita Federal do Brasil. Centro de Estudos Tributarios e Aduaneiros. Grandes Numeros IRPF - ano-calendario 2017, exercicio 2018. Brasilia: Receita Federal/CETAD, maio 2019.;gnirpf_2018_ac2017_rendimentos_totais;public_url_identified;review_source_terms_before_redistribution;data/trusted/irpf_distribution_source_metadata_yearly.csv | outputs/fontes-pedro-souza-irpf/fontes_irpf_gnirpf_2018_ac2017.md | outputs/fontes-pedro-souza-irpf/irpf_gnirpf_2018_ac2017_rendimentos_totais_faixas.csv | outputs/fontes-pedro-souza-irpf/irpf_gnirpf_2018_ac2017_rendimentos_totais_totais.csv | outputs/fontes-pedro-souza-irpf/tabela_metadados_distribuicoes_irpf.csv;At least one public URL was identified in the project metadata or auxiliary files.
PDF-0059;gn_irpf_2019_ano_calendario_2018.pdf;source_pdf;outputs/fontes-pedro-souza-irpf/gn_irpf_2019_ano_calendario_2018.pdf;gn_irpf_2019_ano_calendario_2018.pdf;2806618;2.68;59d6ad36d1b01dd4659ce07d4d2e8c0b5456470f74bf72ba0a4092d7264f8bfa;https://www.gov.br/receitafederal/pt-br/centrais-de-conteudo/publicacoes/estudos/imposto-de-renda/estudos-por-ano/grandes-numeros-do-IRPF-2008-a-2025/gn-irpf-2019-2018.pdf/@@download/file | https://www.gov.br/receitafederal/pt-br/centrais-de-conteudo/publicacoes/estudos/imposto-de-renda/estudos-por-ano/grandes-numeros-do-IRPF-2008-a-2025/gn-irpf-2019-2018.pdf/view | https://www.gov.br/receitafederal/pt-br/centrais-de-conteudo/publicacoes/estudos/imposto-de-renda/estudos-por-ano/grandes-numeros-do-IRPF-2008-a-2025/gn-irpf-2019-2018.xlsx/@@download/file | https://www.gov.br/receitafederal/pt-br/centrais-de-conteudo/publicacoes/estudos/imposto-de-renda/estudos-por-ano/grandes-numeros-do-IRPF-2008-a-2025/gn-irpf-2019-2018.xlsx/view;4;2018;Brasil. Ministerio da Economia. Secretaria Especial da Receita Federal do Brasil. Centro de Estudos Tributarios e Aduaneiros. Grandes Numeros IRPF - ano-calendario 2018, exercicio 2019. Brasilia: Receita Federal/CETAD, junho 2020.;gnirpf_2019_ac2018_rendimentos_totais;public_url_identified;review_source_terms_before_redistribution;data/trusted/irpf_distribution_source_metadata_yearly.csv | outputs/fontes-pedro-souza-irpf/fontes_irpf_gnirpf_2019_ac2018.md | outputs/fontes-pedro-souza-irpf/irpf_gnirpf_2019_ac2018_rendimentos_totais_faixas.csv | outputs/fontes-pedro-souza-irpf/irpf_gnirpf_2019_ac2018_rendimentos_totais_totais.csv | outputs/fontes-pedro-souza-irpf/tabela_metadados_distribuicoes_irpf.csv;At least one public URL was identified in the project metadata or auxiliary files.
PDF-0060;gn_irpf_2020_ano_calendario_2019.pdf;source_pdf;outputs/fontes-pedro-souza-irpf/gn_irpf_2020_ano_calendario_2019.pdf;gn_irpf_2020_ano_calendario_2019.pdf;3904261;3.72;e5c740979a6255328ea5b17cb541ff9aaa30b84a327d537e6ef6a9a7b72fb230;https://www.gov.br/receitafederal/pt-br/centrais-de-conteudo/publicacoes/estudos/imposto-de-renda/estudos-por-ano/grandes-numeros-do-IRPF-2008-a-2025/gn-irpf-2020-2019.pdf/@@download/file | https://www.gov.br/receitafederal/pt-br/centrais-de-conteudo/publicacoes/estudos/imposto-de-renda/estudos-por-ano/grandes-numeros-do-IRPF-2008-a-2025/gn-irpf-2020-2019.pdf/view | https://www.gov.br/receitafederal/pt-br/centrais-de-conteudo/publicacoes/estudos/imposto-de-renda/estudos-por-ano/grandes-numeros-do-IRPF-2008-a-2025/gn-irpf-2020-2019.xlsx/@@download/file | https://www.gov.br/receitafederal/pt-br/centrais-de-conteudo/publicacoes/estudos/imposto-de-renda/estudos-por-ano/grandes-numeros-do-IRPF-2008-a-2025/gn-irpf-2020-2019.xlsx/view;4;2019;Brasil. Ministerio da Economia. Secretaria Especial da Receita Federal do Brasil. Centro de Estudos Tributarios e Aduaneiros. Grandes Numeros IRPF - ano-calendario 2019, exercicio 2020. Brasilia: Receita Federal/CETAD, setembro 2021 (revisao).;gnirpf_2020_ac2019_rendimentos_totais;public_url_identified;review_source_terms_before_redistribution;data/trusted/irpf_distribution_source_metadata_yearly.csv | outputs/fontes-pedro-souza-irpf/fontes_irpf_gnirpf_2020_ac2019.md | outputs/fontes-pedro-souza-irpf/irpf_gnirpf_2020_ac2019_rendimentos_totais_faixas.csv | outputs/fontes-pedro-souza-irpf/irpf_gnirpf_2020_ac2019_rendimentos_totais_totais.csv | outputs/fontes-pedro-souza-irpf/tabela_metadados_distribuicoes_irpf.csv;At least one public URL was identified in the project metadata or auxiliary files.
PDF-0061;gn_irpf_2021_ano_calendario_2020.pdf;source_pdf;outputs/fontes-pedro-souza-irpf/gn_irpf_2021_ano_calendario_2020.pdf;gn_irpf_2021_ano_calendario_2020.pdf;3867104;3.69;b7431c6a1f287c75cb3f146a96541a1401445b5534d67993dbd7f98e68a6556c;https://www.gov.br/receitafederal/pt-br/centrais-de-conteudo/publicacoes/estudos/imposto-de-renda/estudos-por-ano/grandes-numeros-do-IRPF-2008-a-2025/gn-irpf-2021-2020.pdf/@@download/file | https://www.gov.br/receitafederal/pt-br/centrais-de-conteudo/publicacoes/estudos/imposto-de-renda/estudos-por-ano/grandes-numeros-do-IRPF-2008-a-2025/gn-irpf-2021-2020.pdf/view | https://www.gov.br/receitafederal/pt-br/centrais-de-conteudo/publicacoes/estudos/imposto-de-renda/estudos-por-ano/grandes-numeros-do-IRPF-2008-a-2025/gn-irpf-2021-2020.xlsx/@@download/file | https://www.gov.br/receitafederal/pt-br/centrais-de-conteudo/publicacoes/estudos/imposto-de-renda/estudos-por-ano/grandes-numeros-do-IRPF-2008-a-2025/gn-irpf-2021-2020.xlsx/view;4;2020;Brasil. Ministerio da Economia. Secretaria Especial da Receita Federal do Brasil. Centro de Estudos Tributarios e Aduaneiros. Grandes Numeros IRPF - ano-calendario 2020, exercicio 2021. Brasilia: Receita Federal/CETAD, setembro 2021.;gnirpf_2021_ac2020_rendimentos_totais;public_url_identified;review_source_terms_before_redistribution;data/trusted/irpf_distribution_source_metadata_yearly.csv | outputs/fontes-pedro-souza-irpf/fontes_irpf_gnirpf_2021_ac2020.md | outputs/fontes-pedro-souza-irpf/irpf_gnirpf_2021_ac2020_rendimentos_totais_faixas.csv | outputs/fontes-pedro-souza-irpf/irpf_gnirpf_2021_ac2020_rendimentos_totais_totais.csv | outputs/fontes-pedro-souza-irpf/tabela_metadados_distribuicoes_irpf.csv;At least one public URL was identified in the project metadata or auxiliary files.
PDF-0062;gn_irpf_2022_ano_calendario_2021.pdf;source_pdf;outputs/fontes-pedro-souza-irpf/gn_irpf_2022_ano_calendario_2021.pdf;gn_irpf_2022_ano_calendario_2021.pdf;289490;0.28;860df43b4b557210d3286ac2485cb18892864d0eab492d3aa41583b5d4586a1a;https://www.gov.br/receitafederal/pt-br/centrais-de-conteudo/publicacoes/estudos/imposto-de-renda/estudos-por-ano/grandes-numeros-do-IRPF-2008-a-2025/grandes-numeros-do-irpf-2022-ano-calendario-2021-tabelas/@@download/file | https://www.gov.br/receitafederal/pt-br/centrais-de-conteudo/publicacoes/estudos/imposto-de-renda/estudos-por-ano/grandes-numeros-do-IRPF-2008-a-2025/grandes-numeros-do-irpf-2022-ano-calendario-2021-tabelas/view | https://www.gov.br/receitafederal/pt-br/centrais-de-conteudo/publicacoes/estudos/imposto-de-renda/estudos-por-ano/grandes-numeros-do-IRPF-2008-a-2025/grandes-numeros-do-irpf-2022-ano-calendario-2021/@@download/file | https://www.gov.br/receitafederal/pt-br/centrais-de-conteudo/publicacoes/estudos/imposto-de-renda/estudos-por-ano/grandes-numeros-do-IRPF-2008-a-2025/grandes-numeros-do-irpf-2022-ano-calendario-2021/view;4;2021;Brasil. Ministerio da Fazenda. Secretaria Especial da Receita Federal do Brasil. Centro de Estudos Tributarios e Aduaneiros. Grandes Numeros IRPF - ano-calendario 2021, exercicio 2022. Brasilia: Receita Federal/CETAD, julho 2023.;gnirpf_2022_ac2021_rendimentos_totais;public_url_identified;review_source_terms_before_redistribution;data/trusted/irpf_distribution_source_metadata_yearly.csv | outputs/fontes-pedro-souza-irpf/fontes_irpf_gnirpf_2022_ac2021.md | outputs/fontes-pedro-souza-irpf/irpf_gnirpf_2022_ac2021_rendimentos_totais_faixas.csv | outputs/fontes-pedro-souza-irpf/irpf_gnirpf_2022_ac2021_rendimentos_totais_totais.csv | outputs/fontes-pedro-souza-irpf/tabela_metadados_distribuicoes_irpf.csv;At least one public URL was identified in the project metadata or auxiliary files.
PDF-0063;gn_irpf_2023_ano_calendario_2022.pdf;source_pdf;outputs/fontes-pedro-souza-irpf/gn_irpf_2023_ano_calendario_2022.pdf;gn_irpf_2023_ano_calendario_2022.pdf;294845;0.28;3c61cbe594ce9a08937174e6136b80c4324cf8c1951c2fe3e6a7560cd9fdb3be;https://www.gov.br/receitafederal/pt-br/centrais-de-conteudo/publicacoes/estudos/imposto-de-renda/estudos-por-ano/grandes-numeros-do-IRPF-2008-a-2025/grandes-numeros-do-irpf-2023-ano-calendario-2022-tabelas/@@download/file | https://www.gov.br/receitafederal/pt-br/centrais-de-conteudo/publicacoes/estudos/imposto-de-renda/estudos-por-ano/grandes-numeros-do-IRPF-2008-a-2025/grandes-numeros-do-irpf-2023-ano-calendario-2022-tabelas/view | https://www.gov.br/receitafederal/pt-br/centrais-de-conteudo/publicacoes/estudos/imposto-de-renda/estudos-por-ano/grandes-numeros-do-IRPF-2008-a-2025/grandes-numeros-do-irpf-2023-ano-calendario-2022/@@download/file | https://www.gov.br/receitafederal/pt-br/centrais-de-conteudo/publicacoes/estudos/imposto-de-renda/estudos-por-ano/grandes-numeros-do-IRPF-2008-a-2025/grandes-numeros-do-irpf-2023-ano-calendario-2022/view;4;2022;Brasil. Ministerio da Fazenda. Secretaria Especial da Receita Federal do Brasil. Centro de Estudos Tributarios e Aduaneiros. Grandes Numeros IRPF - ano-calendario 2022, exercicio 2023. Brasilia: Receita Federal/CETAD, abril 2025 (correcao).;gnirpf_2023_ac2022_rendimentos_totais;public_url_identified;review_source_terms_before_redistribution;data/trusted/irpf_distribution_source_metadata_yearly.csv | outputs/fontes-pedro-souza-irpf/fontes_irpf_gnirpf_2023_ac2022.md | outputs/fontes-pedro-souza-irpf/irpf_gnirpf_2023_ac2022_rendimentos_totais_faixas.csv | outputs/fontes-pedro-souza-irpf/irpf_gnirpf_2023_ac2022_rendimentos_totais_totais.csv | outputs/fontes-pedro-souza-irpf/tabela_metadados_distribuicoes_irpf.csv;At least one public URL was identified in the project metadata or auxiliary files.
PDF-0064;gn_irpf_2024_ano_calendario_2023.pdf;source_pdf;outputs/fontes-pedro-souza-irpf/gn_irpf_2024_ano_calendario_2023.pdf;gn_irpf_2024_ano_calendario_2023.pdf;307619;0.29;07fc1236882f7543d7956fb2d0428fbd9ce59b69923e734184c230e9d329c6a9;https://www.gov.br/receitafederal/pt-br/centrais-de-conteudo/publicacoes/estudos/imposto-de-renda/estudos-por-ano/grandes-numeros-do-IRPF-2008-a-2025/grandes-numeros-do-irpf-2024-ano-calendario-2023-1/@@download/file | https://www.gov.br/receitafederal/pt-br/centrais-de-conteudo/publicacoes/estudos/imposto-de-renda/estudos-por-ano/grandes-numeros-do-IRPF-2008-a-2025/grandes-numeros-do-irpf-2024-ano-calendario-2023-1/view | https://www.gov.br/receitafederal/pt-br/centrais-de-conteudo/publicacoes/estudos/imposto-de-renda/estudos-por-ano/grandes-numeros-do-IRPF-2008-a-2025/grandes-numeros-do-irpf-2024-ano-calendario-2023-tabelas-1/@@download/file | https://www.gov.br/receitafederal/pt-br/centrais-de-conteudo/publicacoes/estudos/imposto-de-renda/estudos-por-ano/grandes-numeros-do-IRPF-2008-a-2025/grandes-numeros-do-irpf-2024-ano-calendario-2023-tabelas-1/view;4;2023;Brasil. Ministerio da Fazenda. Secretaria Especial da Receita Federal do Brasil. Centro de Estudos Tributarios e Aduaneiros. Grandes Numeros IRPF - ano-calendario 2023, exercicio 2024. Brasilia: Receita Federal/CETAD, outubro 2025 (correcao).;gnirpf_2024_ac2023_rendimentos_totais;public_url_identified;review_source_terms_before_redistribution;data/trusted/irpf_distribution_source_metadata_yearly.csv | outputs/fontes-pedro-souza-irpf/fontes_irpf_gnirpf_2024_ac2023.md | outputs/fontes-pedro-souza-irpf/irpf_gnirpf_2024_ac2023_rendimentos_totais_faixas.csv | outputs/fontes-pedro-souza-irpf/irpf_gnirpf_2024_ac2023_rendimentos_totais_totais.csv | outputs/fontes-pedro-souza-irpf/tabela_metadados_distribuicoes_irpf.csv;At least one public URL was identified in the project metadata or auxiliary files.
PDF-0065;gn_irpf_2025_ano_calendario_2024.pdf;source_pdf;outputs/fontes-pedro-souza-irpf/gn_irpf_2025_ano_calendario_2024.pdf;gn_irpf_2025_ano_calendario_2024.pdf;425762;0.41;06fe231c0d597580d26b3cf4ab945e546edf6b81290f52436773aa953297029d;https://www.gov.br/receitafederal/pt-br/centrais-de-conteudo/publicacoes/estudos/imposto-de-renda/estudos-por-ano/grandes-numeros-do-IRPF-2008-a-2025/grandes-numeros-do-irpf-2025-ano-calendario-2024-metadados/@@download/file | https://www.gov.br/receitafederal/pt-br/centrais-de-conteudo/publicacoes/estudos/imposto-de-renda/estudos-por-ano/grandes-numeros-do-IRPF-2008-a-2025/grandes-numeros-do-irpf-2025-ano-calendario-2024-metadados/view | https://www.gov.br/receitafederal/pt-br/centrais-de-conteudo/publicacoes/estudos/imposto-de-renda/estudos-por-ano/grandes-numeros-do-IRPF-2008-a-2025/grandes-numeros-do-irpf-2025-ano-calendario-2024-tabelas/@@download/file | https://www.gov.br/receitafederal/pt-br/centrais-de-conteudo/publicacoes/estudos/imposto-de-renda/estudos-por-ano/grandes-numeros-do-IRPF-2008-a-2025/grandes-numeros-do-irpf-2025-ano-calendario-2024-tabelas/view;4;2024;Brasil. Ministerio da Fazenda. Secretaria Especial da Receita Federal do Brasil. Centro de Estudos Tributarios e Aduaneiros. Grandes Numeros IRPF - ano-calendario 2024, exercicio 2025. Brasilia: Receita Federal/CETAD, marco 2026.;gnirpf_2025_ac2024_rendimentos_totais;public_url_identified;review_source_terms_before_redistribution;data/trusted/irpf_distribution_source_metadata_yearly.csv | outputs/fontes-pedro-souza-irpf/fontes_irpf_gnirpf_2025_ac2024.md | outputs/fontes-pedro-souza-irpf/irpf_gnirpf_2025_ac2024_rendimentos_totais_faixas.csv | outputs/fontes-pedro-souza-irpf/irpf_gnirpf_2025_ac2024_rendimentos_totais_totais.csv | outputs/fontes-pedro-souza-irpf/tabela_metadados_distribuicoes_irpf.csv;At least one public URL was identified in the project metadata or auxiliary files.
PDF-0066;histogramas_frequencias_irpf_todas_series.pdf;source_pdf;outputs/fontes-pedro-souza-irpf/histogramas_frequencias_irpf/histogramas_frequencias_irpf_todas_series.pdf;histogramas_frequencias_irpf/histogramas_frequencias_irpf_todas_series.pdf;8687761;8.29;a861ac0f9bcbccc558b6b8a9d31f812a1e9093e0e5bdb126e04c10e451dbb17f;;0;;;;local_copy_no_public_url_identified;review_before_redistribution;outputs/fontes-pedro-souza-irpf/histogramas_frequencias_irpf/histogramas_frequencias_irpf.md;"No public URL was identified automatically; check the source manually before redistribution."
PDF-0067;histogramas_frequencias_irpf_todas_series_20260707_161418.pdf;source_pdf;outputs/fontes-pedro-souza-irpf/histogramas_frequencias_irpf/histogramas_frequencias_irpf_todas_series_20260707_161418.pdf;histogramas_frequencias_irpf/histogramas_frequencias_irpf_todas_series_20260707_161418.pdf;6362371;6.07;6a4bdfe45a9f24a970a7be1f249a76999d787bbf93056ab604d6ffb8a83fa531;;0;;;;local_copy_no_public_url_identified;review_before_redistribution;;"No public URL was identified automatically; check the source manually before redistribution."
PDF-0068;histogramas_frequencias_irpf_todas_series_20260707_161536.pdf;source_pdf;outputs/fontes-pedro-souza-irpf/histogramas_frequencias_irpf/histogramas_frequencias_irpf_todas_series_20260707_161536.pdf;histogramas_frequencias_irpf/histogramas_frequencias_irpf_todas_series_20260707_161536.pdf;6571957;6.27;c8a5b7f51f621f918ed5bcaa28650af1d078b2dcfa2c1562026dbefa5ffd1fdb;;0;;;;local_copy_no_public_url_identified;review_before_redistribution;;"No public URL was identified automatically; check the source manually before redistribution."
PDF-0069;histogramas_frequencias_irpf_todas_series_20260707_161816.pdf;source_pdf;outputs/fontes-pedro-souza-irpf/histogramas_frequencias_irpf/histogramas_frequencias_irpf_todas_series_20260707_161816.pdf;histogramas_frequencias_irpf/histogramas_frequencias_irpf_todas_series_20260707_161816.pdf;6576689;6.27;a24661ad0c4ec5a1f56525639e277b6026e0364729011384af6e2c410af1a1ad;;0;;;;local_copy_no_public_url_identified;review_before_redistribution;;"No public URL was identified automatically; check the source manually before redistribution."
PDF-0070;histogramas_frequencias_irpf_todas_series_20260707_161856.pdf;source_pdf;outputs/fontes-pedro-souza-irpf/histogramas_frequencias_irpf/histogramas_frequencias_irpf_todas_series_20260707_161856.pdf;histogramas_frequencias_irpf/histogramas_frequencias_irpf_todas_series_20260707_161856.pdf;6548004;6.24;9373d4206e113fcb501af163c0624a759d8f479dd0433caaa7615b1eea264d6d;;0;;;;local_copy_no_public_url_identified;review_before_redistribution;;"No public URL was identified automatically; check the source manually before redistribution."
PDF-0071;histogramas_frequencias_irpf_todas_series_20260707_165514.pdf;source_pdf;outputs/fontes-pedro-souza-irpf/histogramas_frequencias_irpf/histogramas_frequencias_irpf_todas_series_20260707_165514.pdf;histogramas_frequencias_irpf/histogramas_frequencias_irpf_todas_series_20260707_165514.pdf;6821573;6.51;f08de53ef1c7b617d8825a1c4a557da5ca37016891aacceb693febc03bd85952;;0;;;;local_copy_no_public_url_identified;review_before_redistribution;;"No public URL was identified automatically; check the source manually before redistribution."
PDF-0072;histogramas_frequencias_irpf_todas_series_20260707_171711.pdf;source_pdf;outputs/fontes-pedro-souza-irpf/histogramas_frequencias_irpf/histogramas_frequencias_irpf_todas_series_20260707_171711.pdf;histogramas_frequencias_irpf/histogramas_frequencias_irpf_todas_series_20260707_171711.pdf;7884706;7.52;95e7b1384b7c412f70294c3555741daef8f5e6908f50f5590b59dafecaf69f8c;;0;;;;local_copy_no_public_url_identified;review_before_redistribution;;"No public URL was identified automatically; check the source manually before redistribution."
PDF-0073;depeguanaminfaz0000_2_0000bolestidivimpo1965.pdf;source_pdf;outputs/fontes-pedro-souza-irpf/ia_cief_scan/pdf/depeguanaminfaz0000_2_0000bolestidivimpo1965.pdf;ia_cief_scan/pdf/depeguanaminfaz0000_2_0000bolestidivimpo1965.pdf;13105418;12.50;c8425924ff9a4022788234bda13dabf9020ff74713af0a4f0e4fa3414e1863ed;https://archive.org/details/depeguanaminfaz0000_2_0000bolestidivimpo1965 | https://archive.org/download/depeguanaminfaz0000_2_0000bolestidivimpo1965/depeguanaminfaz0000_2_0000bolestidivimpo1965.pdf;2;;;;public_url_identified;review_source_terms_before_redistribution;outputs/fontes-pedro-souza-irpf/fontes_candidatas_irpf_pos_triagem.csv | outputs/fontes-pedro-souza-irpf/lacunas_irpf_historico.md;At least one public URL was identified in the project metadata or auxiliary files.
PDF-0074;depeguanaminfaz0000_2_0000bolestidivimpo1968.pdf;source_pdf;outputs/fontes-pedro-souza-irpf/ia_cief_scan/pdf/depeguanaminfaz0000_2_0000bolestidivimpo1968.pdf;ia_cief_scan/pdf/depeguanaminfaz0000_2_0000bolestidivimpo1968.pdf;41688898;39.76;37d603a43ae6eafe2a885c3431ccb70691ac88bae3b7fe89b8c54aec8b156187;https://archive.org/details/depeguanaminfaz0000_2_0000bolestidivimpo1968 | https://archive.org/download/depeguanaminfaz0000_2_0000bolestidivimpo1968/depeguanaminfaz0000_2_0000bolestidivimpo1968.pdf;2;;;;public_url_identified;review_source_terms_before_redistribution;outputs/fontes-pedro-souza-irpf/fontes_candidatas_irpf_pos_triagem.csv | outputs/fontes-pedro-souza-irpf/ia_cief_scan/metadata/depeguanaminfaz0000_2_0000bolestidivimpo1968.json;At least one public URL was identified in the project metadata or auxiliary files.
PDF-0075;irenda1957sinopse26.pdf;source_pdf;outputs/fontes-pedro-souza-irpf/ia_cief_scan/pdf/irenda1957sinopse26.pdf;ia_cief_scan/pdf/irenda1957sinopse26.pdf;2902143;2.77;16106dbd8fa32d69bd33a5b796cc6190ed33cb60b343bf27240e0869d4aaafb6;https://archive.org/details/irenda1957sinopse26 | https://archive.org/download/irenda1957sinopse26/irenda1957sinopse26.pdf;2;;;;public_url_identified;review_source_terms_before_redistribution;outputs/fontes-pedro-souza-irpf/fontes_candidatas_irpf_pos_triagem.csv | outputs/fontes-pedro-souza-irpf/ia_cief_scan/metadata/irenda1957sinopse26.json;At least one public URL was identified in the project metadata or auxiliary files.
PDF-0076;irenda1957sinopse28.pdf;source_pdf;outputs/fontes-pedro-souza-irpf/ia_cief_scan/pdf/irenda1957sinopse28.pdf;ia_cief_scan/pdf/irenda1957sinopse28.pdf;3283476;3.13;df6c8c9355b08cee7914f2f0eef3302778c022f7846892c9bf68b90a2e00ccaa;https://archive.org/details/irenda1957sinopse28 | https://archive.org/download/irenda1957sinopse28/irenda1957sinopse28.pdf;2;;;;public_url_identified;review_source_terms_before_redistribution;outputs/fontes-pedro-souza-irpf/fontes_candidatas_irpf_pos_triagem.csv | outputs/fontes-pedro-souza-irpf/ia_cief_scan/metadata/irenda1957sinopse28.json;At least one public URL was identified in the project metadata or auxiliary files.
PDF-0077;irenda1957sinopse29.pdf;source_pdf;outputs/fontes-pedro-souza-irpf/ia_cief_scan/pdf/irenda1957sinopse29.pdf;ia_cief_scan/pdf/irenda1957sinopse29.pdf;3206968;3.06;30825969b9f9171b0fd12afd22f527395069084912a50510f45104e8d3dffee9;https://archive.org/details/irenda1957sinopse29 | https://archive.org/download/irenda1957sinopse29/irenda1957sinopse29.pdf;2;;;;public_url_identified;review_source_terms_before_redistribution;outputs/fontes-pedro-souza-irpf/fontes_candidatas_irpf_pos_triagem.csv | outputs/fontes-pedro-souza-irpf/ia_cief_scan/metadata/irenda1957sinopse29.json;At least one public URL was identified in the project metadata or auxiliary files.
PDF-0078;irenda1962sinopse30.pdf;source_pdf;outputs/fontes-pedro-souza-irpf/ia_cief_scan/pdf/irenda1962sinopse30.pdf;ia_cief_scan/pdf/irenda1962sinopse30.pdf;1664649;1.59;026d5d32aee7845ee6c2dfd07549edbc7e3757da7b645169d445d1cb4adc7a73;https://archive.org/details/irenda1962sinopse30 | https://archive.org/download/irenda1962sinopse30/irenda1962sinopse30.pdf;2;;;;public_url_identified;review_source_terms_before_redistribution;outputs/fontes-pedro-souza-irpf/fontes_candidatas_irpf_pos_triagem.csv | outputs/fontes-pedro-souza-irpf/ia_cief_scan/metadata/irenda1962sinopse30.json;At least one public URL was identified in the project metadata or auxiliary files.
PDF-0079;irenda1967sinopse32.pdf;source_pdf;outputs/fontes-pedro-souza-irpf/ia_cief_scan/pdf/irenda1967sinopse32.pdf;ia_cief_scan/pdf/irenda1967sinopse32.pdf;6112739;5.83;61b17aa75b06e99edc9e25f9de19633f170ff921d88b7fa1a7005ecf338c8837;https://archive.org/details/irenda1967sinopse32 | https://archive.org/download/irenda1967sinopse32/irenda1967sinopse32.pdf;2;;;;public_url_identified;review_source_terms_before_redistribution;outputs/fontes-pedro-souza-irpf/fontes_candidatas_irpf_pos_triagem.csv | outputs/fontes-pedro-souza-irpf/ia_cief_scan/metadata/irenda1967sinopse32.json;At least one public URL was identified in the project metadata or auxiliary files.
PDF-0080;irenda1967sinopse33.pdf;source_pdf;outputs/fontes-pedro-souza-irpf/ia_cief_scan/pdf/irenda1967sinopse33.pdf;ia_cief_scan/pdf/irenda1967sinopse33.pdf;5016806;4.78;140c19db65a0c0c09f51bc41e9dd0f7ef2742b4024a9a92b084e3b2def0336b3;https://archive.org/details/irenda1967sinopse33 | https://archive.org/download/irenda1967sinopse33/irenda1967sinopse33.pdf;2;;;;public_url_identified;review_source_terms_before_redistribution;outputs/fontes-pedro-souza-irpf/fontes_candidatas_irpf_pos_triagem.csv | outputs/fontes-pedro-souza-irpf/ia_cief_scan/metadata/irenda1967sinopse33.json;At least one public URL was identified in the project metadata or auxiliary files.
PDF-0081;irenda1967sinopse34.pdf;source_pdf;outputs/fontes-pedro-souza-irpf/ia_cief_scan/pdf/irenda1967sinopse34.pdf;ia_cief_scan/pdf/irenda1967sinopse34.pdf;5910875;5.64;72ed58f46737a42421300b4d6e097d7a21189db7e7d7f62325dcab4e0844d41e;https://archive.org/details/irenda1967sinopse34 | https://archive.org/download/irenda1967sinopse34/irenda1967sinopse34.pdf;2;;;;public_url_identified;review_source_terms_before_redistribution;outputs/fontes-pedro-souza-irpf/fontes_candidatas_irpf_pos_triagem.csv | outputs/fontes-pedro-souza-irpf/ia_cief_scan/metadata/irenda1967sinopse34.json;At least one public URL was identified in the project metadata or auxiliary files.
PDF-0082;imposto_renda_proventos_1968.pdf;source_pdf;outputs/fontes-pedro-souza-irpf/imposto_renda_proventos_1968.pdf;imposto_renda_proventos_1968.pdf;7573945;7.22;3ea2486f76a486f2222af0419e3ae71c865af88ae6658a5dffe435ad6d6e8385;https://archive.org/details/depeguanaminfaz0000_2_0000Impsobreren1968 | https://archive.org/details/secretrecferaminfaz0000_2_0000impsobreend1965 | https://archive.org/download/depeguanaminfaz0000_2_0000Impsobreren1968/depeguanaminfaz0000_2_0000Impsobreren1968.pdf | https://archive.org/download/secretrecferaminfaz0000_2_0000impsobreend1965/secretrecferaminfaz0000_2_0000impsobreend1965.pdf | https://openlibrary.org/works/OL43174128W/Imposto_Sobre_A_Renda_e_Proventos_de_Qualquer_Natureza_1968 | https://openlibrary.org/works/OL43339284W;6;1967;Brasil. Ministerio da Fazenda. Secretaria da Receita Federal. Centro de Informacoes Economico-Fiscais (CIEF). Imposto sobre a renda e proventos de qualquer natureza, 1968. Rio de Janeiro: Imprensa Nacional, 1968.;receita_cief_1968;public_url_identified;review_source_terms_before_redistribution;data/trusted/irpf_distribution_source_metadata_yearly.csv | outputs/fontes-pedro-souza-irpf/fontes_candidatas_irpf_pos_triagem.csv | outputs/fontes-pedro-souza-irpf/fontes_irpf_receita_cief_1968.csv | outputs/fontes-pedro-souza-irpf/fontes_irpf_receita_cief_1968.md | outputs/fontes-pedro-souza-irpf/irpf_historico_faixas_consolidado.csv | outputs/fontes-pedro-souza-irpf/irpf_historico_totais_consolidado.csv | outputs/fontes-pedro-souza-irpf/irpf_receita_cief_1968_faixas.csv | outputs/fontes-pedro-souza-irpf/irpf_receita_cief_1968_totais.csv | outputs/fontes-pedro-souza-irpf/tabela_metadados_distribuicoes_irpf.csv;At least one public URL was identified in the project metadata or auxiliary files.
PDF-0083;imposto_renda_proventos_1968_cief_variante.pdf;source_pdf;outputs/fontes-pedro-souza-irpf/imposto_renda_proventos_1968_cief_variante.pdf;imposto_renda_proventos_1968_cief_variante.pdf;7473994;7.13;43f8224d51dfedc9f5ee1d9c673475f4ab9118165a8199c21226330bde2069d4;https://archive.org/details/depeguanaminfaz0000_2_0000Impsobreren1968 | https://archive.org/details/secretrecferaminfaz0000_2_0000impsobreend1965 | https://archive.org/download/depeguanaminfaz0000_2_0000Impsobreren1968/depeguanaminfaz0000_2_0000Impsobreren1968.pdf | https://archive.org/download/secretrecferaminfaz0000_2_0000impsobreend1965/secretrecferaminfaz0000_2_0000impsobreend1965.pdf | https://openlibrary.org/works/OL43174128W/Imposto_Sobre_A_Renda_e_Proventos_de_Qualquer_Natureza_1968 | https://openlibrary.org/works/OL43339284W;6;;;;public_url_identified;review_source_terms_before_redistribution;outputs/fontes-pedro-souza-irpf/fontes_irpf_receita_cief_1968.csv | outputs/fontes-pedro-souza-irpf/fontes_irpf_receita_cief_1968.md;At least one public URL was identified in the project metadata or auxiliary files.
PDF-0084;inventario_dados_irpf_historico_completo.pdf;project_document;outputs/fontes-pedro-souza-irpf/inventario_dados_irpf_historico_completo.pdf;inventario_dados_irpf_historico_completo.pdf;132350;0.13;88b49511686934e462c1dd565a9d2549d866db5986a93535c8e25b4ee5b40579;;0;;;;local_copy_no_public_url_identified;review_before_redistribution;;"No public URL was identified automatically; check the source manually before redistribution."
PDF-0085;inventario_dados_irpf_historico_completo_atualizado.pdf;project_document;outputs/fontes-pedro-souza-irpf/inventario_dados_irpf_historico_completo_atualizado.pdf;inventario_dados_irpf_historico_completo_atualizado.pdf;142609;0.14;6f443296a707d4048c4a96a89706674dc487d149dce505f4b44e057a0924ba28;;0;;;;local_copy_no_public_url_identified;review_before_redistribution;;"No public URL was identified automatically; check the source manually before redistribution."
PDF-0086;anuareco1986minfaz.pdf;source_pdf;outputs/fontes-pedro-souza-irpf/irpf_scan/pdf/anuareco1986minfaz.pdf;irpf_scan/pdf/anuareco1986minfaz.pdf;22596681;21.55;e36e805ebb05c084286dcb2c41b2bfff53b003c950d3e22100a6b135b44eb4b8;https://archive.org/details/anuareco1986minfaz | https://archive.org/download/anuareco1986minfaz/anuareco1986minfaz.pdf;2;1984;Brasil. Ministerio da Fazenda. Secretaria da Receita Federal. Coordenacao do Sistema de Informacoes Economico-Fiscais. Anuario Economico-Fiscal 1986. Brasilia: Ministerio da Fazenda, 1988.;;public_url_identified;review_source_terms_before_redistribution;data/trusted/irpf_distribution_source_metadata_yearly.csv | outputs/fontes-pedro-souza-irpf/fontes_candidatas_irpf_pos_triagem.csv | outputs/fontes-pedro-souza-irpf/fontes_irpf_aef_1986.csv | outputs/fontes-pedro-souza-irpf/fontes_irpf_aef_1986.md | outputs/fontes-pedro-souza-irpf/irpf_aef_1986_renda_liquida_por_rendimento_bruto.csv | outputs/fontes-pedro-souza-irpf/irpf_aef_1986_renda_liquida_por_rendimento_bruto_totais.csv | outputs/fontes-pedro-souza-irpf/irpf_aef_1986_rendimento_bruto_faixas.csv | outputs/fontes-pedro-souza-irpf/irpf_aef_1986_rendimento_bruto_totais.csv | outputs/fontes-pedro-souza-irpf/lacunas_irpf_historico.md | outputs/fontes-pedro-souza-irpf/relatorio_orientadores_cobertura_irpf.md | outputs/fontes-pedro-souza-irpf/tabela_metadados_distribuicoes_irpf.csv;At least one public URL was identified in the project metadata or auxiliary files.
PDF-0087;impostoderendape1984mini.pdf;source_pdf;outputs/fontes-pedro-souza-irpf/irpf_scan/pdf/impostoderendape1984mini.pdf;irpf_scan/pdf/impostoderendape1984mini.pdf;33226396;31.69;c45f3fe048c622cda2b87e528727a6b3c9381a4c8b8cc28e6692a2d6d31197d2;https://archive.org/details/impostoderendape1984mini | https://archive.org/download/impostoderendape1984mini/impostoderendape1984mini.pdf;2;1983;Brasil. Ministerio da Fazenda. Secretaria da Receita Federal. Coordenacao do Sistema de Informacoes Economico-Fiscais. Imposto de Renda Pessoa Fisica 1984. Brasilia: Ministerio da Fazenda, 1984.;;public_url_identified;review_source_terms_before_redistribution;data/trusted/irpf_distribution_source_metadata_yearly.csv | outputs/fontes-pedro-souza-irpf/fontes_candidatas_irpf_pos_triagem.csv | outputs/fontes-pedro-souza-irpf/fontes_irpf_cief_1984.csv | outputs/fontes-pedro-souza-irpf/fontes_irpf_cief_1984.md | outputs/fontes-pedro-souza-irpf/irpf_cief_1984_renda_liquida_por_rendimento_bruto.csv | outputs/fontes-pedro-souza-irpf/irpf_cief_1984_renda_liquida_por_rendimento_bruto_totais.csv | outputs/fontes-pedro-souza-irpf/irpf_cief_1984_rendimento_bruto_faixas.csv | outputs/fontes-pedro-souza-irpf/irpf_cief_1984_rendimento_bruto_totais.csv | outputs/fontes-pedro-souza-irpf/lacunas_irpf_historico.md | outputs/fontes-pedro-souza-irpf/relatorio_orientadores_cobertura_irpf.md | outputs/fontes-pedro-souza-irpf/tabela_metadados_distribuicoes_irpf.csv;At least one public URL was identified in the project metadata or auxiliary files.
PDF-0088;impostoderendape41982mini.pdf;source_pdf;outputs/fontes-pedro-souza-irpf/irpf_scan/pdf/impostoderendape41982mini.pdf;irpf_scan/pdf/impostoderendape41982mini.pdf;35307576;33.67;c27797470bfe1f8a15eea6a2b4fe7eb98c53d1b05c61b31206d3ca6390116203;https://archive.org/details/anuareco1983minfaz | https://archive.org/details/impostoderendape41982mini | https://archive.org/download/impostoderendape41982mini/impostoderendape41982mini.pdf;3;1981;Brasil. Ministerio da Fazenda. Secretaria da Receita Federal. Coordenacao do Sistema de Informacoes Economico-Fiscais. Imposto de Renda Pessoa Fisica 1982. Brasilia: Ministerio da Fazenda, 1982.;;public_url_identified;review_source_terms_before_redistribution;data/trusted/irpf_distribution_source_metadata_yearly.csv | outputs/fontes-pedro-souza-irpf/fontes_candidatas_irpf_pos_triagem.csv | outputs/fontes-pedro-souza-irpf/fontes_irpf_cief_1982.csv | outputs/fontes-pedro-souza-irpf/fontes_irpf_cief_1982.md | outputs/fontes-pedro-souza-irpf/irpf_cief_1982_renda_liquida_por_rendimento_bruto.csv | outputs/fontes-pedro-souza-irpf/irpf_cief_1982_renda_liquida_por_rendimento_bruto_totais.csv | outputs/fontes-pedro-souza-irpf/irpf_cief_1982_rendimento_bruto_faixas.csv | outputs/fontes-pedro-souza-irpf/irpf_cief_1982_rendimento_bruto_totais.csv | outputs/fontes-pedro-souza-irpf/lacunas_irpf_historico.md | outputs/fontes-pedro-souza-irpf/relatorio_orientadores_cobertura_irpf.md | outputs/fontes-pedro-souza-irpf/tabela_metadados_distribuicoes_irpf.csv;At least one public URL was identified in the project metadata or auxiliary files.
PDF-0089;impostoderendape51983mini.pdf;source_pdf;outputs/fontes-pedro-souza-irpf/irpf_scan/pdf/impostoderendape51983mini.pdf;irpf_scan/pdf/impostoderendape51983mini.pdf;34896803;33.28;247d999a6ed1b3058e0ef3d47da1a76f960f2540fc0095d368192c19ca59526e;https://archive.org/details/impostoderendape51983mini | https://archive.org/download/impostoderendape51983mini/impostoderendape51983mini.pdf;2;1982;Brasil. Ministerio da Fazenda. Secretaria da Receita Federal. Coordenacao do Sistema de Informacoes Economico-Fiscais. Imposto de Renda Pessoa Fisica 1983. Brasilia: Ministerio da Fazenda, 1983.;;public_url_identified;review_source_terms_before_redistribution;data/trusted/irpf_distribution_source_metadata_yearly.csv | outputs/fontes-pedro-souza-irpf/fontes_candidatas_irpf_pos_triagem.csv | outputs/fontes-pedro-souza-irpf/fontes_irpf_cief_1983.csv | outputs/fontes-pedro-souza-irpf/fontes_irpf_cief_1983.md | outputs/fontes-pedro-souza-irpf/irpf_cief_1983_renda_liquida_por_rendimento_bruto.csv | outputs/fontes-pedro-souza-irpf/irpf_cief_1983_renda_liquida_por_rendimento_bruto_totais.csv | outputs/fontes-pedro-souza-irpf/irpf_cief_1983_rendimento_bruto_faixas.csv | outputs/fontes-pedro-souza-irpf/irpf_cief_1983_rendimento_bruto_totais.csv | outputs/fontes-pedro-souza-irpf/lacunas_irpf_historico.md | outputs/fontes-pedro-souza-irpf/relatorio_orientadores_cobertura_irpf.md | outputs/fontes-pedro-souza-irpf/tabela_metadados_distribuicoes_irpf.csv;At least one public URL was identified in the project metadata or auxiliary files.
PDF-0090;secretrec00_1_00impostpfisxi1987.pdf;source_pdf;outputs/fontes-pedro-souza-irpf/irpf_scan/pdf/secretrec00_1_00impostpfisxi1987.pdf;irpf_scan/pdf/secretrec00_1_00impostpfisxi1987.pdf;35633167;33.98;53190784b5684f1f0d87c62e95095691069f2768b329107d3146bbad0bf25bda;https://archive.org/details/secretrec00_1_00impostpfisxi1987 | https://archive.org/download/secretrec00_1_00impostpfisxi1987/secretrec00_1_00impostpfisxi1987.pdf;2;1986;Brasil. Ministerio da Fazenda. Secretaria da Receita Federal. Coordenacao do Sistema de Informacoes Economico-Fiscais. Imposto de Renda Pessoa Fisica 1987. Brasilia: Ministerio da Fazenda, 1987.;;public_url_identified;review_source_terms_before_redistribution;data/trusted/irpf_distribution_source_metadata_yearly.csv | outputs/fontes-pedro-souza-irpf/fontes_candidatas_irpf_pos_triagem.csv | outputs/fontes-pedro-souza-irpf/fontes_irpf_cief_1987.csv | outputs/fontes-pedro-souza-irpf/fontes_irpf_cief_1987.md | outputs/fontes-pedro-souza-irpf/irpf_cief_1987_renda_liquida_por_rendimento_bruto.csv | outputs/fontes-pedro-souza-irpf/irpf_cief_1987_renda_liquida_por_rendimento_bruto_totais.csv | outputs/fontes-pedro-souza-irpf/irpf_cief_1987_rendimento_bruto_faixas.csv | outputs/fontes-pedro-souza-irpf/irpf_cief_1987_rendimento_bruto_totais.csv | outputs/fontes-pedro-souza-irpf/lacunas_irpf_historico.md | outputs/fontes-pedro-souza-irpf/relatorio_orientadores_cobertura_irpf.md | outputs/fontes-pedro-souza-irpf/tabela_metadados_distribuicoes_irpf.csv;At least one public URL was identified in the project metadata or auxiliary files.
PDF-0091;secretrec00_2_00impostpfisviiii1986.pdf;source_pdf;outputs/fontes-pedro-souza-irpf/irpf_scan/pdf/secretrec00_2_00impostpfisviiii1986.pdf;irpf_scan/pdf/secretrec00_2_00impostpfisviiii1986.pdf;45772280;43.65;a17313edf2808aee9bc53d010bb30d40928e8125d358a4b861208cd238e7c943;https://archive.org/details/secretrec00_2_00impostpfisviiii1986 | https://archive.org/download/secretrec00_2_00impostpfisviiii1986/secretrec00_2_00impostpfisviiii1986.pdf;2;1985;Brasil. Ministerio da Fazenda. Secretaria da Receita Federal. Coordenacao do Sistema de Informacoes Economico-Fiscais. Imposto de Renda Pessoa Fisica 1986. Brasilia: Ministerio da Fazenda, 1986.;;public_url_identified;review_source_terms_before_redistribution;data/trusted/irpf_distribution_source_metadata_yearly.csv | outputs/fontes-pedro-souza-irpf/fontes_candidatas_irpf_pos_triagem.csv | outputs/fontes-pedro-souza-irpf/fontes_irpf_cief_1986.csv | outputs/fontes-pedro-souza-irpf/fontes_irpf_cief_1986.md | outputs/fontes-pedro-souza-irpf/irpf_cief_1986_renda_liquida_por_rendimento_bruto.csv | outputs/fontes-pedro-souza-irpf/irpf_cief_1986_renda_liquida_por_rendimento_bruto_totais.csv | outputs/fontes-pedro-souza-irpf/irpf_cief_1986_rendimento_bruto_faixas.csv | outputs/fontes-pedro-souza-irpf/irpf_cief_1986_rendimento_bruto_totais.csv | outputs/fontes-pedro-souza-irpf/lacunas_irpf_historico.md | outputs/fontes-pedro-souza-irpf/relatorio_orientadores_cobertura_irpf.md | outputs/fontes-pedro-souza-irpf/tabela_metadados_distribuicoes_irpf.csv;At least one public URL was identified in the project metadata or auxiliary files.
PDF-0092;secretrec00_2_00impostpfisx1982.pdf;source_pdf;outputs/fontes-pedro-souza-irpf/irpf_scan/pdf/secretrec00_2_00impostpfisx1982.pdf;irpf_scan/pdf/secretrec00_2_00impostpfisx1982.pdf;37506215;35.77;e7d1ead9dd446fc4d1073c14c82fb4770fe6d655e65e9b330a41bc562e1811da;;0;;;;local_copy_no_public_url_identified;review_before_redistribution;;"No public URL was identified automatically; check the source manually before redistribution."
PDF-0093;secretrec00_2_00impostpfisxi1989.pdf;source_pdf;outputs/fontes-pedro-souza-irpf/irpf_scan/pdf/secretrec00_2_00impostpfisxi1989.pdf;irpf_scan/pdf/secretrec00_2_00impostpfisxi1989.pdf;28980667;27.64;5bc15079b8817f436b50cb99990dfa3e37eff8910161d189c5528d70a7f7ceb1;https://archive.org/details/secretrec00_2_00impostpfisxi1989 | https://archive.org/download/secretrec00_2_00impostpfisxi1989/secretrec00_2_00impostpfisxi1989.pdf;2;1988;Brasil. Ministerio da Fazenda. Secretaria da Receita Federal. Coordenacao do Sistema de Informacoes Economico-Fiscais. Imposto de Renda Pessoa Fisica 1989. Brasilia: Ministerio da Fazenda, 1989.;;public_url_identified;review_source_terms_before_redistribution;data/trusted/irpf_distribution_source_metadata_yearly.csv | outputs/fontes-pedro-souza-irpf/fontes_candidatas_irpf_pos_triagem.csv | outputs/fontes-pedro-souza-irpf/fontes_irpf_cief_1989.csv | outputs/fontes-pedro-souza-irpf/fontes_irpf_cief_1989.md | outputs/fontes-pedro-souza-irpf/irpf_cief_1989_renda_liquida_por_rendimento_bruto.csv | outputs/fontes-pedro-souza-irpf/irpf_cief_1989_renda_liquida_por_rendimento_bruto_totais.csv | outputs/fontes-pedro-souza-irpf/irpf_cief_1989_rendimento_bruto_faixas.csv | outputs/fontes-pedro-souza-irpf/irpf_cief_1989_rendimento_bruto_totais.csv | outputs/fontes-pedro-souza-irpf/lacunas_irpf_historico.md | outputs/fontes-pedro-souza-irpf/relatorio_orientadores_cobertura_irpf.md | outputs/fontes-pedro-souza-irpf/tabela_metadados_distribuicoes_irpf.csv;At least one public URL was identified in the project metadata or auxiliary files.
PDF-0094;o_imposto_de_renda_pessoas_fisicas_brasil_2004.pdf;source_pdf;outputs/fontes-pedro-souza-irpf/o_imposto_de_renda_pessoas_fisicas_brasil_2004.pdf;o_imposto_de_renda_pessoas_fisicas_brasil_2004.pdf;153863;0.15;8bd7afa5370c0eca6bdb3d3f65d9c06b4d824378e934050c643594edc43d00fa;https://www.gov.br/receitafederal/pt-br/centrais-de-conteudo/publicacoes/estudos/outros-estudos/o-imposto-de-renda-das-pessoas-fisicas-no-brasil-2004;1;2002;Brasil. Ministerio da Fazenda. Secretaria da Receita Federal. O imposto de renda das pessoas fisicas no Brasil. Estudos Tributarios 14. Brasilia: Secretaria da Receita Federal, dezembro de 2004.;receita_2004_o_ir_pessoas_fisicas_brasil;public_url_identified;review_source_terms_before_redistribution;data/trusted/irpf_distribution_source_metadata_yearly.csv | outputs/fontes-pedro-souza-irpf/fontes_irpf_receita_2004_o_ir_pessoas_fisicas.md | outputs/fontes-pedro-souza-irpf/irpf_receita_2004_dirpf_2003_rendimento_tributavel_faixas.csv | outputs/fontes-pedro-souza-irpf/irpf_receita_2004_dirpf_2003_rendimento_tributavel_totais.csv | outputs/fontes-pedro-souza-irpf/tabela_metadados_distribuicoes_irpf.csv;At least one public URL was identified in the project metadata or auxiliary files.
PDF-0095;pedido_acervo_bmf_rj_fontes_faltantes_irpf.pdf;project_document;outputs/fontes-pedro-souza-irpf/pedido_acervo_bmf_rj_fontes_faltantes_irpf.pdf;pedido_acervo_bmf_rj_fontes_faltantes_irpf.pdf;83254;0.08;f8641334e3b33e9143a6c0ac4c6512498fefc49b147b8aa14a46382b5805d1bd;;0;;;;local_copy_no_public_url_identified;review_before_redistribution;;"No public URL was identified automatically; check the source manually before redistribution."
PDF-0096;ac1987_IRPF1988.pdf;source_pdf;outputs/fontes-pedro-souza-irpf/pedro_herculano_anexos/ac1987_IRPF1988.pdf;pedro_herculano_anexos/ac1987_IRPF1988.pdf;7845489;7.48;a5d8b885e7006653f881a81c41c0f859448ea1fe5ca400d584297e45d9e895d7;;0;1987;Brasil. Ministerio da Economia, Fazenda e Planejamento. Secretaria da Fazenda Nacional. Secretaria da Receita Federal. Coordenacao do Sistema de Informacoes Economico-Fiscais. Imposto de Renda Pessoa Fisica 1988: ano 10. 1988.;;public_origin_no_public_url_identified;public_origin_confirmed_by_project_owner;data/trusted/irpf_distribution_source_metadata_yearly.csv | outputs/fontes-pedro-souza-irpf/fontes_candidatas_irpf_pos_triagem.csv | outputs/fontes-pedro-souza-irpf/fontes_recebidas_pedro_2026_09_24.csv | outputs/fontes-pedro-souza-irpf/irpf_cief_1988_rendimento_bruto_faixas.csv | outputs/fontes-pedro-souza-irpf/irpf_cief_1988_rendimento_bruto_totais.csv | outputs/fontes-pedro-souza-irpf/lacunas_irpf_historico.md | outputs/fontes-pedro-souza-irpf/relatorio_orientadores_cobertura_irpf.md | outputs/fontes-pedro-souza-irpf/tabela_metadados_distribuicoes_irpf.csv;"File received through correspondence from Pedro Herculano G. F. de Souza; the project owner reports public origin, but no direct public URL has been identified in the metadata."
PDF-0097;ac1996_TribPosReal.pdf;source_pdf;outputs/fontes-pedro-souza-irpf/pedro_herculano_anexos/ac1996_TribPosReal.pdf;pedro_herculano_anexos/ac1996_TribPosReal.pdf;11636767;11.10;8cdbce0de8a07b176092578c463ee031223594372e3026f3b94c30730a898bbd;;0;1996;Brasil. Ministerio da Fazenda. Secretaria da Receita Federal. Tributacao da Renda no Brasil Pos-Real. Brasilia: Dupligrafica, 2001.;;public_origin_no_public_url_identified;public_origin_confirmed_by_project_owner;data/trusted/irpf_distribution_source_metadata_yearly.csv | outputs/fontes-pedro-souza-irpf/fontes_candidatas_irpf_pos_triagem.csv | outputs/fontes-pedro-souza-irpf/fontes_recebidas_pedro_2026_09_24.csv | outputs/fontes-pedro-souza-irpf/irpf_tributacao_pos_real_2001_rendimento_tributavel_faixas.csv | outputs/fontes-pedro-souza-irpf/irpf_tributacao_pos_real_2001_rendimento_tributavel_totais.csv | outputs/fontes-pedro-souza-irpf/lacunas_irpf_historico.md | outputs/fontes-pedro-souza-irpf/relatorio_orientadores_cobertura_irpf.md | outputs/fontes-pedro-souza-irpf/tabela_metadados_distribuicoes_irpf.csv;"File received through correspondence from Pedro Herculano G. F. de Souza; the project owner reports public origin, but no direct public URL has been identified in the metadata."
PDF-0098;ac1997_TribPosReal.pdf;source_pdf;outputs/fontes-pedro-souza-irpf/pedro_herculano_anexos/ac1997_TribPosReal.pdf;pedro_herculano_anexos/ac1997_TribPosReal.pdf;11636767;11.10;80d04e72d502d83c82cc71e8a7faa9a5a5499a24f1d6ba0dd36e78c6148190c8;;0;1997;Brasil. Ministerio da Fazenda. Secretaria da Receita Federal. Tributacao da Renda no Brasil Pos-Real. Brasilia: Dupligrafica, 2001.;;public_origin_no_public_url_identified;public_origin_confirmed_by_project_owner;data/trusted/irpf_distribution_source_metadata_yearly.csv | outputs/fontes-pedro-souza-irpf/fontes_candidatas_irpf_pos_triagem.csv | outputs/fontes-pedro-souza-irpf/fontes_recebidas_pedro_2026_09_24.csv | outputs/fontes-pedro-souza-irpf/irpf_tributacao_pos_real_2001_rendimento_tributavel_faixas.csv | outputs/fontes-pedro-souza-irpf/irpf_tributacao_pos_real_2001_rendimento_tributavel_totais.csv | outputs/fontes-pedro-souza-irpf/lacunas_irpf_historico.md | outputs/fontes-pedro-souza-irpf/relatorio_orientadores_cobertura_irpf.md | outputs/fontes-pedro-souza-irpf/tabela_metadados_distribuicoes_irpf.csv;"File received through correspondence from Pedro Herculano G. F. de Souza; the project owner reports public origin, but no direct public URL has been identified in the metadata."
PDF-0099;relatorio_irpf_ano_1961_publicado_1967.pdf;source_pdf;outputs/fontes-pedro-souza-irpf/relatorio_irpf_ano_1961_publicado_1967.pdf;relatorio_irpf_ano_1961_publicado_1967.pdf;7174511;6.84;2300f9c15b4f4a7459a3c61a0d5c0c57b028f40b04f341cfa4d42eadbd55dbb6;https://archive.org/details/depeguanaminfaz0000_1_0000relatrenda196167 | https://archive.org/download/depeguanaminfaz0000_1_0000relatrenda196167/depeguanaminfaz0000_1_0000relatrenda196167.pdf | https://biblioteca.ibge.gov.br/visualizacao/periodicos/20/aeb_1962.pdf;3;1960;Brasil. Ministerio da Fazenda. Divisao de Imposto de Renda. Relatorio do ano de 1961, apresentado ao Excelentissimo Senhor Ministro da Fazenda Nacional pelo Diretor da Divisao do Imposto de Renda. Rio de Janeiro: Ministerio da Fazenda, 1967.;dir_1961;public_url_identified;review_source_terms_before_redistribution;data/trusted/irpf_distribution_source_metadata_yearly.csv | outputs/fontes-pedro-souza-irpf/fontes_irpf_dir_1961.csv | outputs/fontes-pedro-souza-irpf/fontes_irpf_dir_1961.md | outputs/fontes-pedro-souza-irpf/irpf_dir_1961_faixas.csv | outputs/fontes-pedro-souza-irpf/irpf_dir_1961_totais.csv | outputs/fontes-pedro-souza-irpf/irpf_historico_faixas_consolidado.csv | outputs/fontes-pedro-souza-irpf/irpf_historico_totais_consolidado.csv | outputs/fontes-pedro-souza-irpf/tabela_metadados_distribuicoes_irpf.csv;At least one public URL was identified in the project metadata or auxiliary files.
PDF-0100;relatorio_irpf_ano_1964.pdf;source_pdf;outputs/fontes-pedro-souza-irpf/relatorio_irpf_ano_1964.pdf;relatorio_irpf_ano_1964.pdf;8967648;8.55;b4951ed234bedd030ddec7adb53cf6c9b8a461cb31b2e0cf16162693a17b98eb;https://archive.org/details/relatatvfaz000000_3_000000impostrend1964 | https://archive.org/download/relatatvfaz000000_3_000000impostrend1964/relatatvfaz000000_3_000000impostrend1964.pdf;2;1963;Brasil. Ministerio da Fazenda. Divisao de Imposto de Renda. Relatorio das atividades do exercicio ano de 1964. Rio de Janeiro: Imprensa Nacional, 1964.;dir_1964;public_url_identified;review_source_terms_before_redistribution;data/trusted/irpf_distribution_source_metadata_yearly.csv | outputs/fontes-pedro-souza-irpf/fontes_irpf_dir_1964.csv | outputs/fontes-pedro-souza-irpf/fontes_irpf_dir_1964.md | outputs/fontes-pedro-souza-irpf/irpf_dir_1964_faixas.csv | outputs/fontes-pedro-souza-irpf/irpf_dir_1964_totais.csv | outputs/fontes-pedro-souza-irpf/irpf_historico_faixas_consolidado.csv | outputs/fontes-pedro-souza-irpf/irpf_historico_totais_consolidado.csv | outputs/fontes-pedro-souza-irpf/tabela_metadados_distribuicoes_irpf.csv;At least one public URL was identified in the project metadata or auxiliary files.
PDF-0101;relatorio_irpf_ano_1965_publicado_1969.pdf;source_pdf;outputs/fontes-pedro-souza-irpf/relatorio_irpf_ano_1965_publicado_1969.pdf;relatorio_irpf_ano_1965_publicado_1969.pdf;6977275;6.65;e780462ed5120e3baf50be35f120f77ea9ac9a439def728e41d613c8b893b8ec;https://archive.org/details/depeguanaminfaz0000_2_0000relatrenda196569 | https://archive.org/download/depeguanaminfaz0000_2_0000relatrenda196569/depeguanaminfaz0000_2_0000relatrenda196569.pdf;2;1964;Brasil. Ministerio da Fazenda. Departamento do Imposto de Renda. Relatorio das atividades do ano de 1965, apresentado ao Excelentissimo Senhor Diretor-Geral da Fazenda Nacional pelo Diretor do Departamento do Imposto de Renda, Sr. Orlando Travancas. Rio de Janeiro: Departamento de Imprensa Nacional, 1969.;dir_1965;public_url_identified;review_source_terms_before_redistribution;data/trusted/irpf_distribution_source_metadata_yearly.csv | outputs/fontes-pedro-souza-irpf/fontes_candidatas_irpf_pos_triagem.csv | outputs/fontes-pedro-souza-irpf/fontes_irpf_dir_1965.csv | outputs/fontes-pedro-souza-irpf/fontes_irpf_dir_1965.md | outputs/fontes-pedro-souza-irpf/irpf_dir_1965_faixas.csv | outputs/fontes-pedro-souza-irpf/irpf_dir_1965_totais.csv | outputs/fontes-pedro-souza-irpf/irpf_historico_faixas_consolidado.csv | outputs/fontes-pedro-souza-irpf/irpf_historico_totais_consolidado.csv | outputs/fontes-pedro-souza-irpf/tabela_metadados_distribuicoes_irpf.csv;At least one public URL was identified in the project metadata or auxiliary files.
PDF-0102;documento_inventario_dados_irpf_historico.pdf;source_pdf;outputs/fontes-pedro-souza-irpf/render_inventario_irpf_word/documento_inventario_dados_irpf_historico.pdf;render_inventario_irpf_word/documento_inventario_dados_irpf_historico.pdf;599806;0.57;6df90cdbacecf1939f6149e9f075a58003296bbc960eda4ed7e2797f9452e2e6;;0;;;;local_copy_no_public_url_identified;review_before_redistribution;;"No public URL was identified automatically; check the source manually before redistribution."
PDF-0103;tabela_metadados_distribuicoes_irpf.pdf;project_document;outputs/fontes-pedro-souza-irpf/tabela_metadados_distribuicoes_irpf.pdf;tabela_metadados_distribuicoes_irpf.pdf;40098;0.04;f81c3ed97025ff46fad7e01c944a197c144311f9b4bde189f8dae46ea6e8020a;;0;;;;local_copy_no_public_url_identified;review_before_redistribution;;"No public URL was identified automatically; check the source manually before redistribution."
