date;year;month;cpi_index_1982_1984_100;series_id;series_name;seasonal_adjustment;unit;source_url;downloaded_at
1947-01-01;1947;1;21.480;CPIAUCSL;Consumer Price Index for All Urban Consumers: All Items in U.S. City Average;seasonally_adjusted;Index 1982-1984=100;https://fred.stlouisfed.org/graph/fredgraph.csv?id=CPIAUCSL;2026-10-08
1947-02-01;1947;2;21.620;CPIAUCSL;Consumer Price Index for All Urban Consumers: All Items in U.S. City Average;seasonally_adjusted;Index 1982-1984=100;https://fred.stlouisfed.org/graph/fredgraph.csv?id=CPIAUCSL;2026-10-08
1947-03-01;1947;3;22.000;CPIAUCSL;Consumer Price Index for All Urban Consumers: All Items in U.S. City Average;seasonally_adjusted;Index 1982-1984=100;https://fred.stlouisfed.org/graph/fredgraph.csv?id=CPIAUCSL;2026-10-08
1947-04-01;1947;4;22.000;CPIAUCSL;Consumer Price Index for All Urban Consumers: All Items in U.S. City Average;seasonally_adjusted;Index 1982-1984=100;https://fred.stlouisfed.org/graph/fredgraph.csv?id=CPIAUCSL;2026-10-08
1947-05-01;1947;5;21.950;CPIAUCSL;Consumer Price Index for All Urban Consumers: All Items in U.S. City Average;seasonally_adjusted;Index 1982-1984=100;https://fred.stlouisfed.org/graph/fredgraph.csv?id=CPIAUCSL;2026-10-08
1947-06-01;1947;6;22.080;CPIAUCSL;Consumer Price Index for All Urban Consumers: All Items in U.S. City Average;seasonally_adjusted;Index 1982-1984=100;https://fred.stlouisfed.org/graph/fredgraph.csv?id=CPIAUCSL;2026-10-08
1947-07-01;1947;7;22.230;CPIAUCSL;Consumer Price Index for All Urban Consumers: All Items in U.S. City Average;seasonally_adjusted;Index 1982-1984=100;https://fred.stlouisfed.org/graph/fredgraph.csv?id=CPIAUCSL;2026-10-08
1947-08-01;1947;8;22.400;CPIAUCSL;Consumer Price Index for All Urban Consumers: All Items in U.S. City Average;seasonally_adjusted;Index 1982-1984=100;https://fred.stlouisfed.org/graph/fredgraph.csv?id=CPIAUCSL;2026-10-08
1947-09-01;1947;9;22.840;CPIAUCSL;Consumer Price Index for All Urban Consumers: All Items in U.S. City Average;seasonally_adjusted;Index 1982-1984=100;https://fred.stlouisfed.org/graph/fredgraph.csv?id=CPIAUCSL;2026-10-08
1947-10-01;1947;10;22.910;CPIAUCSL;Consumer Price Index for All Urban Consumers: All Items in U.S. City Average;seasonally_adjusted;Index 1982-1984=100;https://fred.stlouisfed.org/graph/fredgraph.csv?id=CPIAUCSL;2026-10-08
1947-11-01;1947;11;23.060;CPIAUCSL;Consumer Price Index for All Urban Consumers: All Items in U.S. City Average;seasonally_adjusted;Index 1982-1984=100;https://fred.stlouisfed.org/graph/fredgraph.csv?id=CPIAUCSL;2026-10-08
1947-12-01;1947;12;23.410;CPIAUCSL;Consumer Price Index for All Urban Consumers: All Items in U.S. City Average;seasonally_adjusted;Index 1982-1984=100;https://fred.stlouisfed.org/graph/fredgraph.csv?id=CPIAUCSL;2026-10-08
1948-01-01;1948;1;23.680;CPIAUCSL;Consumer Price Index for All Urban Consumers: All Items in U.S. City Average;seasonally_adjusted;Index 1982-1984=100;https://fred.stlouisfed.org/graph/fredgraph.csv?id=CPIAUCSL;2026-10-08
1948-02-01;1948;2;23.670;CPIAUCSL;Consumer Price Index for All Urban Consumers: All Items in U.S. City Average;seasonally_adjusted;Index 1982-1984=100;https://fred.stlouisfed.org/graph/fredgraph.csv?id=CPIAUCSL;2026-10-08
1948-03-01;1948;3;23.500;CPIAUCSL;Consumer Price Index for All Urban Consumers: All Items in U.S. City Average;seasonally_adjusted;Index 1982-1984=100;https://fred.stlouisfed.org/graph/fredgraph.csv?id=CPIAUCSL;2026-10-08
1948-04-01;1948;4;23.820;CPIAUCSL;Consumer Price Index for All Urban Consumers: All Items in U.S. City Average;seasonally_adjusted;Index 1982-1984=100;https://fred.stlouisfed.org/graph/fredgraph.csv?id=CPIAUCSL;2026-10-08
1948-05-01;1948;5;24.010;CPIAUCSL;Consumer Price Index for All Urban Consumers: All Items in U.S. City Average;seasonally_adjusted;Index 1982-1984=100;https://fred.stlouisfed.org/graph/fredgraph.csv?id=CPIAUCSL;2026-10-08
1948-06-01;1948;6;24.150;CPIAUCSL;Consumer Price Index for All Urban Consumers: All Items in U.S. City Average;seasonally_adjusted;Index 1982-1984=100;https://fred.stlouisfed.org/graph/fredgraph.csv?id=CPIAUCSL;2026-10-08
1948-07-01;1948;7;24.400;CPIAUCSL;Consumer Price Index for All Urban Consumers: All Items in U.S. City Average;seasonally_adjusted;Index 1982-1984=100;https://fred.stlouisfed.org/graph/fredgraph.csv?id=CPIAUCSL;2026-10-08
1948-08-01;1948;8;24.430;CPIAUCSL;Consumer Price Index for All Urban Consumers: All Items in U.S. City Average;seasonally_adjusted;Index 1982-1984=100;https://fred.stlouisfed.org/graph/fredgraph.csv?id=CPIAUCSL;2026-10-08
1948-09-01;1948;9;24.360;CPIAUCSL;Consumer Price Index for All Urban Consumers: All Items in U.S. City Average;seasonally_adjusted;Index 1982-1984=100;https://fred.stlouisfed.org/graph/fredgraph.csv?id=CPIAUCSL;2026-10-08
1948-10-01;1948;10;24.310;CPIAUCSL;Consumer Price Index for All Urban Consumers: All Items in U.S. City Average;seasonally_adjusted;Index 1982-1984=100;https://fred.stlouisfed.org/graph/fredgraph.csv?id=CPIAUCSL;2026-10-08
1948-11-01;1948;11;24.160;CPIAUCSL;Consumer Price Index for All Urban Consumers: All Items in U.S. City Average;seasonally_adjusted;Index 1982-1984=100;https://fred.stlouisfed.org/graph/fredgraph.csv?id=CPIAUCSL;2026-10-08
1948-12-01;1948;12;24.050;CPIAUCSL;Consumer Price Index for All Urban Consumers: All Items in U.S. City Average;seasonally_adjusted;Index 1982-1984=100;https://fred.stlouisfed.org/graph/fredgraph.csv?id=CPIAUCSL;2026-10-08
1949-01-01;1949;1;24.010;CPIAUCSL;Consumer Price Index for All Urban Consumers: All Items in U.S. City Average;seasonally_adjusted;Index 1982-1984=100;https://fred.stlouisfed.org/graph/fredgraph.csv?id=CPIAUCSL;2026-10-08
1949-02-01;1949;2;23.910;CPIAUCSL;Consumer Price Index for All Urban Consumers: All Items in U.S. City Average;seasonally_adjusted;Index 1982-1984=100;https://fred.stlouisfed.org/graph/fredgraph.csv?id=CPIAUCSL;2026-10-08
1949-03-01;1949;3;23.910;CPIAUCSL;Consumer Price Index for All Urban Consumers: All Items in U.S. City Average;seasonally_adjusted;Index 1982-1984=100;https://fred.stlouisfed.org/graph/fredgraph.csv?id=CPIAUCSL;2026-10-08
1949-04-01;1949;4;23.920;CPIAUCSL;Consumer Price Index for All Urban Consumers: All Items in U.S. City Average;seasonally_adjusted;Index 1982-1984=100;https://fred.stlouisfed.org/graph/fredgraph.csv?id=CPIAUCSL;2026-10-08
1949-05-01;1949;5;23.910;CPIAUCSL;Consumer Price Index for All Urban Consumers: All Items in U.S. City Average;seasonally_adjusted;Index 1982-1984=100;https://fred.stlouisfed.org/graph/fredgraph.csv?id=CPIAUCSL;2026-10-08
1949-06-01;1949;6;23.920;CPIAUCSL;Consumer Price Index for All Urban Consumers: All Items in U.S. City Average;seasonally_adjusted;Index 1982-1984=100;https://fred.stlouisfed.org/graph/fredgraph.csv?id=CPIAUCSL;2026-10-08
1949-07-01;1949;7;23.700;CPIAUCSL;Consumer Price Index for All Urban Consumers: All Items in U.S. City Average;seasonally_adjusted;Index 1982-1984=100;https://fred.stlouisfed.org/graph/fredgraph.csv?id=CPIAUCSL;2026-10-08
1949-08-01;1949;8;23.700;CPIAUCSL;Consumer Price Index for All Urban Consumers: All Items in U.S. City Average;seasonally_adjusted;Index 1982-1984=100;https://fred.stlouisfed.org/graph/fredgraph.csv?id=CPIAUCSL;2026-10-08
1949-09-01;1949;9;23.750;CPIAUCSL;Consumer Price Index for All Urban Consumers: All Items in U.S. City Average;seasonally_adjusted;Index 1982-1984=100;https://fred.stlouisfed.org/graph/fredgraph.csv?id=CPIAUCSL;2026-10-08
1949-10-01;1949;10;23.670;CPIAUCSL;Consumer Price Index for All Urban Consumers: All Items in U.S. City Average;seasonally_adjusted;Index 1982-1984=100;https://fred.stlouisfed.org/graph/fredgraph.csv?id=CPIAUCSL;2026-10-08
1949-11-01;1949;11;23.700;CPIAUCSL;Consumer Price Index for All Urban Consumers: All Items in U.S. City Average;seasonally_adjusted;Index 1982-1984=100;https://fred.stlouisfed.org/graph/fredgraph.csv?id=CPIAUCSL;2026-10-08
1949-12-01;1949;12;23.610;CPIAUCSL;Consumer Price Index for All Urban Consumers: All Items in U.S. City Average;seasonally_adjusted;Index 1982-1984=100;https://fred.stlouisfed.org/graph/fredgraph.csv?id=CPIAUCSL;2026-10-08
1950-01-01;1950;1;23.510;CPIAUCSL;Consumer Price Index for All Urban Consumers: All Items in U.S. City Average;seasonally_adjusted;Index 1982-1984=100;https://fred.stlouisfed.org/graph/fredgraph.csv?id=CPIAUCSL;2026-10-08
1950-02-01;1950;2;23.610;CPIAUCSL;Consumer Price Index for All Urban Consumers: All Items in U.S. City Average;seasonally_adjusted;Index 1982-1984=100;https://fred.stlouisfed.org/graph/fredgraph.csv?id=CPIAUCSL;2026-10-08
1950-03-01;1950;3;23.640;CPIAUCSL;Consumer Price Index for All Urban Consumers: All Items in U.S. City Average;seasonally_adjusted;Index 1982-1984=100;https://fred.stlouisfed.org/graph/fredgraph.csv?id=CPIAUCSL;2026-10-08
1950-04-01;1950;4;23.650;CPIAUCSL;Consumer Price Index for All Urban Consumers: All Items in U.S. City Average;seasonally_adjusted;Index 1982-1984=100;https://fred.stlouisfed.org/graph/fredgraph.csv?id=CPIAUCSL;2026-10-08
1950-05-01;1950;5;23.770;CPIAUCSL;Consumer Price Index for All Urban Consumers: All Items in U.S. City Average;seasonally_adjusted;Index 1982-1984=100;https://fred.stlouisfed.org/graph/fredgraph.csv?id=CPIAUCSL;2026-10-08
1950-06-01;1950;6;23.880;CPIAUCSL;Consumer Price Index for All Urban Consumers: All Items in U.S. City Average;seasonally_adjusted;Index 1982-1984=100;https://fred.stlouisfed.org/graph/fredgraph.csv?id=CPIAUCSL;2026-10-08
1950-07-01;1950;7;24.070;CPIAUCSL;Consumer Price Index for All Urban Consumers: All Items in U.S. City Average;seasonally_adjusted;Index 1982-1984=100;https://fred.stlouisfed.org/graph/fredgraph.csv?id=CPIAUCSL;2026-10-08
1950-08-01;1950;8;24.200;CPIAUCSL;Consumer Price Index for All Urban Consumers: All Items in U.S. City Average;seasonally_adjusted;Index 1982-1984=100;https://fred.stlouisfed.org/graph/fredgraph.csv?id=CPIAUCSL;2026-10-08
1950-09-01;1950;9;24.340;CPIAUCSL;Consumer Price Index for All Urban Consumers: All Items in U.S. City Average;seasonally_adjusted;Index 1982-1984=100;https://fred.stlouisfed.org/graph/fredgraph.csv?id=CPIAUCSL;2026-10-08
1950-10-01;1950;10;24.500;CPIAUCSL;Consumer Price Index for All Urban Consumers: All Items in U.S. City Average;seasonally_adjusted;Index 1982-1984=100;https://fred.stlouisfed.org/graph/fredgraph.csv?id=CPIAUCSL;2026-10-08
1950-11-01;1950;11;24.600;CPIAUCSL;Consumer Price Index for All Urban Consumers: All Items in U.S. City Average;seasonally_adjusted;Index 1982-1984=100;https://fred.stlouisfed.org/graph/fredgraph.csv?id=CPIAUCSL;2026-10-08
1950-12-01;1950;12;24.980;CPIAUCSL;Consumer Price Index for All Urban Consumers: All Items in U.S. City Average;seasonally_adjusted;Index 1982-1984=100;https://fred.stlouisfed.org/graph/fredgraph.csv?id=CPIAUCSL;2026-10-08
1951-01-01;1951;1;25.380;CPIAUCSL;Consumer Price Index for All Urban Consumers: All Items in U.S. City Average;seasonally_adjusted;Index 1982-1984=100;https://fred.stlouisfed.org/graph/fredgraph.csv?id=CPIAUCSL;2026-10-08
1951-02-01;1951;2;25.830;CPIAUCSL;Consumer Price Index for All Urban Consumers: All Items in U.S. City Average;seasonally_adjusted;Index 1982-1984=100;https://fred.stlouisfed.org/graph/fredgraph.csv?id=CPIAUCSL;2026-10-08
1951-03-01;1951;3;25.880;CPIAUCSL;Consumer Price Index for All Urban Consumers: All Items in U.S. City Average;seasonally_adjusted;Index 1982-1984=100;https://fred.stlouisfed.org/graph/fredgraph.csv?id=CPIAUCSL;2026-10-08
1951-04-01;1951;4;25.920;CPIAUCSL;Consumer Price Index for All Urban Consumers: All Items in U.S. City Average;seasonally_adjusted;Index 1982-1984=100;https://fred.stlouisfed.org/graph/fredgraph.csv?id=CPIAUCSL;2026-10-08
1951-05-01;1951;5;25.990;CPIAUCSL;Consumer Price Index for All Urban Consumers: All Items in U.S. City Average;seasonally_adjusted;Index 1982-1984=100;https://fred.stlouisfed.org/graph/fredgraph.csv?id=CPIAUCSL;2026-10-08
1951-06-01;1951;6;25.930;CPIAUCSL;Consumer Price Index for All Urban Consumers: All Items in U.S. City Average;seasonally_adjusted;Index 1982-1984=100;https://fred.stlouisfed.org/graph/fredgraph.csv?id=CPIAUCSL;2026-10-08
1951-07-01;1951;7;25.910;CPIAUCSL;Consumer Price Index for All Urban Consumers: All Items in U.S. City Average;seasonally_adjusted;Index 1982-1984=100;https://fred.stlouisfed.org/graph/fredgraph.csv?id=CPIAUCSL;2026-10-08
1951-08-01;1951;8;25.860;CPIAUCSL;Consumer Price Index for All Urban Consumers: All Items in U.S. City Average;seasonally_adjusted;Index 1982-1984=100;https://fred.stlouisfed.org/graph/fredgraph.csv?id=CPIAUCSL;2026-10-08
1951-09-01;1951;9;26.030;CPIAUCSL;Consumer Price Index for All Urban Consumers: All Items in U.S. City Average;seasonally_adjusted;Index 1982-1984=100;https://fred.stlouisfed.org/graph/fredgraph.csv?id=CPIAUCSL;2026-10-08
1951-10-01;1951;10;26.160;CPIAUCSL;Consumer Price Index for All Urban Consumers: All Items in U.S. City Average;seasonally_adjusted;Index 1982-1984=100;https://fred.stlouisfed.org/graph/fredgraph.csv?id=CPIAUCSL;2026-10-08
1951-11-01;1951;11;26.320;CPIAUCSL;Consumer Price Index for All Urban Consumers: All Items in U.S. City Average;seasonally_adjusted;Index 1982-1984=100;https://fred.stlouisfed.org/graph/fredgraph.csv?id=CPIAUCSL;2026-10-08
1951-12-01;1951;12;26.470;CPIAUCSL;Consumer Price Index for All Urban Consumers: All Items in U.S. City Average;seasonally_adjusted;Index 1982-1984=100;https://fred.stlouisfed.org/graph/fredgraph.csv?id=CPIAUCSL;2026-10-08
1952-01-01;1952;1;26.450;CPIAUCSL;Consumer Price Index for All Urban Consumers: All Items in U.S. City Average;seasonally_adjusted;Index 1982-1984=100;https://fred.stlouisfed.org/graph/fredgraph.csv?id=CPIAUCSL;2026-10-08
1952-02-01;1952;2;26.410;CPIAUCSL;Consumer Price Index for All Urban Consumers: All Items in U.S. City Average;seasonally_adjusted;Index 1982-1984=100;https://fred.stlouisfed.org/graph/fredgraph.csv?id=CPIAUCSL;2026-10-08
1952-03-01;1952;3;26.390;CPIAUCSL;Consumer Price Index for All Urban Consumers: All Items in U.S. City Average;seasonally_adjusted;Index 1982-1984=100;https://fred.stlouisfed.org/graph/fredgraph.csv?id=CPIAUCSL;2026-10-08
1952-04-01;1952;4;26.460;CPIAUCSL;Consumer Price Index for All Urban Consumers: All Items in U.S. City Average;seasonally_adjusted;Index 1982-1984=100;https://fred.stlouisfed.org/graph/fredgraph.csv?id=CPIAUCSL;2026-10-08
1952-05-01;1952;5;26.470;CPIAUCSL;Consumer Price Index for All Urban Consumers: All Items in U.S. City Average;seasonally_adjusted;Index 1982-1984=100;https://fred.stlouisfed.org/graph/fredgraph.csv?id=CPIAUCSL;2026-10-08
1952-06-01;1952;6;26.530;CPIAUCSL;Consumer Price Index for All Urban Consumers: All Items in U.S. City Average;seasonally_adjusted;Index 1982-1984=100;https://fred.stlouisfed.org/graph/fredgraph.csv?id=CPIAUCSL;2026-10-08
1952-07-01;1952;7;26.680;CPIAUCSL;Consumer Price Index for All Urban Consumers: All Items in U.S. City Average;seasonally_adjusted;Index 1982-1984=100;https://fred.stlouisfed.org/graph/fredgraph.csv?id=CPIAUCSL;2026-10-08
1952-08-01;1952;8;26.690;CPIAUCSL;Consumer Price Index for All Urban Consumers: All Items in U.S. City Average;seasonally_adjusted;Index 1982-1984=100;https://fred.stlouisfed.org/graph/fredgraph.csv?id=CPIAUCSL;2026-10-08
1952-09-01;1952;9;26.630;CPIAUCSL;Consumer Price Index for All Urban Consumers: All Items in U.S. City Average;seasonally_adjusted;Index 1982-1984=100;https://fred.stlouisfed.org/graph/fredgraph.csv?id=CPIAUCSL;2026-10-08
1952-10-01;1952;10;26.690;CPIAUCSL;Consumer Price Index for All Urban Consumers: All Items in U.S. City Average;seasonally_adjusted;Index 1982-1984=100;https://fred.stlouisfed.org/graph/fredgraph.csv?id=CPIAUCSL;2026-10-08
1952-11-01;1952;11;26.690;CPIAUCSL;Consumer Price Index for All Urban Consumers: All Items in U.S. City Average;seasonally_adjusted;Index 1982-1984=100;https://fred.stlouisfed.org/graph/fredgraph.csv?id=CPIAUCSL;2026-10-08
1952-12-01;1952;12;26.710;CPIAUCSL;Consumer Price Index for All Urban Consumers: All Items in U.S. City Average;seasonally_adjusted;Index 1982-1984=100;https://fred.stlouisfed.org/graph/fredgraph.csv?id=CPIAUCSL;2026-10-08
1953-01-01;1953;1;26.640;CPIAUCSL;Consumer Price Index for All Urban Consumers: All Items in U.S. City Average;seasonally_adjusted;Index 1982-1984=100;https://fred.stlouisfed.org/graph/fredgraph.csv?id=CPIAUCSL;2026-10-08
1953-02-01;1953;2;26.590;CPIAUCSL;Consumer Price Index for All Urban Consumers: All Items in U.S. City Average;seasonally_adjusted;Index 1982-1984=100;https://fred.stlouisfed.org/graph/fredgraph.csv?id=CPIAUCSL;2026-10-08
1953-03-01;1953;3;26.630;CPIAUCSL;Consumer Price Index for All Urban Consumers: All Items in U.S. City Average;seasonally_adjusted;Index 1982-1984=100;https://fred.stlouisfed.org/graph/fredgraph.csv?id=CPIAUCSL;2026-10-08
1953-04-01;1953;4;26.690;CPIAUCSL;Consumer Price Index for All Urban Consumers: All Items in U.S. City Average;seasonally_adjusted;Index 1982-1984=100;https://fred.stlouisfed.org/graph/fredgraph.csv?id=CPIAUCSL;2026-10-08
1953-05-01;1953;5;26.700;CPIAUCSL;Consumer Price Index for All Urban Consumers: All Items in U.S. City Average;seasonally_adjusted;Index 1982-1984=100;https://fred.stlouisfed.org/graph/fredgraph.csv?id=CPIAUCSL;2026-10-08
1953-06-01;1953;6;26.770;CPIAUCSL;Consumer Price Index for All Urban Consumers: All Items in U.S. City Average;seasonally_adjusted;Index 1982-1984=100;https://fred.stlouisfed.org/graph/fredgraph.csv?id=CPIAUCSL;2026-10-08
1953-07-01;1953;7;26.790;CPIAUCSL;Consumer Price Index for All Urban Consumers: All Items in U.S. City Average;seasonally_adjusted;Index 1982-1984=100;https://fred.stlouisfed.org/graph/fredgraph.csv?id=CPIAUCSL;2026-10-08
1953-08-01;1953;8;26.850;CPIAUCSL;Consumer Price Index for All Urban Consumers: All Items in U.S. City Average;seasonally_adjusted;Index 1982-1984=100;https://fred.stlouisfed.org/graph/fredgraph.csv?id=CPIAUCSL;2026-10-08
1953-09-01;1953;9;26.890;CPIAUCSL;Consumer Price Index for All Urban Consumers: All Items in U.S. City Average;seasonally_adjusted;Index 1982-1984=100;https://fred.stlouisfed.org/graph/fredgraph.csv?id=CPIAUCSL;2026-10-08
1953-10-01;1953;10;26.950;CPIAUCSL;Consumer Price Index for All Urban Consumers: All Items in U.S. City Average;seasonally_adjusted;Index 1982-1984=100;https://fred.stlouisfed.org/graph/fredgraph.csv?id=CPIAUCSL;2026-10-08
1953-11-01;1953;11;26.850;CPIAUCSL;Consumer Price Index for All Urban Consumers: All Items in U.S. City Average;seasonally_adjusted;Index 1982-1984=100;https://fred.stlouisfed.org/graph/fredgraph.csv?id=CPIAUCSL;2026-10-08
1953-12-01;1953;12;26.870;CPIAUCSL;Consumer Price Index for All Urban Consumers: All Items in U.S. City Average;seasonally_adjusted;Index 1982-1984=100;https://fred.stlouisfed.org/graph/fredgraph.csv?id=CPIAUCSL;2026-10-08
1954-01-01;1954;1;26.940;CPIAUCSL;Consumer Price Index for All Urban Consumers: All Items in U.S. City Average;seasonally_adjusted;Index 1982-1984=100;https://fred.stlouisfed.org/graph/fredgraph.csv?id=CPIAUCSL;2026-10-08
1954-02-01;1954;2;26.990;CPIAUCSL;Consumer Price Index for All Urban Consumers: All Items in U.S. City Average;seasonally_adjusted;Index 1982-1984=100;https://fred.stlouisfed.org/graph/fredgraph.csv?id=CPIAUCSL;2026-10-08
1954-03-01;1954;3;26.930;CPIAUCSL;Consumer Price Index for All Urban Consumers: All Items in U.S. City Average;seasonally_adjusted;Index 1982-1984=100;https://fred.stlouisfed.org/graph/fredgraph.csv?id=CPIAUCSL;2026-10-08
1954-04-01;1954;4;26.860;CPIAUCSL;Consumer Price Index for All Urban Consumers: All Items in U.S. City Average;seasonally_adjusted;Index 1982-1984=100;https://fred.stlouisfed.org/graph/fredgraph.csv?id=CPIAUCSL;2026-10-08
1954-05-01;1954;5;26.930;CPIAUCSL;Consumer Price Index for All Urban Consumers: All Items in U.S. City Average;seasonally_adjusted;Index 1982-1984=100;https://fred.stlouisfed.org/graph/fredgraph.csv?id=CPIAUCSL;2026-10-08
1954-06-01;1954;6;26.940;CPIAUCSL;Consumer Price Index for All Urban Consumers: All Items in U.S. City Average;seasonally_adjusted;Index 1982-1984=100;https://fred.stlouisfed.org/graph/fredgraph.csv?id=CPIAUCSL;2026-10-08
1954-07-01;1954;7;26.860;CPIAUCSL;Consumer Price Index for All Urban Consumers: All Items in U.S. City Average;seasonally_adjusted;Index 1982-1984=100;https://fred.stlouisfed.org/graph/fredgraph.csv?id=CPIAUCSL;2026-10-08
1954-08-01;1954;8;26.850;CPIAUCSL;Consumer Price Index for All Urban Consumers: All Items in U.S. City Average;seasonally_adjusted;Index 1982-1984=100;https://fred.stlouisfed.org/graph/fredgraph.csv?id=CPIAUCSL;2026-10-08
1954-09-01;1954;9;26.810;CPIAUCSL;Consumer Price Index for All Urban Consumers: All Items in U.S. City Average;seasonally_adjusted;Index 1982-1984=100;https://fred.stlouisfed.org/graph/fredgraph.csv?id=CPIAUCSL;2026-10-08
1954-10-01;1954;10;26.720;CPIAUCSL;Consumer Price Index for All Urban Consumers: All Items in U.S. City Average;seasonally_adjusted;Index 1982-1984=100;https://fred.stlouisfed.org/graph/fredgraph.csv?id=CPIAUCSL;2026-10-08
1954-11-01;1954;11;26.780;CPIAUCSL;Consumer Price Index for All Urban Consumers: All Items in U.S. City Average;seasonally_adjusted;Index 1982-1984=100;https://fred.stlouisfed.org/graph/fredgraph.csv?id=CPIAUCSL;2026-10-08
1954-12-01;1954;12;26.770;CPIAUCSL;Consumer Price Index for All Urban Consumers: All Items in U.S. City Average;seasonally_adjusted;Index 1982-1984=100;https://fred.stlouisfed.org/graph/fredgraph.csv?id=CPIAUCSL;2026-10-08
1955-01-01;1955;1;26.770;CPIAUCSL;Consumer Price Index for All Urban Consumers: All Items in U.S. City Average;seasonally_adjusted;Index 1982-1984=100;https://fred.stlouisfed.org/graph/fredgraph.csv?id=CPIAUCSL;2026-10-08
1955-02-01;1955;2;26.820;CPIAUCSL;Consumer Price Index for All Urban Consumers: All Items in U.S. City Average;seasonally_adjusted;Index 1982-1984=100;https://fred.stlouisfed.org/graph/fredgraph.csv?id=CPIAUCSL;2026-10-08
1955-03-01;1955;3;26.790;CPIAUCSL;Consumer Price Index for All Urban Consumers: All Items in U.S. City Average;seasonally_adjusted;Index 1982-1984=100;https://fred.stlouisfed.org/graph/fredgraph.csv?id=CPIAUCSL;2026-10-08
1955-04-01;1955;4;26.790;CPIAUCSL;Consumer Price Index for All Urban Consumers: All Items in U.S. City Average;seasonally_adjusted;Index 1982-1984=100;https://fred.stlouisfed.org/graph/fredgraph.csv?id=CPIAUCSL;2026-10-08
1955-05-01;1955;5;26.770;CPIAUCSL;Consumer Price Index for All Urban Consumers: All Items in U.S. City Average;seasonally_adjusted;Index 1982-1984=100;https://fred.stlouisfed.org/graph/fredgraph.csv?id=CPIAUCSL;2026-10-08
1955-06-01;1955;6;26.710;CPIAUCSL;Consumer Price Index for All Urban Consumers: All Items in U.S. City Average;seasonally_adjusted;Index 1982-1984=100;https://fred.stlouisfed.org/graph/fredgraph.csv?id=CPIAUCSL;2026-10-08
1955-07-01;1955;7;26.760;CPIAUCSL;Consumer Price Index for All Urban Consumers: All Items in U.S. City Average;seasonally_adjusted;Index 1982-1984=100;https://fred.stlouisfed.org/graph/fredgraph.csv?id=CPIAUCSL;2026-10-08
1955-08-01;1955;8;26.720;CPIAUCSL;Consumer Price Index for All Urban Consumers: All Items in U.S. City Average;seasonally_adjusted;Index 1982-1984=100;https://fred.stlouisfed.org/graph/fredgraph.csv?id=CPIAUCSL;2026-10-08
1955-09-01;1955;9;26.850;CPIAUCSL;Consumer Price Index for All Urban Consumers: All Items in U.S. City Average;seasonally_adjusted;Index 1982-1984=100;https://fred.stlouisfed.org/graph/fredgraph.csv?id=CPIAUCSL;2026-10-08
1955-10-01;1955;10;26.820;CPIAUCSL;Consumer Price Index for All Urban Consumers: All Items in U.S. City Average;seasonally_adjusted;Index 1982-1984=100;https://fred.stlouisfed.org/graph/fredgraph.csv?id=CPIAUCSL;2026-10-08
1955-11-01;1955;11;26.880;CPIAUCSL;Consumer Price Index for All Urban Consumers: All Items in U.S. City Average;seasonally_adjusted;Index 1982-1984=100;https://fred.stlouisfed.org/graph/fredgraph.csv?id=CPIAUCSL;2026-10-08
1955-12-01;1955;12;26.870;CPIAUCSL;Consumer Price Index for All Urban Consumers: All Items in U.S. City Average;seasonally_adjusted;Index 1982-1984=100;https://fred.stlouisfed.org/graph/fredgraph.csv?id=CPIAUCSL;2026-10-08
1956-01-01;1956;1;26.830;CPIAUCSL;Consumer Price Index for All Urban Consumers: All Items in U.S. City Average;seasonally_adjusted;Index 1982-1984=100;https://fred.stlouisfed.org/graph/fredgraph.csv?id=CPIAUCSL;2026-10-08
1956-02-01;1956;2;26.860;CPIAUCSL;Consumer Price Index for All Urban Consumers: All Items in U.S. City Average;seasonally_adjusted;Index 1982-1984=100;https://fred.stlouisfed.org/graph/fredgraph.csv?id=CPIAUCSL;2026-10-08
1956-03-01;1956;3;26.890;CPIAUCSL;Consumer Price Index for All Urban Consumers: All Items in U.S. City Average;seasonally_adjusted;Index 1982-1984=100;https://fred.stlouisfed.org/graph/fredgraph.csv?id=CPIAUCSL;2026-10-08
1956-04-01;1956;4;26.930;CPIAUCSL;Consumer Price Index for All Urban Consumers: All Items in U.S. City Average;seasonally_adjusted;Index 1982-1984=100;https://fred.stlouisfed.org/graph/fredgraph.csv?id=CPIAUCSL;2026-10-08
1956-05-01;1956;5;27.030;CPIAUCSL;Consumer Price Index for All Urban Consumers: All Items in U.S. City Average;seasonally_adjusted;Index 1982-1984=100;https://fred.stlouisfed.org/graph/fredgraph.csv?id=CPIAUCSL;2026-10-08
1956-06-01;1956;6;27.150;CPIAUCSL;Consumer Price Index for All Urban Consumers: All Items in U.S. City Average;seasonally_adjusted;Index 1982-1984=100;https://fred.stlouisfed.org/graph/fredgraph.csv?id=CPIAUCSL;2026-10-08
1956-07-01;1956;7;27.290;CPIAUCSL;Consumer Price Index for All Urban Consumers: All Items in U.S. City Average;seasonally_adjusted;Index 1982-1984=100;https://fred.stlouisfed.org/graph/fredgraph.csv?id=CPIAUCSL;2026-10-08
1956-08-01;1956;8;27.310;CPIAUCSL;Consumer Price Index for All Urban Consumers: All Items in U.S. City Average;seasonally_adjusted;Index 1982-1984=100;https://fred.stlouisfed.org/graph/fredgraph.csv?id=CPIAUCSL;2026-10-08
1956-09-01;1956;9;27.350;CPIAUCSL;Consumer Price Index for All Urban Consumers: All Items in U.S. City Average;seasonally_adjusted;Index 1982-1984=100;https://fred.stlouisfed.org/graph/fredgraph.csv?id=CPIAUCSL;2026-10-08
1956-10-01;1956;10;27.510;CPIAUCSL;Consumer Price Index for All Urban Consumers: All Items in U.S. City Average;seasonally_adjusted;Index 1982-1984=100;https://fred.stlouisfed.org/graph/fredgraph.csv?id=CPIAUCSL;2026-10-08
1956-11-01;1956;11;27.510;CPIAUCSL;Consumer Price Index for All Urban Consumers: All Items in U.S. City Average;seasonally_adjusted;Index 1982-1984=100;https://fred.stlouisfed.org/graph/fredgraph.csv?id=CPIAUCSL;2026-10-08
1956-12-01;1956;12;27.630;CPIAUCSL;Consumer Price Index for All Urban Consumers: All Items in U.S. City Average;seasonally_adjusted;Index 1982-1984=100;https://fred.stlouisfed.org/graph/fredgraph.csv?id=CPIAUCSL;2026-10-08
1957-01-01;1957;1;27.670;CPIAUCSL;Consumer Price Index for All Urban Consumers: All Items in U.S. City Average;seasonally_adjusted;Index 1982-1984=100;https://fred.stlouisfed.org/graph/fredgraph.csv?id=CPIAUCSL;2026-10-08
1957-02-01;1957;2;27.800;CPIAUCSL;Consumer Price Index for All Urban Consumers: All Items in U.S. City Average;seasonally_adjusted;Index 1982-1984=100;https://fred.stlouisfed.org/graph/fredgraph.csv?id=CPIAUCSL;2026-10-08
1957-03-01;1957;3;27.860;CPIAUCSL;Consumer Price Index for All Urban Consumers: All Items in U.S. City Average;seasonally_adjusted;Index 1982-1984=100;https://fred.stlouisfed.org/graph/fredgraph.csv?id=CPIAUCSL;2026-10-08
1957-04-01;1957;4;27.930;CPIAUCSL;Consumer Price Index for All Urban Consumers: All Items in U.S. City Average;seasonally_adjusted;Index 1982-1984=100;https://fred.stlouisfed.org/graph/fredgraph.csv?id=CPIAUCSL;2026-10-08
1957-05-01;1957;5;28.000;CPIAUCSL;Consumer Price Index for All Urban Consumers: All Items in U.S. City Average;seasonally_adjusted;Index 1982-1984=100;https://fred.stlouisfed.org/graph/fredgraph.csv?id=CPIAUCSL;2026-10-08
1957-06-01;1957;6;28.110;CPIAUCSL;Consumer Price Index for All Urban Consumers: All Items in U.S. City Average;seasonally_adjusted;Index 1982-1984=100;https://fred.stlouisfed.org/graph/fredgraph.csv?id=CPIAUCSL;2026-10-08
1957-07-01;1957;7;28.190;CPIAUCSL;Consumer Price Index for All Urban Consumers: All Items in U.S. City Average;seasonally_adjusted;Index 1982-1984=100;https://fred.stlouisfed.org/graph/fredgraph.csv?id=CPIAUCSL;2026-10-08
1957-08-01;1957;8;28.280;CPIAUCSL;Consumer Price Index for All Urban Consumers: All Items in U.S. City Average;seasonally_adjusted;Index 1982-1984=100;https://fred.stlouisfed.org/graph/fredgraph.csv?id=CPIAUCSL;2026-10-08
1957-09-01;1957;9;28.320;CPIAUCSL;Consumer Price Index for All Urban Consumers: All Items in U.S. City Average;seasonally_adjusted;Index 1982-1984=100;https://fred.stlouisfed.org/graph/fredgraph.csv?id=CPIAUCSL;2026-10-08
1957-10-01;1957;10;28.320;CPIAUCSL;Consumer Price Index for All Urban Consumers: All Items in U.S. City Average;seasonally_adjusted;Index 1982-1984=100;https://fred.stlouisfed.org/graph/fredgraph.csv?id=CPIAUCSL;2026-10-08
1957-11-01;1957;11;28.410;CPIAUCSL;Consumer Price Index for All Urban Consumers: All Items in U.S. City Average;seasonally_adjusted;Index 1982-1984=100;https://fred.stlouisfed.org/graph/fredgraph.csv?id=CPIAUCSL;2026-10-08
1957-12-01;1957;12;28.470;CPIAUCSL;Consumer Price Index for All Urban Consumers: All Items in U.S. City Average;seasonally_adjusted;Index 1982-1984=100;https://fred.stlouisfed.org/graph/fredgraph.csv?id=CPIAUCSL;2026-10-08
1958-01-01;1958;1;28.640;CPIAUCSL;Consumer Price Index for All Urban Consumers: All Items in U.S. City Average;seasonally_adjusted;Index 1982-1984=100;https://fred.stlouisfed.org/graph/fredgraph.csv?id=CPIAUCSL;2026-10-08
1958-02-01;1958;2;28.700;CPIAUCSL;Consumer Price Index for All Urban Consumers: All Items in U.S. City Average;seasonally_adjusted;Index 1982-1984=100;https://fred.stlouisfed.org/graph/fredgraph.csv?id=CPIAUCSL;2026-10-08
1958-03-01;1958;3;28.870;CPIAUCSL;Consumer Price Index for All Urban Consumers: All Items in U.S. City Average;seasonally_adjusted;Index 1982-1984=100;https://fred.stlouisfed.org/graph/fredgraph.csv?id=CPIAUCSL;2026-10-08
1958-04-01;1958;4;28.940;CPIAUCSL;Consumer Price Index for All Urban Consumers: All Items in U.S. City Average;seasonally_adjusted;Index 1982-1984=100;https://fred.stlouisfed.org/graph/fredgraph.csv?id=CPIAUCSL;2026-10-08
1958-05-01;1958;5;28.940;CPIAUCSL;Consumer Price Index for All Urban Consumers: All Items in U.S. City Average;seasonally_adjusted;Index 1982-1984=100;https://fred.stlouisfed.org/graph/fredgraph.csv?id=CPIAUCSL;2026-10-08
1958-06-01;1958;6;28.910;CPIAUCSL;Consumer Price Index for All Urban Consumers: All Items in U.S. City Average;seasonally_adjusted;Index 1982-1984=100;https://fred.stlouisfed.org/graph/fredgraph.csv?id=CPIAUCSL;2026-10-08
1958-07-01;1958;7;28.890;CPIAUCSL;Consumer Price Index for All Urban Consumers: All Items in U.S. City Average;seasonally_adjusted;Index 1982-1984=100;https://fred.stlouisfed.org/graph/fredgraph.csv?id=CPIAUCSL;2026-10-08
1958-08-01;1958;8;28.940;CPIAUCSL;Consumer Price Index for All Urban Consumers: All Items in U.S. City Average;seasonally_adjusted;Index 1982-1984=100;https://fred.stlouisfed.org/graph/fredgraph.csv?id=CPIAUCSL;2026-10-08
1958-09-01;1958;9;28.910;CPIAUCSL;Consumer Price Index for All Urban Consumers: All Items in U.S. City Average;seasonally_adjusted;Index 1982-1984=100;https://fred.stlouisfed.org/graph/fredgraph.csv?id=CPIAUCSL;2026-10-08
1958-10-01;1958;10;28.910;CPIAUCSL;Consumer Price Index for All Urban Consumers: All Items in U.S. City Average;seasonally_adjusted;Index 1982-1984=100;https://fred.stlouisfed.org/graph/fredgraph.csv?id=CPIAUCSL;2026-10-08
1958-11-01;1958;11;28.950;CPIAUCSL;Consumer Price Index for All Urban Consumers: All Items in U.S. City Average;seasonally_adjusted;Index 1982-1984=100;https://fred.stlouisfed.org/graph/fredgraph.csv?id=CPIAUCSL;2026-10-08
1958-12-01;1958;12;28.970;CPIAUCSL;Consumer Price Index for All Urban Consumers: All Items in U.S. City Average;seasonally_adjusted;Index 1982-1984=100;https://fred.stlouisfed.org/graph/fredgraph.csv?id=CPIAUCSL;2026-10-08
1959-01-01;1959;1;29.010;CPIAUCSL;Consumer Price Index for All Urban Consumers: All Items in U.S. City Average;seasonally_adjusted;Index 1982-1984=100;https://fred.stlouisfed.org/graph/fredgraph.csv?id=CPIAUCSL;2026-10-08
1959-02-01;1959;2;29.000;CPIAUCSL;Consumer Price Index for All Urban Consumers: All Items in U.S. City Average;seasonally_adjusted;Index 1982-1984=100;https://fred.stlouisfed.org/graph/fredgraph.csv?id=CPIAUCSL;2026-10-08
1959-03-01;1959;3;28.970;CPIAUCSL;Consumer Price Index for All Urban Consumers: All Items in U.S. City Average;seasonally_adjusted;Index 1982-1984=100;https://fred.stlouisfed.org/graph/fredgraph.csv?id=CPIAUCSL;2026-10-08
1959-04-01;1959;4;28.980;CPIAUCSL;Consumer Price Index for All Urban Consumers: All Items in U.S. City Average;seasonally_adjusted;Index 1982-1984=100;https://fred.stlouisfed.org/graph/fredgraph.csv?id=CPIAUCSL;2026-10-08
1959-05-01;1959;5;29.040;CPIAUCSL;Consumer Price Index for All Urban Consumers: All Items in U.S. City Average;seasonally_adjusted;Index 1982-1984=100;https://fred.stlouisfed.org/graph/fredgraph.csv?id=CPIAUCSL;2026-10-08
1959-06-01;1959;6;29.110;CPIAUCSL;Consumer Price Index for All Urban Consumers: All Items in U.S. City Average;seasonally_adjusted;Index 1982-1984=100;https://fred.stlouisfed.org/graph/fredgraph.csv?id=CPIAUCSL;2026-10-08
1959-07-01;1959;7;29.150;CPIAUCSL;Consumer Price Index for All Urban Consumers: All Items in U.S. City Average;seasonally_adjusted;Index 1982-1984=100;https://fred.stlouisfed.org/graph/fredgraph.csv?id=CPIAUCSL;2026-10-08
1959-08-01;1959;8;29.180;CPIAUCSL;Consumer Price Index for All Urban Consumers: All Items in U.S. City Average;seasonally_adjusted;Index 1982-1984=100;https://fred.stlouisfed.org/graph/fredgraph.csv?id=CPIAUCSL;2026-10-08
1959-09-01;1959;9;29.250;CPIAUCSL;Consumer Price Index for All Urban Consumers: All Items in U.S. City Average;seasonally_adjusted;Index 1982-1984=100;https://fred.stlouisfed.org/graph/fredgraph.csv?id=CPIAUCSL;2026-10-08
1959-10-01;1959;10;29.350;CPIAUCSL;Consumer Price Index for All Urban Consumers: All Items in U.S. City Average;seasonally_adjusted;Index 1982-1984=100;https://fred.stlouisfed.org/graph/fredgraph.csv?id=CPIAUCSL;2026-10-08
1959-11-01;1959;11;29.350;CPIAUCSL;Consumer Price Index for All Urban Consumers: All Items in U.S. City Average;seasonally_adjusted;Index 1982-1984=100;https://fred.stlouisfed.org/graph/fredgraph.csv?id=CPIAUCSL;2026-10-08
1959-12-01;1959;12;29.410;CPIAUCSL;Consumer Price Index for All Urban Consumers: All Items in U.S. City Average;seasonally_adjusted;Index 1982-1984=100;https://fred.stlouisfed.org/graph/fredgraph.csv?id=CPIAUCSL;2026-10-08
1960-01-01;1960;1;29.370;CPIAUCSL;Consumer Price Index for All Urban Consumers: All Items in U.S. City Average;seasonally_adjusted;Index 1982-1984=100;https://fred.stlouisfed.org/graph/fredgraph.csv?id=CPIAUCSL;2026-10-08
1960-02-01;1960;2;29.410;CPIAUCSL;Consumer Price Index for All Urban Consumers: All Items in U.S. City Average;seasonally_adjusted;Index 1982-1984=100;https://fred.stlouisfed.org/graph/fredgraph.csv?id=CPIAUCSL;2026-10-08
1960-03-01;1960;3;29.410;CPIAUCSL;Consumer Price Index for All Urban Consumers: All Items in U.S. City Average;seasonally_adjusted;Index 1982-1984=100;https://fred.stlouisfed.org/graph/fredgraph.csv?id=CPIAUCSL;2026-10-08
1960-04-01;1960;4;29.540;CPIAUCSL;Consumer Price Index for All Urban Consumers: All Items in U.S. City Average;seasonally_adjusted;Index 1982-1984=100;https://fred.stlouisfed.org/graph/fredgraph.csv?id=CPIAUCSL;2026-10-08
1960-05-01;1960;5;29.570;CPIAUCSL;Consumer Price Index for All Urban Consumers: All Items in U.S. City Average;seasonally_adjusted;Index 1982-1984=100;https://fred.stlouisfed.org/graph/fredgraph.csv?id=CPIAUCSL;2026-10-08
1960-06-01;1960;6;29.610;CPIAUCSL;Consumer Price Index for All Urban Consumers: All Items in U.S. City Average;seasonally_adjusted;Index 1982-1984=100;https://fred.stlouisfed.org/graph/fredgraph.csv?id=CPIAUCSL;2026-10-08
1960-07-01;1960;7;29.550;CPIAUCSL;Consumer Price Index for All Urban Consumers: All Items in U.S. City Average;seasonally_adjusted;Index 1982-1984=100;https://fred.stlouisfed.org/graph/fredgraph.csv?id=CPIAUCSL;2026-10-08
1960-08-01;1960;8;29.610;CPIAUCSL;Consumer Price Index for All Urban Consumers: All Items in U.S. City Average;seasonally_adjusted;Index 1982-1984=100;https://fred.stlouisfed.org/graph/fredgraph.csv?id=CPIAUCSL;2026-10-08
1960-09-01;1960;9;29.610;CPIAUCSL;Consumer Price Index for All Urban Consumers: All Items in U.S. City Average;seasonally_adjusted;Index 1982-1984=100;https://fred.stlouisfed.org/graph/fredgraph.csv?id=CPIAUCSL;2026-10-08
1960-10-01;1960;10;29.750;CPIAUCSL;Consumer Price Index for All Urban Consumers: All Items in U.S. City Average;seasonally_adjusted;Index 1982-1984=100;https://fred.stlouisfed.org/graph/fredgraph.csv?id=CPIAUCSL;2026-10-08
1960-11-01;1960;11;29.780;CPIAUCSL;Consumer Price Index for All Urban Consumers: All Items in U.S. City Average;seasonally_adjusted;Index 1982-1984=100;https://fred.stlouisfed.org/graph/fredgraph.csv?id=CPIAUCSL;2026-10-08
1960-12-01;1960;12;29.810;CPIAUCSL;Consumer Price Index for All Urban Consumers: All Items in U.S. City Average;seasonally_adjusted;Index 1982-1984=100;https://fred.stlouisfed.org/graph/fredgraph.csv?id=CPIAUCSL;2026-10-08
1961-01-01;1961;1;29.840;CPIAUCSL;Consumer Price Index for All Urban Consumers: All Items in U.S. City Average;seasonally_adjusted;Index 1982-1984=100;https://fred.stlouisfed.org/graph/fredgraph.csv?id=CPIAUCSL;2026-10-08
1961-02-01;1961;2;29.840;CPIAUCSL;Consumer Price Index for All Urban Consumers: All Items in U.S. City Average;seasonally_adjusted;Index 1982-1984=100;https://fred.stlouisfed.org/graph/fredgraph.csv?id=CPIAUCSL;2026-10-08
1961-03-01;1961;3;29.840;CPIAUCSL;Consumer Price Index for All Urban Consumers: All Items in U.S. City Average;seasonally_adjusted;Index 1982-1984=100;https://fred.stlouisfed.org/graph/fredgraph.csv?id=CPIAUCSL;2026-10-08
1961-04-01;1961;4;29.810;CPIAUCSL;Consumer Price Index for All Urban Consumers: All Items in U.S. City Average;seasonally_adjusted;Index 1982-1984=100;https://fred.stlouisfed.org/graph/fredgraph.csv?id=CPIAUCSL;2026-10-08
1961-05-01;1961;5;29.840;CPIAUCSL;Consumer Price Index for All Urban Consumers: All Items in U.S. City Average;seasonally_adjusted;Index 1982-1984=100;https://fred.stlouisfed.org/graph/fredgraph.csv?id=CPIAUCSL;2026-10-08
1961-06-01;1961;6;29.840;CPIAUCSL;Consumer Price Index for All Urban Consumers: All Items in U.S. City Average;seasonally_adjusted;Index 1982-1984=100;https://fred.stlouisfed.org/graph/fredgraph.csv?id=CPIAUCSL;2026-10-08
1961-07-01;1961;7;29.920;CPIAUCSL;Consumer Price Index for All Urban Consumers: All Items in U.S. City Average;seasonally_adjusted;Index 1982-1984=100;https://fred.stlouisfed.org/graph/fredgraph.csv?id=CPIAUCSL;2026-10-08
1961-08-01;1961;8;29.940;CPIAUCSL;Consumer Price Index for All Urban Consumers: All Items in U.S. City Average;seasonally_adjusted;Index 1982-1984=100;https://fred.stlouisfed.org/graph/fredgraph.csv?id=CPIAUCSL;2026-10-08
1961-09-01;1961;9;29.980;CPIAUCSL;Consumer Price Index for All Urban Consumers: All Items in U.S. City Average;seasonally_adjusted;Index 1982-1984=100;https://fred.stlouisfed.org/graph/fredgraph.csv?id=CPIAUCSL;2026-10-08
1961-10-01;1961;10;29.980;CPIAUCSL;Consumer Price Index for All Urban Consumers: All Items in U.S. City Average;seasonally_adjusted;Index 1982-1984=100;https://fred.stlouisfed.org/graph/fredgraph.csv?id=CPIAUCSL;2026-10-08
1961-11-01;1961;11;29.980;CPIAUCSL;Consumer Price Index for All Urban Consumers: All Items in U.S. City Average;seasonally_adjusted;Index 1982-1984=100;https://fred.stlouisfed.org/graph/fredgraph.csv?id=CPIAUCSL;2026-10-08
1961-12-01;1961;12;30.010;CPIAUCSL;Consumer Price Index for All Urban Consumers: All Items in U.S. City Average;seasonally_adjusted;Index 1982-1984=100;https://fred.stlouisfed.org/graph/fredgraph.csv?id=CPIAUCSL;2026-10-08
1962-01-01;1962;1;30.040;CPIAUCSL;Consumer Price Index for All Urban Consumers: All Items in U.S. City Average;seasonally_adjusted;Index 1982-1984=100;https://fred.stlouisfed.org/graph/fredgraph.csv?id=CPIAUCSL;2026-10-08
1962-02-01;1962;2;30.110;CPIAUCSL;Consumer Price Index for All Urban Consumers: All Items in U.S. City Average;seasonally_adjusted;Index 1982-1984=100;https://fred.stlouisfed.org/graph/fredgraph.csv?id=CPIAUCSL;2026-10-08
1962-03-01;1962;3;30.170;CPIAUCSL;Consumer Price Index for All Urban Consumers: All Items in U.S. City Average;seasonally_adjusted;Index 1982-1984=100;https://fred.stlouisfed.org/graph/fredgraph.csv?id=CPIAUCSL;2026-10-08
1962-04-01;1962;4;30.210;CPIAUCSL;Consumer Price Index for All Urban Consumers: All Items in U.S. City Average;seasonally_adjusted;Index 1982-1984=100;https://fred.stlouisfed.org/graph/fredgraph.csv?id=CPIAUCSL;2026-10-08
1962-05-01;1962;5;30.240;CPIAUCSL;Consumer Price Index for All Urban Consumers: All Items in U.S. City Average;seasonally_adjusted;Index 1982-1984=100;https://fred.stlouisfed.org/graph/fredgraph.csv?id=CPIAUCSL;2026-10-08
1962-06-01;1962;6;30.210;CPIAUCSL;Consumer Price Index for All Urban Consumers: All Items in U.S. City Average;seasonally_adjusted;Index 1982-1984=100;https://fred.stlouisfed.org/graph/fredgraph.csv?id=CPIAUCSL;2026-10-08
1962-07-01;1962;7;30.220;CPIAUCSL;Consumer Price Index for All Urban Consumers: All Items in U.S. City Average;seasonally_adjusted;Index 1982-1984=100;https://fred.stlouisfed.org/graph/fredgraph.csv?id=CPIAUCSL;2026-10-08
1962-08-01;1962;8;30.280;CPIAUCSL;Consumer Price Index for All Urban Consumers: All Items in U.S. City Average;seasonally_adjusted;Index 1982-1984=100;https://fred.stlouisfed.org/graph/fredgraph.csv?id=CPIAUCSL;2026-10-08
1962-09-01;1962;9;30.420;CPIAUCSL;Consumer Price Index for All Urban Consumers: All Items in U.S. City Average;seasonally_adjusted;Index 1982-1984=100;https://fred.stlouisfed.org/graph/fredgraph.csv?id=CPIAUCSL;2026-10-08
1962-10-01;1962;10;30.380;CPIAUCSL;Consumer Price Index for All Urban Consumers: All Items in U.S. City Average;seasonally_adjusted;Index 1982-1984=100;https://fred.stlouisfed.org/graph/fredgraph.csv?id=CPIAUCSL;2026-10-08
1962-11-01;1962;11;30.380;CPIAUCSL;Consumer Price Index for All Urban Consumers: All Items in U.S. City Average;seasonally_adjusted;Index 1982-1984=100;https://fred.stlouisfed.org/graph/fredgraph.csv?id=CPIAUCSL;2026-10-08
1962-12-01;1962;12;30.380;CPIAUCSL;Consumer Price Index for All Urban Consumers: All Items in U.S. City Average;seasonally_adjusted;Index 1982-1984=100;https://fred.stlouisfed.org/graph/fredgraph.csv?id=CPIAUCSL;2026-10-08
1963-01-01;1963;1;30.440;CPIAUCSL;Consumer Price Index for All Urban Consumers: All Items in U.S. City Average;seasonally_adjusted;Index 1982-1984=100;https://fred.stlouisfed.org/graph/fredgraph.csv?id=CPIAUCSL;2026-10-08
1963-02-01;1963;2;30.480;CPIAUCSL;Consumer Price Index for All Urban Consumers: All Items in U.S. City Average;seasonally_adjusted;Index 1982-1984=100;https://fred.stlouisfed.org/graph/fredgraph.csv?id=CPIAUCSL;2026-10-08
1963-03-01;1963;3;30.510;CPIAUCSL;Consumer Price Index for All Urban Consumers: All Items in U.S. City Average;seasonally_adjusted;Index 1982-1984=100;https://fred.stlouisfed.org/graph/fredgraph.csv?id=CPIAUCSL;2026-10-08
1963-04-01;1963;4;30.480;CPIAUCSL;Consumer Price Index for All Urban Consumers: All Items in U.S. City Average;seasonally_adjusted;Index 1982-1984=100;https://fred.stlouisfed.org/graph/fredgraph.csv?id=CPIAUCSL;2026-10-08
1963-05-01;1963;5;30.510;CPIAUCSL;Consumer Price Index for All Urban Consumers: All Items in U.S. City Average;seasonally_adjusted;Index 1982-1984=100;https://fred.stlouisfed.org/graph/fredgraph.csv?id=CPIAUCSL;2026-10-08
1963-06-01;1963;6;30.610;CPIAUCSL;Consumer Price Index for All Urban Consumers: All Items in U.S. City Average;seasonally_adjusted;Index 1982-1984=100;https://fred.stlouisfed.org/graph/fredgraph.csv?id=CPIAUCSL;2026-10-08
1963-07-01;1963;7;30.690;CPIAUCSL;Consumer Price Index for All Urban Consumers: All Items in U.S. City Average;seasonally_adjusted;Index 1982-1984=100;https://fred.stlouisfed.org/graph/fredgraph.csv?id=CPIAUCSL;2026-10-08
1963-08-01;1963;8;30.750;CPIAUCSL;Consumer Price Index for All Urban Consumers: All Items in U.S. City Average;seasonally_adjusted;Index 1982-1984=100;https://fred.stlouisfed.org/graph/fredgraph.csv?id=CPIAUCSL;2026-10-08
1963-09-01;1963;9;30.720;CPIAUCSL;Consumer Price Index for All Urban Consumers: All Items in U.S. City Average;seasonally_adjusted;Index 1982-1984=100;https://fred.stlouisfed.org/graph/fredgraph.csv?id=CPIAUCSL;2026-10-08
1963-10-01;1963;10;30.750;CPIAUCSL;Consumer Price Index for All Urban Consumers: All Items in U.S. City Average;seasonally_adjusted;Index 1982-1984=100;https://fred.stlouisfed.org/graph/fredgraph.csv?id=CPIAUCSL;2026-10-08
1963-11-01;1963;11;30.780;CPIAUCSL;Consumer Price Index for All Urban Consumers: All Items in U.S. City Average;seasonally_adjusted;Index 1982-1984=100;https://fred.stlouisfed.org/graph/fredgraph.csv?id=CPIAUCSL;2026-10-08
1963-12-01;1963;12;30.880;CPIAUCSL;Consumer Price Index for All Urban Consumers: All Items in U.S. City Average;seasonally_adjusted;Index 1982-1984=100;https://fred.stlouisfed.org/graph/fredgraph.csv?id=CPIAUCSL;2026-10-08
1964-01-01;1964;1;30.940;CPIAUCSL;Consumer Price Index for All Urban Consumers: All Items in U.S. City Average;seasonally_adjusted;Index 1982-1984=100;https://fred.stlouisfed.org/graph/fredgraph.csv?id=CPIAUCSL;2026-10-08
1964-02-01;1964;2;30.910;CPIAUCSL;Consumer Price Index for All Urban Consumers: All Items in U.S. City Average;seasonally_adjusted;Index 1982-1984=100;https://fred.stlouisfed.org/graph/fredgraph.csv?id=CPIAUCSL;2026-10-08
1964-03-01;1964;3;30.940;CPIAUCSL;Consumer Price Index for All Urban Consumers: All Items in U.S. City Average;seasonally_adjusted;Index 1982-1984=100;https://fred.stlouisfed.org/graph/fredgraph.csv?id=CPIAUCSL;2026-10-08
1964-04-01;1964;4;30.950;CPIAUCSL;Consumer Price Index for All Urban Consumers: All Items in U.S. City Average;seasonally_adjusted;Index 1982-1984=100;https://fred.stlouisfed.org/graph/fredgraph.csv?id=CPIAUCSL;2026-10-08
1964-05-01;1964;5;30.980;CPIAUCSL;Consumer Price Index for All Urban Consumers: All Items in U.S. City Average;seasonally_adjusted;Index 1982-1984=100;https://fred.stlouisfed.org/graph/fredgraph.csv?id=CPIAUCSL;2026-10-08
1964-06-01;1964;6;31.010;CPIAUCSL;Consumer Price Index for All Urban Consumers: All Items in U.S. City Average;seasonally_adjusted;Index 1982-1984=100;https://fred.stlouisfed.org/graph/fredgraph.csv?id=CPIAUCSL;2026-10-08
1964-07-01;1964;7;31.020;CPIAUCSL;Consumer Price Index for All Urban Consumers: All Items in U.S. City Average;seasonally_adjusted;Index 1982-1984=100;https://fred.stlouisfed.org/graph/fredgraph.csv?id=CPIAUCSL;2026-10-08
1964-08-01;1964;8;31.050;CPIAUCSL;Consumer Price Index for All Urban Consumers: All Items in U.S. City Average;seasonally_adjusted;Index 1982-1984=100;https://fred.stlouisfed.org/graph/fredgraph.csv?id=CPIAUCSL;2026-10-08
1964-09-01;1964;9;31.080;CPIAUCSL;Consumer Price Index for All Urban Consumers: All Items in U.S. City Average;seasonally_adjusted;Index 1982-1984=100;https://fred.stlouisfed.org/graph/fredgraph.csv?id=CPIAUCSL;2026-10-08
1964-10-01;1964;10;31.120;CPIAUCSL;Consumer Price Index for All Urban Consumers: All Items in U.S. City Average;seasonally_adjusted;Index 1982-1984=100;https://fred.stlouisfed.org/graph/fredgraph.csv?id=CPIAUCSL;2026-10-08
1964-11-01;1964;11;31.210;CPIAUCSL;Consumer Price Index for All Urban Consumers: All Items in U.S. City Average;seasonally_adjusted;Index 1982-1984=100;https://fred.stlouisfed.org/graph/fredgraph.csv?id=CPIAUCSL;2026-10-08
1964-12-01;1964;12;31.250;CPIAUCSL;Consumer Price Index for All Urban Consumers: All Items in U.S. City Average;seasonally_adjusted;Index 1982-1984=100;https://fred.stlouisfed.org/graph/fredgraph.csv?id=CPIAUCSL;2026-10-08
1965-01-01;1965;1;31.280;CPIAUCSL;Consumer Price Index for All Urban Consumers: All Items in U.S. City Average;seasonally_adjusted;Index 1982-1984=100;https://fred.stlouisfed.org/graph/fredgraph.csv?id=CPIAUCSL;2026-10-08
1965-02-01;1965;2;31.280;CPIAUCSL;Consumer Price Index for All Urban Consumers: All Items in U.S. City Average;seasonally_adjusted;Index 1982-1984=100;https://fred.stlouisfed.org/graph/fredgraph.csv?id=CPIAUCSL;2026-10-08
1965-03-01;1965;3;31.310;CPIAUCSL;Consumer Price Index for All Urban Consumers: All Items in U.S. City Average;seasonally_adjusted;Index 1982-1984=100;https://fred.stlouisfed.org/graph/fredgraph.csv?id=CPIAUCSL;2026-10-08
1965-04-01;1965;4;31.380;CPIAUCSL;Consumer Price Index for All Urban Consumers: All Items in U.S. City Average;seasonally_adjusted;Index 1982-1984=100;https://fred.stlouisfed.org/graph/fredgraph.csv?id=CPIAUCSL;2026-10-08
1965-05-01;1965;5;31.480;CPIAUCSL;Consumer Price Index for All Urban Consumers: All Items in U.S. City Average;seasonally_adjusted;Index 1982-1984=100;https://fred.stlouisfed.org/graph/fredgraph.csv?id=CPIAUCSL;2026-10-08
1965-06-01;1965;6;31.610;CPIAUCSL;Consumer Price Index for All Urban Consumers: All Items in U.S. City Average;seasonally_adjusted;Index 1982-1984=100;https://fred.stlouisfed.org/graph/fredgraph.csv?id=CPIAUCSL;2026-10-08
1965-07-01;1965;7;31.580;CPIAUCSL;Consumer Price Index for All Urban Consumers: All Items in U.S. City Average;seasonally_adjusted;Index 1982-1984=100;https://fred.stlouisfed.org/graph/fredgraph.csv?id=CPIAUCSL;2026-10-08
1965-08-01;1965;8;31.550;CPIAUCSL;Consumer Price Index for All Urban Consumers: All Items in U.S. City Average;seasonally_adjusted;Index 1982-1984=100;https://fred.stlouisfed.org/graph/fredgraph.csv?id=CPIAUCSL;2026-10-08
1965-09-01;1965;9;31.620;CPIAUCSL;Consumer Price Index for All Urban Consumers: All Items in U.S. City Average;seasonally_adjusted;Index 1982-1984=100;https://fred.stlouisfed.org/graph/fredgraph.csv?id=CPIAUCSL;2026-10-08
1965-10-01;1965;10;31.650;CPIAUCSL;Consumer Price Index for All Urban Consumers: All Items in U.S. City Average;seasonally_adjusted;Index 1982-1984=100;https://fred.stlouisfed.org/graph/fredgraph.csv?id=CPIAUCSL;2026-10-08
1965-11-01;1965;11;31.750;CPIAUCSL;Consumer Price Index for All Urban Consumers: All Items in U.S. City Average;seasonally_adjusted;Index 1982-1984=100;https://fred.stlouisfed.org/graph/fredgraph.csv?id=CPIAUCSL;2026-10-08
1965-12-01;1965;12;31.850;CPIAUCSL;Consumer Price Index for All Urban Consumers: All Items in U.S. City Average;seasonally_adjusted;Index 1982-1984=100;https://fred.stlouisfed.org/graph/fredgraph.csv?id=CPIAUCSL;2026-10-08
1966-01-01;1966;1;31.880;CPIAUCSL;Consumer Price Index for All Urban Consumers: All Items in U.S. City Average;seasonally_adjusted;Index 1982-1984=100;https://fred.stlouisfed.org/graph/fredgraph.csv?id=CPIAUCSL;2026-10-08
1966-02-01;1966;2;32.080;CPIAUCSL;Consumer Price Index for All Urban Consumers: All Items in U.S. City Average;seasonally_adjusted;Index 1982-1984=100;https://fred.stlouisfed.org/graph/fredgraph.csv?id=CPIAUCSL;2026-10-08
1966-03-01;1966;3;32.180;CPIAUCSL;Consumer Price Index for All Urban Consumers: All Items in U.S. City Average;seasonally_adjusted;Index 1982-1984=100;https://fred.stlouisfed.org/graph/fredgraph.csv?id=CPIAUCSL;2026-10-08
1966-04-01;1966;4;32.280;CPIAUCSL;Consumer Price Index for All Urban Consumers: All Items in U.S. City Average;seasonally_adjusted;Index 1982-1984=100;https://fred.stlouisfed.org/graph/fredgraph.csv?id=CPIAUCSL;2026-10-08
1966-05-01;1966;5;32.350;CPIAUCSL;Consumer Price Index for All Urban Consumers: All Items in U.S. City Average;seasonally_adjusted;Index 1982-1984=100;https://fred.stlouisfed.org/graph/fredgraph.csv?id=CPIAUCSL;2026-10-08
1966-06-01;1966;6;32.380;CPIAUCSL;Consumer Price Index for All Urban Consumers: All Items in U.S. City Average;seasonally_adjusted;Index 1982-1984=100;https://fred.stlouisfed.org/graph/fredgraph.csv?id=CPIAUCSL;2026-10-08
1966-07-01;1966;7;32.450;CPIAUCSL;Consumer Price Index for All Urban Consumers: All Items in U.S. City Average;seasonally_adjusted;Index 1982-1984=100;https://fred.stlouisfed.org/graph/fredgraph.csv?id=CPIAUCSL;2026-10-08
1966-08-01;1966;8;32.650;CPIAUCSL;Consumer Price Index for All Urban Consumers: All Items in U.S. City Average;seasonally_adjusted;Index 1982-1984=100;https://fred.stlouisfed.org/graph/fredgraph.csv?id=CPIAUCSL;2026-10-08
1966-09-01;1966;9;32.750;CPIAUCSL;Consumer Price Index for All Urban Consumers: All Items in U.S. City Average;seasonally_adjusted;Index 1982-1984=100;https://fred.stlouisfed.org/graph/fredgraph.csv?id=CPIAUCSL;2026-10-08
1966-10-01;1966;10;32.850;CPIAUCSL;Consumer Price Index for All Urban Consumers: All Items in U.S. City Average;seasonally_adjusted;Index 1982-1984=100;https://fred.stlouisfed.org/graph/fredgraph.csv?id=CPIAUCSL;2026-10-08
1966-11-01;1966;11;32.880;CPIAUCSL;Consumer Price Index for All Urban Consumers: All Items in U.S. City Average;seasonally_adjusted;Index 1982-1984=100;https://fred.stlouisfed.org/graph/fredgraph.csv?id=CPIAUCSL;2026-10-08
1966-12-01;1966;12;32.920;CPIAUCSL;Consumer Price Index for All Urban Consumers: All Items in U.S. City Average;seasonally_adjusted;Index 1982-1984=100;https://fred.stlouisfed.org/graph/fredgraph.csv?id=CPIAUCSL;2026-10-08
1967-01-01;1967;1;32.900;CPIAUCSL;Consumer Price Index for All Urban Consumers: All Items in U.S. City Average;seasonally_adjusted;Index 1982-1984=100;https://fred.stlouisfed.org/graph/fredgraph.csv?id=CPIAUCSL;2026-10-08
1967-02-01;1967;2;33.000;CPIAUCSL;Consumer Price Index for All Urban Consumers: All Items in U.S. City Average;seasonally_adjusted;Index 1982-1984=100;https://fred.stlouisfed.org/graph/fredgraph.csv?id=CPIAUCSL;2026-10-08
1967-03-01;1967;3;33.000;CPIAUCSL;Consumer Price Index for All Urban Consumers: All Items in U.S. City Average;seasonally_adjusted;Index 1982-1984=100;https://fred.stlouisfed.org/graph/fredgraph.csv?id=CPIAUCSL;2026-10-08
1967-04-01;1967;4;33.100;CPIAUCSL;Consumer Price Index for All Urban Consumers: All Items in U.S. City Average;seasonally_adjusted;Index 1982-1984=100;https://fred.stlouisfed.org/graph/fredgraph.csv?id=CPIAUCSL;2026-10-08
1967-05-01;1967;5;33.100;CPIAUCSL;Consumer Price Index for All Urban Consumers: All Items in U.S. City Average;seasonally_adjusted;Index 1982-1984=100;https://fred.stlouisfed.org/graph/fredgraph.csv?id=CPIAUCSL;2026-10-08
1967-06-01;1967;6;33.300;CPIAUCSL;Consumer Price Index for All Urban Consumers: All Items in U.S. City Average;seasonally_adjusted;Index 1982-1984=100;https://fred.stlouisfed.org/graph/fredgraph.csv?id=CPIAUCSL;2026-10-08
1967-07-01;1967;7;33.400;CPIAUCSL;Consumer Price Index for All Urban Consumers: All Items in U.S. City Average;seasonally_adjusted;Index 1982-1984=100;https://fred.stlouisfed.org/graph/fredgraph.csv?id=CPIAUCSL;2026-10-08
1967-08-01;1967;8;33.500;CPIAUCSL;Consumer Price Index for All Urban Consumers: All Items in U.S. City Average;seasonally_adjusted;Index 1982-1984=100;https://fred.stlouisfed.org/graph/fredgraph.csv?id=CPIAUCSL;2026-10-08
1967-09-01;1967;9;33.600;CPIAUCSL;Consumer Price Index for All Urban Consumers: All Items in U.S. City Average;seasonally_adjusted;Index 1982-1984=100;https://fred.stlouisfed.org/graph/fredgraph.csv?id=CPIAUCSL;2026-10-08
1967-10-01;1967;10;33.700;CPIAUCSL;Consumer Price Index for All Urban Consumers: All Items in U.S. City Average;seasonally_adjusted;Index 1982-1984=100;https://fred.stlouisfed.org/graph/fredgraph.csv?id=CPIAUCSL;2026-10-08
1967-11-01;1967;11;33.900;CPIAUCSL;Consumer Price Index for All Urban Consumers: All Items in U.S. City Average;seasonally_adjusted;Index 1982-1984=100;https://fred.stlouisfed.org/graph/fredgraph.csv?id=CPIAUCSL;2026-10-08
1967-12-01;1967;12;34.000;CPIAUCSL;Consumer Price Index for All Urban Consumers: All Items in U.S. City Average;seasonally_adjusted;Index 1982-1984=100;https://fred.stlouisfed.org/graph/fredgraph.csv?id=CPIAUCSL;2026-10-08
1968-01-01;1968;1;34.100;CPIAUCSL;Consumer Price Index for All Urban Consumers: All Items in U.S. City Average;seasonally_adjusted;Index 1982-1984=100;https://fred.stlouisfed.org/graph/fredgraph.csv?id=CPIAUCSL;2026-10-08
1968-02-01;1968;2;34.200;CPIAUCSL;Consumer Price Index for All Urban Consumers: All Items in U.S. City Average;seasonally_adjusted;Index 1982-1984=100;https://fred.stlouisfed.org/graph/fredgraph.csv?id=CPIAUCSL;2026-10-08
1968-03-01;1968;3;34.300;CPIAUCSL;Consumer Price Index for All Urban Consumers: All Items in U.S. City Average;seasonally_adjusted;Index 1982-1984=100;https://fred.stlouisfed.org/graph/fredgraph.csv?id=CPIAUCSL;2026-10-08
1968-04-01;1968;4;34.400;CPIAUCSL;Consumer Price Index for All Urban Consumers: All Items in U.S. City Average;seasonally_adjusted;Index 1982-1984=100;https://fred.stlouisfed.org/graph/fredgraph.csv?id=CPIAUCSL;2026-10-08
1968-05-01;1968;5;34.500;CPIAUCSL;Consumer Price Index for All Urban Consumers: All Items in U.S. City Average;seasonally_adjusted;Index 1982-1984=100;https://fred.stlouisfed.org/graph/fredgraph.csv?id=CPIAUCSL;2026-10-08
1968-06-01;1968;6;34.700;CPIAUCSL;Consumer Price Index for All Urban Consumers: All Items in U.S. City Average;seasonally_adjusted;Index 1982-1984=100;https://fred.stlouisfed.org/graph/fredgraph.csv?id=CPIAUCSL;2026-10-08
1968-07-01;1968;7;34.900;CPIAUCSL;Consumer Price Index for All Urban Consumers: All Items in U.S. City Average;seasonally_adjusted;Index 1982-1984=100;https://fred.stlouisfed.org/graph/fredgraph.csv?id=CPIAUCSL;2026-10-08
1968-08-01;1968;8;35.000;CPIAUCSL;Consumer Price Index for All Urban Consumers: All Items in U.S. City Average;seasonally_adjusted;Index 1982-1984=100;https://fred.stlouisfed.org/graph/fredgraph.csv?id=CPIAUCSL;2026-10-08
1968-09-01;1968;9;35.100;CPIAUCSL;Consumer Price Index for All Urban Consumers: All Items in U.S. City Average;seasonally_adjusted;Index 1982-1984=100;https://fred.stlouisfed.org/graph/fredgraph.csv?id=CPIAUCSL;2026-10-08
1968-10-01;1968;10;35.300;CPIAUCSL;Consumer Price Index for All Urban Consumers: All Items in U.S. City Average;seasonally_adjusted;Index 1982-1984=100;https://fred.stlouisfed.org/graph/fredgraph.csv?id=CPIAUCSL;2026-10-08
1968-11-01;1968;11;35.400;CPIAUCSL;Consumer Price Index for All Urban Consumers: All Items in U.S. City Average;seasonally_adjusted;Index 1982-1984=100;https://fred.stlouisfed.org/graph/fredgraph.csv?id=CPIAUCSL;2026-10-08
1968-12-01;1968;12;35.600;CPIAUCSL;Consumer Price Index for All Urban Consumers: All Items in U.S. City Average;seasonally_adjusted;Index 1982-1984=100;https://fred.stlouisfed.org/graph/fredgraph.csv?id=CPIAUCSL;2026-10-08
1969-01-01;1969;1;35.700;CPIAUCSL;Consumer Price Index for All Urban Consumers: All Items in U.S. City Average;seasonally_adjusted;Index 1982-1984=100;https://fred.stlouisfed.org/graph/fredgraph.csv?id=CPIAUCSL;2026-10-08
1969-02-01;1969;2;35.800;CPIAUCSL;Consumer Price Index for All Urban Consumers: All Items in U.S. City Average;seasonally_adjusted;Index 1982-1984=100;https://fred.stlouisfed.org/graph/fredgraph.csv?id=CPIAUCSL;2026-10-08
1969-03-01;1969;3;36.100;CPIAUCSL;Consumer Price Index for All Urban Consumers: All Items in U.S. City Average;seasonally_adjusted;Index 1982-1984=100;https://fred.stlouisfed.org/graph/fredgraph.csv?id=CPIAUCSL;2026-10-08
1969-04-01;1969;4;36.300;CPIAUCSL;Consumer Price Index for All Urban Consumers: All Items in U.S. City Average;seasonally_adjusted;Index 1982-1984=100;https://fred.stlouisfed.org/graph/fredgraph.csv?id=CPIAUCSL;2026-10-08
1969-05-01;1969;5;36.400;CPIAUCSL;Consumer Price Index for All Urban Consumers: All Items in U.S. City Average;seasonally_adjusted;Index 1982-1984=100;https://fred.stlouisfed.org/graph/fredgraph.csv?id=CPIAUCSL;2026-10-08
1969-06-01;1969;6;36.600;CPIAUCSL;Consumer Price Index for All Urban Consumers: All Items in U.S. City Average;seasonally_adjusted;Index 1982-1984=100;https://fred.stlouisfed.org/graph/fredgraph.csv?id=CPIAUCSL;2026-10-08
1969-07-01;1969;7;36.800;CPIAUCSL;Consumer Price Index for All Urban Consumers: All Items in U.S. City Average;seasonally_adjusted;Index 1982-1984=100;https://fred.stlouisfed.org/graph/fredgraph.csv?id=CPIAUCSL;2026-10-08
1969-08-01;1969;8;36.900;CPIAUCSL;Consumer Price Index for All Urban Consumers: All Items in U.S. City Average;seasonally_adjusted;Index 1982-1984=100;https://fred.stlouisfed.org/graph/fredgraph.csv?id=CPIAUCSL;2026-10-08
1969-09-01;1969;9;37.100;CPIAUCSL;Consumer Price Index for All Urban Consumers: All Items in U.S. City Average;seasonally_adjusted;Index 1982-1984=100;https://fred.stlouisfed.org/graph/fredgraph.csv?id=CPIAUCSL;2026-10-08
1969-10-01;1969;10;37.300;CPIAUCSL;Consumer Price Index for All Urban Consumers: All Items in U.S. City Average;seasonally_adjusted;Index 1982-1984=100;https://fred.stlouisfed.org/graph/fredgraph.csv?id=CPIAUCSL;2026-10-08
1969-11-01;1969;11;37.500;CPIAUCSL;Consumer Price Index for All Urban Consumers: All Items in U.S. City Average;seasonally_adjusted;Index 1982-1984=100;https://fred.stlouisfed.org/graph/fredgraph.csv?id=CPIAUCSL;2026-10-08
1969-12-01;1969;12;37.700;CPIAUCSL;Consumer Price Index for All Urban Consumers: All Items in U.S. City Average;seasonally_adjusted;Index 1982-1984=100;https://fred.stlouisfed.org/graph/fredgraph.csv?id=CPIAUCSL;2026-10-08
1970-01-01;1970;1;37.900;CPIAUCSL;Consumer Price Index for All Urban Consumers: All Items in U.S. City Average;seasonally_adjusted;Index 1982-1984=100;https://fred.stlouisfed.org/graph/fredgraph.csv?id=CPIAUCSL;2026-10-08
1970-02-01;1970;2;38.100;CPIAUCSL;Consumer Price Index for All Urban Consumers: All Items in U.S. City Average;seasonally_adjusted;Index 1982-1984=100;https://fred.stlouisfed.org/graph/fredgraph.csv?id=CPIAUCSL;2026-10-08
1970-03-01;1970;3;38.300;CPIAUCSL;Consumer Price Index for All Urban Consumers: All Items in U.S. City Average;seasonally_adjusted;Index 1982-1984=100;https://fred.stlouisfed.org/graph/fredgraph.csv?id=CPIAUCSL;2026-10-08
1970-04-01;1970;4;38.500;CPIAUCSL;Consumer Price Index for All Urban Consumers: All Items in U.S. City Average;seasonally_adjusted;Index 1982-1984=100;https://fred.stlouisfed.org/graph/fredgraph.csv?id=CPIAUCSL;2026-10-08
1970-05-01;1970;5;38.600;CPIAUCSL;Consumer Price Index for All Urban Consumers: All Items in U.S. City Average;seasonally_adjusted;Index 1982-1984=100;https://fred.stlouisfed.org/graph/fredgraph.csv?id=CPIAUCSL;2026-10-08
1970-06-01;1970;6;38.800;CPIAUCSL;Consumer Price Index for All Urban Consumers: All Items in U.S. City Average;seasonally_adjusted;Index 1982-1984=100;https://fred.stlouisfed.org/graph/fredgraph.csv?id=CPIAUCSL;2026-10-08
1970-07-01;1970;7;38.900;CPIAUCSL;Consumer Price Index for All Urban Consumers: All Items in U.S. City Average;seasonally_adjusted;Index 1982-1984=100;https://fred.stlouisfed.org/graph/fredgraph.csv?id=CPIAUCSL;2026-10-08
1970-08-01;1970;8;39.000;CPIAUCSL;Consumer Price Index for All Urban Consumers: All Items in U.S. City Average;seasonally_adjusted;Index 1982-1984=100;https://fred.stlouisfed.org/graph/fredgraph.csv?id=CPIAUCSL;2026-10-08
1970-09-01;1970;9;39.200;CPIAUCSL;Consumer Price Index for All Urban Consumers: All Items in U.S. City Average;seasonally_adjusted;Index 1982-1984=100;https://fred.stlouisfed.org/graph/fredgraph.csv?id=CPIAUCSL;2026-10-08
1970-10-01;1970;10;39.400;CPIAUCSL;Consumer Price Index for All Urban Consumers: All Items in U.S. City Average;seasonally_adjusted;Index 1982-1984=100;https://fred.stlouisfed.org/graph/fredgraph.csv?id=CPIAUCSL;2026-10-08
1970-11-01;1970;11;39.600;CPIAUCSL;Consumer Price Index for All Urban Consumers: All Items in U.S. City Average;seasonally_adjusted;Index 1982-1984=100;https://fred.stlouisfed.org/graph/fredgraph.csv?id=CPIAUCSL;2026-10-08
1970-12-01;1970;12;39.800;CPIAUCSL;Consumer Price Index for All Urban Consumers: All Items in U.S. City Average;seasonally_adjusted;Index 1982-1984=100;https://fred.stlouisfed.org/graph/fredgraph.csv?id=CPIAUCSL;2026-10-08
1971-01-01;1971;1;39.900;CPIAUCSL;Consumer Price Index for All Urban Consumers: All Items in U.S. City Average;seasonally_adjusted;Index 1982-1984=100;https://fred.stlouisfed.org/graph/fredgraph.csv?id=CPIAUCSL;2026-10-08
1971-02-01;1971;2;39.900;CPIAUCSL;Consumer Price Index for All Urban Consumers: All Items in U.S. City Average;seasonally_adjusted;Index 1982-1984=100;https://fred.stlouisfed.org/graph/fredgraph.csv?id=CPIAUCSL;2026-10-08
1971-03-01;1971;3;40.000;CPIAUCSL;Consumer Price Index for All Urban Consumers: All Items in U.S. City Average;seasonally_adjusted;Index 1982-1984=100;https://fred.stlouisfed.org/graph/fredgraph.csv?id=CPIAUCSL;2026-10-08
1971-04-01;1971;4;40.100;CPIAUCSL;Consumer Price Index for All Urban Consumers: All Items in U.S. City Average;seasonally_adjusted;Index 1982-1984=100;https://fred.stlouisfed.org/graph/fredgraph.csv?id=CPIAUCSL;2026-10-08
1971-05-01;1971;5;40.300;CPIAUCSL;Consumer Price Index for All Urban Consumers: All Items in U.S. City Average;seasonally_adjusted;Index 1982-1984=100;https://fred.stlouisfed.org/graph/fredgraph.csv?id=CPIAUCSL;2026-10-08
1971-06-01;1971;6;40.500;CPIAUCSL;Consumer Price Index for All Urban Consumers: All Items in U.S. City Average;seasonally_adjusted;Index 1982-1984=100;https://fred.stlouisfed.org/graph/fredgraph.csv?id=CPIAUCSL;2026-10-08
1971-07-01;1971;7;40.600;CPIAUCSL;Consumer Price Index for All Urban Consumers: All Items in U.S. City Average;seasonally_adjusted;Index 1982-1984=100;https://fred.stlouisfed.org/graph/fredgraph.csv?id=CPIAUCSL;2026-10-08
1971-08-01;1971;8;40.700;CPIAUCSL;Consumer Price Index for All Urban Consumers: All Items in U.S. City Average;seasonally_adjusted;Index 1982-1984=100;https://fred.stlouisfed.org/graph/fredgraph.csv?id=CPIAUCSL;2026-10-08
1971-09-01;1971;9;40.800;CPIAUCSL;Consumer Price Index for All Urban Consumers: All Items in U.S. City Average;seasonally_adjusted;Index 1982-1984=100;https://fred.stlouisfed.org/graph/fredgraph.csv?id=CPIAUCSL;2026-10-08
1971-10-01;1971;10;40.900;CPIAUCSL;Consumer Price Index for All Urban Consumers: All Items in U.S. City Average;seasonally_adjusted;Index 1982-1984=100;https://fred.stlouisfed.org/graph/fredgraph.csv?id=CPIAUCSL;2026-10-08
1971-11-01;1971;11;41.000;CPIAUCSL;Consumer Price Index for All Urban Consumers: All Items in U.S. City Average;seasonally_adjusted;Index 1982-1984=100;https://fred.stlouisfed.org/graph/fredgraph.csv?id=CPIAUCSL;2026-10-08
1971-12-01;1971;12;41.100;CPIAUCSL;Consumer Price Index for All Urban Consumers: All Items in U.S. City Average;seasonally_adjusted;Index 1982-1984=100;https://fred.stlouisfed.org/graph/fredgraph.csv?id=CPIAUCSL;2026-10-08
1972-01-01;1972;1;41.200;CPIAUCSL;Consumer Price Index for All Urban Consumers: All Items in U.S. City Average;seasonally_adjusted;Index 1982-1984=100;https://fred.stlouisfed.org/graph/fredgraph.csv?id=CPIAUCSL;2026-10-08
1972-02-01;1972;2;41.400;CPIAUCSL;Consumer Price Index for All Urban Consumers: All Items in U.S. City Average;seasonally_adjusted;Index 1982-1984=100;https://fred.stlouisfed.org/graph/fredgraph.csv?id=CPIAUCSL;2026-10-08
1972-03-01;1972;3;41.400;CPIAUCSL;Consumer Price Index for All Urban Consumers: All Items in U.S. City Average;seasonally_adjusted;Index 1982-1984=100;https://fred.stlouisfed.org/graph/fredgraph.csv?id=CPIAUCSL;2026-10-08
1972-04-01;1972;4;41.500;CPIAUCSL;Consumer Price Index for All Urban Consumers: All Items in U.S. City Average;seasonally_adjusted;Index 1982-1984=100;https://fred.stlouisfed.org/graph/fredgraph.csv?id=CPIAUCSL;2026-10-08
1972-05-01;1972;5;41.600;CPIAUCSL;Consumer Price Index for All Urban Consumers: All Items in U.S. City Average;seasonally_adjusted;Index 1982-1984=100;https://fred.stlouisfed.org/graph/fredgraph.csv?id=CPIAUCSL;2026-10-08
1972-06-01;1972;6;41.700;CPIAUCSL;Consumer Price Index for All Urban Consumers: All Items in U.S. City Average;seasonally_adjusted;Index 1982-1984=100;https://fred.stlouisfed.org/graph/fredgraph.csv?id=CPIAUCSL;2026-10-08
1972-07-01;1972;7;41.800;CPIAUCSL;Consumer Price Index for All Urban Consumers: All Items in U.S. City Average;seasonally_adjusted;Index 1982-1984=100;https://fred.stlouisfed.org/graph/fredgraph.csv?id=CPIAUCSL;2026-10-08
1972-08-01;1972;8;41.900;CPIAUCSL;Consumer Price Index for All Urban Consumers: All Items in U.S. City Average;seasonally_adjusted;Index 1982-1984=100;https://fred.stlouisfed.org/graph/fredgraph.csv?id=CPIAUCSL;2026-10-08
1972-09-01;1972;9;42.100;CPIAUCSL;Consumer Price Index for All Urban Consumers: All Items in U.S. City Average;seasonally_adjusted;Index 1982-1984=100;https://fred.stlouisfed.org/graph/fredgraph.csv?id=CPIAUCSL;2026-10-08
1972-10-01;1972;10;42.200;CPIAUCSL;Consumer Price Index for All Urban Consumers: All Items in U.S. City Average;seasonally_adjusted;Index 1982-1984=100;https://fred.stlouisfed.org/graph/fredgraph.csv?id=CPIAUCSL;2026-10-08
1972-11-01;1972;11;42.400;CPIAUCSL;Consumer Price Index for All Urban Consumers: All Items in U.S. City Average;seasonally_adjusted;Index 1982-1984=100;https://fred.stlouisfed.org/graph/fredgraph.csv?id=CPIAUCSL;2026-10-08
1972-12-01;1972;12;42.500;CPIAUCSL;Consumer Price Index for All Urban Consumers: All Items in U.S. City Average;seasonally_adjusted;Index 1982-1984=100;https://fred.stlouisfed.org/graph/fredgraph.csv?id=CPIAUCSL;2026-10-08
1973-01-01;1973;1;42.700;CPIAUCSL;Consumer Price Index for All Urban Consumers: All Items in U.S. City Average;seasonally_adjusted;Index 1982-1984=100;https://fred.stlouisfed.org/graph/fredgraph.csv?id=CPIAUCSL;2026-10-08
1973-02-01;1973;2;43.000;CPIAUCSL;Consumer Price Index for All Urban Consumers: All Items in U.S. City Average;seasonally_adjusted;Index 1982-1984=100;https://fred.stlouisfed.org/graph/fredgraph.csv?id=CPIAUCSL;2026-10-08
1973-03-01;1973;3;43.400;CPIAUCSL;Consumer Price Index for All Urban Consumers: All Items in U.S. City Average;seasonally_adjusted;Index 1982-1984=100;https://fred.stlouisfed.org/graph/fredgraph.csv?id=CPIAUCSL;2026-10-08
1973-04-01;1973;4;43.700;CPIAUCSL;Consumer Price Index for All Urban Consumers: All Items in U.S. City Average;seasonally_adjusted;Index 1982-1984=100;https://fred.stlouisfed.org/graph/fredgraph.csv?id=CPIAUCSL;2026-10-08
1973-05-01;1973;5;43.900;CPIAUCSL;Consumer Price Index for All Urban Consumers: All Items in U.S. City Average;seasonally_adjusted;Index 1982-1984=100;https://fred.stlouisfed.org/graph/fredgraph.csv?id=CPIAUCSL;2026-10-08
1973-06-01;1973;6;44.200;CPIAUCSL;Consumer Price Index for All Urban Consumers: All Items in U.S. City Average;seasonally_adjusted;Index 1982-1984=100;https://fred.stlouisfed.org/graph/fredgraph.csv?id=CPIAUCSL;2026-10-08
1973-07-01;1973;7;44.200;CPIAUCSL;Consumer Price Index for All Urban Consumers: All Items in U.S. City Average;seasonally_adjusted;Index 1982-1984=100;https://fred.stlouisfed.org/graph/fredgraph.csv?id=CPIAUCSL;2026-10-08
1973-08-01;1973;8;45.000;CPIAUCSL;Consumer Price Index for All Urban Consumers: All Items in U.S. City Average;seasonally_adjusted;Index 1982-1984=100;https://fred.stlouisfed.org/graph/fredgraph.csv?id=CPIAUCSL;2026-10-08
1973-09-01;1973;9;45.200;CPIAUCSL;Consumer Price Index for All Urban Consumers: All Items in U.S. City Average;seasonally_adjusted;Index 1982-1984=100;https://fred.stlouisfed.org/graph/fredgraph.csv?id=CPIAUCSL;2026-10-08
1973-10-01;1973;10;45.600;CPIAUCSL;Consumer Price Index for All Urban Consumers: All Items in U.S. City Average;seasonally_adjusted;Index 1982-1984=100;https://fred.stlouisfed.org/graph/fredgraph.csv?id=CPIAUCSL;2026-10-08
1973-11-01;1973;11;45.900;CPIAUCSL;Consumer Price Index for All Urban Consumers: All Items in U.S. City Average;seasonally_adjusted;Index 1982-1984=100;https://fred.stlouisfed.org/graph/fredgraph.csv?id=CPIAUCSL;2026-10-08
1973-12-01;1973;12;46.300;CPIAUCSL;Consumer Price Index for All Urban Consumers: All Items in U.S. City Average;seasonally_adjusted;Index 1982-1984=100;https://fred.stlouisfed.org/graph/fredgraph.csv?id=CPIAUCSL;2026-10-08
1974-01-01;1974;1;46.800;CPIAUCSL;Consumer Price Index for All Urban Consumers: All Items in U.S. City Average;seasonally_adjusted;Index 1982-1984=100;https://fred.stlouisfed.org/graph/fredgraph.csv?id=CPIAUCSL;2026-10-08
1974-02-01;1974;2;47.300;CPIAUCSL;Consumer Price Index for All Urban Consumers: All Items in U.S. City Average;seasonally_adjusted;Index 1982-1984=100;https://fred.stlouisfed.org/graph/fredgraph.csv?id=CPIAUCSL;2026-10-08
1974-03-01;1974;3;47.800;CPIAUCSL;Consumer Price Index for All Urban Consumers: All Items in U.S. City Average;seasonally_adjusted;Index 1982-1984=100;https://fred.stlouisfed.org/graph/fredgraph.csv?id=CPIAUCSL;2026-10-08
1974-04-01;1974;4;48.100;CPIAUCSL;Consumer Price Index for All Urban Consumers: All Items in U.S. City Average;seasonally_adjusted;Index 1982-1984=100;https://fred.stlouisfed.org/graph/fredgraph.csv?id=CPIAUCSL;2026-10-08
1974-05-01;1974;5;48.600;CPIAUCSL;Consumer Price Index for All Urban Consumers: All Items in U.S. City Average;seasonally_adjusted;Index 1982-1984=100;https://fred.stlouisfed.org/graph/fredgraph.csv?id=CPIAUCSL;2026-10-08
1974-06-01;1974;6;49.000;CPIAUCSL;Consumer Price Index for All Urban Consumers: All Items in U.S. City Average;seasonally_adjusted;Index 1982-1984=100;https://fred.stlouisfed.org/graph/fredgraph.csv?id=CPIAUCSL;2026-10-08
1974-07-01;1974;7;49.300;CPIAUCSL;Consumer Price Index for All Urban Consumers: All Items in U.S. City Average;seasonally_adjusted;Index 1982-1984=100;https://fred.stlouisfed.org/graph/fredgraph.csv?id=CPIAUCSL;2026-10-08
1974-08-01;1974;8;49.900;CPIAUCSL;Consumer Price Index for All Urban Consumers: All Items in U.S. City Average;seasonally_adjusted;Index 1982-1984=100;https://fred.stlouisfed.org/graph/fredgraph.csv?id=CPIAUCSL;2026-10-08
1974-09-01;1974;9;50.600;CPIAUCSL;Consumer Price Index for All Urban Consumers: All Items in U.S. City Average;seasonally_adjusted;Index 1982-1984=100;https://fred.stlouisfed.org/graph/fredgraph.csv?id=CPIAUCSL;2026-10-08
1974-10-01;1974;10;51.000;CPIAUCSL;Consumer Price Index for All Urban Consumers: All Items in U.S. City Average;seasonally_adjusted;Index 1982-1984=100;https://fred.stlouisfed.org/graph/fredgraph.csv?id=CPIAUCSL;2026-10-08
1974-11-01;1974;11;51.500;CPIAUCSL;Consumer Price Index for All Urban Consumers: All Items in U.S. City Average;seasonally_adjusted;Index 1982-1984=100;https://fred.stlouisfed.org/graph/fredgraph.csv?id=CPIAUCSL;2026-10-08
1974-12-01;1974;12;51.900;CPIAUCSL;Consumer Price Index for All Urban Consumers: All Items in U.S. City Average;seasonally_adjusted;Index 1982-1984=100;https://fred.stlouisfed.org/graph/fredgraph.csv?id=CPIAUCSL;2026-10-08
1975-01-01;1975;1;52.300;CPIAUCSL;Consumer Price Index for All Urban Consumers: All Items in U.S. City Average;seasonally_adjusted;Index 1982-1984=100;https://fred.stlouisfed.org/graph/fredgraph.csv?id=CPIAUCSL;2026-10-08
1975-02-01;1975;2;52.600;CPIAUCSL;Consumer Price Index for All Urban Consumers: All Items in U.S. City Average;seasonally_adjusted;Index 1982-1984=100;https://fred.stlouisfed.org/graph/fredgraph.csv?id=CPIAUCSL;2026-10-08
1975-03-01;1975;3;52.800;CPIAUCSL;Consumer Price Index for All Urban Consumers: All Items in U.S. City Average;seasonally_adjusted;Index 1982-1984=100;https://fred.stlouisfed.org/graph/fredgraph.csv?id=CPIAUCSL;2026-10-08
1975-04-01;1975;4;53.000;CPIAUCSL;Consumer Price Index for All Urban Consumers: All Items in U.S. City Average;seasonally_adjusted;Index 1982-1984=100;https://fred.stlouisfed.org/graph/fredgraph.csv?id=CPIAUCSL;2026-10-08
1975-05-01;1975;5;53.100;CPIAUCSL;Consumer Price Index for All Urban Consumers: All Items in U.S. City Average;seasonally_adjusted;Index 1982-1984=100;https://fred.stlouisfed.org/graph/fredgraph.csv?id=CPIAUCSL;2026-10-08
1975-06-01;1975;6;53.500;CPIAUCSL;Consumer Price Index for All Urban Consumers: All Items in U.S. City Average;seasonally_adjusted;Index 1982-1984=100;https://fred.stlouisfed.org/graph/fredgraph.csv?id=CPIAUCSL;2026-10-08
1975-07-01;1975;7;54.000;CPIAUCSL;Consumer Price Index for All Urban Consumers: All Items in U.S. City Average;seasonally_adjusted;Index 1982-1984=100;https://fred.stlouisfed.org/graph/fredgraph.csv?id=CPIAUCSL;2026-10-08
1975-08-01;1975;8;54.200;CPIAUCSL;Consumer Price Index for All Urban Consumers: All Items in U.S. City Average;seasonally_adjusted;Index 1982-1984=100;https://fred.stlouisfed.org/graph/fredgraph.csv?id=CPIAUCSL;2026-10-08
1975-09-01;1975;9;54.600;CPIAUCSL;Consumer Price Index for All Urban Consumers: All Items in U.S. City Average;seasonally_adjusted;Index 1982-1984=100;https://fred.stlouisfed.org/graph/fredgraph.csv?id=CPIAUCSL;2026-10-08
1975-10-01;1975;10;54.900;CPIAUCSL;Consumer Price Index for All Urban Consumers: All Items in U.S. City Average;seasonally_adjusted;Index 1982-1984=100;https://fred.stlouisfed.org/graph/fredgraph.csv?id=CPIAUCSL;2026-10-08
1975-11-01;1975;11;55.300;CPIAUCSL;Consumer Price Index for All Urban Consumers: All Items in U.S. City Average;seasonally_adjusted;Index 1982-1984=100;https://fred.stlouisfed.org/graph/fredgraph.csv?id=CPIAUCSL;2026-10-08
1975-12-01;1975;12;55.600;CPIAUCSL;Consumer Price Index for All Urban Consumers: All Items in U.S. City Average;seasonally_adjusted;Index 1982-1984=100;https://fred.stlouisfed.org/graph/fredgraph.csv?id=CPIAUCSL;2026-10-08
1976-01-01;1976;1;55.800;CPIAUCSL;Consumer Price Index for All Urban Consumers: All Items in U.S. City Average;seasonally_adjusted;Index 1982-1984=100;https://fred.stlouisfed.org/graph/fredgraph.csv?id=CPIAUCSL;2026-10-08
1976-02-01;1976;2;55.900;CPIAUCSL;Consumer Price Index for All Urban Consumers: All Items in U.S. City Average;seasonally_adjusted;Index 1982-1984=100;https://fred.stlouisfed.org/graph/fredgraph.csv?id=CPIAUCSL;2026-10-08
1976-03-01;1976;3;56.000;CPIAUCSL;Consumer Price Index for All Urban Consumers: All Items in U.S. City Average;seasonally_adjusted;Index 1982-1984=100;https://fred.stlouisfed.org/graph/fredgraph.csv?id=CPIAUCSL;2026-10-08
1976-04-01;1976;4;56.100;CPIAUCSL;Consumer Price Index for All Urban Consumers: All Items in U.S. City Average;seasonally_adjusted;Index 1982-1984=100;https://fred.stlouisfed.org/graph/fredgraph.csv?id=CPIAUCSL;2026-10-08
1976-05-01;1976;5;56.400;CPIAUCSL;Consumer Price Index for All Urban Consumers: All Items in U.S. City Average;seasonally_adjusted;Index 1982-1984=100;https://fred.stlouisfed.org/graph/fredgraph.csv?id=CPIAUCSL;2026-10-08
1976-06-01;1976;6;56.700;CPIAUCSL;Consumer Price Index for All Urban Consumers: All Items in U.S. City Average;seasonally_adjusted;Index 1982-1984=100;https://fred.stlouisfed.org/graph/fredgraph.csv?id=CPIAUCSL;2026-10-08
1976-07-01;1976;7;57.000;CPIAUCSL;Consumer Price Index for All Urban Consumers: All Items in U.S. City Average;seasonally_adjusted;Index 1982-1984=100;https://fred.stlouisfed.org/graph/fredgraph.csv?id=CPIAUCSL;2026-10-08
1976-08-01;1976;8;57.300;CPIAUCSL;Consumer Price Index for All Urban Consumers: All Items in U.S. City Average;seasonally_adjusted;Index 1982-1984=100;https://fred.stlouisfed.org/graph/fredgraph.csv?id=CPIAUCSL;2026-10-08
1976-09-01;1976;9;57.600;CPIAUCSL;Consumer Price Index for All Urban Consumers: All Items in U.S. City Average;seasonally_adjusted;Index 1982-1984=100;https://fred.stlouisfed.org/graph/fredgraph.csv?id=CPIAUCSL;2026-10-08
1976-10-01;1976;10;57.900;CPIAUCSL;Consumer Price Index for All Urban Consumers: All Items in U.S. City Average;seasonally_adjusted;Index 1982-1984=100;https://fred.stlouisfed.org/graph/fredgraph.csv?id=CPIAUCSL;2026-10-08
1976-11-01;1976;11;58.100;CPIAUCSL;Consumer Price Index for All Urban Consumers: All Items in U.S. City Average;seasonally_adjusted;Index 1982-1984=100;https://fred.stlouisfed.org/graph/fredgraph.csv?id=CPIAUCSL;2026-10-08
1976-12-01;1976;12;58.400;CPIAUCSL;Consumer Price Index for All Urban Consumers: All Items in U.S. City Average;seasonally_adjusted;Index 1982-1984=100;https://fred.stlouisfed.org/graph/fredgraph.csv?id=CPIAUCSL;2026-10-08
1977-01-01;1977;1;58.700;CPIAUCSL;Consumer Price Index for All Urban Consumers: All Items in U.S. City Average;seasonally_adjusted;Index 1982-1984=100;https://fred.stlouisfed.org/graph/fredgraph.csv?id=CPIAUCSL;2026-10-08
1977-02-01;1977;2;59.300;CPIAUCSL;Consumer Price Index for All Urban Consumers: All Items in U.S. City Average;seasonally_adjusted;Index 1982-1984=100;https://fred.stlouisfed.org/graph/fredgraph.csv?id=CPIAUCSL;2026-10-08
1977-03-01;1977;3;59.600;CPIAUCSL;Consumer Price Index for All Urban Consumers: All Items in U.S. City Average;seasonally_adjusted;Index 1982-1984=100;https://fred.stlouisfed.org/graph/fredgraph.csv?id=CPIAUCSL;2026-10-08
1977-04-01;1977;4;60.000;CPIAUCSL;Consumer Price Index for All Urban Consumers: All Items in U.S. City Average;seasonally_adjusted;Index 1982-1984=100;https://fred.stlouisfed.org/graph/fredgraph.csv?id=CPIAUCSL;2026-10-08
1977-05-01;1977;5;60.200;CPIAUCSL;Consumer Price Index for All Urban Consumers: All Items in U.S. City Average;seasonally_adjusted;Index 1982-1984=100;https://fred.stlouisfed.org/graph/fredgraph.csv?id=CPIAUCSL;2026-10-08
1977-06-01;1977;6;60.500;CPIAUCSL;Consumer Price Index for All Urban Consumers: All Items in U.S. City Average;seasonally_adjusted;Index 1982-1984=100;https://fred.stlouisfed.org/graph/fredgraph.csv?id=CPIAUCSL;2026-10-08
1977-07-01;1977;7;60.800;CPIAUCSL;Consumer Price Index for All Urban Consumers: All Items in U.S. City Average;seasonally_adjusted;Index 1982-1984=100;https://fred.stlouisfed.org/graph/fredgraph.csv?id=CPIAUCSL;2026-10-08
1977-08-01;1977;8;61.100;CPIAUCSL;Consumer Price Index for All Urban Consumers: All Items in U.S. City Average;seasonally_adjusted;Index 1982-1984=100;https://fred.stlouisfed.org/graph/fredgraph.csv?id=CPIAUCSL;2026-10-08
1977-09-01;1977;9;61.300;CPIAUCSL;Consumer Price Index for All Urban Consumers: All Items in U.S. City Average;seasonally_adjusted;Index 1982-1984=100;https://fred.stlouisfed.org/graph/fredgraph.csv?id=CPIAUCSL;2026-10-08
1977-10-01;1977;10;61.600;CPIAUCSL;Consumer Price Index for All Urban Consumers: All Items in U.S. City Average;seasonally_adjusted;Index 1982-1984=100;https://fred.stlouisfed.org/graph/fredgraph.csv?id=CPIAUCSL;2026-10-08
1977-11-01;1977;11;62.000;CPIAUCSL;Consumer Price Index for All Urban Consumers: All Items in U.S. City Average;seasonally_adjusted;Index 1982-1984=100;https://fred.stlouisfed.org/graph/fredgraph.csv?id=CPIAUCSL;2026-10-08
1977-12-01;1977;12;62.300;CPIAUCSL;Consumer Price Index for All Urban Consumers: All Items in U.S. City Average;seasonally_adjusted;Index 1982-1984=100;https://fred.stlouisfed.org/graph/fredgraph.csv?id=CPIAUCSL;2026-10-08
1978-01-01;1978;1;62.700;CPIAUCSL;Consumer Price Index for All Urban Consumers: All Items in U.S. City Average;seasonally_adjusted;Index 1982-1984=100;https://fred.stlouisfed.org/graph/fredgraph.csv?id=CPIAUCSL;2026-10-08
1978-02-01;1978;2;63.000;CPIAUCSL;Consumer Price Index for All Urban Consumers: All Items in U.S. City Average;seasonally_adjusted;Index 1982-1984=100;https://fred.stlouisfed.org/graph/fredgraph.csv?id=CPIAUCSL;2026-10-08
1978-03-01;1978;3;63.400;CPIAUCSL;Consumer Price Index for All Urban Consumers: All Items in U.S. City Average;seasonally_adjusted;Index 1982-1984=100;https://fred.stlouisfed.org/graph/fredgraph.csv?id=CPIAUCSL;2026-10-08
1978-04-01;1978;4;63.900;CPIAUCSL;Consumer Price Index for All Urban Consumers: All Items in U.S. City Average;seasonally_adjusted;Index 1982-1984=100;https://fred.stlouisfed.org/graph/fredgraph.csv?id=CPIAUCSL;2026-10-08
1978-05-01;1978;5;64.500;CPIAUCSL;Consumer Price Index for All Urban Consumers: All Items in U.S. City Average;seasonally_adjusted;Index 1982-1984=100;https://fred.stlouisfed.org/graph/fredgraph.csv?id=CPIAUCSL;2026-10-08
1978-06-01;1978;6;65.000;CPIAUCSL;Consumer Price Index for All Urban Consumers: All Items in U.S. City Average;seasonally_adjusted;Index 1982-1984=100;https://fred.stlouisfed.org/graph/fredgraph.csv?id=CPIAUCSL;2026-10-08
1978-07-01;1978;7;65.500;CPIAUCSL;Consumer Price Index for All Urban Consumers: All Items in U.S. City Average;seasonally_adjusted;Index 1982-1984=100;https://fred.stlouisfed.org/graph/fredgraph.csv?id=CPIAUCSL;2026-10-08
1978-08-01;1978;8;65.900;CPIAUCSL;Consumer Price Index for All Urban Consumers: All Items in U.S. City Average;seasonally_adjusted;Index 1982-1984=100;https://fred.stlouisfed.org/graph/fredgraph.csv?id=CPIAUCSL;2026-10-08
1978-09-01;1978;9;66.500;CPIAUCSL;Consumer Price Index for All Urban Consumers: All Items in U.S. City Average;seasonally_adjusted;Index 1982-1984=100;https://fred.stlouisfed.org/graph/fredgraph.csv?id=CPIAUCSL;2026-10-08
1978-10-01;1978;10;67.100;CPIAUCSL;Consumer Price Index for All Urban Consumers: All Items in U.S. City Average;seasonally_adjusted;Index 1982-1984=100;https://fred.stlouisfed.org/graph/fredgraph.csv?id=CPIAUCSL;2026-10-08
1978-11-01;1978;11;67.500;CPIAUCSL;Consumer Price Index for All Urban Consumers: All Items in U.S. City Average;seasonally_adjusted;Index 1982-1984=100;https://fred.stlouisfed.org/graph/fredgraph.csv?id=CPIAUCSL;2026-10-08
1978-12-01;1978;12;67.900;CPIAUCSL;Consumer Price Index for All Urban Consumers: All Items in U.S. City Average;seasonally_adjusted;Index 1982-1984=100;https://fred.stlouisfed.org/graph/fredgraph.csv?id=CPIAUCSL;2026-10-08
1979-01-01;1979;1;68.500;CPIAUCSL;Consumer Price Index for All Urban Consumers: All Items in U.S. City Average;seasonally_adjusted;Index 1982-1984=100;https://fred.stlouisfed.org/graph/fredgraph.csv?id=CPIAUCSL;2026-10-08
1979-02-01;1979;2;69.200;CPIAUCSL;Consumer Price Index for All Urban Consumers: All Items in U.S. City Average;seasonally_adjusted;Index 1982-1984=100;https://fred.stlouisfed.org/graph/fredgraph.csv?id=CPIAUCSL;2026-10-08
1979-03-01;1979;3;69.900;CPIAUCSL;Consumer Price Index for All Urban Consumers: All Items in U.S. City Average;seasonally_adjusted;Index 1982-1984=100;https://fred.stlouisfed.org/graph/fredgraph.csv?id=CPIAUCSL;2026-10-08
1979-04-01;1979;4;70.600;CPIAUCSL;Consumer Price Index for All Urban Consumers: All Items in U.S. City Average;seasonally_adjusted;Index 1982-1984=100;https://fred.stlouisfed.org/graph/fredgraph.csv?id=CPIAUCSL;2026-10-08
1979-05-01;1979;5;71.400;CPIAUCSL;Consumer Price Index for All Urban Consumers: All Items in U.S. City Average;seasonally_adjusted;Index 1982-1984=100;https://fred.stlouisfed.org/graph/fredgraph.csv?id=CPIAUCSL;2026-10-08
1979-06-01;1979;6;72.200;CPIAUCSL;Consumer Price Index for All Urban Consumers: All Items in U.S. City Average;seasonally_adjusted;Index 1982-1984=100;https://fred.stlouisfed.org/graph/fredgraph.csv?id=CPIAUCSL;2026-10-08
1979-07-01;1979;7;73.000;CPIAUCSL;Consumer Price Index for All Urban Consumers: All Items in U.S. City Average;seasonally_adjusted;Index 1982-1984=100;https://fred.stlouisfed.org/graph/fredgraph.csv?id=CPIAUCSL;2026-10-08
1979-08-01;1979;8;73.700;CPIAUCSL;Consumer Price Index for All Urban Consumers: All Items in U.S. City Average;seasonally_adjusted;Index 1982-1984=100;https://fred.stlouisfed.org/graph/fredgraph.csv?id=CPIAUCSL;2026-10-08
1979-09-01;1979;9;74.400;CPIAUCSL;Consumer Price Index for All Urban Consumers: All Items in U.S. City Average;seasonally_adjusted;Index 1982-1984=100;https://fred.stlouisfed.org/graph/fredgraph.csv?id=CPIAUCSL;2026-10-08
1979-10-01;1979;10;75.200;CPIAUCSL;Consumer Price Index for All Urban Consumers: All Items in U.S. City Average;seasonally_adjusted;Index 1982-1984=100;https://fred.stlouisfed.org/graph/fredgraph.csv?id=CPIAUCSL;2026-10-08
1979-11-01;1979;11;76.000;CPIAUCSL;Consumer Price Index for All Urban Consumers: All Items in U.S. City Average;seasonally_adjusted;Index 1982-1984=100;https://fred.stlouisfed.org/graph/fredgraph.csv?id=CPIAUCSL;2026-10-08
1979-12-01;1979;12;76.900;CPIAUCSL;Consumer Price Index for All Urban Consumers: All Items in U.S. City Average;seasonally_adjusted;Index 1982-1984=100;https://fred.stlouisfed.org/graph/fredgraph.csv?id=CPIAUCSL;2026-10-08
1980-01-01;1980;1;78.000;CPIAUCSL;Consumer Price Index for All Urban Consumers: All Items in U.S. City Average;seasonally_adjusted;Index 1982-1984=100;https://fred.stlouisfed.org/graph/fredgraph.csv?id=CPIAUCSL;2026-10-08
1980-02-01;1980;2;79.000;CPIAUCSL;Consumer Price Index for All Urban Consumers: All Items in U.S. City Average;seasonally_adjusted;Index 1982-1984=100;https://fred.stlouisfed.org/graph/fredgraph.csv?id=CPIAUCSL;2026-10-08
1980-03-01;1980;3;80.100;CPIAUCSL;Consumer Price Index for All Urban Consumers: All Items in U.S. City Average;seasonally_adjusted;Index 1982-1984=100;https://fred.stlouisfed.org/graph/fredgraph.csv?id=CPIAUCSL;2026-10-08
1980-04-01;1980;4;80.900;CPIAUCSL;Consumer Price Index for All Urban Consumers: All Items in U.S. City Average;seasonally_adjusted;Index 1982-1984=100;https://fred.stlouisfed.org/graph/fredgraph.csv?id=CPIAUCSL;2026-10-08
1980-05-01;1980;5;81.700;CPIAUCSL;Consumer Price Index for All Urban Consumers: All Items in U.S. City Average;seasonally_adjusted;Index 1982-1984=100;https://fred.stlouisfed.org/graph/fredgraph.csv?id=CPIAUCSL;2026-10-08
1980-06-01;1980;6;82.500;CPIAUCSL;Consumer Price Index for All Urban Consumers: All Items in U.S. City Average;seasonally_adjusted;Index 1982-1984=100;https://fred.stlouisfed.org/graph/fredgraph.csv?id=CPIAUCSL;2026-10-08
1980-07-01;1980;7;82.600;CPIAUCSL;Consumer Price Index for All Urban Consumers: All Items in U.S. City Average;seasonally_adjusted;Index 1982-1984=100;https://fred.stlouisfed.org/graph/fredgraph.csv?id=CPIAUCSL;2026-10-08
1980-08-01;1980;8;83.200;CPIAUCSL;Consumer Price Index for All Urban Consumers: All Items in U.S. City Average;seasonally_adjusted;Index 1982-1984=100;https://fred.stlouisfed.org/graph/fredgraph.csv?id=CPIAUCSL;2026-10-08
1980-09-01;1980;9;83.900;CPIAUCSL;Consumer Price Index for All Urban Consumers: All Items in U.S. City Average;seasonally_adjusted;Index 1982-1984=100;https://fred.stlouisfed.org/graph/fredgraph.csv?id=CPIAUCSL;2026-10-08
1980-10-01;1980;10;84.700;CPIAUCSL;Consumer Price Index for All Urban Consumers: All Items in U.S. City Average;seasonally_adjusted;Index 1982-1984=100;https://fred.stlouisfed.org/graph/fredgraph.csv?id=CPIAUCSL;2026-10-08
1980-11-01;1980;11;85.600;CPIAUCSL;Consumer Price Index for All Urban Consumers: All Items in U.S. City Average;seasonally_adjusted;Index 1982-1984=100;https://fred.stlouisfed.org/graph/fredgraph.csv?id=CPIAUCSL;2026-10-08
1980-12-01;1980;12;86.400;CPIAUCSL;Consumer Price Index for All Urban Consumers: All Items in U.S. City Average;seasonally_adjusted;Index 1982-1984=100;https://fred.stlouisfed.org/graph/fredgraph.csv?id=CPIAUCSL;2026-10-08
1981-01-01;1981;1;87.200;CPIAUCSL;Consumer Price Index for All Urban Consumers: All Items in U.S. City Average;seasonally_adjusted;Index 1982-1984=100;https://fred.stlouisfed.org/graph/fredgraph.csv?id=CPIAUCSL;2026-10-08
1981-02-01;1981;2;88.000;CPIAUCSL;Consumer Price Index for All Urban Consumers: All Items in U.S. City Average;seasonally_adjusted;Index 1982-1984=100;https://fred.stlouisfed.org/graph/fredgraph.csv?id=CPIAUCSL;2026-10-08
1981-03-01;1981;3;88.600;CPIAUCSL;Consumer Price Index for All Urban Consumers: All Items in U.S. City Average;seasonally_adjusted;Index 1982-1984=100;https://fred.stlouisfed.org/graph/fredgraph.csv?id=CPIAUCSL;2026-10-08
1981-04-01;1981;4;89.100;CPIAUCSL;Consumer Price Index for All Urban Consumers: All Items in U.S. City Average;seasonally_adjusted;Index 1982-1984=100;https://fred.stlouisfed.org/graph/fredgraph.csv?id=CPIAUCSL;2026-10-08
1981-05-01;1981;5;89.700;CPIAUCSL;Consumer Price Index for All Urban Consumers: All Items in U.S. City Average;seasonally_adjusted;Index 1982-1984=100;https://fred.stlouisfed.org/graph/fredgraph.csv?id=CPIAUCSL;2026-10-08
1981-06-01;1981;6;90.500;CPIAUCSL;Consumer Price Index for All Urban Consumers: All Items in U.S. City Average;seasonally_adjusted;Index 1982-1984=100;https://fred.stlouisfed.org/graph/fredgraph.csv?id=CPIAUCSL;2026-10-08
1981-07-01;1981;7;91.500;CPIAUCSL;Consumer Price Index for All Urban Consumers: All Items in U.S. City Average;seasonally_adjusted;Index 1982-1984=100;https://fred.stlouisfed.org/graph/fredgraph.csv?id=CPIAUCSL;2026-10-08
1981-08-01;1981;8;92.200;CPIAUCSL;Consumer Price Index for All Urban Consumers: All Items in U.S. City Average;seasonally_adjusted;Index 1982-1984=100;https://fred.stlouisfed.org/graph/fredgraph.csv?id=CPIAUCSL;2026-10-08
1981-09-01;1981;9;93.100;CPIAUCSL;Consumer Price Index for All Urban Consumers: All Items in U.S. City Average;seasonally_adjusted;Index 1982-1984=100;https://fred.stlouisfed.org/graph/fredgraph.csv?id=CPIAUCSL;2026-10-08
1981-10-01;1981;10;93.400;CPIAUCSL;Consumer Price Index for All Urban Consumers: All Items in U.S. City Average;seasonally_adjusted;Index 1982-1984=100;https://fred.stlouisfed.org/graph/fredgraph.csv?id=CPIAUCSL;2026-10-08
1981-11-01;1981;11;93.800;CPIAUCSL;Consumer Price Index for All Urban Consumers: All Items in U.S. City Average;seasonally_adjusted;Index 1982-1984=100;https://fred.stlouisfed.org/graph/fredgraph.csv?id=CPIAUCSL;2026-10-08
1981-12-01;1981;12;94.100;CPIAUCSL;Consumer Price Index for All Urban Consumers: All Items in U.S. City Average;seasonally_adjusted;Index 1982-1984=100;https://fred.stlouisfed.org/graph/fredgraph.csv?id=CPIAUCSL;2026-10-08
1982-01-01;1982;1;94.400;CPIAUCSL;Consumer Price Index for All Urban Consumers: All Items in U.S. City Average;seasonally_adjusted;Index 1982-1984=100;https://fred.stlouisfed.org/graph/fredgraph.csv?id=CPIAUCSL;2026-10-08
1982-02-01;1982;2;94.700;CPIAUCSL;Consumer Price Index for All Urban Consumers: All Items in U.S. City Average;seasonally_adjusted;Index 1982-1984=100;https://fred.stlouisfed.org/graph/fredgraph.csv?id=CPIAUCSL;2026-10-08
1982-03-01;1982;3;94.700;CPIAUCSL;Consumer Price Index for All Urban Consumers: All Items in U.S. City Average;seasonally_adjusted;Index 1982-1984=100;https://fred.stlouisfed.org/graph/fredgraph.csv?id=CPIAUCSL;2026-10-08
1982-04-01;1982;4;95.000;CPIAUCSL;Consumer Price Index for All Urban Consumers: All Items in U.S. City Average;seasonally_adjusted;Index 1982-1984=100;https://fred.stlouisfed.org/graph/fredgraph.csv?id=CPIAUCSL;2026-10-08
1982-05-01;1982;5;95.900;CPIAUCSL;Consumer Price Index for All Urban Consumers: All Items in U.S. City Average;seasonally_adjusted;Index 1982-1984=100;https://fred.stlouisfed.org/graph/fredgraph.csv?id=CPIAUCSL;2026-10-08
1982-06-01;1982;6;97.000;CPIAUCSL;Consumer Price Index for All Urban Consumers: All Items in U.S. City Average;seasonally_adjusted;Index 1982-1984=100;https://fred.stlouisfed.org/graph/fredgraph.csv?id=CPIAUCSL;2026-10-08
1982-07-01;1982;7;97.500;CPIAUCSL;Consumer Price Index for All Urban Consumers: All Items in U.S. City Average;seasonally_adjusted;Index 1982-1984=100;https://fred.stlouisfed.org/graph/fredgraph.csv?id=CPIAUCSL;2026-10-08
1982-08-01;1982;8;97.700;CPIAUCSL;Consumer Price Index for All Urban Consumers: All Items in U.S. City Average;seasonally_adjusted;Index 1982-1984=100;https://fred.stlouisfed.org/graph/fredgraph.csv?id=CPIAUCSL;2026-10-08
1982-09-01;1982;9;97.700;CPIAUCSL;Consumer Price Index for All Urban Consumers: All Items in U.S. City Average;seasonally_adjusted;Index 1982-1984=100;https://fred.stlouisfed.org/graph/fredgraph.csv?id=CPIAUCSL;2026-10-08
1982-10-01;1982;10;98.100;CPIAUCSL;Consumer Price Index for All Urban Consumers: All Items in U.S. City Average;seasonally_adjusted;Index 1982-1984=100;https://fred.stlouisfed.org/graph/fredgraph.csv?id=CPIAUCSL;2026-10-08
1982-11-01;1982;11;98.000;CPIAUCSL;Consumer Price Index for All Urban Consumers: All Items in U.S. City Average;seasonally_adjusted;Index 1982-1984=100;https://fred.stlouisfed.org/graph/fredgraph.csv?id=CPIAUCSL;2026-10-08
1982-12-01;1982;12;97.700;CPIAUCSL;Consumer Price Index for All Urban Consumers: All Items in U.S. City Average;seasonally_adjusted;Index 1982-1984=100;https://fred.stlouisfed.org/graph/fredgraph.csv?id=CPIAUCSL;2026-10-08
1983-01-01;1983;1;97.900;CPIAUCSL;Consumer Price Index for All Urban Consumers: All Items in U.S. City Average;seasonally_adjusted;Index 1982-1984=100;https://fred.stlouisfed.org/graph/fredgraph.csv?id=CPIAUCSL;2026-10-08
1983-02-01;1983;2;98.000;CPIAUCSL;Consumer Price Index for All Urban Consumers: All Items in U.S. City Average;seasonally_adjusted;Index 1982-1984=100;https://fred.stlouisfed.org/graph/fredgraph.csv?id=CPIAUCSL;2026-10-08
1983-03-01;1983;3;98.100;CPIAUCSL;Consumer Price Index for All Urban Consumers: All Items in U.S. City Average;seasonally_adjusted;Index 1982-1984=100;https://fred.stlouisfed.org/graph/fredgraph.csv?id=CPIAUCSL;2026-10-08
1983-04-01;1983;4;98.800;CPIAUCSL;Consumer Price Index for All Urban Consumers: All Items in U.S. City Average;seasonally_adjusted;Index 1982-1984=100;https://fred.stlouisfed.org/graph/fredgraph.csv?id=CPIAUCSL;2026-10-08
1983-05-01;1983;5;99.200;CPIAUCSL;Consumer Price Index for All Urban Consumers: All Items in U.S. City Average;seasonally_adjusted;Index 1982-1984=100;https://fred.stlouisfed.org/graph/fredgraph.csv?id=CPIAUCSL;2026-10-08
1983-06-01;1983;6;99.400;CPIAUCSL;Consumer Price Index for All Urban Consumers: All Items in U.S. City Average;seasonally_adjusted;Index 1982-1984=100;https://fred.stlouisfed.org/graph/fredgraph.csv?id=CPIAUCSL;2026-10-08
1983-07-01;1983;7;99.800;CPIAUCSL;Consumer Price Index for All Urban Consumers: All Items in U.S. City Average;seasonally_adjusted;Index 1982-1984=100;https://fred.stlouisfed.org/graph/fredgraph.csv?id=CPIAUCSL;2026-10-08
1983-08-01;1983;8;100.100;CPIAUCSL;Consumer Price Index for All Urban Consumers: All Items in U.S. City Average;seasonally_adjusted;Index 1982-1984=100;https://fred.stlouisfed.org/graph/fredgraph.csv?id=CPIAUCSL;2026-10-08
1983-09-01;1983;9;100.400;CPIAUCSL;Consumer Price Index for All Urban Consumers: All Items in U.S. City Average;seasonally_adjusted;Index 1982-1984=100;https://fred.stlouisfed.org/graph/fredgraph.csv?id=CPIAUCSL;2026-10-08
1983-10-01;1983;10;100.800;CPIAUCSL;Consumer Price Index for All Urban Consumers: All Items in U.S. City Average;seasonally_adjusted;Index 1982-1984=100;https://fred.stlouisfed.org/graph/fredgraph.csv?id=CPIAUCSL;2026-10-08
1983-11-01;1983;11;101.100;CPIAUCSL;Consumer Price Index for All Urban Consumers: All Items in U.S. City Average;seasonally_adjusted;Index 1982-1984=100;https://fred.stlouisfed.org/graph/fredgraph.csv?id=CPIAUCSL;2026-10-08
1983-12-01;1983;12;101.400;CPIAUCSL;Consumer Price Index for All Urban Consumers: All Items in U.S. City Average;seasonally_adjusted;Index 1982-1984=100;https://fred.stlouisfed.org/graph/fredgraph.csv?id=CPIAUCSL;2026-10-08
1984-01-01;1984;1;102.100;CPIAUCSL;Consumer Price Index for All Urban Consumers: All Items in U.S. City Average;seasonally_adjusted;Index 1982-1984=100;https://fred.stlouisfed.org/graph/fredgraph.csv?id=CPIAUCSL;2026-10-08
1984-02-01;1984;2;102.600;CPIAUCSL;Consumer Price Index for All Urban Consumers: All Items in U.S. City Average;seasonally_adjusted;Index 1982-1984=100;https://fred.stlouisfed.org/graph/fredgraph.csv?id=CPIAUCSL;2026-10-08
1984-03-01;1984;3;102.900;CPIAUCSL;Consumer Price Index for All Urban Consumers: All Items in U.S. City Average;seasonally_adjusted;Index 1982-1984=100;https://fred.stlouisfed.org/graph/fredgraph.csv?id=CPIAUCSL;2026-10-08
1984-04-01;1984;4;103.300;CPIAUCSL;Consumer Price Index for All Urban Consumers: All Items in U.S. City Average;seasonally_adjusted;Index 1982-1984=100;https://fred.stlouisfed.org/graph/fredgraph.csv?id=CPIAUCSL;2026-10-08
1984-05-01;1984;5;103.500;CPIAUCSL;Consumer Price Index for All Urban Consumers: All Items in U.S. City Average;seasonally_adjusted;Index 1982-1984=100;https://fred.stlouisfed.org/graph/fredgraph.csv?id=CPIAUCSL;2026-10-08
1984-06-01;1984;6;103.700;CPIAUCSL;Consumer Price Index for All Urban Consumers: All Items in U.S. City Average;seasonally_adjusted;Index 1982-1984=100;https://fred.stlouisfed.org/graph/fredgraph.csv?id=CPIAUCSL;2026-10-08
1984-07-01;1984;7;104.100;CPIAUCSL;Consumer Price Index for All Urban Consumers: All Items in U.S. City Average;seasonally_adjusted;Index 1982-1984=100;https://fred.stlouisfed.org/graph/fredgraph.csv?id=CPIAUCSL;2026-10-08
1984-08-01;1984;8;104.400;CPIAUCSL;Consumer Price Index for All Urban Consumers: All Items in U.S. City Average;seasonally_adjusted;Index 1982-1984=100;https://fred.stlouisfed.org/graph/fredgraph.csv?id=CPIAUCSL;2026-10-08
1984-09-01;1984;9;104.700;CPIAUCSL;Consumer Price Index for All Urban Consumers: All Items in U.S. City Average;seasonally_adjusted;Index 1982-1984=100;https://fred.stlouisfed.org/graph/fredgraph.csv?id=CPIAUCSL;2026-10-08
1984-10-01;1984;10;105.100;CPIAUCSL;Consumer Price Index for All Urban Consumers: All Items in U.S. City Average;seasonally_adjusted;Index 1982-1984=100;https://fred.stlouisfed.org/graph/fredgraph.csv?id=CPIAUCSL;2026-10-08
1984-11-01;1984;11;105.300;CPIAUCSL;Consumer Price Index for All Urban Consumers: All Items in U.S. City Average;seasonally_adjusted;Index 1982-1984=100;https://fred.stlouisfed.org/graph/fredgraph.csv?id=CPIAUCSL;2026-10-08
1984-12-01;1984;12;105.500;CPIAUCSL;Consumer Price Index for All Urban Consumers: All Items in U.S. City Average;seasonally_adjusted;Index 1982-1984=100;https://fred.stlouisfed.org/graph/fredgraph.csv?id=CPIAUCSL;2026-10-08
1985-01-01;1985;1;105.700;CPIAUCSL;Consumer Price Index for All Urban Consumers: All Items in U.S. City Average;seasonally_adjusted;Index 1982-1984=100;https://fred.stlouisfed.org/graph/fredgraph.csv?id=CPIAUCSL;2026-10-08
1985-02-01;1985;2;106.300;CPIAUCSL;Consumer Price Index for All Urban Consumers: All Items in U.S. City Average;seasonally_adjusted;Index 1982-1984=100;https://fred.stlouisfed.org/graph/fredgraph.csv?id=CPIAUCSL;2026-10-08
1985-03-01;1985;3;106.800;CPIAUCSL;Consumer Price Index for All Urban Consumers: All Items in U.S. City Average;seasonally_adjusted;Index 1982-1984=100;https://fred.stlouisfed.org/graph/fredgraph.csv?id=CPIAUCSL;2026-10-08
1985-04-01;1985;4;107.000;CPIAUCSL;Consumer Price Index for All Urban Consumers: All Items in U.S. City Average;seasonally_adjusted;Index 1982-1984=100;https://fred.stlouisfed.org/graph/fredgraph.csv?id=CPIAUCSL;2026-10-08
1985-05-01;1985;5;107.200;CPIAUCSL;Consumer Price Index for All Urban Consumers: All Items in U.S. City Average;seasonally_adjusted;Index 1982-1984=100;https://fred.stlouisfed.org/graph/fredgraph.csv?id=CPIAUCSL;2026-10-08
1985-06-01;1985;6;107.500;CPIAUCSL;Consumer Price Index for All Urban Consumers: All Items in U.S. City Average;seasonally_adjusted;Index 1982-1984=100;https://fred.stlouisfed.org/graph/fredgraph.csv?id=CPIAUCSL;2026-10-08
1985-07-01;1985;7;107.700;CPIAUCSL;Consumer Price Index for All Urban Consumers: All Items in U.S. City Average;seasonally_adjusted;Index 1982-1984=100;https://fred.stlouisfed.org/graph/fredgraph.csv?id=CPIAUCSL;2026-10-08
1985-08-01;1985;8;107.900;CPIAUCSL;Consumer Price Index for All Urban Consumers: All Items in U.S. City Average;seasonally_adjusted;Index 1982-1984=100;https://fred.stlouisfed.org/graph/fredgraph.csv?id=CPIAUCSL;2026-10-08
1985-09-01;1985;9;108.100;CPIAUCSL;Consumer Price Index for All Urban Consumers: All Items in U.S. City Average;seasonally_adjusted;Index 1982-1984=100;https://fred.stlouisfed.org/graph/fredgraph.csv?id=CPIAUCSL;2026-10-08
1985-10-01;1985;10;108.500;CPIAUCSL;Consumer Price Index for All Urban Consumers: All Items in U.S. City Average;seasonally_adjusted;Index 1982-1984=100;https://fred.stlouisfed.org/graph/fredgraph.csv?id=CPIAUCSL;2026-10-08
1985-11-01;1985;11;109.000;CPIAUCSL;Consumer Price Index for All Urban Consumers: All Items in U.S. City Average;seasonally_adjusted;Index 1982-1984=100;https://fred.stlouisfed.org/graph/fredgraph.csv?id=CPIAUCSL;2026-10-08
1985-12-01;1985;12;109.500;CPIAUCSL;Consumer Price Index for All Urban Consumers: All Items in U.S. City Average;seasonally_adjusted;Index 1982-1984=100;https://fred.stlouisfed.org/graph/fredgraph.csv?id=CPIAUCSL;2026-10-08
1986-01-01;1986;1;109.900;CPIAUCSL;Consumer Price Index for All Urban Consumers: All Items in U.S. City Average;seasonally_adjusted;Index 1982-1984=100;https://fred.stlouisfed.org/graph/fredgraph.csv?id=CPIAUCSL;2026-10-08
1986-02-01;1986;2;109.700;CPIAUCSL;Consumer Price Index for All Urban Consumers: All Items in U.S. City Average;seasonally_adjusted;Index 1982-1984=100;https://fred.stlouisfed.org/graph/fredgraph.csv?id=CPIAUCSL;2026-10-08
1986-03-01;1986;3;109.100;CPIAUCSL;Consumer Price Index for All Urban Consumers: All Items in U.S. City Average;seasonally_adjusted;Index 1982-1984=100;https://fred.stlouisfed.org/graph/fredgraph.csv?id=CPIAUCSL;2026-10-08
1986-04-01;1986;4;108.700;CPIAUCSL;Consumer Price Index for All Urban Consumers: All Items in U.S. City Average;seasonally_adjusted;Index 1982-1984=100;https://fred.stlouisfed.org/graph/fredgraph.csv?id=CPIAUCSL;2026-10-08
1986-05-01;1986;5;109.000;CPIAUCSL;Consumer Price Index for All Urban Consumers: All Items in U.S. City Average;seasonally_adjusted;Index 1982-1984=100;https://fred.stlouisfed.org/graph/fredgraph.csv?id=CPIAUCSL;2026-10-08
1986-06-01;1986;6;109.400;CPIAUCSL;Consumer Price Index for All Urban Consumers: All Items in U.S. City Average;seasonally_adjusted;Index 1982-1984=100;https://fred.stlouisfed.org/graph/fredgraph.csv?id=CPIAUCSL;2026-10-08
1986-07-01;1986;7;109.500;CPIAUCSL;Consumer Price Index for All Urban Consumers: All Items in U.S. City Average;seasonally_adjusted;Index 1982-1984=100;https://fred.stlouisfed.org/graph/fredgraph.csv?id=CPIAUCSL;2026-10-08
1986-08-01;1986;8;109.600;CPIAUCSL;Consumer Price Index for All Urban Consumers: All Items in U.S. City Average;seasonally_adjusted;Index 1982-1984=100;https://fred.stlouisfed.org/graph/fredgraph.csv?id=CPIAUCSL;2026-10-08
1986-09-01;1986;9;110.000;CPIAUCSL;Consumer Price Index for All Urban Consumers: All Items in U.S. City Average;seasonally_adjusted;Index 1982-1984=100;https://fred.stlouisfed.org/graph/fredgraph.csv?id=CPIAUCSL;2026-10-08
1986-10-01;1986;10;110.200;CPIAUCSL;Consumer Price Index for All Urban Consumers: All Items in U.S. City Average;seasonally_adjusted;Index 1982-1984=100;https://fred.stlouisfed.org/graph/fredgraph.csv?id=CPIAUCSL;2026-10-08
1986-11-01;1986;11;110.400;CPIAUCSL;Consumer Price Index for All Urban Consumers: All Items in U.S. City Average;seasonally_adjusted;Index 1982-1984=100;https://fred.stlouisfed.org/graph/fredgraph.csv?id=CPIAUCSL;2026-10-08
1986-12-01;1986;12;110.800;CPIAUCSL;Consumer Price Index for All Urban Consumers: All Items in U.S. City Average;seasonally_adjusted;Index 1982-1984=100;https://fred.stlouisfed.org/graph/fredgraph.csv?id=CPIAUCSL;2026-10-08
1987-01-01;1987;1;111.400;CPIAUCSL;Consumer Price Index for All Urban Consumers: All Items in U.S. City Average;seasonally_adjusted;Index 1982-1984=100;https://fred.stlouisfed.org/graph/fredgraph.csv?id=CPIAUCSL;2026-10-08
1987-02-01;1987;2;111.800;CPIAUCSL;Consumer Price Index for All Urban Consumers: All Items in U.S. City Average;seasonally_adjusted;Index 1982-1984=100;https://fred.stlouisfed.org/graph/fredgraph.csv?id=CPIAUCSL;2026-10-08
1987-03-01;1987;3;112.200;CPIAUCSL;Consumer Price Index for All Urban Consumers: All Items in U.S. City Average;seasonally_adjusted;Index 1982-1984=100;https://fred.stlouisfed.org/graph/fredgraph.csv?id=CPIAUCSL;2026-10-08
1987-04-01;1987;4;112.700;CPIAUCSL;Consumer Price Index for All Urban Consumers: All Items in U.S. City Average;seasonally_adjusted;Index 1982-1984=100;https://fred.stlouisfed.org/graph/fredgraph.csv?id=CPIAUCSL;2026-10-08
1987-05-01;1987;5;113.000;CPIAUCSL;Consumer Price Index for All Urban Consumers: All Items in U.S. City Average;seasonally_adjusted;Index 1982-1984=100;https://fred.stlouisfed.org/graph/fredgraph.csv?id=CPIAUCSL;2026-10-08
1987-06-01;1987;6;113.500;CPIAUCSL;Consumer Price Index for All Urban Consumers: All Items in U.S. City Average;seasonally_adjusted;Index 1982-1984=100;https://fred.stlouisfed.org/graph/fredgraph.csv?id=CPIAUCSL;2026-10-08
1987-07-01;1987;7;113.800;CPIAUCSL;Consumer Price Index for All Urban Consumers: All Items in U.S. City Average;seasonally_adjusted;Index 1982-1984=100;https://fred.stlouisfed.org/graph/fredgraph.csv?id=CPIAUCSL;2026-10-08
1987-08-01;1987;8;114.300;CPIAUCSL;Consumer Price Index for All Urban Consumers: All Items in U.S. City Average;seasonally_adjusted;Index 1982-1984=100;https://fred.stlouisfed.org/graph/fredgraph.csv?id=CPIAUCSL;2026-10-08
1987-09-01;1987;9;114.700;CPIAUCSL;Consumer Price Index for All Urban Consumers: All Items in U.S. City Average;seasonally_adjusted;Index 1982-1984=100;https://fred.stlouisfed.org/graph/fredgraph.csv?id=CPIAUCSL;2026-10-08
1987-10-01;1987;10;115.000;CPIAUCSL;Consumer Price Index for All Urban Consumers: All Items in U.S. City Average;seasonally_adjusted;Index 1982-1984=100;https://fred.stlouisfed.org/graph/fredgraph.csv?id=CPIAUCSL;2026-10-08
1987-11-01;1987;11;115.400;CPIAUCSL;Consumer Price Index for All Urban Consumers: All Items in U.S. City Average;seasonally_adjusted;Index 1982-1984=100;https://fred.stlouisfed.org/graph/fredgraph.csv?id=CPIAUCSL;2026-10-08
1987-12-01;1987;12;115.600;CPIAUCSL;Consumer Price Index for All Urban Consumers: All Items in U.S. City Average;seasonally_adjusted;Index 1982-1984=100;https://fred.stlouisfed.org/graph/fredgraph.csv?id=CPIAUCSL;2026-10-08
1988-01-01;1988;1;116.000;CPIAUCSL;Consumer Price Index for All Urban Consumers: All Items in U.S. City Average;seasonally_adjusted;Index 1982-1984=100;https://fred.stlouisfed.org/graph/fredgraph.csv?id=CPIAUCSL;2026-10-08
1988-02-01;1988;2;116.200;CPIAUCSL;Consumer Price Index for All Urban Consumers: All Items in U.S. City Average;seasonally_adjusted;Index 1982-1984=100;https://fred.stlouisfed.org/graph/fredgraph.csv?id=CPIAUCSL;2026-10-08
1988-03-01;1988;3;116.500;CPIAUCSL;Consumer Price Index for All Urban Consumers: All Items in U.S. City Average;seasonally_adjusted;Index 1982-1984=100;https://fred.stlouisfed.org/graph/fredgraph.csv?id=CPIAUCSL;2026-10-08
1988-04-01;1988;4;117.200;CPIAUCSL;Consumer Price Index for All Urban Consumers: All Items in U.S. City Average;seasonally_adjusted;Index 1982-1984=100;https://fred.stlouisfed.org/graph/fredgraph.csv?id=CPIAUCSL;2026-10-08
1988-05-01;1988;5;117.500;CPIAUCSL;Consumer Price Index for All Urban Consumers: All Items in U.S. City Average;seasonally_adjusted;Index 1982-1984=100;https://fred.stlouisfed.org/graph/fredgraph.csv?id=CPIAUCSL;2026-10-08
1988-06-01;1988;6;118.000;CPIAUCSL;Consumer Price Index for All Urban Consumers: All Items in U.S. City Average;seasonally_adjusted;Index 1982-1984=100;https://fred.stlouisfed.org/graph/fredgraph.csv?id=CPIAUCSL;2026-10-08
1988-07-01;1988;7;118.500;CPIAUCSL;Consumer Price Index for All Urban Consumers: All Items in U.S. City Average;seasonally_adjusted;Index 1982-1984=100;https://fred.stlouisfed.org/graph/fredgraph.csv?id=CPIAUCSL;2026-10-08
1988-08-01;1988;8;119.000;CPIAUCSL;Consumer Price Index for All Urban Consumers: All Items in U.S. City Average;seasonally_adjusted;Index 1982-1984=100;https://fred.stlouisfed.org/graph/fredgraph.csv?id=CPIAUCSL;2026-10-08
1988-09-01;1988;9;119.500;CPIAUCSL;Consumer Price Index for All Urban Consumers: All Items in U.S. City Average;seasonally_adjusted;Index 1982-1984=100;https://fred.stlouisfed.org/graph/fredgraph.csv?id=CPIAUCSL;2026-10-08
1988-10-01;1988;10;119.900;CPIAUCSL;Consumer Price Index for All Urban Consumers: All Items in U.S. City Average;seasonally_adjusted;Index 1982-1984=100;https://fred.stlouisfed.org/graph/fredgraph.csv?id=CPIAUCSL;2026-10-08
1988-11-01;1988;11;120.300;CPIAUCSL;Consumer Price Index for All Urban Consumers: All Items in U.S. City Average;seasonally_adjusted;Index 1982-1984=100;https://fred.stlouisfed.org/graph/fredgraph.csv?id=CPIAUCSL;2026-10-08
1988-12-01;1988;12;120.700;CPIAUCSL;Consumer Price Index for All Urban Consumers: All Items in U.S. City Average;seasonally_adjusted;Index 1982-1984=100;https://fred.stlouisfed.org/graph/fredgraph.csv?id=CPIAUCSL;2026-10-08
1989-01-01;1989;1;121.200;CPIAUCSL;Consumer Price Index for All Urban Consumers: All Items in U.S. City Average;seasonally_adjusted;Index 1982-1984=100;https://fred.stlouisfed.org/graph/fredgraph.csv?id=CPIAUCSL;2026-10-08
1989-02-01;1989;2;121.600;CPIAUCSL;Consumer Price Index for All Urban Consumers: All Items in U.S. City Average;seasonally_adjusted;Index 1982-1984=100;https://fred.stlouisfed.org/graph/fredgraph.csv?id=CPIAUCSL;2026-10-08
1989-03-01;1989;3;122.200;CPIAUCSL;Consumer Price Index for All Urban Consumers: All Items in U.S. City Average;seasonally_adjusted;Index 1982-1984=100;https://fred.stlouisfed.org/graph/fredgraph.csv?id=CPIAUCSL;2026-10-08
1989-04-01;1989;4;123.100;CPIAUCSL;Consumer Price Index for All Urban Consumers: All Items in U.S. City Average;seasonally_adjusted;Index 1982-1984=100;https://fred.stlouisfed.org/graph/fredgraph.csv?id=CPIAUCSL;2026-10-08
1989-05-01;1989;5;123.700;CPIAUCSL;Consumer Price Index for All Urban Consumers: All Items in U.S. City Average;seasonally_adjusted;Index 1982-1984=100;https://fred.stlouisfed.org/graph/fredgraph.csv?id=CPIAUCSL;2026-10-08
1989-06-01;1989;6;124.100;CPIAUCSL;Consumer Price Index for All Urban Consumers: All Items in U.S. City Average;seasonally_adjusted;Index 1982-1984=100;https://fred.stlouisfed.org/graph/fredgraph.csv?id=CPIAUCSL;2026-10-08
1989-07-01;1989;7;124.500;CPIAUCSL;Consumer Price Index for All Urban Consumers: All Items in U.S. City Average;seasonally_adjusted;Index 1982-1984=100;https://fred.stlouisfed.org/graph/fredgraph.csv?id=CPIAUCSL;2026-10-08
1989-08-01;1989;8;124.500;CPIAUCSL;Consumer Price Index for All Urban Consumers: All Items in U.S. City Average;seasonally_adjusted;Index 1982-1984=100;https://fred.stlouisfed.org/graph/fredgraph.csv?id=CPIAUCSL;2026-10-08
1989-09-01;1989;9;124.800;CPIAUCSL;Consumer Price Index for All Urban Consumers: All Items in U.S. City Average;seasonally_adjusted;Index 1982-1984=100;https://fred.stlouisfed.org/graph/fredgraph.csv?id=CPIAUCSL;2026-10-08
1989-10-01;1989;10;125.400;CPIAUCSL;Consumer Price Index for All Urban Consumers: All Items in U.S. City Average;seasonally_adjusted;Index 1982-1984=100;https://fred.stlouisfed.org/graph/fredgraph.csv?id=CPIAUCSL;2026-10-08
1989-11-01;1989;11;125.900;CPIAUCSL;Consumer Price Index for All Urban Consumers: All Items in U.S. City Average;seasonally_adjusted;Index 1982-1984=100;https://fred.stlouisfed.org/graph/fredgraph.csv?id=CPIAUCSL;2026-10-08
1989-12-01;1989;12;126.300;CPIAUCSL;Consumer Price Index for All Urban Consumers: All Items in U.S. City Average;seasonally_adjusted;Index 1982-1984=100;https://fred.stlouisfed.org/graph/fredgraph.csv?id=CPIAUCSL;2026-10-08
1990-01-01;1990;1;127.500;CPIAUCSL;Consumer Price Index for All Urban Consumers: All Items in U.S. City Average;seasonally_adjusted;Index 1982-1984=100;https://fred.stlouisfed.org/graph/fredgraph.csv?id=CPIAUCSL;2026-10-08
1990-02-01;1990;2;128.000;CPIAUCSL;Consumer Price Index for All Urban Consumers: All Items in U.S. City Average;seasonally_adjusted;Index 1982-1984=100;https://fred.stlouisfed.org/graph/fredgraph.csv?id=CPIAUCSL;2026-10-08
1990-03-01;1990;3;128.600;CPIAUCSL;Consumer Price Index for All Urban Consumers: All Items in U.S. City Average;seasonally_adjusted;Index 1982-1984=100;https://fred.stlouisfed.org/graph/fredgraph.csv?id=CPIAUCSL;2026-10-08
1990-04-01;1990;4;128.900;CPIAUCSL;Consumer Price Index for All Urban Consumers: All Items in U.S. City Average;seasonally_adjusted;Index 1982-1984=100;https://fred.stlouisfed.org/graph/fredgraph.csv?id=CPIAUCSL;2026-10-08
1990-05-01;1990;5;129.100;CPIAUCSL;Consumer Price Index for All Urban Consumers: All Items in U.S. City Average;seasonally_adjusted;Index 1982-1984=100;https://fred.stlouisfed.org/graph/fredgraph.csv?id=CPIAUCSL;2026-10-08
1990-06-01;1990;6;129.900;CPIAUCSL;Consumer Price Index for All Urban Consumers: All Items in U.S. City Average;seasonally_adjusted;Index 1982-1984=100;https://fred.stlouisfed.org/graph/fredgraph.csv?id=CPIAUCSL;2026-10-08
1990-07-01;1990;7;130.500;CPIAUCSL;Consumer Price Index for All Urban Consumers: All Items in U.S. City Average;seasonally_adjusted;Index 1982-1984=100;https://fred.stlouisfed.org/graph/fredgraph.csv?id=CPIAUCSL;2026-10-08
1990-08-01;1990;8;131.600;CPIAUCSL;Consumer Price Index for All Urban Consumers: All Items in U.S. City Average;seasonally_adjusted;Index 1982-1984=100;https://fred.stlouisfed.org/graph/fredgraph.csv?id=CPIAUCSL;2026-10-08
1990-09-01;1990;9;132.500;CPIAUCSL;Consumer Price Index for All Urban Consumers: All Items in U.S. City Average;seasonally_adjusted;Index 1982-1984=100;https://fred.stlouisfed.org/graph/fredgraph.csv?id=CPIAUCSL;2026-10-08
1990-10-01;1990;10;133.400;CPIAUCSL;Consumer Price Index for All Urban Consumers: All Items in U.S. City Average;seasonally_adjusted;Index 1982-1984=100;https://fred.stlouisfed.org/graph/fredgraph.csv?id=CPIAUCSL;2026-10-08
1990-11-01;1990;11;133.700;CPIAUCSL;Consumer Price Index for All Urban Consumers: All Items in U.S. City Average;seasonally_adjusted;Index 1982-1984=100;https://fred.stlouisfed.org/graph/fredgraph.csv?id=CPIAUCSL;2026-10-08
1990-12-01;1990;12;134.200;CPIAUCSL;Consumer Price Index for All Urban Consumers: All Items in U.S. City Average;seasonally_adjusted;Index 1982-1984=100;https://fred.stlouisfed.org/graph/fredgraph.csv?id=CPIAUCSL;2026-10-08
1991-01-01;1991;1;134.700;CPIAUCSL;Consumer Price Index for All Urban Consumers: All Items in U.S. City Average;seasonally_adjusted;Index 1982-1984=100;https://fred.stlouisfed.org/graph/fredgraph.csv?id=CPIAUCSL;2026-10-08
1991-02-01;1991;2;134.800;CPIAUCSL;Consumer Price Index for All Urban Consumers: All Items in U.S. City Average;seasonally_adjusted;Index 1982-1984=100;https://fred.stlouisfed.org/graph/fredgraph.csv?id=CPIAUCSL;2026-10-08
1991-03-01;1991;3;134.800;CPIAUCSL;Consumer Price Index for All Urban Consumers: All Items in U.S. City Average;seasonally_adjusted;Index 1982-1984=100;https://fred.stlouisfed.org/graph/fredgraph.csv?id=CPIAUCSL;2026-10-08
1991-04-01;1991;4;135.100;CPIAUCSL;Consumer Price Index for All Urban Consumers: All Items in U.S. City Average;seasonally_adjusted;Index 1982-1984=100;https://fred.stlouisfed.org/graph/fredgraph.csv?id=CPIAUCSL;2026-10-08
1991-05-01;1991;5;135.600;CPIAUCSL;Consumer Price Index for All Urban Consumers: All Items in U.S. City Average;seasonally_adjusted;Index 1982-1984=100;https://fred.stlouisfed.org/graph/fredgraph.csv?id=CPIAUCSL;2026-10-08
1991-06-01;1991;6;136.000;CPIAUCSL;Consumer Price Index for All Urban Consumers: All Items in U.S. City Average;seasonally_adjusted;Index 1982-1984=100;https://fred.stlouisfed.org/graph/fredgraph.csv?id=CPIAUCSL;2026-10-08
1991-07-01;1991;7;136.200;CPIAUCSL;Consumer Price Index for All Urban Consumers: All Items in U.S. City Average;seasonally_adjusted;Index 1982-1984=100;https://fred.stlouisfed.org/graph/fredgraph.csv?id=CPIAUCSL;2026-10-08
1991-08-01;1991;8;136.600;CPIAUCSL;Consumer Price Index for All Urban Consumers: All Items in U.S. City Average;seasonally_adjusted;Index 1982-1984=100;https://fred.stlouisfed.org/graph/fredgraph.csv?id=CPIAUCSL;2026-10-08
1991-09-01;1991;9;137.000;CPIAUCSL;Consumer Price Index for All Urban Consumers: All Items in U.S. City Average;seasonally_adjusted;Index 1982-1984=100;https://fred.stlouisfed.org/graph/fredgraph.csv?id=CPIAUCSL;2026-10-08
1991-10-01;1991;10;137.200;CPIAUCSL;Consumer Price Index for All Urban Consumers: All Items in U.S. City Average;seasonally_adjusted;Index 1982-1984=100;https://fred.stlouisfed.org/graph/fredgraph.csv?id=CPIAUCSL;2026-10-08
1991-11-01;1991;11;137.800;CPIAUCSL;Consumer Price Index for All Urban Consumers: All Items in U.S. City Average;seasonally_adjusted;Index 1982-1984=100;https://fred.stlouisfed.org/graph/fredgraph.csv?id=CPIAUCSL;2026-10-08
1991-12-01;1991;12;138.200;CPIAUCSL;Consumer Price Index for All Urban Consumers: All Items in U.S. City Average;seasonally_adjusted;Index 1982-1984=100;https://fred.stlouisfed.org/graph/fredgraph.csv?id=CPIAUCSL;2026-10-08
1992-01-01;1992;1;138.300;CPIAUCSL;Consumer Price Index for All Urban Consumers: All Items in U.S. City Average;seasonally_adjusted;Index 1982-1984=100;https://fred.stlouisfed.org/graph/fredgraph.csv?id=CPIAUCSL;2026-10-08
1992-02-01;1992;2;138.600;CPIAUCSL;Consumer Price Index for All Urban Consumers: All Items in U.S. City Average;seasonally_adjusted;Index 1982-1984=100;https://fred.stlouisfed.org/graph/fredgraph.csv?id=CPIAUCSL;2026-10-08
1992-03-01;1992;3;139.100;CPIAUCSL;Consumer Price Index for All Urban Consumers: All Items in U.S. City Average;seasonally_adjusted;Index 1982-1984=100;https://fred.stlouisfed.org/graph/fredgraph.csv?id=CPIAUCSL;2026-10-08
1992-04-01;1992;4;139.400;CPIAUCSL;Consumer Price Index for All Urban Consumers: All Items in U.S. City Average;seasonally_adjusted;Index 1982-1984=100;https://fred.stlouisfed.org/graph/fredgraph.csv?id=CPIAUCSL;2026-10-08
1992-05-01;1992;5;139.700;CPIAUCSL;Consumer Price Index for All Urban Consumers: All Items in U.S. City Average;seasonally_adjusted;Index 1982-1984=100;https://fred.stlouisfed.org/graph/fredgraph.csv?id=CPIAUCSL;2026-10-08
1992-06-01;1992;6;140.100;CPIAUCSL;Consumer Price Index for All Urban Consumers: All Items in U.S. City Average;seasonally_adjusted;Index 1982-1984=100;https://fred.stlouisfed.org/graph/fredgraph.csv?id=CPIAUCSL;2026-10-08
1992-07-01;1992;7;140.500;CPIAUCSL;Consumer Price Index for All Urban Consumers: All Items in U.S. City Average;seasonally_adjusted;Index 1982-1984=100;https://fred.stlouisfed.org/graph/fredgraph.csv?id=CPIAUCSL;2026-10-08
1992-08-01;1992;8;140.800;CPIAUCSL;Consumer Price Index for All Urban Consumers: All Items in U.S. City Average;seasonally_adjusted;Index 1982-1984=100;https://fred.stlouisfed.org/graph/fredgraph.csv?id=CPIAUCSL;2026-10-08
1992-09-01;1992;9;141.100;CPIAUCSL;Consumer Price Index for All Urban Consumers: All Items in U.S. City Average;seasonally_adjusted;Index 1982-1984=100;https://fred.stlouisfed.org/graph/fredgraph.csv?id=CPIAUCSL;2026-10-08
1992-10-01;1992;10;141.700;CPIAUCSL;Consumer Price Index for All Urban Consumers: All Items in U.S. City Average;seasonally_adjusted;Index 1982-1984=100;https://fred.stlouisfed.org/graph/fredgraph.csv?id=CPIAUCSL;2026-10-08
1992-11-01;1992;11;142.100;CPIAUCSL;Consumer Price Index for All Urban Consumers: All Items in U.S. City Average;seasonally_adjusted;Index 1982-1984=100;https://fred.stlouisfed.org/graph/fredgraph.csv?id=CPIAUCSL;2026-10-08
1992-12-01;1992;12;142.300;CPIAUCSL;Consumer Price Index for All Urban Consumers: All Items in U.S. City Average;seasonally_adjusted;Index 1982-1984=100;https://fred.stlouisfed.org/graph/fredgraph.csv?id=CPIAUCSL;2026-10-08
1993-01-01;1993;1;142.800;CPIAUCSL;Consumer Price Index for All Urban Consumers: All Items in U.S. City Average;seasonally_adjusted;Index 1982-1984=100;https://fred.stlouisfed.org/graph/fredgraph.csv?id=CPIAUCSL;2026-10-08
1993-02-01;1993;2;143.100;CPIAUCSL;Consumer Price Index for All Urban Consumers: All Items in U.S. City Average;seasonally_adjusted;Index 1982-1984=100;https://fred.stlouisfed.org/graph/fredgraph.csv?id=CPIAUCSL;2026-10-08
1993-03-01;1993;3;143.300;CPIAUCSL;Consumer Price Index for All Urban Consumers: All Items in U.S. City Average;seasonally_adjusted;Index 1982-1984=100;https://fred.stlouisfed.org/graph/fredgraph.csv?id=CPIAUCSL;2026-10-08
1993-04-01;1993;4;143.800;CPIAUCSL;Consumer Price Index for All Urban Consumers: All Items in U.S. City Average;seasonally_adjusted;Index 1982-1984=100;https://fred.stlouisfed.org/graph/fredgraph.csv?id=CPIAUCSL;2026-10-08
1993-05-01;1993;5;144.200;CPIAUCSL;Consumer Price Index for All Urban Consumers: All Items in U.S. City Average;seasonally_adjusted;Index 1982-1984=100;https://fred.stlouisfed.org/graph/fredgraph.csv?id=CPIAUCSL;2026-10-08
1993-06-01;1993;6;144.300;CPIAUCSL;Consumer Price Index for All Urban Consumers: All Items in U.S. City Average;seasonally_adjusted;Index 1982-1984=100;https://fred.stlouisfed.org/graph/fredgraph.csv?id=CPIAUCSL;2026-10-08
1993-07-01;1993;7;144.500;CPIAUCSL;Consumer Price Index for All Urban Consumers: All Items in U.S. City Average;seasonally_adjusted;Index 1982-1984=100;https://fred.stlouisfed.org/graph/fredgraph.csv?id=CPIAUCSL;2026-10-08
1993-08-01;1993;8;144.800;CPIAUCSL;Consumer Price Index for All Urban Consumers: All Items in U.S. City Average;seasonally_adjusted;Index 1982-1984=100;https://fred.stlouisfed.org/graph/fredgraph.csv?id=CPIAUCSL;2026-10-08
1993-09-01;1993;9;145.000;CPIAUCSL;Consumer Price Index for All Urban Consumers: All Items in U.S. City Average;seasonally_adjusted;Index 1982-1984=100;https://fred.stlouisfed.org/graph/fredgraph.csv?id=CPIAUCSL;2026-10-08
1993-10-01;1993;10;145.600;CPIAUCSL;Consumer Price Index for All Urban Consumers: All Items in U.S. City Average;seasonally_adjusted;Index 1982-1984=100;https://fred.stlouisfed.org/graph/fredgraph.csv?id=CPIAUCSL;2026-10-08
1993-11-01;1993;11;146.000;CPIAUCSL;Consumer Price Index for All Urban Consumers: All Items in U.S. City Average;seasonally_adjusted;Index 1982-1984=100;https://fred.stlouisfed.org/graph/fredgraph.csv?id=CPIAUCSL;2026-10-08
1993-12-01;1993;12;146.300;CPIAUCSL;Consumer Price Index for All Urban Consumers: All Items in U.S. City Average;seasonally_adjusted;Index 1982-1984=100;https://fred.stlouisfed.org/graph/fredgraph.csv?id=CPIAUCSL;2026-10-08
1994-01-01;1994;1;146.300;CPIAUCSL;Consumer Price Index for All Urban Consumers: All Items in U.S. City Average;seasonally_adjusted;Index 1982-1984=100;https://fred.stlouisfed.org/graph/fredgraph.csv?id=CPIAUCSL;2026-10-08
1994-02-01;1994;2;146.700;CPIAUCSL;Consumer Price Index for All Urban Consumers: All Items in U.S. City Average;seasonally_adjusted;Index 1982-1984=100;https://fred.stlouisfed.org/graph/fredgraph.csv?id=CPIAUCSL;2026-10-08
1994-03-01;1994;3;147.100;CPIAUCSL;Consumer Price Index for All Urban Consumers: All Items in U.S. City Average;seasonally_adjusted;Index 1982-1984=100;https://fred.stlouisfed.org/graph/fredgraph.csv?id=CPIAUCSL;2026-10-08
1994-04-01;1994;4;147.200;CPIAUCSL;Consumer Price Index for All Urban Consumers: All Items in U.S. City Average;seasonally_adjusted;Index 1982-1984=100;https://fred.stlouisfed.org/graph/fredgraph.csv?id=CPIAUCSL;2026-10-08
1994-05-01;1994;5;147.500;CPIAUCSL;Consumer Price Index for All Urban Consumers: All Items in U.S. City Average;seasonally_adjusted;Index 1982-1984=100;https://fred.stlouisfed.org/graph/fredgraph.csv?id=CPIAUCSL;2026-10-08
1994-06-01;1994;6;147.900;CPIAUCSL;Consumer Price Index for All Urban Consumers: All Items in U.S. City Average;seasonally_adjusted;Index 1982-1984=100;https://fred.stlouisfed.org/graph/fredgraph.csv?id=CPIAUCSL;2026-10-08
1994-07-01;1994;7;148.400;CPIAUCSL;Consumer Price Index for All Urban Consumers: All Items in U.S. City Average;seasonally_adjusted;Index 1982-1984=100;https://fred.stlouisfed.org/graph/fredgraph.csv?id=CPIAUCSL;2026-10-08
1994-08-01;1994;8;149.000;CPIAUCSL;Consumer Price Index for All Urban Consumers: All Items in U.S. City Average;seasonally_adjusted;Index 1982-1984=100;https://fred.stlouisfed.org/graph/fredgraph.csv?id=CPIAUCSL;2026-10-08
1994-09-01;1994;9;149.300;CPIAUCSL;Consumer Price Index for All Urban Consumers: All Items in U.S. City Average;seasonally_adjusted;Index 1982-1984=100;https://fred.stlouisfed.org/graph/fredgraph.csv?id=CPIAUCSL;2026-10-08
1994-10-01;1994;10;149.400;CPIAUCSL;Consumer Price Index for All Urban Consumers: All Items in U.S. City Average;seasonally_adjusted;Index 1982-1984=100;https://fred.stlouisfed.org/graph/fredgraph.csv?id=CPIAUCSL;2026-10-08
1994-11-01;1994;11;149.800;CPIAUCSL;Consumer Price Index for All Urban Consumers: All Items in U.S. City Average;seasonally_adjusted;Index 1982-1984=100;https://fred.stlouisfed.org/graph/fredgraph.csv?id=CPIAUCSL;2026-10-08
1994-12-01;1994;12;150.100;CPIAUCSL;Consumer Price Index for All Urban Consumers: All Items in U.S. City Average;seasonally_adjusted;Index 1982-1984=100;https://fred.stlouisfed.org/graph/fredgraph.csv?id=CPIAUCSL;2026-10-08
1995-01-01;1995;1;150.500;CPIAUCSL;Consumer Price Index for All Urban Consumers: All Items in U.S. City Average;seasonally_adjusted;Index 1982-1984=100;https://fred.stlouisfed.org/graph/fredgraph.csv?id=CPIAUCSL;2026-10-08
1995-02-01;1995;2;150.900;CPIAUCSL;Consumer Price Index for All Urban Consumers: All Items in U.S. City Average;seasonally_adjusted;Index 1982-1984=100;https://fred.stlouisfed.org/graph/fredgraph.csv?id=CPIAUCSL;2026-10-08
1995-03-01;1995;3;151.200;CPIAUCSL;Consumer Price Index for All Urban Consumers: All Items in U.S. City Average;seasonally_adjusted;Index 1982-1984=100;https://fred.stlouisfed.org/graph/fredgraph.csv?id=CPIAUCSL;2026-10-08
1995-04-01;1995;4;151.800;CPIAUCSL;Consumer Price Index for All Urban Consumers: All Items in U.S. City Average;seasonally_adjusted;Index 1982-1984=100;https://fred.stlouisfed.org/graph/fredgraph.csv?id=CPIAUCSL;2026-10-08
1995-05-01;1995;5;152.100;CPIAUCSL;Consumer Price Index for All Urban Consumers: All Items in U.S. City Average;seasonally_adjusted;Index 1982-1984=100;https://fred.stlouisfed.org/graph/fredgraph.csv?id=CPIAUCSL;2026-10-08
1995-06-01;1995;6;152.400;CPIAUCSL;Consumer Price Index for All Urban Consumers: All Items in U.S. City Average;seasonally_adjusted;Index 1982-1984=100;https://fred.stlouisfed.org/graph/fredgraph.csv?id=CPIAUCSL;2026-10-08
1995-07-01;1995;7;152.600;CPIAUCSL;Consumer Price Index for All Urban Consumers: All Items in U.S. City Average;seasonally_adjusted;Index 1982-1984=100;https://fred.stlouisfed.org/graph/fredgraph.csv?id=CPIAUCSL;2026-10-08
1995-08-01;1995;8;152.900;CPIAUCSL;Consumer Price Index for All Urban Consumers: All Items in U.S. City Average;seasonally_adjusted;Index 1982-1984=100;https://fred.stlouisfed.org/graph/fredgraph.csv?id=CPIAUCSL;2026-10-08
1995-09-01;1995;9;153.100;CPIAUCSL;Consumer Price Index for All Urban Consumers: All Items in U.S. City Average;seasonally_adjusted;Index 1982-1984=100;https://fred.stlouisfed.org/graph/fredgraph.csv?id=CPIAUCSL;2026-10-08
1995-10-01;1995;10;153.500;CPIAUCSL;Consumer Price Index for All Urban Consumers: All Items in U.S. City Average;seasonally_adjusted;Index 1982-1984=100;https://fred.stlouisfed.org/graph/fredgraph.csv?id=CPIAUCSL;2026-10-08
1995-11-01;1995;11;153.700;CPIAUCSL;Consumer Price Index for All Urban Consumers: All Items in U.S. City Average;seasonally_adjusted;Index 1982-1984=100;https://fred.stlouisfed.org/graph/fredgraph.csv?id=CPIAUCSL;2026-10-08
1995-12-01;1995;12;153.900;CPIAUCSL;Consumer Price Index for All Urban Consumers: All Items in U.S. City Average;seasonally_adjusted;Index 1982-1984=100;https://fred.stlouisfed.org/graph/fredgraph.csv?id=CPIAUCSL;2026-10-08
1996-01-01;1996;1;154.700;CPIAUCSL;Consumer Price Index for All Urban Consumers: All Items in U.S. City Average;seasonally_adjusted;Index 1982-1984=100;https://fred.stlouisfed.org/graph/fredgraph.csv?id=CPIAUCSL;2026-10-08
1996-02-01;1996;2;155.000;CPIAUCSL;Consumer Price Index for All Urban Consumers: All Items in U.S. City Average;seasonally_adjusted;Index 1982-1984=100;https://fred.stlouisfed.org/graph/fredgraph.csv?id=CPIAUCSL;2026-10-08
1996-03-01;1996;3;155.500;CPIAUCSL;Consumer Price Index for All Urban Consumers: All Items in U.S. City Average;seasonally_adjusted;Index 1982-1984=100;https://fred.stlouisfed.org/graph/fredgraph.csv?id=CPIAUCSL;2026-10-08
1996-04-01;1996;4;156.100;CPIAUCSL;Consumer Price Index for All Urban Consumers: All Items in U.S. City Average;seasonally_adjusted;Index 1982-1984=100;https://fred.stlouisfed.org/graph/fredgraph.csv?id=CPIAUCSL;2026-10-08
1996-05-01;1996;5;156.400;CPIAUCSL;Consumer Price Index for All Urban Consumers: All Items in U.S. City Average;seasonally_adjusted;Index 1982-1984=100;https://fred.stlouisfed.org/graph/fredgraph.csv?id=CPIAUCSL;2026-10-08
1996-06-01;1996;6;156.700;CPIAUCSL;Consumer Price Index for All Urban Consumers: All Items in U.S. City Average;seasonally_adjusted;Index 1982-1984=100;https://fred.stlouisfed.org/graph/fredgraph.csv?id=CPIAUCSL;2026-10-08
1996-07-01;1996;7;157.000;CPIAUCSL;Consumer Price Index for All Urban Consumers: All Items in U.S. City Average;seasonally_adjusted;Index 1982-1984=100;https://fred.stlouisfed.org/graph/fredgraph.csv?id=CPIAUCSL;2026-10-08
1996-08-01;1996;8;157.200;CPIAUCSL;Consumer Price Index for All Urban Consumers: All Items in U.S. City Average;seasonally_adjusted;Index 1982-1984=100;https://fred.stlouisfed.org/graph/fredgraph.csv?id=CPIAUCSL;2026-10-08
1996-09-01;1996;9;157.700;CPIAUCSL;Consumer Price Index for All Urban Consumers: All Items in U.S. City Average;seasonally_adjusted;Index 1982-1984=100;https://fred.stlouisfed.org/graph/fredgraph.csv?id=CPIAUCSL;2026-10-08
1996-10-01;1996;10;158.200;CPIAUCSL;Consumer Price Index for All Urban Consumers: All Items in U.S. City Average;seasonally_adjusted;Index 1982-1984=100;https://fred.stlouisfed.org/graph/fredgraph.csv?id=CPIAUCSL;2026-10-08
1996-11-01;1996;11;158.700;CPIAUCSL;Consumer Price Index for All Urban Consumers: All Items in U.S. City Average;seasonally_adjusted;Index 1982-1984=100;https://fred.stlouisfed.org/graph/fredgraph.csv?id=CPIAUCSL;2026-10-08
1996-12-01;1996;12;159.100;CPIAUCSL;Consumer Price Index for All Urban Consumers: All Items in U.S. City Average;seasonally_adjusted;Index 1982-1984=100;https://fred.stlouisfed.org/graph/fredgraph.csv?id=CPIAUCSL;2026-10-08
1997-01-01;1997;1;159.400;CPIAUCSL;Consumer Price Index for All Urban Consumers: All Items in U.S. City Average;seasonally_adjusted;Index 1982-1984=100;https://fred.stlouisfed.org/graph/fredgraph.csv?id=CPIAUCSL;2026-10-08
1997-02-01;1997;2;159.700;CPIAUCSL;Consumer Price Index for All Urban Consumers: All Items in U.S. City Average;seasonally_adjusted;Index 1982-1984=100;https://fred.stlouisfed.org/graph/fredgraph.csv?id=CPIAUCSL;2026-10-08
1997-03-01;1997;3;159.800;CPIAUCSL;Consumer Price Index for All Urban Consumers: All Items in U.S. City Average;seasonally_adjusted;Index 1982-1984=100;https://fred.stlouisfed.org/graph/fredgraph.csv?id=CPIAUCSL;2026-10-08
1997-04-01;1997;4;159.900;CPIAUCSL;Consumer Price Index for All Urban Consumers: All Items in U.S. City Average;seasonally_adjusted;Index 1982-1984=100;https://fred.stlouisfed.org/graph/fredgraph.csv?id=CPIAUCSL;2026-10-08
1997-05-01;1997;5;159.900;CPIAUCSL;Consumer Price Index for All Urban Consumers: All Items in U.S. City Average;seasonally_adjusted;Index 1982-1984=100;https://fred.stlouisfed.org/graph/fredgraph.csv?id=CPIAUCSL;2026-10-08
1997-06-01;1997;6;160.200;CPIAUCSL;Consumer Price Index for All Urban Consumers: All Items in U.S. City Average;seasonally_adjusted;Index 1982-1984=100;https://fred.stlouisfed.org/graph/fredgraph.csv?id=CPIAUCSL;2026-10-08
1997-07-01;1997;7;160.400;CPIAUCSL;Consumer Price Index for All Urban Consumers: All Items in U.S. City Average;seasonally_adjusted;Index 1982-1984=100;https://fred.stlouisfed.org/graph/fredgraph.csv?id=CPIAUCSL;2026-10-08
1997-08-01;1997;8;160.800;CPIAUCSL;Consumer Price Index for All Urban Consumers: All Items in U.S. City Average;seasonally_adjusted;Index 1982-1984=100;https://fred.stlouisfed.org/graph/fredgraph.csv?id=CPIAUCSL;2026-10-08
1997-09-01;1997;9;161.200;CPIAUCSL;Consumer Price Index for All Urban Consumers: All Items in U.S. City Average;seasonally_adjusted;Index 1982-1984=100;https://fred.stlouisfed.org/graph/fredgraph.csv?id=CPIAUCSL;2026-10-08
1997-10-01;1997;10;161.500;CPIAUCSL;Consumer Price Index for All Urban Consumers: All Items in U.S. City Average;seasonally_adjusted;Index 1982-1984=100;https://fred.stlouisfed.org/graph/fredgraph.csv?id=CPIAUCSL;2026-10-08
1997-11-01;1997;11;161.700;CPIAUCSL;Consumer Price Index for All Urban Consumers: All Items in U.S. City Average;seasonally_adjusted;Index 1982-1984=100;https://fred.stlouisfed.org/graph/fredgraph.csv?id=CPIAUCSL;2026-10-08
1997-12-01;1997;12;161.800;CPIAUCSL;Consumer Price Index for All Urban Consumers: All Items in U.S. City Average;seasonally_adjusted;Index 1982-1984=100;https://fred.stlouisfed.org/graph/fredgraph.csv?id=CPIAUCSL;2026-10-08
1998-01-01;1998;1;162.000;CPIAUCSL;Consumer Price Index for All Urban Consumers: All Items in U.S. City Average;seasonally_adjusted;Index 1982-1984=100;https://fred.stlouisfed.org/graph/fredgraph.csv?id=CPIAUCSL;2026-10-08
1998-02-01;1998;2;162.000;CPIAUCSL;Consumer Price Index for All Urban Consumers: All Items in U.S. City Average;seasonally_adjusted;Index 1982-1984=100;https://fred.stlouisfed.org/graph/fredgraph.csv?id=CPIAUCSL;2026-10-08
1998-03-01;1998;3;162.000;CPIAUCSL;Consumer Price Index for All Urban Consumers: All Items in U.S. City Average;seasonally_adjusted;Index 1982-1984=100;https://fred.stlouisfed.org/graph/fredgraph.csv?id=CPIAUCSL;2026-10-08
1998-04-01;1998;4;162.200;CPIAUCSL;Consumer Price Index for All Urban Consumers: All Items in U.S. City Average;seasonally_adjusted;Index 1982-1984=100;https://fred.stlouisfed.org/graph/fredgraph.csv?id=CPIAUCSL;2026-10-08
1998-05-01;1998;5;162.600;CPIAUCSL;Consumer Price Index for All Urban Consumers: All Items in U.S. City Average;seasonally_adjusted;Index 1982-1984=100;https://fred.stlouisfed.org/graph/fredgraph.csv?id=CPIAUCSL;2026-10-08
1998-06-01;1998;6;162.800;CPIAUCSL;Consumer Price Index for All Urban Consumers: All Items in U.S. City Average;seasonally_adjusted;Index 1982-1984=100;https://fred.stlouisfed.org/graph/fredgraph.csv?id=CPIAUCSL;2026-10-08
1998-07-01;1998;7;163.200;CPIAUCSL;Consumer Price Index for All Urban Consumers: All Items in U.S. City Average;seasonally_adjusted;Index 1982-1984=100;https://fred.stlouisfed.org/graph/fredgraph.csv?id=CPIAUCSL;2026-10-08
1998-08-01;1998;8;163.400;CPIAUCSL;Consumer Price Index for All Urban Consumers: All Items in U.S. City Average;seasonally_adjusted;Index 1982-1984=100;https://fred.stlouisfed.org/graph/fredgraph.csv?id=CPIAUCSL;2026-10-08
1998-09-01;1998;9;163.500;CPIAUCSL;Consumer Price Index for All Urban Consumers: All Items in U.S. City Average;seasonally_adjusted;Index 1982-1984=100;https://fred.stlouisfed.org/graph/fredgraph.csv?id=CPIAUCSL;2026-10-08
1998-10-01;1998;10;163.900;CPIAUCSL;Consumer Price Index for All Urban Consumers: All Items in U.S. City Average;seasonally_adjusted;Index 1982-1984=100;https://fred.stlouisfed.org/graph/fredgraph.csv?id=CPIAUCSL;2026-10-08
1998-11-01;1998;11;164.100;CPIAUCSL;Consumer Price Index for All Urban Consumers: All Items in U.S. City Average;seasonally_adjusted;Index 1982-1984=100;https://fred.stlouisfed.org/graph/fredgraph.csv?id=CPIAUCSL;2026-10-08
1998-12-01;1998;12;164.400;CPIAUCSL;Consumer Price Index for All Urban Consumers: All Items in U.S. City Average;seasonally_adjusted;Index 1982-1984=100;https://fred.stlouisfed.org/graph/fredgraph.csv?id=CPIAUCSL;2026-10-08
1999-01-01;1999;1;164.700;CPIAUCSL;Consumer Price Index for All Urban Consumers: All Items in U.S. City Average;seasonally_adjusted;Index 1982-1984=100;https://fred.stlouisfed.org/graph/fredgraph.csv?id=CPIAUCSL;2026-10-08
1999-02-01;1999;2;164.700;CPIAUCSL;Consumer Price Index for All Urban Consumers: All Items in U.S. City Average;seasonally_adjusted;Index 1982-1984=100;https://fred.stlouisfed.org/graph/fredgraph.csv?id=CPIAUCSL;2026-10-08
1999-03-01;1999;3;164.800;CPIAUCSL;Consumer Price Index for All Urban Consumers: All Items in U.S. City Average;seasonally_adjusted;Index 1982-1984=100;https://fred.stlouisfed.org/graph/fredgraph.csv?id=CPIAUCSL;2026-10-08
1999-04-01;1999;4;165.900;CPIAUCSL;Consumer Price Index for All Urban Consumers: All Items in U.S. City Average;seasonally_adjusted;Index 1982-1984=100;https://fred.stlouisfed.org/graph/fredgraph.csv?id=CPIAUCSL;2026-10-08
1999-05-01;1999;5;166.000;CPIAUCSL;Consumer Price Index for All Urban Consumers: All Items in U.S. City Average;seasonally_adjusted;Index 1982-1984=100;https://fred.stlouisfed.org/graph/fredgraph.csv?id=CPIAUCSL;2026-10-08
1999-06-01;1999;6;166.000;CPIAUCSL;Consumer Price Index for All Urban Consumers: All Items in U.S. City Average;seasonally_adjusted;Index 1982-1984=100;https://fred.stlouisfed.org/graph/fredgraph.csv?id=CPIAUCSL;2026-10-08
1999-07-01;1999;7;166.700;CPIAUCSL;Consumer Price Index for All Urban Consumers: All Items in U.S. City Average;seasonally_adjusted;Index 1982-1984=100;https://fred.stlouisfed.org/graph/fredgraph.csv?id=CPIAUCSL;2026-10-08
1999-08-01;1999;8;167.100;CPIAUCSL;Consumer Price Index for All Urban Consumers: All Items in U.S. City Average;seasonally_adjusted;Index 1982-1984=100;https://fred.stlouisfed.org/graph/fredgraph.csv?id=CPIAUCSL;2026-10-08
1999-09-01;1999;9;167.800;CPIAUCSL;Consumer Price Index for All Urban Consumers: All Items in U.S. City Average;seasonally_adjusted;Index 1982-1984=100;https://fred.stlouisfed.org/graph/fredgraph.csv?id=CPIAUCSL;2026-10-08
1999-10-01;1999;10;168.100;CPIAUCSL;Consumer Price Index for All Urban Consumers: All Items in U.S. City Average;seasonally_adjusted;Index 1982-1984=100;https://fred.stlouisfed.org/graph/fredgraph.csv?id=CPIAUCSL;2026-10-08
1999-11-01;1999;11;168.400;CPIAUCSL;Consumer Price Index for All Urban Consumers: All Items in U.S. City Average;seasonally_adjusted;Index 1982-1984=100;https://fred.stlouisfed.org/graph/fredgraph.csv?id=CPIAUCSL;2026-10-08
1999-12-01;1999;12;168.800;CPIAUCSL;Consumer Price Index for All Urban Consumers: All Items in U.S. City Average;seasonally_adjusted;Index 1982-1984=100;https://fred.stlouisfed.org/graph/fredgraph.csv?id=CPIAUCSL;2026-10-08
2000-01-01;2000;1;169.300;CPIAUCSL;Consumer Price Index for All Urban Consumers: All Items in U.S. City Average;seasonally_adjusted;Index 1982-1984=100;https://fred.stlouisfed.org/graph/fredgraph.csv?id=CPIAUCSL;2026-10-08
2000-02-01;2000;2;170.000;CPIAUCSL;Consumer Price Index for All Urban Consumers: All Items in U.S. City Average;seasonally_adjusted;Index 1982-1984=100;https://fred.stlouisfed.org/graph/fredgraph.csv?id=CPIAUCSL;2026-10-08
2000-03-01;2000;3;171.000;CPIAUCSL;Consumer Price Index for All Urban Consumers: All Items in U.S. City Average;seasonally_adjusted;Index 1982-1984=100;https://fred.stlouisfed.org/graph/fredgraph.csv?id=CPIAUCSL;2026-10-08
2000-04-01;2000;4;170.900;CPIAUCSL;Consumer Price Index for All Urban Consumers: All Items in U.S. City Average;seasonally_adjusted;Index 1982-1984=100;https://fred.stlouisfed.org/graph/fredgraph.csv?id=CPIAUCSL;2026-10-08
2000-05-01;2000;5;171.200;CPIAUCSL;Consumer Price Index for All Urban Consumers: All Items in U.S. City Average;seasonally_adjusted;Index 1982-1984=100;https://fred.stlouisfed.org/graph/fredgraph.csv?id=CPIAUCSL;2026-10-08
2000-06-01;2000;6;172.200;CPIAUCSL;Consumer Price Index for All Urban Consumers: All Items in U.S. City Average;seasonally_adjusted;Index 1982-1984=100;https://fred.stlouisfed.org/graph/fredgraph.csv?id=CPIAUCSL;2026-10-08
2000-07-01;2000;7;172.700;CPIAUCSL;Consumer Price Index for All Urban Consumers: All Items in U.S. City Average;seasonally_adjusted;Index 1982-1984=100;https://fred.stlouisfed.org/graph/fredgraph.csv?id=CPIAUCSL;2026-10-08
2000-08-01;2000;8;172.700;CPIAUCSL;Consumer Price Index for All Urban Consumers: All Items in U.S. City Average;seasonally_adjusted;Index 1982-1984=100;https://fred.stlouisfed.org/graph/fredgraph.csv?id=CPIAUCSL;2026-10-08
2000-09-01;2000;9;173.600;CPIAUCSL;Consumer Price Index for All Urban Consumers: All Items in U.S. City Average;seasonally_adjusted;Index 1982-1984=100;https://fred.stlouisfed.org/graph/fredgraph.csv?id=CPIAUCSL;2026-10-08
2000-10-01;2000;10;173.900;CPIAUCSL;Consumer Price Index for All Urban Consumers: All Items in U.S. City Average;seasonally_adjusted;Index 1982-1984=100;https://fred.stlouisfed.org/graph/fredgraph.csv?id=CPIAUCSL;2026-10-08
2000-11-01;2000;11;174.200;CPIAUCSL;Consumer Price Index for All Urban Consumers: All Items in U.S. City Average;seasonally_adjusted;Index 1982-1984=100;https://fred.stlouisfed.org/graph/fredgraph.csv?id=CPIAUCSL;2026-10-08
2000-12-01;2000;12;174.600;CPIAUCSL;Consumer Price Index for All Urban Consumers: All Items in U.S. City Average;seasonally_adjusted;Index 1982-1984=100;https://fred.stlouisfed.org/graph/fredgraph.csv?id=CPIAUCSL;2026-10-08
2001-01-01;2001;1;175.600;CPIAUCSL;Consumer Price Index for All Urban Consumers: All Items in U.S. City Average;seasonally_adjusted;Index 1982-1984=100;https://fred.stlouisfed.org/graph/fredgraph.csv?id=CPIAUCSL;2026-10-08
2001-02-01;2001;2;176.000;CPIAUCSL;Consumer Price Index for All Urban Consumers: All Items in U.S. City Average;seasonally_adjusted;Index 1982-1984=100;https://fred.stlouisfed.org/graph/fredgraph.csv?id=CPIAUCSL;2026-10-08
2001-03-01;2001;3;176.100;CPIAUCSL;Consumer Price Index for All Urban Consumers: All Items in U.S. City Average;seasonally_adjusted;Index 1982-1984=100;https://fred.stlouisfed.org/graph/fredgraph.csv?id=CPIAUCSL;2026-10-08
2001-04-01;2001;4;176.400;CPIAUCSL;Consumer Price Index for All Urban Consumers: All Items in U.S. City Average;seasonally_adjusted;Index 1982-1984=100;https://fred.stlouisfed.org/graph/fredgraph.csv?id=CPIAUCSL;2026-10-08
2001-05-01;2001;5;177.300;CPIAUCSL;Consumer Price Index for All Urban Consumers: All Items in U.S. City Average;seasonally_adjusted;Index 1982-1984=100;https://fred.stlouisfed.org/graph/fredgraph.csv?id=CPIAUCSL;2026-10-08
2001-06-01;2001;6;177.700;CPIAUCSL;Consumer Price Index for All Urban Consumers: All Items in U.S. City Average;seasonally_adjusted;Index 1982-1984=100;https://fred.stlouisfed.org/graph/fredgraph.csv?id=CPIAUCSL;2026-10-08
2001-07-01;2001;7;177.400;CPIAUCSL;Consumer Price Index for All Urban Consumers: All Items in U.S. City Average;seasonally_adjusted;Index 1982-1984=100;https://fred.stlouisfed.org/graph/fredgraph.csv?id=CPIAUCSL;2026-10-08
2001-08-01;2001;8;177.400;CPIAUCSL;Consumer Price Index for All Urban Consumers: All Items in U.S. City Average;seasonally_adjusted;Index 1982-1984=100;https://fred.stlouisfed.org/graph/fredgraph.csv?id=CPIAUCSL;2026-10-08
2001-09-01;2001;9;178.100;CPIAUCSL;Consumer Price Index for All Urban Consumers: All Items in U.S. City Average;seasonally_adjusted;Index 1982-1984=100;https://fred.stlouisfed.org/graph/fredgraph.csv?id=CPIAUCSL;2026-10-08
2001-10-01;2001;10;177.600;CPIAUCSL;Consumer Price Index for All Urban Consumers: All Items in U.S. City Average;seasonally_adjusted;Index 1982-1984=100;https://fred.stlouisfed.org/graph/fredgraph.csv?id=CPIAUCSL;2026-10-08
2001-11-01;2001;11;177.500;CPIAUCSL;Consumer Price Index for All Urban Consumers: All Items in U.S. City Average;seasonally_adjusted;Index 1982-1984=100;https://fred.stlouisfed.org/graph/fredgraph.csv?id=CPIAUCSL;2026-10-08
2001-12-01;2001;12;177.400;CPIAUCSL;Consumer Price Index for All Urban Consumers: All Items in U.S. City Average;seasonally_adjusted;Index 1982-1984=100;https://fred.stlouisfed.org/graph/fredgraph.csv?id=CPIAUCSL;2026-10-08
2002-01-01;2002;1;177.700;CPIAUCSL;Consumer Price Index for All Urban Consumers: All Items in U.S. City Average;seasonally_adjusted;Index 1982-1984=100;https://fred.stlouisfed.org/graph/fredgraph.csv?id=CPIAUCSL;2026-10-08
2002-02-01;2002;2;178.000;CPIAUCSL;Consumer Price Index for All Urban Consumers: All Items in U.S. City Average;seasonally_adjusted;Index 1982-1984=100;https://fred.stlouisfed.org/graph/fredgraph.csv?id=CPIAUCSL;2026-10-08
2002-03-01;2002;3;178.500;CPIAUCSL;Consumer Price Index for All Urban Consumers: All Items in U.S. City Average;seasonally_adjusted;Index 1982-1984=100;https://fred.stlouisfed.org/graph/fredgraph.csv?id=CPIAUCSL;2026-10-08
2002-04-01;2002;4;179.300;CPIAUCSL;Consumer Price Index for All Urban Consumers: All Items in U.S. City Average;seasonally_adjusted;Index 1982-1984=100;https://fred.stlouisfed.org/graph/fredgraph.csv?id=CPIAUCSL;2026-10-08
2002-05-01;2002;5;179.500;CPIAUCSL;Consumer Price Index for All Urban Consumers: All Items in U.S. City Average;seasonally_adjusted;Index 1982-1984=100;https://fred.stlouisfed.org/graph/fredgraph.csv?id=CPIAUCSL;2026-10-08
2002-06-01;2002;6;179.600;CPIAUCSL;Consumer Price Index for All Urban Consumers: All Items in U.S. City Average;seasonally_adjusted;Index 1982-1984=100;https://fred.stlouisfed.org/graph/fredgraph.csv?id=CPIAUCSL;2026-10-08
2002-07-01;2002;7;180.000;CPIAUCSL;Consumer Price Index for All Urban Consumers: All Items in U.S. City Average;seasonally_adjusted;Index 1982-1984=100;https://fred.stlouisfed.org/graph/fredgraph.csv?id=CPIAUCSL;2026-10-08
2002-08-01;2002;8;180.500;CPIAUCSL;Consumer Price Index for All Urban Consumers: All Items in U.S. City Average;seasonally_adjusted;Index 1982-1984=100;https://fred.stlouisfed.org/graph/fredgraph.csv?id=CPIAUCSL;2026-10-08
2002-09-01;2002;9;180.800;CPIAUCSL;Consumer Price Index for All Urban Consumers: All Items in U.S. City Average;seasonally_adjusted;Index 1982-1984=100;https://fred.stlouisfed.org/graph/fredgraph.csv?id=CPIAUCSL;2026-10-08
2002-10-01;2002;10;181.200;CPIAUCSL;Consumer Price Index for All Urban Consumers: All Items in U.S. City Average;seasonally_adjusted;Index 1982-1984=100;https://fred.stlouisfed.org/graph/fredgraph.csv?id=CPIAUCSL;2026-10-08
2002-11-01;2002;11;181.500;CPIAUCSL;Consumer Price Index for All Urban Consumers: All Items in U.S. City Average;seasonally_adjusted;Index 1982-1984=100;https://fred.stlouisfed.org/graph/fredgraph.csv?id=CPIAUCSL;2026-10-08
2002-12-01;2002;12;181.800;CPIAUCSL;Consumer Price Index for All Urban Consumers: All Items in U.S. City Average;seasonally_adjusted;Index 1982-1984=100;https://fred.stlouisfed.org/graph/fredgraph.csv?id=CPIAUCSL;2026-10-08
2003-01-01;2003;1;182.600;CPIAUCSL;Consumer Price Index for All Urban Consumers: All Items in U.S. City Average;seasonally_adjusted;Index 1982-1984=100;https://fred.stlouisfed.org/graph/fredgraph.csv?id=CPIAUCSL;2026-10-08
2003-02-01;2003;2;183.600;CPIAUCSL;Consumer Price Index for All Urban Consumers: All Items in U.S. City Average;seasonally_adjusted;Index 1982-1984=100;https://fred.stlouisfed.org/graph/fredgraph.csv?id=CPIAUCSL;2026-10-08
2003-03-01;2003;3;183.900;CPIAUCSL;Consumer Price Index for All Urban Consumers: All Items in U.S. City Average;seasonally_adjusted;Index 1982-1984=100;https://fred.stlouisfed.org/graph/fredgraph.csv?id=CPIAUCSL;2026-10-08
2003-04-01;2003;4;183.200;CPIAUCSL;Consumer Price Index for All Urban Consumers: All Items in U.S. City Average;seasonally_adjusted;Index 1982-1984=100;https://fred.stlouisfed.org/graph/fredgraph.csv?id=CPIAUCSL;2026-10-08
2003-05-01;2003;5;182.900;CPIAUCSL;Consumer Price Index for All Urban Consumers: All Items in U.S. City Average;seasonally_adjusted;Index 1982-1984=100;https://fred.stlouisfed.org/graph/fredgraph.csv?id=CPIAUCSL;2026-10-08
2003-06-01;2003;6;183.100;CPIAUCSL;Consumer Price Index for All Urban Consumers: All Items in U.S. City Average;seasonally_adjusted;Index 1982-1984=100;https://fred.stlouisfed.org/graph/fredgraph.csv?id=CPIAUCSL;2026-10-08
2003-07-01;2003;7;183.700;CPIAUCSL;Consumer Price Index for All Urban Consumers: All Items in U.S. City Average;seasonally_adjusted;Index 1982-1984=100;https://fred.stlouisfed.org/graph/fredgraph.csv?id=CPIAUCSL;2026-10-08
2003-08-01;2003;8;184.500;CPIAUCSL;Consumer Price Index for All Urban Consumers: All Items in U.S. City Average;seasonally_adjusted;Index 1982-1984=100;https://fred.stlouisfed.org/graph/fredgraph.csv?id=CPIAUCSL;2026-10-08
2003-09-01;2003;9;185.100;CPIAUCSL;Consumer Price Index for All Urban Consumers: All Items in U.S. City Average;seasonally_adjusted;Index 1982-1984=100;https://fred.stlouisfed.org/graph/fredgraph.csv?id=CPIAUCSL;2026-10-08
2003-10-01;2003;10;184.900;CPIAUCSL;Consumer Price Index for All Urban Consumers: All Items in U.S. City Average;seasonally_adjusted;Index 1982-1984=100;https://fred.stlouisfed.org/graph/fredgraph.csv?id=CPIAUCSL;2026-10-08
2003-11-01;2003;11;185.000;CPIAUCSL;Consumer Price Index for All Urban Consumers: All Items in U.S. City Average;seasonally_adjusted;Index 1982-1984=100;https://fred.stlouisfed.org/graph/fredgraph.csv?id=CPIAUCSL;2026-10-08
2003-12-01;2003;12;185.500;CPIAUCSL;Consumer Price Index for All Urban Consumers: All Items in U.S. City Average;seasonally_adjusted;Index 1982-1984=100;https://fred.stlouisfed.org/graph/fredgraph.csv?id=CPIAUCSL;2026-10-08
2004-01-01;2004;1;186.300;CPIAUCSL;Consumer Price Index for All Urban Consumers: All Items in U.S. City Average;seasonally_adjusted;Index 1982-1984=100;https://fred.stlouisfed.org/graph/fredgraph.csv?id=CPIAUCSL;2026-10-08
2004-02-01;2004;2;186.700;CPIAUCSL;Consumer Price Index for All Urban Consumers: All Items in U.S. City Average;seasonally_adjusted;Index 1982-1984=100;https://fred.stlouisfed.org/graph/fredgraph.csv?id=CPIAUCSL;2026-10-08
2004-03-01;2004;3;187.100;CPIAUCSL;Consumer Price Index for All Urban Consumers: All Items in U.S. City Average;seasonally_adjusted;Index 1982-1984=100;https://fred.stlouisfed.org/graph/fredgraph.csv?id=CPIAUCSL;2026-10-08
2004-04-01;2004;4;187.400;CPIAUCSL;Consumer Price Index for All Urban Consumers: All Items in U.S. City Average;seasonally_adjusted;Index 1982-1984=100;https://fred.stlouisfed.org/graph/fredgraph.csv?id=CPIAUCSL;2026-10-08
2004-05-01;2004;5;188.200;CPIAUCSL;Consumer Price Index for All Urban Consumers: All Items in U.S. City Average;seasonally_adjusted;Index 1982-1984=100;https://fred.stlouisfed.org/graph/fredgraph.csv?id=CPIAUCSL;2026-10-08
2004-06-01;2004;6;188.900;CPIAUCSL;Consumer Price Index for All Urban Consumers: All Items in U.S. City Average;seasonally_adjusted;Index 1982-1984=100;https://fred.stlouisfed.org/graph/fredgraph.csv?id=CPIAUCSL;2026-10-08
2004-07-01;2004;7;189.100;CPIAUCSL;Consumer Price Index for All Urban Consumers: All Items in U.S. City Average;seasonally_adjusted;Index 1982-1984=100;https://fred.stlouisfed.org/graph/fredgraph.csv?id=CPIAUCSL;2026-10-08
2004-08-01;2004;8;189.200;CPIAUCSL;Consumer Price Index for All Urban Consumers: All Items in U.S. City Average;seasonally_adjusted;Index 1982-1984=100;https://fred.stlouisfed.org/graph/fredgraph.csv?id=CPIAUCSL;2026-10-08
2004-09-01;2004;9;189.800;CPIAUCSL;Consumer Price Index for All Urban Consumers: All Items in U.S. City Average;seasonally_adjusted;Index 1982-1984=100;https://fred.stlouisfed.org/graph/fredgraph.csv?id=CPIAUCSL;2026-10-08
2004-10-01;2004;10;190.800;CPIAUCSL;Consumer Price Index for All Urban Consumers: All Items in U.S. City Average;seasonally_adjusted;Index 1982-1984=100;https://fred.stlouisfed.org/graph/fredgraph.csv?id=CPIAUCSL;2026-10-08
2004-11-01;2004;11;191.700;CPIAUCSL;Consumer Price Index for All Urban Consumers: All Items in U.S. City Average;seasonally_adjusted;Index 1982-1984=100;https://fred.stlouisfed.org/graph/fredgraph.csv?id=CPIAUCSL;2026-10-08
2004-12-01;2004;12;191.700;CPIAUCSL;Consumer Price Index for All Urban Consumers: All Items in U.S. City Average;seasonally_adjusted;Index 1982-1984=100;https://fred.stlouisfed.org/graph/fredgraph.csv?id=CPIAUCSL;2026-10-08
2005-01-01;2005;1;191.600;CPIAUCSL;Consumer Price Index for All Urban Consumers: All Items in U.S. City Average;seasonally_adjusted;Index 1982-1984=100;https://fred.stlouisfed.org/graph/fredgraph.csv?id=CPIAUCSL;2026-10-08
2005-02-01;2005;2;192.400;CPIAUCSL;Consumer Price Index for All Urban Consumers: All Items in U.S. City Average;seasonally_adjusted;Index 1982-1984=100;https://fred.stlouisfed.org/graph/fredgraph.csv?id=CPIAUCSL;2026-10-08
2005-03-01;2005;3;193.100;CPIAUCSL;Consumer Price Index for All Urban Consumers: All Items in U.S. City Average;seasonally_adjusted;Index 1982-1984=100;https://fred.stlouisfed.org/graph/fredgraph.csv?id=CPIAUCSL;2026-10-08
2005-04-01;2005;4;193.700;CPIAUCSL;Consumer Price Index for All Urban Consumers: All Items in U.S. City Average;seasonally_adjusted;Index 1982-1984=100;https://fred.stlouisfed.org/graph/fredgraph.csv?id=CPIAUCSL;2026-10-08
2005-05-01;2005;5;193.600;CPIAUCSL;Consumer Price Index for All Urban Consumers: All Items in U.S. City Average;seasonally_adjusted;Index 1982-1984=100;https://fred.stlouisfed.org/graph/fredgraph.csv?id=CPIAUCSL;2026-10-08
2005-06-01;2005;6;193.700;CPIAUCSL;Consumer Price Index for All Urban Consumers: All Items in U.S. City Average;seasonally_adjusted;Index 1982-1984=100;https://fred.stlouisfed.org/graph/fredgraph.csv?id=CPIAUCSL;2026-10-08
2005-07-01;2005;7;194.900;CPIAUCSL;Consumer Price Index for All Urban Consumers: All Items in U.S. City Average;seasonally_adjusted;Index 1982-1984=100;https://fred.stlouisfed.org/graph/fredgraph.csv?id=CPIAUCSL;2026-10-08
2005-08-01;2005;8;196.100;CPIAUCSL;Consumer Price Index for All Urban Consumers: All Items in U.S. City Average;seasonally_adjusted;Index 1982-1984=100;https://fred.stlouisfed.org/graph/fredgraph.csv?id=CPIAUCSL;2026-10-08
2005-09-01;2005;9;198.800;CPIAUCSL;Consumer Price Index for All Urban Consumers: All Items in U.S. City Average;seasonally_adjusted;Index 1982-1984=100;https://fred.stlouisfed.org/graph/fredgraph.csv?id=CPIAUCSL;2026-10-08
2005-10-01;2005;10;199.100;CPIAUCSL;Consumer Price Index for All Urban Consumers: All Items in U.S. City Average;seasonally_adjusted;Index 1982-1984=100;https://fred.stlouisfed.org/graph/fredgraph.csv?id=CPIAUCSL;2026-10-08
2005-11-01;2005;11;198.100;CPIAUCSL;Consumer Price Index for All Urban Consumers: All Items in U.S. City Average;seasonally_adjusted;Index 1982-1984=100;https://fred.stlouisfed.org/graph/fredgraph.csv?id=CPIAUCSL;2026-10-08
2005-12-01;2005;12;198.100;CPIAUCSL;Consumer Price Index for All Urban Consumers: All Items in U.S. City Average;seasonally_adjusted;Index 1982-1984=100;https://fred.stlouisfed.org/graph/fredgraph.csv?id=CPIAUCSL;2026-10-08
2006-01-01;2006;1;199.300;CPIAUCSL;Consumer Price Index for All Urban Consumers: All Items in U.S. City Average;seasonally_adjusted;Index 1982-1984=100;https://fred.stlouisfed.org/graph/fredgraph.csv?id=CPIAUCSL;2026-10-08
2006-02-01;2006;2;199.400;CPIAUCSL;Consumer Price Index for All Urban Consumers: All Items in U.S. City Average;seasonally_adjusted;Index 1982-1984=100;https://fred.stlouisfed.org/graph/fredgraph.csv?id=CPIAUCSL;2026-10-08
2006-03-01;2006;3;199.700;CPIAUCSL;Consumer Price Index for All Urban Consumers: All Items in U.S. City Average;seasonally_adjusted;Index 1982-1984=100;https://fred.stlouisfed.org/graph/fredgraph.csv?id=CPIAUCSL;2026-10-08
2006-04-01;2006;4;200.700;CPIAUCSL;Consumer Price Index for All Urban Consumers: All Items in U.S. City Average;seasonally_adjusted;Index 1982-1984=100;https://fred.stlouisfed.org/graph/fredgraph.csv?id=CPIAUCSL;2026-10-08
2006-05-01;2006;5;201.300;CPIAUCSL;Consumer Price Index for All Urban Consumers: All Items in U.S. City Average;seasonally_adjusted;Index 1982-1984=100;https://fred.stlouisfed.org/graph/fredgraph.csv?id=CPIAUCSL;2026-10-08
2006-06-01;2006;6;201.800;CPIAUCSL;Consumer Price Index for All Urban Consumers: All Items in U.S. City Average;seasonally_adjusted;Index 1982-1984=100;https://fred.stlouisfed.org/graph/fredgraph.csv?id=CPIAUCSL;2026-10-08
2006-07-01;2006;7;202.900;CPIAUCSL;Consumer Price Index for All Urban Consumers: All Items in U.S. City Average;seasonally_adjusted;Index 1982-1984=100;https://fred.stlouisfed.org/graph/fredgraph.csv?id=CPIAUCSL;2026-10-08
2006-08-01;2006;8;203.800;CPIAUCSL;Consumer Price Index for All Urban Consumers: All Items in U.S. City Average;seasonally_adjusted;Index 1982-1984=100;https://fred.stlouisfed.org/graph/fredgraph.csv?id=CPIAUCSL;2026-10-08
2006-09-01;2006;9;202.800;CPIAUCSL;Consumer Price Index for All Urban Consumers: All Items in U.S. City Average;seasonally_adjusted;Index 1982-1984=100;https://fred.stlouisfed.org/graph/fredgraph.csv?id=CPIAUCSL;2026-10-08
2006-10-01;2006;10;201.900;CPIAUCSL;Consumer Price Index for All Urban Consumers: All Items in U.S. City Average;seasonally_adjusted;Index 1982-1984=100;https://fred.stlouisfed.org/graph/fredgraph.csv?id=CPIAUCSL;2026-10-08
2006-11-01;2006;11;202.000;CPIAUCSL;Consumer Price Index for All Urban Consumers: All Items in U.S. City Average;seasonally_adjusted;Index 1982-1984=100;https://fred.stlouisfed.org/graph/fredgraph.csv?id=CPIAUCSL;2026-10-08
2006-12-01;2006;12;203.100;CPIAUCSL;Consumer Price Index for All Urban Consumers: All Items in U.S. City Average;seasonally_adjusted;Index 1982-1984=100;https://fred.stlouisfed.org/graph/fredgraph.csv?id=CPIAUCSL;2026-10-08
2007-01-01;2007;1;203.437;CPIAUCSL;Consumer Price Index for All Urban Consumers: All Items in U.S. City Average;seasonally_adjusted;Index 1982-1984=100;https://fred.stlouisfed.org/graph/fredgraph.csv?id=CPIAUCSL;2026-10-08
2007-02-01;2007;2;204.226;CPIAUCSL;Consumer Price Index for All Urban Consumers: All Items in U.S. City Average;seasonally_adjusted;Index 1982-1984=100;https://fred.stlouisfed.org/graph/fredgraph.csv?id=CPIAUCSL;2026-10-08
2007-03-01;2007;3;205.288;CPIAUCSL;Consumer Price Index for All Urban Consumers: All Items in U.S. City Average;seasonally_adjusted;Index 1982-1984=100;https://fred.stlouisfed.org/graph/fredgraph.csv?id=CPIAUCSL;2026-10-08
2007-04-01;2007;4;205.904;CPIAUCSL;Consumer Price Index for All Urban Consumers: All Items in U.S. City Average;seasonally_adjusted;Index 1982-1984=100;https://fred.stlouisfed.org/graph/fredgraph.csv?id=CPIAUCSL;2026-10-08
2007-05-01;2007;5;206.755;CPIAUCSL;Consumer Price Index for All Urban Consumers: All Items in U.S. City Average;seasonally_adjusted;Index 1982-1984=100;https://fred.stlouisfed.org/graph/fredgraph.csv?id=CPIAUCSL;2026-10-08
2007-06-01;2007;6;207.234;CPIAUCSL;Consumer Price Index for All Urban Consumers: All Items in U.S. City Average;seasonally_adjusted;Index 1982-1984=100;https://fred.stlouisfed.org/graph/fredgraph.csv?id=CPIAUCSL;2026-10-08
2007-07-01;2007;7;207.603;CPIAUCSL;Consumer Price Index for All Urban Consumers: All Items in U.S. City Average;seasonally_adjusted;Index 1982-1984=100;https://fred.stlouisfed.org/graph/fredgraph.csv?id=CPIAUCSL;2026-10-08
2007-08-01;2007;8;207.667;CPIAUCSL;Consumer Price Index for All Urban Consumers: All Items in U.S. City Average;seasonally_adjusted;Index 1982-1984=100;https://fred.stlouisfed.org/graph/fredgraph.csv?id=CPIAUCSL;2026-10-08
2007-09-01;2007;9;208.547;CPIAUCSL;Consumer Price Index for All Urban Consumers: All Items in U.S. City Average;seasonally_adjusted;Index 1982-1984=100;https://fred.stlouisfed.org/graph/fredgraph.csv?id=CPIAUCSL;2026-10-08
2007-10-01;2007;10;209.190;CPIAUCSL;Consumer Price Index for All Urban Consumers: All Items in U.S. City Average;seasonally_adjusted;Index 1982-1984=100;https://fred.stlouisfed.org/graph/fredgraph.csv?id=CPIAUCSL;2026-10-08
2007-11-01;2007;11;210.834;CPIAUCSL;Consumer Price Index for All Urban Consumers: All Items in U.S. City Average;seasonally_adjusted;Index 1982-1984=100;https://fred.stlouisfed.org/graph/fredgraph.csv?id=CPIAUCSL;2026-10-08
2007-12-01;2007;12;211.445;CPIAUCSL;Consumer Price Index for All Urban Consumers: All Items in U.S. City Average;seasonally_adjusted;Index 1982-1984=100;https://fred.stlouisfed.org/graph/fredgraph.csv?id=CPIAUCSL;2026-10-08
2008-01-01;2008;1;212.174;CPIAUCSL;Consumer Price Index for All Urban Consumers: All Items in U.S. City Average;seasonally_adjusted;Index 1982-1984=100;https://fred.stlouisfed.org/graph/fredgraph.csv?id=CPIAUCSL;2026-10-08
2008-02-01;2008;2;212.687;CPIAUCSL;Consumer Price Index for All Urban Consumers: All Items in U.S. City Average;seasonally_adjusted;Index 1982-1984=100;https://fred.stlouisfed.org/graph/fredgraph.csv?id=CPIAUCSL;2026-10-08
2008-03-01;2008;3;213.448;CPIAUCSL;Consumer Price Index for All Urban Consumers: All Items in U.S. City Average;seasonally_adjusted;Index 1982-1984=100;https://fred.stlouisfed.org/graph/fredgraph.csv?id=CPIAUCSL;2026-10-08
2008-04-01;2008;4;213.942;CPIAUCSL;Consumer Price Index for All Urban Consumers: All Items in U.S. City Average;seasonally_adjusted;Index 1982-1984=100;https://fred.stlouisfed.org/graph/fredgraph.csv?id=CPIAUCSL;2026-10-08
2008-05-01;2008;5;215.208;CPIAUCSL;Consumer Price Index for All Urban Consumers: All Items in U.S. City Average;seasonally_adjusted;Index 1982-1984=100;https://fred.stlouisfed.org/graph/fredgraph.csv?id=CPIAUCSL;2026-10-08
2008-06-01;2008;6;217.463;CPIAUCSL;Consumer Price Index for All Urban Consumers: All Items in U.S. City Average;seasonally_adjusted;Index 1982-1984=100;https://fred.stlouisfed.org/graph/fredgraph.csv?id=CPIAUCSL;2026-10-08
2008-07-01;2008;7;219.016;CPIAUCSL;Consumer Price Index for All Urban Consumers: All Items in U.S. City Average;seasonally_adjusted;Index 1982-1984=100;https://fred.stlouisfed.org/graph/fredgraph.csv?id=CPIAUCSL;2026-10-08
2008-08-01;2008;8;218.690;CPIAUCSL;Consumer Price Index for All Urban Consumers: All Items in U.S. City Average;seasonally_adjusted;Index 1982-1984=100;https://fred.stlouisfed.org/graph/fredgraph.csv?id=CPIAUCSL;2026-10-08
2008-09-01;2008;9;218.877;CPIAUCSL;Consumer Price Index for All Urban Consumers: All Items in U.S. City Average;seasonally_adjusted;Index 1982-1984=100;https://fred.stlouisfed.org/graph/fredgraph.csv?id=CPIAUCSL;2026-10-08
2008-10-01;2008;10;216.995;CPIAUCSL;Consumer Price Index for All Urban Consumers: All Items in U.S. City Average;seasonally_adjusted;Index 1982-1984=100;https://fred.stlouisfed.org/graph/fredgraph.csv?id=CPIAUCSL;2026-10-08
2008-11-01;2008;11;213.153;CPIAUCSL;Consumer Price Index for All Urban Consumers: All Items in U.S. City Average;seasonally_adjusted;Index 1982-1984=100;https://fred.stlouisfed.org/graph/fredgraph.csv?id=CPIAUCSL;2026-10-08
2008-12-01;2008;12;211.398;CPIAUCSL;Consumer Price Index for All Urban Consumers: All Items in U.S. City Average;seasonally_adjusted;Index 1982-1984=100;https://fred.stlouisfed.org/graph/fredgraph.csv?id=CPIAUCSL;2026-10-08
2009-01-01;2009;1;211.933;CPIAUCSL;Consumer Price Index for All Urban Consumers: All Items in U.S. City Average;seasonally_adjusted;Index 1982-1984=100;https://fred.stlouisfed.org/graph/fredgraph.csv?id=CPIAUCSL;2026-10-08
2009-02-01;2009;2;212.705;CPIAUCSL;Consumer Price Index for All Urban Consumers: All Items in U.S. City Average;seasonally_adjusted;Index 1982-1984=100;https://fred.stlouisfed.org/graph/fredgraph.csv?id=CPIAUCSL;2026-10-08
2009-03-01;2009;3;212.495;CPIAUCSL;Consumer Price Index for All Urban Consumers: All Items in U.S. City Average;seasonally_adjusted;Index 1982-1984=100;https://fred.stlouisfed.org/graph/fredgraph.csv?id=CPIAUCSL;2026-10-08
2009-04-01;2009;4;212.709;CPIAUCSL;Consumer Price Index for All Urban Consumers: All Items in U.S. City Average;seasonally_adjusted;Index 1982-1984=100;https://fred.stlouisfed.org/graph/fredgraph.csv?id=CPIAUCSL;2026-10-08
2009-05-01;2009;5;213.022;CPIAUCSL;Consumer Price Index for All Urban Consumers: All Items in U.S. City Average;seasonally_adjusted;Index 1982-1984=100;https://fred.stlouisfed.org/graph/fredgraph.csv?id=CPIAUCSL;2026-10-08
2009-06-01;2009;6;214.790;CPIAUCSL;Consumer Price Index for All Urban Consumers: All Items in U.S. City Average;seasonally_adjusted;Index 1982-1984=100;https://fred.stlouisfed.org/graph/fredgraph.csv?id=CPIAUCSL;2026-10-08
2009-07-01;2009;7;214.726;CPIAUCSL;Consumer Price Index for All Urban Consumers: All Items in U.S. City Average;seasonally_adjusted;Index 1982-1984=100;https://fred.stlouisfed.org/graph/fredgraph.csv?id=CPIAUCSL;2026-10-08
2009-08-01;2009;8;215.445;CPIAUCSL;Consumer Price Index for All Urban Consumers: All Items in U.S. City Average;seasonally_adjusted;Index 1982-1984=100;https://fred.stlouisfed.org/graph/fredgraph.csv?id=CPIAUCSL;2026-10-08
2009-09-01;2009;9;215.861;CPIAUCSL;Consumer Price Index for All Urban Consumers: All Items in U.S. City Average;seasonally_adjusted;Index 1982-1984=100;https://fred.stlouisfed.org/graph/fredgraph.csv?id=CPIAUCSL;2026-10-08
2009-10-01;2009;10;216.509;CPIAUCSL;Consumer Price Index for All Urban Consumers: All Items in U.S. City Average;seasonally_adjusted;Index 1982-1984=100;https://fred.stlouisfed.org/graph/fredgraph.csv?id=CPIAUCSL;2026-10-08
2009-11-01;2009;11;217.234;CPIAUCSL;Consumer Price Index for All Urban Consumers: All Items in U.S. City Average;seasonally_adjusted;Index 1982-1984=100;https://fred.stlouisfed.org/graph/fredgraph.csv?id=CPIAUCSL;2026-10-08
2009-12-01;2009;12;217.347;CPIAUCSL;Consumer Price Index for All Urban Consumers: All Items in U.S. City Average;seasonally_adjusted;Index 1982-1984=100;https://fred.stlouisfed.org/graph/fredgraph.csv?id=CPIAUCSL;2026-10-08
2010-01-01;2010;1;217.488;CPIAUCSL;Consumer Price Index for All Urban Consumers: All Items in U.S. City Average;seasonally_adjusted;Index 1982-1984=100;https://fred.stlouisfed.org/graph/fredgraph.csv?id=CPIAUCSL;2026-10-08
2010-02-01;2010;2;217.281;CPIAUCSL;Consumer Price Index for All Urban Consumers: All Items in U.S. City Average;seasonally_adjusted;Index 1982-1984=100;https://fred.stlouisfed.org/graph/fredgraph.csv?id=CPIAUCSL;2026-10-08
2010-03-01;2010;3;217.353;CPIAUCSL;Consumer Price Index for All Urban Consumers: All Items in U.S. City Average;seasonally_adjusted;Index 1982-1984=100;https://fred.stlouisfed.org/graph/fredgraph.csv?id=CPIAUCSL;2026-10-08
2010-04-01;2010;4;217.403;CPIAUCSL;Consumer Price Index for All Urban Consumers: All Items in U.S. City Average;seasonally_adjusted;Index 1982-1984=100;https://fred.stlouisfed.org/graph/fredgraph.csv?id=CPIAUCSL;2026-10-08
2010-05-01;2010;5;217.290;CPIAUCSL;Consumer Price Index for All Urban Consumers: All Items in U.S. City Average;seasonally_adjusted;Index 1982-1984=100;https://fred.stlouisfed.org/graph/fredgraph.csv?id=CPIAUCSL;2026-10-08
2010-06-01;2010;6;217.199;CPIAUCSL;Consumer Price Index for All Urban Consumers: All Items in U.S. City Average;seasonally_adjusted;Index 1982-1984=100;https://fred.stlouisfed.org/graph/fredgraph.csv?id=CPIAUCSL;2026-10-08
2010-07-01;2010;7;217.605;CPIAUCSL;Consumer Price Index for All Urban Consumers: All Items in U.S. City Average;seasonally_adjusted;Index 1982-1984=100;https://fred.stlouisfed.org/graph/fredgraph.csv?id=CPIAUCSL;2026-10-08
2010-08-01;2010;8;217.923;CPIAUCSL;Consumer Price Index for All Urban Consumers: All Items in U.S. City Average;seasonally_adjusted;Index 1982-1984=100;https://fred.stlouisfed.org/graph/fredgraph.csv?id=CPIAUCSL;2026-10-08
2010-09-01;2010;9;218.275;CPIAUCSL;Consumer Price Index for All Urban Consumers: All Items in U.S. City Average;seasonally_adjusted;Index 1982-1984=100;https://fred.stlouisfed.org/graph/fredgraph.csv?id=CPIAUCSL;2026-10-08
2010-10-01;2010;10;219.035;CPIAUCSL;Consumer Price Index for All Urban Consumers: All Items in U.S. City Average;seasonally_adjusted;Index 1982-1984=100;https://fred.stlouisfed.org/graph/fredgraph.csv?id=CPIAUCSL;2026-10-08
2010-11-01;2010;11;219.590;CPIAUCSL;Consumer Price Index for All Urban Consumers: All Items in U.S. City Average;seasonally_adjusted;Index 1982-1984=100;https://fred.stlouisfed.org/graph/fredgraph.csv?id=CPIAUCSL;2026-10-08
2010-12-01;2010;12;220.472;CPIAUCSL;Consumer Price Index for All Urban Consumers: All Items in U.S. City Average;seasonally_adjusted;Index 1982-1984=100;https://fred.stlouisfed.org/graph/fredgraph.csv?id=CPIAUCSL;2026-10-08
2011-01-01;2011;1;221.187;CPIAUCSL;Consumer Price Index for All Urban Consumers: All Items in U.S. City Average;seasonally_adjusted;Index 1982-1984=100;https://fred.stlouisfed.org/graph/fredgraph.csv?id=CPIAUCSL;2026-10-08
2011-02-01;2011;2;221.898;CPIAUCSL;Consumer Price Index for All Urban Consumers: All Items in U.S. City Average;seasonally_adjusted;Index 1982-1984=100;https://fred.stlouisfed.org/graph/fredgraph.csv?id=CPIAUCSL;2026-10-08
2011-03-01;2011;3;223.046;CPIAUCSL;Consumer Price Index for All Urban Consumers: All Items in U.S. City Average;seasonally_adjusted;Index 1982-1984=100;https://fred.stlouisfed.org/graph/fredgraph.csv?id=CPIAUCSL;2026-10-08
2011-04-01;2011;4;224.093;CPIAUCSL;Consumer Price Index for All Urban Consumers: All Items in U.S. City Average;seasonally_adjusted;Index 1982-1984=100;https://fred.stlouisfed.org/graph/fredgraph.csv?id=CPIAUCSL;2026-10-08
2011-05-01;2011;5;224.806;CPIAUCSL;Consumer Price Index for All Urban Consumers: All Items in U.S. City Average;seasonally_adjusted;Index 1982-1984=100;https://fred.stlouisfed.org/graph/fredgraph.csv?id=CPIAUCSL;2026-10-08
2011-06-01;2011;6;224.806;CPIAUCSL;Consumer Price Index for All Urban Consumers: All Items in U.S. City Average;seasonally_adjusted;Index 1982-1984=100;https://fred.stlouisfed.org/graph/fredgraph.csv?id=CPIAUCSL;2026-10-08
2011-07-01;2011;7;225.395;CPIAUCSL;Consumer Price Index for All Urban Consumers: All Items in U.S. City Average;seasonally_adjusted;Index 1982-1984=100;https://fred.stlouisfed.org/graph/fredgraph.csv?id=CPIAUCSL;2026-10-08
2011-08-01;2011;8;226.106;CPIAUCSL;Consumer Price Index for All Urban Consumers: All Items in U.S. City Average;seasonally_adjusted;Index 1982-1984=100;https://fred.stlouisfed.org/graph/fredgraph.csv?id=CPIAUCSL;2026-10-08
2011-09-01;2011;9;226.597;CPIAUCSL;Consumer Price Index for All Urban Consumers: All Items in U.S. City Average;seasonally_adjusted;Index 1982-1984=100;https://fred.stlouisfed.org/graph/fredgraph.csv?id=CPIAUCSL;2026-10-08
2011-10-01;2011;10;226.750;CPIAUCSL;Consumer Price Index for All Urban Consumers: All Items in U.S. City Average;seasonally_adjusted;Index 1982-1984=100;https://fred.stlouisfed.org/graph/fredgraph.csv?id=CPIAUCSL;2026-10-08
2011-11-01;2011;11;227.169;CPIAUCSL;Consumer Price Index for All Urban Consumers: All Items in U.S. City Average;seasonally_adjusted;Index 1982-1984=100;https://fred.stlouisfed.org/graph/fredgraph.csv?id=CPIAUCSL;2026-10-08
2011-12-01;2011;12;227.223;CPIAUCSL;Consumer Price Index for All Urban Consumers: All Items in U.S. City Average;seasonally_adjusted;Index 1982-1984=100;https://fred.stlouisfed.org/graph/fredgraph.csv?id=CPIAUCSL;2026-10-08
2012-01-01;2012;1;227.842;CPIAUCSL;Consumer Price Index for All Urban Consumers: All Items in U.S. City Average;seasonally_adjusted;Index 1982-1984=100;https://fred.stlouisfed.org/graph/fredgraph.csv?id=CPIAUCSL;2026-10-08
2012-02-01;2012;2;228.329;CPIAUCSL;Consumer Price Index for All Urban Consumers: All Items in U.S. City Average;seasonally_adjusted;Index 1982-1984=100;https://fred.stlouisfed.org/graph/fredgraph.csv?id=CPIAUCSL;2026-10-08
2012-03-01;2012;3;228.807;CPIAUCSL;Consumer Price Index for All Urban Consumers: All Items in U.S. City Average;seasonally_adjusted;Index 1982-1984=100;https://fred.stlouisfed.org/graph/fredgraph.csv?id=CPIAUCSL;2026-10-08
2012-04-01;2012;4;229.187;CPIAUCSL;Consumer Price Index for All Urban Consumers: All Items in U.S. City Average;seasonally_adjusted;Index 1982-1984=100;https://fred.stlouisfed.org/graph/fredgraph.csv?id=CPIAUCSL;2026-10-08
2012-05-01;2012;5;228.713;CPIAUCSL;Consumer Price Index for All Urban Consumers: All Items in U.S. City Average;seasonally_adjusted;Index 1982-1984=100;https://fred.stlouisfed.org/graph/fredgraph.csv?id=CPIAUCSL;2026-10-08
2012-06-01;2012;6;228.524;CPIAUCSL;Consumer Price Index for All Urban Consumers: All Items in U.S. City Average;seasonally_adjusted;Index 1982-1984=100;https://fred.stlouisfed.org/graph/fredgraph.csv?id=CPIAUCSL;2026-10-08
2012-07-01;2012;7;228.590;CPIAUCSL;Consumer Price Index for All Urban Consumers: All Items in U.S. City Average;seasonally_adjusted;Index 1982-1984=100;https://fred.stlouisfed.org/graph/fredgraph.csv?id=CPIAUCSL;2026-10-08
2012-08-01;2012;8;229.918;CPIAUCSL;Consumer Price Index for All Urban Consumers: All Items in U.S. City Average;seasonally_adjusted;Index 1982-1984=100;https://fred.stlouisfed.org/graph/fredgraph.csv?id=CPIAUCSL;2026-10-08
2012-09-01;2012;9;231.015;CPIAUCSL;Consumer Price Index for All Urban Consumers: All Items in U.S. City Average;seasonally_adjusted;Index 1982-1984=100;https://fred.stlouisfed.org/graph/fredgraph.csv?id=CPIAUCSL;2026-10-08
2012-10-01;2012;10;231.638;CPIAUCSL;Consumer Price Index for All Urban Consumers: All Items in U.S. City Average;seasonally_adjusted;Index 1982-1984=100;https://fred.stlouisfed.org/graph/fredgraph.csv?id=CPIAUCSL;2026-10-08
2012-11-01;2012;11;231.249;CPIAUCSL;Consumer Price Index for All Urban Consumers: All Items in U.S. City Average;seasonally_adjusted;Index 1982-1984=100;https://fred.stlouisfed.org/graph/fredgraph.csv?id=CPIAUCSL;2026-10-08
2012-12-01;2012;12;231.221;CPIAUCSL;Consumer Price Index for All Urban Consumers: All Items in U.S. City Average;seasonally_adjusted;Index 1982-1984=100;https://fred.stlouisfed.org/graph/fredgraph.csv?id=CPIAUCSL;2026-10-08
2013-01-01;2013;1;231.679;CPIAUCSL;Consumer Price Index for All Urban Consumers: All Items in U.S. City Average;seasonally_adjusted;Index 1982-1984=100;https://fred.stlouisfed.org/graph/fredgraph.csv?id=CPIAUCSL;2026-10-08
2013-02-01;2013;2;232.937;CPIAUCSL;Consumer Price Index for All Urban Consumers: All Items in U.S. City Average;seasonally_adjusted;Index 1982-1984=100;https://fred.stlouisfed.org/graph/fredgraph.csv?id=CPIAUCSL;2026-10-08
2013-03-01;2013;3;232.282;CPIAUCSL;Consumer Price Index for All Urban Consumers: All Items in U.S. City Average;seasonally_adjusted;Index 1982-1984=100;https://fred.stlouisfed.org/graph/fredgraph.csv?id=CPIAUCSL;2026-10-08
2013-04-01;2013;4;231.797;CPIAUCSL;Consumer Price Index for All Urban Consumers: All Items in U.S. City Average;seasonally_adjusted;Index 1982-1984=100;https://fred.stlouisfed.org/graph/fredgraph.csv?id=CPIAUCSL;2026-10-08
2013-05-01;2013;5;231.893;CPIAUCSL;Consumer Price Index for All Urban Consumers: All Items in U.S. City Average;seasonally_adjusted;Index 1982-1984=100;https://fred.stlouisfed.org/graph/fredgraph.csv?id=CPIAUCSL;2026-10-08
2013-06-01;2013;6;232.445;CPIAUCSL;Consumer Price Index for All Urban Consumers: All Items in U.S. City Average;seasonally_adjusted;Index 1982-1984=100;https://fred.stlouisfed.org/graph/fredgraph.csv?id=CPIAUCSL;2026-10-08
2013-07-01;2013;7;232.900;CPIAUCSL;Consumer Price Index for All Urban Consumers: All Items in U.S. City Average;seasonally_adjusted;Index 1982-1984=100;https://fred.stlouisfed.org/graph/fredgraph.csv?id=CPIAUCSL;2026-10-08
2013-08-01;2013;8;233.456;CPIAUCSL;Consumer Price Index for All Urban Consumers: All Items in U.S. City Average;seasonally_adjusted;Index 1982-1984=100;https://fred.stlouisfed.org/graph/fredgraph.csv?id=CPIAUCSL;2026-10-08
2013-09-01;2013;9;233.544;CPIAUCSL;Consumer Price Index for All Urban Consumers: All Items in U.S. City Average;seasonally_adjusted;Index 1982-1984=100;https://fred.stlouisfed.org/graph/fredgraph.csv?id=CPIAUCSL;2026-10-08
2013-10-01;2013;10;233.669;CPIAUCSL;Consumer Price Index for All Urban Consumers: All Items in U.S. City Average;seasonally_adjusted;Index 1982-1984=100;https://fred.stlouisfed.org/graph/fredgraph.csv?id=CPIAUCSL;2026-10-08
2013-11-01;2013;11;234.100;CPIAUCSL;Consumer Price Index for All Urban Consumers: All Items in U.S. City Average;seasonally_adjusted;Index 1982-1984=100;https://fred.stlouisfed.org/graph/fredgraph.csv?id=CPIAUCSL;2026-10-08
2013-12-01;2013;12;234.719;CPIAUCSL;Consumer Price Index for All Urban Consumers: All Items in U.S. City Average;seasonally_adjusted;Index 1982-1984=100;https://fred.stlouisfed.org/graph/fredgraph.csv?id=CPIAUCSL;2026-10-08
2014-01-01;2014;1;235.288;CPIAUCSL;Consumer Price Index for All Urban Consumers: All Items in U.S. City Average;seasonally_adjusted;Index 1982-1984=100;https://fred.stlouisfed.org/graph/fredgraph.csv?id=CPIAUCSL;2026-10-08
2014-02-01;2014;2;235.547;CPIAUCSL;Consumer Price Index for All Urban Consumers: All Items in U.S. City Average;seasonally_adjusted;Index 1982-1984=100;https://fred.stlouisfed.org/graph/fredgraph.csv?id=CPIAUCSL;2026-10-08
2014-03-01;2014;3;236.028;CPIAUCSL;Consumer Price Index for All Urban Consumers: All Items in U.S. City Average;seasonally_adjusted;Index 1982-1984=100;https://fred.stlouisfed.org/graph/fredgraph.csv?id=CPIAUCSL;2026-10-08
2014-04-01;2014;4;236.468;CPIAUCSL;Consumer Price Index for All Urban Consumers: All Items in U.S. City Average;seasonally_adjusted;Index 1982-1984=100;https://fred.stlouisfed.org/graph/fredgraph.csv?id=CPIAUCSL;2026-10-08
2014-05-01;2014;5;236.918;CPIAUCSL;Consumer Price Index for All Urban Consumers: All Items in U.S. City Average;seasonally_adjusted;Index 1982-1984=100;https://fred.stlouisfed.org/graph/fredgraph.csv?id=CPIAUCSL;2026-10-08
2014-06-01;2014;6;237.231;CPIAUCSL;Consumer Price Index for All Urban Consumers: All Items in U.S. City Average;seasonally_adjusted;Index 1982-1984=100;https://fred.stlouisfed.org/graph/fredgraph.csv?id=CPIAUCSL;2026-10-08
2014-07-01;2014;7;237.498;CPIAUCSL;Consumer Price Index for All Urban Consumers: All Items in U.S. City Average;seasonally_adjusted;Index 1982-1984=100;https://fred.stlouisfed.org/graph/fredgraph.csv?id=CPIAUCSL;2026-10-08
2014-08-01;2014;8;237.460;CPIAUCSL;Consumer Price Index for All Urban Consumers: All Items in U.S. City Average;seasonally_adjusted;Index 1982-1984=100;https://fred.stlouisfed.org/graph/fredgraph.csv?id=CPIAUCSL;2026-10-08
2014-09-01;2014;9;237.477;CPIAUCSL;Consumer Price Index for All Urban Consumers: All Items in U.S. City Average;seasonally_adjusted;Index 1982-1984=100;https://fred.stlouisfed.org/graph/fredgraph.csv?id=CPIAUCSL;2026-10-08
2014-10-01;2014;10;237.430;CPIAUCSL;Consumer Price Index for All Urban Consumers: All Items in U.S. City Average;seasonally_adjusted;Index 1982-1984=100;https://fred.stlouisfed.org/graph/fredgraph.csv?id=CPIAUCSL;2026-10-08
2014-11-01;2014;11;236.983;CPIAUCSL;Consumer Price Index for All Urban Consumers: All Items in U.S. City Average;seasonally_adjusted;Index 1982-1984=100;https://fred.stlouisfed.org/graph/fredgraph.csv?id=CPIAUCSL;2026-10-08
2014-12-01;2014;12;236.252;CPIAUCSL;Consumer Price Index for All Urban Consumers: All Items in U.S. City Average;seasonally_adjusted;Index 1982-1984=100;https://fred.stlouisfed.org/graph/fredgraph.csv?id=CPIAUCSL;2026-10-08
2015-01-01;2015;1;234.747;CPIAUCSL;Consumer Price Index for All Urban Consumers: All Items in U.S. City Average;seasonally_adjusted;Index 1982-1984=100;https://fred.stlouisfed.org/graph/fredgraph.csv?id=CPIAUCSL;2026-10-08
2015-02-01;2015;2;235.342;CPIAUCSL;Consumer Price Index for All Urban Consumers: All Items in U.S. City Average;seasonally_adjusted;Index 1982-1984=100;https://fred.stlouisfed.org/graph/fredgraph.csv?id=CPIAUCSL;2026-10-08
2015-03-01;2015;3;235.976;CPIAUCSL;Consumer Price Index for All Urban Consumers: All Items in U.S. City Average;seasonally_adjusted;Index 1982-1984=100;https://fred.stlouisfed.org/graph/fredgraph.csv?id=CPIAUCSL;2026-10-08
2015-04-01;2015;4;236.222;CPIAUCSL;Consumer Price Index for All Urban Consumers: All Items in U.S. City Average;seasonally_adjusted;Index 1982-1984=100;https://fred.stlouisfed.org/graph/fredgraph.csv?id=CPIAUCSL;2026-10-08
2015-05-01;2015;5;237.001;CPIAUCSL;Consumer Price Index for All Urban Consumers: All Items in U.S. City Average;seasonally_adjusted;Index 1982-1984=100;https://fred.stlouisfed.org/graph/fredgraph.csv?id=CPIAUCSL;2026-10-08
2015-06-01;2015;6;237.657;CPIAUCSL;Consumer Price Index for All Urban Consumers: All Items in U.S. City Average;seasonally_adjusted;Index 1982-1984=100;https://fred.stlouisfed.org/graph/fredgraph.csv?id=CPIAUCSL;2026-10-08
2015-07-01;2015;7;238.034;CPIAUCSL;Consumer Price Index for All Urban Consumers: All Items in U.S. City Average;seasonally_adjusted;Index 1982-1984=100;https://fred.stlouisfed.org/graph/fredgraph.csv?id=CPIAUCSL;2026-10-08
2015-08-01;2015;8;238.033;CPIAUCSL;Consumer Price Index for All Urban Consumers: All Items in U.S. City Average;seasonally_adjusted;Index 1982-1984=100;https://fred.stlouisfed.org/graph/fredgraph.csv?id=CPIAUCSL;2026-10-08
2015-09-01;2015;9;237.498;CPIAUCSL;Consumer Price Index for All Urban Consumers: All Items in U.S. City Average;seasonally_adjusted;Index 1982-1984=100;https://fred.stlouisfed.org/graph/fredgraph.csv?id=CPIAUCSL;2026-10-08
2015-10-01;2015;10;237.733;CPIAUCSL;Consumer Price Index for All Urban Consumers: All Items in U.S. City Average;seasonally_adjusted;Index 1982-1984=100;https://fred.stlouisfed.org/graph/fredgraph.csv?id=CPIAUCSL;2026-10-08
2015-11-01;2015;11;238.017;CPIAUCSL;Consumer Price Index for All Urban Consumers: All Items in U.S. City Average;seasonally_adjusted;Index 1982-1984=100;https://fred.stlouisfed.org/graph/fredgraph.csv?id=CPIAUCSL;2026-10-08
2015-12-01;2015;12;237.761;CPIAUCSL;Consumer Price Index for All Urban Consumers: All Items in U.S. City Average;seasonally_adjusted;Index 1982-1984=100;https://fred.stlouisfed.org/graph/fredgraph.csv?id=CPIAUCSL;2026-10-08
2016-01-01;2016;1;237.652;CPIAUCSL;Consumer Price Index for All Urban Consumers: All Items in U.S. City Average;seasonally_adjusted;Index 1982-1984=100;https://fred.stlouisfed.org/graph/fredgraph.csv?id=CPIAUCSL;2026-10-08
2016-02-01;2016;2;237.336;CPIAUCSL;Consumer Price Index for All Urban Consumers: All Items in U.S. City Average;seasonally_adjusted;Index 1982-1984=100;https://fred.stlouisfed.org/graph/fredgraph.csv?id=CPIAUCSL;2026-10-08
2016-03-01;2016;3;238.080;CPIAUCSL;Consumer Price Index for All Urban Consumers: All Items in U.S. City Average;seasonally_adjusted;Index 1982-1984=100;https://fred.stlouisfed.org/graph/fredgraph.csv?id=CPIAUCSL;2026-10-08
2016-04-01;2016;4;238.992;CPIAUCSL;Consumer Price Index for All Urban Consumers: All Items in U.S. City Average;seasonally_adjusted;Index 1982-1984=100;https://fred.stlouisfed.org/graph/fredgraph.csv?id=CPIAUCSL;2026-10-08
2016-05-01;2016;5;239.557;CPIAUCSL;Consumer Price Index for All Urban Consumers: All Items in U.S. City Average;seasonally_adjusted;Index 1982-1984=100;https://fred.stlouisfed.org/graph/fredgraph.csv?id=CPIAUCSL;2026-10-08
2016-06-01;2016;6;240.222;CPIAUCSL;Consumer Price Index for All Urban Consumers: All Items in U.S. City Average;seasonally_adjusted;Index 1982-1984=100;https://fred.stlouisfed.org/graph/fredgraph.csv?id=CPIAUCSL;2026-10-08
2016-07-01;2016;7;240.101;CPIAUCSL;Consumer Price Index for All Urban Consumers: All Items in U.S. City Average;seasonally_adjusted;Index 1982-1984=100;https://fred.stlouisfed.org/graph/fredgraph.csv?id=CPIAUCSL;2026-10-08
2016-08-01;2016;8;240.545;CPIAUCSL;Consumer Price Index for All Urban Consumers: All Items in U.S. City Average;seasonally_adjusted;Index 1982-1984=100;https://fred.stlouisfed.org/graph/fredgraph.csv?id=CPIAUCSL;2026-10-08
2016-09-01;2016;9;241.176;CPIAUCSL;Consumer Price Index for All Urban Consumers: All Items in U.S. City Average;seasonally_adjusted;Index 1982-1984=100;https://fred.stlouisfed.org/graph/fredgraph.csv?id=CPIAUCSL;2026-10-08
2016-10-01;2016;10;241.741;CPIAUCSL;Consumer Price Index for All Urban Consumers: All Items in U.S. City Average;seasonally_adjusted;Index 1982-1984=100;https://fred.stlouisfed.org/graph/fredgraph.csv?id=CPIAUCSL;2026-10-08
2016-11-01;2016;11;242.026;CPIAUCSL;Consumer Price Index for All Urban Consumers: All Items in U.S. City Average;seasonally_adjusted;Index 1982-1984=100;https://fred.stlouisfed.org/graph/fredgraph.csv?id=CPIAUCSL;2026-10-08
2016-12-01;2016;12;242.637;CPIAUCSL;Consumer Price Index for All Urban Consumers: All Items in U.S. City Average;seasonally_adjusted;Index 1982-1984=100;https://fred.stlouisfed.org/graph/fredgraph.csv?id=CPIAUCSL;2026-10-08
2017-01-01;2017;1;243.618;CPIAUCSL;Consumer Price Index for All Urban Consumers: All Items in U.S. City Average;seasonally_adjusted;Index 1982-1984=100;https://fred.stlouisfed.org/graph/fredgraph.csv?id=CPIAUCSL;2026-10-08
2017-02-01;2017;2;244.006;CPIAUCSL;Consumer Price Index for All Urban Consumers: All Items in U.S. City Average;seasonally_adjusted;Index 1982-1984=100;https://fred.stlouisfed.org/graph/fredgraph.csv?id=CPIAUCSL;2026-10-08
2017-03-01;2017;3;243.892;CPIAUCSL;Consumer Price Index for All Urban Consumers: All Items in U.S. City Average;seasonally_adjusted;Index 1982-1984=100;https://fred.stlouisfed.org/graph/fredgraph.csv?id=CPIAUCSL;2026-10-08
2017-04-01;2017;4;244.193;CPIAUCSL;Consumer Price Index for All Urban Consumers: All Items in U.S. City Average;seasonally_adjusted;Index 1982-1984=100;https://fred.stlouisfed.org/graph/fredgraph.csv?id=CPIAUCSL;2026-10-08
2017-05-01;2017;5;244.004;CPIAUCSL;Consumer Price Index for All Urban Consumers: All Items in U.S. City Average;seasonally_adjusted;Index 1982-1984=100;https://fred.stlouisfed.org/graph/fredgraph.csv?id=CPIAUCSL;2026-10-08
2017-06-01;2017;6;244.163;CPIAUCSL;Consumer Price Index for All Urban Consumers: All Items in U.S. City Average;seasonally_adjusted;Index 1982-1984=100;https://fred.stlouisfed.org/graph/fredgraph.csv?id=CPIAUCSL;2026-10-08
2017-07-01;2017;7;244.243;CPIAUCSL;Consumer Price Index for All Urban Consumers: All Items in U.S. City Average;seasonally_adjusted;Index 1982-1984=100;https://fred.stlouisfed.org/graph/fredgraph.csv?id=CPIAUCSL;2026-10-08
2017-08-01;2017;8;245.183;CPIAUCSL;Consumer Price Index for All Urban Consumers: All Items in U.S. City Average;seasonally_adjusted;Index 1982-1984=100;https://fred.stlouisfed.org/graph/fredgraph.csv?id=CPIAUCSL;2026-10-08
2017-09-01;2017;9;246.435;CPIAUCSL;Consumer Price Index for All Urban Consumers: All Items in U.S. City Average;seasonally_adjusted;Index 1982-1984=100;https://fred.stlouisfed.org/graph/fredgraph.csv?id=CPIAUCSL;2026-10-08
2017-10-01;2017;10;246.626;CPIAUCSL;Consumer Price Index for All Urban Consumers: All Items in U.S. City Average;seasonally_adjusted;Index 1982-1984=100;https://fred.stlouisfed.org/graph/fredgraph.csv?id=CPIAUCSL;2026-10-08
2017-11-01;2017;11;247.284;CPIAUCSL;Consumer Price Index for All Urban Consumers: All Items in U.S. City Average;seasonally_adjusted;Index 1982-1984=100;https://fred.stlouisfed.org/graph/fredgraph.csv?id=CPIAUCSL;2026-10-08
2017-12-01;2017;12;247.805;CPIAUCSL;Consumer Price Index for All Urban Consumers: All Items in U.S. City Average;seasonally_adjusted;Index 1982-1984=100;https://fred.stlouisfed.org/graph/fredgraph.csv?id=CPIAUCSL;2026-10-08
2018-01-01;2018;1;248.859;CPIAUCSL;Consumer Price Index for All Urban Consumers: All Items in U.S. City Average;seasonally_adjusted;Index 1982-1984=100;https://fred.stlouisfed.org/graph/fredgraph.csv?id=CPIAUCSL;2026-10-08
2018-02-01;2018;2;249.529;CPIAUCSL;Consumer Price Index for All Urban Consumers: All Items in U.S. City Average;seasonally_adjusted;Index 1982-1984=100;https://fred.stlouisfed.org/graph/fredgraph.csv?id=CPIAUCSL;2026-10-08
2018-03-01;2018;3;249.577;CPIAUCSL;Consumer Price Index for All Urban Consumers: All Items in U.S. City Average;seasonally_adjusted;Index 1982-1984=100;https://fred.stlouisfed.org/graph/fredgraph.csv?id=CPIAUCSL;2026-10-08
2018-04-01;2018;4;250.227;CPIAUCSL;Consumer Price Index for All Urban Consumers: All Items in U.S. City Average;seasonally_adjusted;Index 1982-1984=100;https://fred.stlouisfed.org/graph/fredgraph.csv?id=CPIAUCSL;2026-10-08
2018-05-01;2018;5;250.792;CPIAUCSL;Consumer Price Index for All Urban Consumers: All Items in U.S. City Average;seasonally_adjusted;Index 1982-1984=100;https://fred.stlouisfed.org/graph/fredgraph.csv?id=CPIAUCSL;2026-10-08
2018-06-01;2018;6;251.018;CPIAUCSL;Consumer Price Index for All Urban Consumers: All Items in U.S. City Average;seasonally_adjusted;Index 1982-1984=100;https://fred.stlouisfed.org/graph/fredgraph.csv?id=CPIAUCSL;2026-10-08
2018-07-01;2018;7;251.214;CPIAUCSL;Consumer Price Index for All Urban Consumers: All Items in U.S. City Average;seasonally_adjusted;Index 1982-1984=100;https://fred.stlouisfed.org/graph/fredgraph.csv?id=CPIAUCSL;2026-10-08
2018-08-01;2018;8;251.663;CPIAUCSL;Consumer Price Index for All Urban Consumers: All Items in U.S. City Average;seasonally_adjusted;Index 1982-1984=100;https://fred.stlouisfed.org/graph/fredgraph.csv?id=CPIAUCSL;2026-10-08
2018-09-01;2018;9;252.182;CPIAUCSL;Consumer Price Index for All Urban Consumers: All Items in U.S. City Average;seasonally_adjusted;Index 1982-1984=100;https://fred.stlouisfed.org/graph/fredgraph.csv?id=CPIAUCSL;2026-10-08
2018-10-01;2018;10;252.772;CPIAUCSL;Consumer Price Index for All Urban Consumers: All Items in U.S. City Average;seasonally_adjusted;Index 1982-1984=100;https://fred.stlouisfed.org/graph/fredgraph.csv?id=CPIAUCSL;2026-10-08
2018-11-01;2018;11;252.594;CPIAUCSL;Consumer Price Index for All Urban Consumers: All Items in U.S. City Average;seasonally_adjusted;Index 1982-1984=100;https://fred.stlouisfed.org/graph/fredgraph.csv?id=CPIAUCSL;2026-10-08
2018-12-01;2018;12;252.767;CPIAUCSL;Consumer Price Index for All Urban Consumers: All Items in U.S. City Average;seasonally_adjusted;Index 1982-1984=100;https://fred.stlouisfed.org/graph/fredgraph.csv?id=CPIAUCSL;2026-10-08
2019-01-01;2019;1;252.561;CPIAUCSL;Consumer Price Index for All Urban Consumers: All Items in U.S. City Average;seasonally_adjusted;Index 1982-1984=100;https://fred.stlouisfed.org/graph/fredgraph.csv?id=CPIAUCSL;2026-10-08
2019-02-01;2019;2;253.319;CPIAUCSL;Consumer Price Index for All Urban Consumers: All Items in U.S. City Average;seasonally_adjusted;Index 1982-1984=100;https://fred.stlouisfed.org/graph/fredgraph.csv?id=CPIAUCSL;2026-10-08
2019-03-01;2019;3;254.277;CPIAUCSL;Consumer Price Index for All Urban Consumers: All Items in U.S. City Average;seasonally_adjusted;Index 1982-1984=100;https://fred.stlouisfed.org/graph/fredgraph.csv?id=CPIAUCSL;2026-10-08
2019-04-01;2019;4;255.233;CPIAUCSL;Consumer Price Index for All Urban Consumers: All Items in U.S. City Average;seasonally_adjusted;Index 1982-1984=100;https://fred.stlouisfed.org/graph/fredgraph.csv?id=CPIAUCSL;2026-10-08
2019-05-01;2019;5;255.296;CPIAUCSL;Consumer Price Index for All Urban Consumers: All Items in U.S. City Average;seasonally_adjusted;Index 1982-1984=100;https://fred.stlouisfed.org/graph/fredgraph.csv?id=CPIAUCSL;2026-10-08
2019-06-01;2019;6;255.213;CPIAUCSL;Consumer Price Index for All Urban Consumers: All Items in U.S. City Average;seasonally_adjusted;Index 1982-1984=100;https://fred.stlouisfed.org/graph/fredgraph.csv?id=CPIAUCSL;2026-10-08
2019-07-01;2019;7;255.802;CPIAUCSL;Consumer Price Index for All Urban Consumers: All Items in U.S. City Average;seasonally_adjusted;Index 1982-1984=100;https://fred.stlouisfed.org/graph/fredgraph.csv?id=CPIAUCSL;2026-10-08
2019-08-01;2019;8;256.036;CPIAUCSL;Consumer Price Index for All Urban Consumers: All Items in U.S. City Average;seasonally_adjusted;Index 1982-1984=100;https://fred.stlouisfed.org/graph/fredgraph.csv?id=CPIAUCSL;2026-10-08
2019-09-01;2019;9;256.430;CPIAUCSL;Consumer Price Index for All Urban Consumers: All Items in U.S. City Average;seasonally_adjusted;Index 1982-1984=100;https://fred.stlouisfed.org/graph/fredgraph.csv?id=CPIAUCSL;2026-10-08
2019-10-01;2019;10;257.155;CPIAUCSL;Consumer Price Index for All Urban Consumers: All Items in U.S. City Average;seasonally_adjusted;Index 1982-1984=100;https://fred.stlouisfed.org/graph/fredgraph.csv?id=CPIAUCSL;2026-10-08
2019-11-01;2019;11;257.879;CPIAUCSL;Consumer Price Index for All Urban Consumers: All Items in U.S. City Average;seasonally_adjusted;Index 1982-1984=100;https://fred.stlouisfed.org/graph/fredgraph.csv?id=CPIAUCSL;2026-10-08
2019-12-01;2019;12;258.630;CPIAUCSL;Consumer Price Index for All Urban Consumers: All Items in U.S. City Average;seasonally_adjusted;Index 1982-1984=100;https://fred.stlouisfed.org/graph/fredgraph.csv?id=CPIAUCSL;2026-10-08
2020-01-01;2020;1;259.127;CPIAUCSL;Consumer Price Index for All Urban Consumers: All Items in U.S. City Average;seasonally_adjusted;Index 1982-1984=100;https://fred.stlouisfed.org/graph/fredgraph.csv?id=CPIAUCSL;2026-10-08
2020-02-01;2020;2;259.250;CPIAUCSL;Consumer Price Index for All Urban Consumers: All Items in U.S. City Average;seasonally_adjusted;Index 1982-1984=100;https://fred.stlouisfed.org/graph/fredgraph.csv?id=CPIAUCSL;2026-10-08
2020-03-01;2020;3;258.076;CPIAUCSL;Consumer Price Index for All Urban Consumers: All Items in U.S. City Average;seasonally_adjusted;Index 1982-1984=100;https://fred.stlouisfed.org/graph/fredgraph.csv?id=CPIAUCSL;2026-10-08
2020-04-01;2020;4;256.032;CPIAUCSL;Consumer Price Index for All Urban Consumers: All Items in U.S. City Average;seasonally_adjusted;Index 1982-1984=100;https://fred.stlouisfed.org/graph/fredgraph.csv?id=CPIAUCSL;2026-10-08
2020-05-01;2020;5;255.802;CPIAUCSL;Consumer Price Index for All Urban Consumers: All Items in U.S. City Average;seasonally_adjusted;Index 1982-1984=100;https://fred.stlouisfed.org/graph/fredgraph.csv?id=CPIAUCSL;2026-10-08
2020-06-01;2020;6;257.042;CPIAUCSL;Consumer Price Index for All Urban Consumers: All Items in U.S. City Average;seasonally_adjusted;Index 1982-1984=100;https://fred.stlouisfed.org/graph/fredgraph.csv?id=CPIAUCSL;2026-10-08
2020-07-01;2020;7;258.352;CPIAUCSL;Consumer Price Index for All Urban Consumers: All Items in U.S. City Average;seasonally_adjusted;Index 1982-1984=100;https://fred.stlouisfed.org/graph/fredgraph.csv?id=CPIAUCSL;2026-10-08
2020-08-01;2020;8;259.316;CPIAUCSL;Consumer Price Index for All Urban Consumers: All Items in U.S. City Average;seasonally_adjusted;Index 1982-1984=100;https://fred.stlouisfed.org/graph/fredgraph.csv?id=CPIAUCSL;2026-10-08
2020-09-01;2020;9;259.997;CPIAUCSL;Consumer Price Index for All Urban Consumers: All Items in U.S. City Average;seasonally_adjusted;Index 1982-1984=100;https://fred.stlouisfed.org/graph/fredgraph.csv?id=CPIAUCSL;2026-10-08
2020-10-01;2020;10;260.319;CPIAUCSL;Consumer Price Index for All Urban Consumers: All Items in U.S. City Average;seasonally_adjusted;Index 1982-1984=100;https://fred.stlouisfed.org/graph/fredgraph.csv?id=CPIAUCSL;2026-10-08
2020-11-01;2020;11;260.911;CPIAUCSL;Consumer Price Index for All Urban Consumers: All Items in U.S. City Average;seasonally_adjusted;Index 1982-1984=100;https://fred.stlouisfed.org/graph/fredgraph.csv?id=CPIAUCSL;2026-10-08
2020-12-01;2020;12;262.045;CPIAUCSL;Consumer Price Index for All Urban Consumers: All Items in U.S. City Average;seasonally_adjusted;Index 1982-1984=100;https://fred.stlouisfed.org/graph/fredgraph.csv?id=CPIAUCSL;2026-10-08
2021-01-01;2021;1;262.687;CPIAUCSL;Consumer Price Index for All Urban Consumers: All Items in U.S. City Average;seasonally_adjusted;Index 1982-1984=100;https://fred.stlouisfed.org/graph/fredgraph.csv?id=CPIAUCSL;2026-10-08
2021-02-01;2021;2;263.579;CPIAUCSL;Consumer Price Index for All Urban Consumers: All Items in U.S. City Average;seasonally_adjusted;Index 1982-1984=100;https://fred.stlouisfed.org/graph/fredgraph.csv?id=CPIAUCSL;2026-10-08
2021-03-01;2021;3;264.961;CPIAUCSL;Consumer Price Index for All Urban Consumers: All Items in U.S. City Average;seasonally_adjusted;Index 1982-1984=100;https://fred.stlouisfed.org/graph/fredgraph.csv?id=CPIAUCSL;2026-10-08
2021-04-01;2021;4;266.614;CPIAUCSL;Consumer Price Index for All Urban Consumers: All Items in U.S. City Average;seasonally_adjusted;Index 1982-1984=100;https://fred.stlouisfed.org/graph/fredgraph.csv?id=CPIAUCSL;2026-10-08
2021-05-01;2021;5;268.383;CPIAUCSL;Consumer Price Index for All Urban Consumers: All Items in U.S. City Average;seasonally_adjusted;Index 1982-1984=100;https://fred.stlouisfed.org/graph/fredgraph.csv?id=CPIAUCSL;2026-10-08
2021-06-01;2021;6;270.654;CPIAUCSL;Consumer Price Index for All Urban Consumers: All Items in U.S. City Average;seasonally_adjusted;Index 1982-1984=100;https://fred.stlouisfed.org/graph/fredgraph.csv?id=CPIAUCSL;2026-10-08
2021-07-01;2021;7;271.903;CPIAUCSL;Consumer Price Index for All Urban Consumers: All Items in U.S. City Average;seasonally_adjusted;Index 1982-1984=100;https://fred.stlouisfed.org/graph/fredgraph.csv?id=CPIAUCSL;2026-10-08
2021-08-01;2021;8;272.676;CPIAUCSL;Consumer Price Index for All Urban Consumers: All Items in U.S. City Average;seasonally_adjusted;Index 1982-1984=100;https://fred.stlouisfed.org/graph/fredgraph.csv?id=CPIAUCSL;2026-10-08
2021-09-01;2021;9;273.910;CPIAUCSL;Consumer Price Index for All Urban Consumers: All Items in U.S. City Average;seasonally_adjusted;Index 1982-1984=100;https://fred.stlouisfed.org/graph/fredgraph.csv?id=CPIAUCSL;2026-10-08
2021-10-01;2021;10;276.550;CPIAUCSL;Consumer Price Index for All Urban Consumers: All Items in U.S. City Average;seasonally_adjusted;Index 1982-1984=100;https://fred.stlouisfed.org/graph/fredgraph.csv?id=CPIAUCSL;2026-10-08
2021-11-01;2021;11;278.919;CPIAUCSL;Consumer Price Index for All Urban Consumers: All Items in U.S. City Average;seasonally_adjusted;Index 1982-1984=100;https://fred.stlouisfed.org/graph/fredgraph.csv?id=CPIAUCSL;2026-10-08
2021-12-01;2021;12;280.845;CPIAUCSL;Consumer Price Index for All Urban Consumers: All Items in U.S. City Average;seasonally_adjusted;Index 1982-1984=100;https://fred.stlouisfed.org/graph/fredgraph.csv?id=CPIAUCSL;2026-10-08
2022-01-01;2022;1;282.543;CPIAUCSL;Consumer Price Index for All Urban Consumers: All Items in U.S. City Average;seasonally_adjusted;Index 1982-1984=100;https://fred.stlouisfed.org/graph/fredgraph.csv?id=CPIAUCSL;2026-10-08
2022-02-01;2022;2;284.500;CPIAUCSL;Consumer Price Index for All Urban Consumers: All Items in U.S. City Average;seasonally_adjusted;Index 1982-1984=100;https://fred.stlouisfed.org/graph/fredgraph.csv?id=CPIAUCSL;2026-10-08
2022-03-01;2022;3;287.674;CPIAUCSL;Consumer Price Index for All Urban Consumers: All Items in U.S. City Average;seasonally_adjusted;Index 1982-1984=100;https://fred.stlouisfed.org/graph/fredgraph.csv?id=CPIAUCSL;2026-10-08
2022-04-01;2022;4;288.561;CPIAUCSL;Consumer Price Index for All Urban Consumers: All Items in U.S. City Average;seasonally_adjusted;Index 1982-1984=100;https://fred.stlouisfed.org/graph/fredgraph.csv?id=CPIAUCSL;2026-10-08
2022-05-01;2022;5;291.298;CPIAUCSL;Consumer Price Index for All Urban Consumers: All Items in U.S. City Average;seasonally_adjusted;Index 1982-1984=100;https://fred.stlouisfed.org/graph/fredgraph.csv?id=CPIAUCSL;2026-10-08
2022-06-01;2022;6;294.957;CPIAUCSL;Consumer Price Index for All Urban Consumers: All Items in U.S. City Average;seasonally_adjusted;Index 1982-1984=100;https://fred.stlouisfed.org/graph/fredgraph.csv?id=CPIAUCSL;2026-10-08
2022-07-01;2022;7;294.913;CPIAUCSL;Consumer Price Index for All Urban Consumers: All Items in U.S. City Average;seasonally_adjusted;Index 1982-1984=100;https://fred.stlouisfed.org/graph/fredgraph.csv?id=CPIAUCSL;2026-10-08
2022-08-01;2022;8;295.097;CPIAUCSL;Consumer Price Index for All Urban Consumers: All Items in U.S. City Average;seasonally_adjusted;Index 1982-1984=100;https://fred.stlouisfed.org/graph/fredgraph.csv?id=CPIAUCSL;2026-10-08
2022-09-01;2022;9;296.349;CPIAUCSL;Consumer Price Index for All Urban Consumers: All Items in U.S. City Average;seasonally_adjusted;Index 1982-1984=100;https://fred.stlouisfed.org/graph/fredgraph.csv?id=CPIAUCSL;2026-10-08
2022-10-01;2022;10;298.007;CPIAUCSL;Consumer Price Index for All Urban Consumers: All Items in U.S. City Average;seasonally_adjusted;Index 1982-1984=100;https://fred.stlouisfed.org/graph/fredgraph.csv?id=CPIAUCSL;2026-10-08
2022-11-01;2022;11;298.786;CPIAUCSL;Consumer Price Index for All Urban Consumers: All Items in U.S. City Average;seasonally_adjusted;Index 1982-1984=100;https://fred.stlouisfed.org/graph/fredgraph.csv?id=CPIAUCSL;2026-10-08
2022-12-01;2022;12;298.832;CPIAUCSL;Consumer Price Index for All Urban Consumers: All Items in U.S. City Average;seasonally_adjusted;Index 1982-1984=100;https://fred.stlouisfed.org/graph/fredgraph.csv?id=CPIAUCSL;2026-10-08
2023-01-01;2023;1;300.420;CPIAUCSL;Consumer Price Index for All Urban Consumers: All Items in U.S. City Average;seasonally_adjusted;Index 1982-1984=100;https://fred.stlouisfed.org/graph/fredgraph.csv?id=CPIAUCSL;2026-10-08
2023-02-01;2023;2;301.450;CPIAUCSL;Consumer Price Index for All Urban Consumers: All Items in U.S. City Average;seasonally_adjusted;Index 1982-1984=100;https://fred.stlouisfed.org/graph/fredgraph.csv?id=CPIAUCSL;2026-10-08
2023-03-01;2023;3;301.821;CPIAUCSL;Consumer Price Index for All Urban Consumers: All Items in U.S. City Average;seasonally_adjusted;Index 1982-1984=100;https://fred.stlouisfed.org/graph/fredgraph.csv?id=CPIAUCSL;2026-10-08
2023-04-01;2023;4;302.845;CPIAUCSL;Consumer Price Index for All Urban Consumers: All Items in U.S. City Average;seasonally_adjusted;Index 1982-1984=100;https://fred.stlouisfed.org/graph/fredgraph.csv?id=CPIAUCSL;2026-10-08
2023-05-01;2023;5;303.334;CPIAUCSL;Consumer Price Index for All Urban Consumers: All Items in U.S. City Average;seasonally_adjusted;Index 1982-1984=100;https://fred.stlouisfed.org/graph/fredgraph.csv?id=CPIAUCSL;2026-10-08
2023-06-01;2023;6;304.014;CPIAUCSL;Consumer Price Index for All Urban Consumers: All Items in U.S. City Average;seasonally_adjusted;Index 1982-1984=100;https://fred.stlouisfed.org/graph/fredgraph.csv?id=CPIAUCSL;2026-10-08
2023-07-01;2023;7;304.609;CPIAUCSL;Consumer Price Index for All Urban Consumers: All Items in U.S. City Average;seasonally_adjusted;Index 1982-1984=100;https://fred.stlouisfed.org/graph/fredgraph.csv?id=CPIAUCSL;2026-10-08
2023-08-01;2023;8;306.082;CPIAUCSL;Consumer Price Index for All Urban Consumers: All Items in U.S. City Average;seasonally_adjusted;Index 1982-1984=100;https://fred.stlouisfed.org/graph/fredgraph.csv?id=CPIAUCSL;2026-10-08
2023-09-01;2023;9;307.276;CPIAUCSL;Consumer Price Index for All Urban Consumers: All Items in U.S. City Average;seasonally_adjusted;Index 1982-1984=100;https://fred.stlouisfed.org/graph/fredgraph.csv?id=CPIAUCSL;2026-10-08
2023-10-01;2023;10;307.696;CPIAUCSL;Consumer Price Index for All Urban Consumers: All Items in U.S. City Average;seasonally_adjusted;Index 1982-1984=100;https://fred.stlouisfed.org/graph/fredgraph.csv?id=CPIAUCSL;2026-10-08
2023-11-01;2023;11;308.148;CPIAUCSL;Consumer Price Index for All Urban Consumers: All Items in U.S. City Average;seasonally_adjusted;Index 1982-1984=100;https://fred.stlouisfed.org/graph/fredgraph.csv?id=CPIAUCSL;2026-10-08
2023-12-01;2023;12;308.741;CPIAUCSL;Consumer Price Index for All Urban Consumers: All Items in U.S. City Average;seasonally_adjusted;Index 1982-1984=100;https://fred.stlouisfed.org/graph/fredgraph.csv?id=CPIAUCSL;2026-10-08
2024-01-01;2024;1;309.698;CPIAUCSL;Consumer Price Index for All Urban Consumers: All Items in U.S. City Average;seasonally_adjusted;Index 1982-1984=100;https://fred.stlouisfed.org/graph/fredgraph.csv?id=CPIAUCSL;2026-10-08
2024-02-01;2024;2;310.967;CPIAUCSL;Consumer Price Index for All Urban Consumers: All Items in U.S. City Average;seasonally_adjusted;Index 1982-1984=100;https://fred.stlouisfed.org/graph/fredgraph.csv?id=CPIAUCSL;2026-10-08
2024-03-01;2024;3;312.345;CPIAUCSL;Consumer Price Index for All Urban Consumers: All Items in U.S. City Average;seasonally_adjusted;Index 1982-1984=100;https://fred.stlouisfed.org/graph/fredgraph.csv?id=CPIAUCSL;2026-10-08
2024-04-01;2024;4;313.023;CPIAUCSL;Consumer Price Index for All Urban Consumers: All Items in U.S. City Average;seasonally_adjusted;Index 1982-1984=100;https://fred.stlouisfed.org/graph/fredgraph.csv?id=CPIAUCSL;2026-10-08
2024-05-01;2024;5;313.175;CPIAUCSL;Consumer Price Index for All Urban Consumers: All Items in U.S. City Average;seasonally_adjusted;Index 1982-1984=100;https://fred.stlouisfed.org/graph/fredgraph.csv?id=CPIAUCSL;2026-10-08
2024-06-01;2024;6;313.044;CPIAUCSL;Consumer Price Index for All Urban Consumers: All Items in U.S. City Average;seasonally_adjusted;Index 1982-1984=100;https://fred.stlouisfed.org/graph/fredgraph.csv?id=CPIAUCSL;2026-10-08
2024-07-01;2024;7;313.569;CPIAUCSL;Consumer Price Index for All Urban Consumers: All Items in U.S. City Average;seasonally_adjusted;Index 1982-1984=100;https://fred.stlouisfed.org/graph/fredgraph.csv?id=CPIAUCSL;2026-10-08
2024-08-01;2024;8;314.062;CPIAUCSL;Consumer Price Index for All Urban Consumers: All Items in U.S. City Average;seasonally_adjusted;Index 1982-1984=100;https://fred.stlouisfed.org/graph/fredgraph.csv?id=CPIAUCSL;2026-10-08
2024-09-01;2024;9;314.732;CPIAUCSL;Consumer Price Index for All Urban Consumers: All Items in U.S. City Average;seasonally_adjusted;Index 1982-1984=100;https://fred.stlouisfed.org/graph/fredgraph.csv?id=CPIAUCSL;2026-10-08
2024-10-01;2024;10;315.631;CPIAUCSL;Consumer Price Index for All Urban Consumers: All Items in U.S. City Average;seasonally_adjusted;Index 1982-1984=100;https://fred.stlouisfed.org/graph/fredgraph.csv?id=CPIAUCSL;2026-10-08
2024-11-01;2024;11;316.528;CPIAUCSL;Consumer Price Index for All Urban Consumers: All Items in U.S. City Average;seasonally_adjusted;Index 1982-1984=100;https://fred.stlouisfed.org/graph/fredgraph.csv?id=CPIAUCSL;2026-10-08
2024-12-01;2024;12;317.604;CPIAUCSL;Consumer Price Index for All Urban Consumers: All Items in U.S. City Average;seasonally_adjusted;Index 1982-1984=100;https://fred.stlouisfed.org/graph/fredgraph.csv?id=CPIAUCSL;2026-10-08
2025-01-01;2025;1;318.961;CPIAUCSL;Consumer Price Index for All Urban Consumers: All Items in U.S. City Average;seasonally_adjusted;Index 1982-1984=100;https://fred.stlouisfed.org/graph/fredgraph.csv?id=CPIAUCSL;2026-10-08
2025-02-01;2025;2;319.679;CPIAUCSL;Consumer Price Index for All Urban Consumers: All Items in U.S. City Average;seasonally_adjusted;Index 1982-1984=100;https://fred.stlouisfed.org/graph/fredgraph.csv?id=CPIAUCSL;2026-10-08
2025-03-01;2025;3;319.785;CPIAUCSL;Consumer Price Index for All Urban Consumers: All Items in U.S. City Average;seasonally_adjusted;Index 1982-1984=100;https://fred.stlouisfed.org/graph/fredgraph.csv?id=CPIAUCSL;2026-10-08
2025-04-01;2025;4;320.302;CPIAUCSL;Consumer Price Index for All Urban Consumers: All Items in U.S. City Average;seasonally_adjusted;Index 1982-1984=100;https://fred.stlouisfed.org/graph/fredgraph.csv?id=CPIAUCSL;2026-10-08
2025-05-01;2025;5;320.620;CPIAUCSL;Consumer Price Index for All Urban Consumers: All Items in U.S. City Average;seasonally_adjusted;Index 1982-1984=100;https://fred.stlouisfed.org/graph/fredgraph.csv?id=CPIAUCSL;2026-10-08
2025-06-01;2025;6;321.435;CPIAUCSL;Consumer Price Index for All Urban Consumers: All Items in U.S. City Average;seasonally_adjusted;Index 1982-1984=100;https://fred.stlouisfed.org/graph/fredgraph.csv?id=CPIAUCSL;2026-10-08
2025-07-01;2025;7;322.169;CPIAUCSL;Consumer Price Index for All Urban Consumers: All Items in U.S. City Average;seasonally_adjusted;Index 1982-1984=100;https://fred.stlouisfed.org/graph/fredgraph.csv?id=CPIAUCSL;2026-10-08
2025-08-01;2025;8;323.291;CPIAUCSL;Consumer Price Index for All Urban Consumers: All Items in U.S. City Average;seasonally_adjusted;Index 1982-1984=100;https://fred.stlouisfed.org/graph/fredgraph.csv?id=CPIAUCSL;2026-10-08
2025-09-01;2025;9;324.245;CPIAUCSL;Consumer Price Index for All Urban Consumers: All Items in U.S. City Average;seasonally_adjusted;Index 1982-1984=100;https://fred.stlouisfed.org/graph/fredgraph.csv?id=CPIAUCSL;2026-10-08
2025-11-01;2025;11;325.063;CPIAUCSL;Consumer Price Index for All Urban Consumers: All Items in U.S. City Average;seasonally_adjusted;Index 1982-1984=100;https://fred.stlouisfed.org/graph/fredgraph.csv?id=CPIAUCSL;2026-10-08
2025-12-01;2025;12;326.031;CPIAUCSL;Consumer Price Index for All Urban Consumers: All Items in U.S. City Average;seasonally_adjusted;Index 1982-1984=100;https://fred.stlouisfed.org/graph/fredgraph.csv?id=CPIAUCSL;2026-10-08
2026-01-01;2026;1;326.588;CPIAUCSL;Consumer Price Index for All Urban Consumers: All Items in U.S. City Average;seasonally_adjusted;Index 1982-1984=100;https://fred.stlouisfed.org/graph/fredgraph.csv?id=CPIAUCSL;2026-10-08
2026-02-01;2026;2;327.460;CPIAUCSL;Consumer Price Index for All Urban Consumers: All Items in U.S. City Average;seasonally_adjusted;Index 1982-1984=100;https://fred.stlouisfed.org/graph/fredgraph.csv?id=CPIAUCSL;2026-10-08
2026-03-01;2026;3;330.293;CPIAUCSL;Consumer Price Index for All Urban Consumers: All Items in U.S. City Average;seasonally_adjusted;Index 1982-1984=100;https://fred.stlouisfed.org/graph/fredgraph.csv?id=CPIAUCSL;2026-10-08
2026-04-01;2026;4;332.407;CPIAUCSL;Consumer Price Index for All Urban Consumers: All Items in U.S. City Average;seasonally_adjusted;Index 1982-1984=100;https://fred.stlouisfed.org/graph/fredgraph.csv?id=CPIAUCSL;2026-10-08
2026-05-01;2026;5;333.979;CPIAUCSL;Consumer Price Index for All Urban Consumers: All Items in U.S. City Average;seasonally_adjusted;Index 1982-1984=100;https://fred.stlouisfed.org/graph/fredgraph.csv?id=CPIAUCSL;2026-10-08
2026-06-01;2026;6;332.568;CPIAUCSL;Consumer Price Index for All Urban Consumers: All Items in U.S. City Average;seasonally_adjusted;Index 1982-1984=100;https://fred.stlouisfed.org/graph/fredgraph.csv?id=CPIAUCSL;2026-10-08
2026-07-01;2026;7;332.813;CPIAUCSL;Consumer Price Index for All Urban Consumers: All Items in U.S. City Average;seasonally_adjusted;Index 1982-1984=100;https://fred.stlouisfed.org/graph/fredgraph.csv?id=CPIAUCSL;2026-10-08
2026-08-01;2026;8;334.131;CPIAUCSL;Consumer Price Index for All Urban Consumers: All Items in U.S. City Average;seasonally_adjusted;Index 1982-1984=100;https://fred.stlouisfed.org/graph/fredgraph.csv?id=CPIAUCSL;2026-10-08
