date;year;month;cpi_index_1982_1984_100;series_id;series_name;seasonal_adjustment;unit;source_url;downloaded_at
1913-01-01;1913;1;9.800;CPIAUCNS;Consumer Price Index for All Urban Consumers: All Items in U.S. City Average;not_seasonally_adjusted;Index 1982-1984=100;https://fred.stlouisfed.org/graph/fredgraph.csv?id=CPIAUCNS;2026-10-08
1913-02-01;1913;2;9.800;CPIAUCNS;Consumer Price Index for All Urban Consumers: All Items in U.S. City Average;not_seasonally_adjusted;Index 1982-1984=100;https://fred.stlouisfed.org/graph/fredgraph.csv?id=CPIAUCNS;2026-10-08
1913-03-01;1913;3;9.800;CPIAUCNS;Consumer Price Index for All Urban Consumers: All Items in U.S. City Average;not_seasonally_adjusted;Index 1982-1984=100;https://fred.stlouisfed.org/graph/fredgraph.csv?id=CPIAUCNS;2026-10-08
1913-04-01;1913;4;9.800;CPIAUCNS;Consumer Price Index for All Urban Consumers: All Items in U.S. City Average;not_seasonally_adjusted;Index 1982-1984=100;https://fred.stlouisfed.org/graph/fredgraph.csv?id=CPIAUCNS;2026-10-08
1913-05-01;1913;5;9.700;CPIAUCNS;Consumer Price Index for All Urban Consumers: All Items in U.S. City Average;not_seasonally_adjusted;Index 1982-1984=100;https://fred.stlouisfed.org/graph/fredgraph.csv?id=CPIAUCNS;2026-10-08
1913-06-01;1913;6;9.800;CPIAUCNS;Consumer Price Index for All Urban Consumers: All Items in U.S. City Average;not_seasonally_adjusted;Index 1982-1984=100;https://fred.stlouisfed.org/graph/fredgraph.csv?id=CPIAUCNS;2026-10-08
1913-07-01;1913;7;9.900;CPIAUCNS;Consumer Price Index for All Urban Consumers: All Items in U.S. City Average;not_seasonally_adjusted;Index 1982-1984=100;https://fred.stlouisfed.org/graph/fredgraph.csv?id=CPIAUCNS;2026-10-08
1913-08-01;1913;8;9.900;CPIAUCNS;Consumer Price Index for All Urban Consumers: All Items in U.S. City Average;not_seasonally_adjusted;Index 1982-1984=100;https://fred.stlouisfed.org/graph/fredgraph.csv?id=CPIAUCNS;2026-10-08
1913-09-01;1913;9;10.000;CPIAUCNS;Consumer Price Index for All Urban Consumers: All Items in U.S. City Average;not_seasonally_adjusted;Index 1982-1984=100;https://fred.stlouisfed.org/graph/fredgraph.csv?id=CPIAUCNS;2026-10-08
1913-10-01;1913;10;10.000;CPIAUCNS;Consumer Price Index for All Urban Consumers: All Items in U.S. City Average;not_seasonally_adjusted;Index 1982-1984=100;https://fred.stlouisfed.org/graph/fredgraph.csv?id=CPIAUCNS;2026-10-08
1913-11-01;1913;11;10.100;CPIAUCNS;Consumer Price Index for All Urban Consumers: All Items in U.S. City Average;not_seasonally_adjusted;Index 1982-1984=100;https://fred.stlouisfed.org/graph/fredgraph.csv?id=CPIAUCNS;2026-10-08
1913-12-01;1913;12;10.000;CPIAUCNS;Consumer Price Index for All Urban Consumers: All Items in U.S. City Average;not_seasonally_adjusted;Index 1982-1984=100;https://fred.stlouisfed.org/graph/fredgraph.csv?id=CPIAUCNS;2026-10-08
1914-01-01;1914;1;10.000;CPIAUCNS;Consumer Price Index for All Urban Consumers: All Items in U.S. City Average;not_seasonally_adjusted;Index 1982-1984=100;https://fred.stlouisfed.org/graph/fredgraph.csv?id=CPIAUCNS;2026-10-08
1914-02-01;1914;2;9.900;CPIAUCNS;Consumer Price Index for All Urban Consumers: All Items in U.S. City Average;not_seasonally_adjusted;Index 1982-1984=100;https://fred.stlouisfed.org/graph/fredgraph.csv?id=CPIAUCNS;2026-10-08
1914-03-01;1914;3;9.900;CPIAUCNS;Consumer Price Index for All Urban Consumers: All Items in U.S. City Average;not_seasonally_adjusted;Index 1982-1984=100;https://fred.stlouisfed.org/graph/fredgraph.csv?id=CPIAUCNS;2026-10-08
1914-04-01;1914;4;9.800;CPIAUCNS;Consumer Price Index for All Urban Consumers: All Items in U.S. City Average;not_seasonally_adjusted;Index 1982-1984=100;https://fred.stlouisfed.org/graph/fredgraph.csv?id=CPIAUCNS;2026-10-08
1914-05-01;1914;5;9.900;CPIAUCNS;Consumer Price Index for All Urban Consumers: All Items in U.S. City Average;not_seasonally_adjusted;Index 1982-1984=100;https://fred.stlouisfed.org/graph/fredgraph.csv?id=CPIAUCNS;2026-10-08
1914-06-01;1914;6;9.900;CPIAUCNS;Consumer Price Index for All Urban Consumers: All Items in U.S. City Average;not_seasonally_adjusted;Index 1982-1984=100;https://fred.stlouisfed.org/graph/fredgraph.csv?id=CPIAUCNS;2026-10-08
1914-07-01;1914;7;10.000;CPIAUCNS;Consumer Price Index for All Urban Consumers: All Items in U.S. City Average;not_seasonally_adjusted;Index 1982-1984=100;https://fred.stlouisfed.org/graph/fredgraph.csv?id=CPIAUCNS;2026-10-08
1914-08-01;1914;8;10.200;CPIAUCNS;Consumer Price Index for All Urban Consumers: All Items in U.S. City Average;not_seasonally_adjusted;Index 1982-1984=100;https://fred.stlouisfed.org/graph/fredgraph.csv?id=CPIAUCNS;2026-10-08
1914-09-01;1914;9;10.200;CPIAUCNS;Consumer Price Index for All Urban Consumers: All Items in U.S. City Average;not_seasonally_adjusted;Index 1982-1984=100;https://fred.stlouisfed.org/graph/fredgraph.csv?id=CPIAUCNS;2026-10-08
1914-10-01;1914;10;10.100;CPIAUCNS;Consumer Price Index for All Urban Consumers: All Items in U.S. City Average;not_seasonally_adjusted;Index 1982-1984=100;https://fred.stlouisfed.org/graph/fredgraph.csv?id=CPIAUCNS;2026-10-08
1914-11-01;1914;11;10.200;CPIAUCNS;Consumer Price Index for All Urban Consumers: All Items in U.S. City Average;not_seasonally_adjusted;Index 1982-1984=100;https://fred.stlouisfed.org/graph/fredgraph.csv?id=CPIAUCNS;2026-10-08
1914-12-01;1914;12;10.100;CPIAUCNS;Consumer Price Index for All Urban Consumers: All Items in U.S. City Average;not_seasonally_adjusted;Index 1982-1984=100;https://fred.stlouisfed.org/graph/fredgraph.csv?id=CPIAUCNS;2026-10-08
1915-01-01;1915;1;10.100;CPIAUCNS;Consumer Price Index for All Urban Consumers: All Items in U.S. City Average;not_seasonally_adjusted;Index 1982-1984=100;https://fred.stlouisfed.org/graph/fredgraph.csv?id=CPIAUCNS;2026-10-08
1915-02-01;1915;2;10.000;CPIAUCNS;Consumer Price Index for All Urban Consumers: All Items in U.S. City Average;not_seasonally_adjusted;Index 1982-1984=100;https://fred.stlouisfed.org/graph/fredgraph.csv?id=CPIAUCNS;2026-10-08
1915-03-01;1915;3;9.900;CPIAUCNS;Consumer Price Index for All Urban Consumers: All Items in U.S. City Average;not_seasonally_adjusted;Index 1982-1984=100;https://fred.stlouisfed.org/graph/fredgraph.csv?id=CPIAUCNS;2026-10-08
1915-04-01;1915;4;10.000;CPIAUCNS;Consumer Price Index for All Urban Consumers: All Items in U.S. City Average;not_seasonally_adjusted;Index 1982-1984=100;https://fred.stlouisfed.org/graph/fredgraph.csv?id=CPIAUCNS;2026-10-08
1915-05-01;1915;5;10.100;CPIAUCNS;Consumer Price Index for All Urban Consumers: All Items in U.S. City Average;not_seasonally_adjusted;Index 1982-1984=100;https://fred.stlouisfed.org/graph/fredgraph.csv?id=CPIAUCNS;2026-10-08
1915-06-01;1915;6;10.100;CPIAUCNS;Consumer Price Index for All Urban Consumers: All Items in U.S. City Average;not_seasonally_adjusted;Index 1982-1984=100;https://fred.stlouisfed.org/graph/fredgraph.csv?id=CPIAUCNS;2026-10-08
1915-07-01;1915;7;10.100;CPIAUCNS;Consumer Price Index for All Urban Consumers: All Items in U.S. City Average;not_seasonally_adjusted;Index 1982-1984=100;https://fred.stlouisfed.org/graph/fredgraph.csv?id=CPIAUCNS;2026-10-08
1915-08-01;1915;8;10.100;CPIAUCNS;Consumer Price Index for All Urban Consumers: All Items in U.S. City Average;not_seasonally_adjusted;Index 1982-1984=100;https://fred.stlouisfed.org/graph/fredgraph.csv?id=CPIAUCNS;2026-10-08
1915-09-01;1915;9;10.100;CPIAUCNS;Consumer Price Index for All Urban Consumers: All Items in U.S. City Average;not_seasonally_adjusted;Index 1982-1984=100;https://fred.stlouisfed.org/graph/fredgraph.csv?id=CPIAUCNS;2026-10-08
1915-10-01;1915;10;10.200;CPIAUCNS;Consumer Price Index for All Urban Consumers: All Items in U.S. City Average;not_seasonally_adjusted;Index 1982-1984=100;https://fred.stlouisfed.org/graph/fredgraph.csv?id=CPIAUCNS;2026-10-08
1915-11-01;1915;11;10.300;CPIAUCNS;Consumer Price Index for All Urban Consumers: All Items in U.S. City Average;not_seasonally_adjusted;Index 1982-1984=100;https://fred.stlouisfed.org/graph/fredgraph.csv?id=CPIAUCNS;2026-10-08
1915-12-01;1915;12;10.300;CPIAUCNS;Consumer Price Index for All Urban Consumers: All Items in U.S. City Average;not_seasonally_adjusted;Index 1982-1984=100;https://fred.stlouisfed.org/graph/fredgraph.csv?id=CPIAUCNS;2026-10-08
1916-01-01;1916;1;10.400;CPIAUCNS;Consumer Price Index for All Urban Consumers: All Items in U.S. City Average;not_seasonally_adjusted;Index 1982-1984=100;https://fred.stlouisfed.org/graph/fredgraph.csv?id=CPIAUCNS;2026-10-08
1916-02-01;1916;2;10.400;CPIAUCNS;Consumer Price Index for All Urban Consumers: All Items in U.S. City Average;not_seasonally_adjusted;Index 1982-1984=100;https://fred.stlouisfed.org/graph/fredgraph.csv?id=CPIAUCNS;2026-10-08
1916-03-01;1916;3;10.500;CPIAUCNS;Consumer Price Index for All Urban Consumers: All Items in U.S. City Average;not_seasonally_adjusted;Index 1982-1984=100;https://fred.stlouisfed.org/graph/fredgraph.csv?id=CPIAUCNS;2026-10-08
1916-04-01;1916;4;10.600;CPIAUCNS;Consumer Price Index for All Urban Consumers: All Items in U.S. City Average;not_seasonally_adjusted;Index 1982-1984=100;https://fred.stlouisfed.org/graph/fredgraph.csv?id=CPIAUCNS;2026-10-08
1916-05-01;1916;5;10.700;CPIAUCNS;Consumer Price Index for All Urban Consumers: All Items in U.S. City Average;not_seasonally_adjusted;Index 1982-1984=100;https://fred.stlouisfed.org/graph/fredgraph.csv?id=CPIAUCNS;2026-10-08
1916-06-01;1916;6;10.800;CPIAUCNS;Consumer Price Index for All Urban Consumers: All Items in U.S. City Average;not_seasonally_adjusted;Index 1982-1984=100;https://fred.stlouisfed.org/graph/fredgraph.csv?id=CPIAUCNS;2026-10-08
1916-07-01;1916;7;10.800;CPIAUCNS;Consumer Price Index for All Urban Consumers: All Items in U.S. City Average;not_seasonally_adjusted;Index 1982-1984=100;https://fred.stlouisfed.org/graph/fredgraph.csv?id=CPIAUCNS;2026-10-08
1916-08-01;1916;8;10.900;CPIAUCNS;Consumer Price Index for All Urban Consumers: All Items in U.S. City Average;not_seasonally_adjusted;Index 1982-1984=100;https://fred.stlouisfed.org/graph/fredgraph.csv?id=CPIAUCNS;2026-10-08
1916-09-01;1916;9;11.100;CPIAUCNS;Consumer Price Index for All Urban Consumers: All Items in U.S. City Average;not_seasonally_adjusted;Index 1982-1984=100;https://fred.stlouisfed.org/graph/fredgraph.csv?id=CPIAUCNS;2026-10-08
1916-10-01;1916;10;11.300;CPIAUCNS;Consumer Price Index for All Urban Consumers: All Items in U.S. City Average;not_seasonally_adjusted;Index 1982-1984=100;https://fred.stlouisfed.org/graph/fredgraph.csv?id=CPIAUCNS;2026-10-08
1916-11-01;1916;11;11.500;CPIAUCNS;Consumer Price Index for All Urban Consumers: All Items in U.S. City Average;not_seasonally_adjusted;Index 1982-1984=100;https://fred.stlouisfed.org/graph/fredgraph.csv?id=CPIAUCNS;2026-10-08
1916-12-01;1916;12;11.600;CPIAUCNS;Consumer Price Index for All Urban Consumers: All Items in U.S. City Average;not_seasonally_adjusted;Index 1982-1984=100;https://fred.stlouisfed.org/graph/fredgraph.csv?id=CPIAUCNS;2026-10-08
1917-01-01;1917;1;11.700;CPIAUCNS;Consumer Price Index for All Urban Consumers: All Items in U.S. City Average;not_seasonally_adjusted;Index 1982-1984=100;https://fred.stlouisfed.org/graph/fredgraph.csv?id=CPIAUCNS;2026-10-08
1917-02-01;1917;2;12.000;CPIAUCNS;Consumer Price Index for All Urban Consumers: All Items in U.S. City Average;not_seasonally_adjusted;Index 1982-1984=100;https://fred.stlouisfed.org/graph/fredgraph.csv?id=CPIAUCNS;2026-10-08
1917-03-01;1917;3;12.000;CPIAUCNS;Consumer Price Index for All Urban Consumers: All Items in U.S. City Average;not_seasonally_adjusted;Index 1982-1984=100;https://fred.stlouisfed.org/graph/fredgraph.csv?id=CPIAUCNS;2026-10-08
1917-04-01;1917;4;12.600;CPIAUCNS;Consumer Price Index for All Urban Consumers: All Items in U.S. City Average;not_seasonally_adjusted;Index 1982-1984=100;https://fred.stlouisfed.org/graph/fredgraph.csv?id=CPIAUCNS;2026-10-08
1917-05-01;1917;5;12.800;CPIAUCNS;Consumer Price Index for All Urban Consumers: All Items in U.S. City Average;not_seasonally_adjusted;Index 1982-1984=100;https://fred.stlouisfed.org/graph/fredgraph.csv?id=CPIAUCNS;2026-10-08
1917-06-01;1917;6;13.000;CPIAUCNS;Consumer Price Index for All Urban Consumers: All Items in U.S. City Average;not_seasonally_adjusted;Index 1982-1984=100;https://fred.stlouisfed.org/graph/fredgraph.csv?id=CPIAUCNS;2026-10-08
1917-07-01;1917;7;12.800;CPIAUCNS;Consumer Price Index for All Urban Consumers: All Items in U.S. City Average;not_seasonally_adjusted;Index 1982-1984=100;https://fred.stlouisfed.org/graph/fredgraph.csv?id=CPIAUCNS;2026-10-08
1917-08-01;1917;8;13.000;CPIAUCNS;Consumer Price Index for All Urban Consumers: All Items in U.S. City Average;not_seasonally_adjusted;Index 1982-1984=100;https://fred.stlouisfed.org/graph/fredgraph.csv?id=CPIAUCNS;2026-10-08
1917-09-01;1917;9;13.300;CPIAUCNS;Consumer Price Index for All Urban Consumers: All Items in U.S. City Average;not_seasonally_adjusted;Index 1982-1984=100;https://fred.stlouisfed.org/graph/fredgraph.csv?id=CPIAUCNS;2026-10-08
1917-10-01;1917;10;13.500;CPIAUCNS;Consumer Price Index for All Urban Consumers: All Items in U.S. City Average;not_seasonally_adjusted;Index 1982-1984=100;https://fred.stlouisfed.org/graph/fredgraph.csv?id=CPIAUCNS;2026-10-08
1917-11-01;1917;11;13.500;CPIAUCNS;Consumer Price Index for All Urban Consumers: All Items in U.S. City Average;not_seasonally_adjusted;Index 1982-1984=100;https://fred.stlouisfed.org/graph/fredgraph.csv?id=CPIAUCNS;2026-10-08
1917-12-01;1917;12;13.700;CPIAUCNS;Consumer Price Index for All Urban Consumers: All Items in U.S. City Average;not_seasonally_adjusted;Index 1982-1984=100;https://fred.stlouisfed.org/graph/fredgraph.csv?id=CPIAUCNS;2026-10-08
1918-01-01;1918;1;14.000;CPIAUCNS;Consumer Price Index for All Urban Consumers: All Items in U.S. City Average;not_seasonally_adjusted;Index 1982-1984=100;https://fred.stlouisfed.org/graph/fredgraph.csv?id=CPIAUCNS;2026-10-08
1918-02-01;1918;2;14.100;CPIAUCNS;Consumer Price Index for All Urban Consumers: All Items in U.S. City Average;not_seasonally_adjusted;Index 1982-1984=100;https://fred.stlouisfed.org/graph/fredgraph.csv?id=CPIAUCNS;2026-10-08
1918-03-01;1918;3;14.000;CPIAUCNS;Consumer Price Index for All Urban Consumers: All Items in U.S. City Average;not_seasonally_adjusted;Index 1982-1984=100;https://fred.stlouisfed.org/graph/fredgraph.csv?id=CPIAUCNS;2026-10-08
1918-04-01;1918;4;14.200;CPIAUCNS;Consumer Price Index for All Urban Consumers: All Items in U.S. City Average;not_seasonally_adjusted;Index 1982-1984=100;https://fred.stlouisfed.org/graph/fredgraph.csv?id=CPIAUCNS;2026-10-08
1918-05-01;1918;5;14.500;CPIAUCNS;Consumer Price Index for All Urban Consumers: All Items in U.S. City Average;not_seasonally_adjusted;Index 1982-1984=100;https://fred.stlouisfed.org/graph/fredgraph.csv?id=CPIAUCNS;2026-10-08
1918-06-01;1918;6;14.700;CPIAUCNS;Consumer Price Index for All Urban Consumers: All Items in U.S. City Average;not_seasonally_adjusted;Index 1982-1984=100;https://fred.stlouisfed.org/graph/fredgraph.csv?id=CPIAUCNS;2026-10-08
1918-07-01;1918;7;15.100;CPIAUCNS;Consumer Price Index for All Urban Consumers: All Items in U.S. City Average;not_seasonally_adjusted;Index 1982-1984=100;https://fred.stlouisfed.org/graph/fredgraph.csv?id=CPIAUCNS;2026-10-08
1918-08-01;1918;8;15.400;CPIAUCNS;Consumer Price Index for All Urban Consumers: All Items in U.S. City Average;not_seasonally_adjusted;Index 1982-1984=100;https://fred.stlouisfed.org/graph/fredgraph.csv?id=CPIAUCNS;2026-10-08
1918-09-01;1918;9;15.700;CPIAUCNS;Consumer Price Index for All Urban Consumers: All Items in U.S. City Average;not_seasonally_adjusted;Index 1982-1984=100;https://fred.stlouisfed.org/graph/fredgraph.csv?id=CPIAUCNS;2026-10-08
1918-10-01;1918;10;16.000;CPIAUCNS;Consumer Price Index for All Urban Consumers: All Items in U.S. City Average;not_seasonally_adjusted;Index 1982-1984=100;https://fred.stlouisfed.org/graph/fredgraph.csv?id=CPIAUCNS;2026-10-08
1918-11-01;1918;11;16.300;CPIAUCNS;Consumer Price Index for All Urban Consumers: All Items in U.S. City Average;not_seasonally_adjusted;Index 1982-1984=100;https://fred.stlouisfed.org/graph/fredgraph.csv?id=CPIAUCNS;2026-10-08
1918-12-01;1918;12;16.500;CPIAUCNS;Consumer Price Index for All Urban Consumers: All Items in U.S. City Average;not_seasonally_adjusted;Index 1982-1984=100;https://fred.stlouisfed.org/graph/fredgraph.csv?id=CPIAUCNS;2026-10-08
1919-01-01;1919;1;16.500;CPIAUCNS;Consumer Price Index for All Urban Consumers: All Items in U.S. City Average;not_seasonally_adjusted;Index 1982-1984=100;https://fred.stlouisfed.org/graph/fredgraph.csv?id=CPIAUCNS;2026-10-08
1919-02-01;1919;2;16.200;CPIAUCNS;Consumer Price Index for All Urban Consumers: All Items in U.S. City Average;not_seasonally_adjusted;Index 1982-1984=100;https://fred.stlouisfed.org/graph/fredgraph.csv?id=CPIAUCNS;2026-10-08
1919-03-01;1919;3;16.400;CPIAUCNS;Consumer Price Index for All Urban Consumers: All Items in U.S. City Average;not_seasonally_adjusted;Index 1982-1984=100;https://fred.stlouisfed.org/graph/fredgraph.csv?id=CPIAUCNS;2026-10-08
1919-04-01;1919;4;16.700;CPIAUCNS;Consumer Price Index for All Urban Consumers: All Items in U.S. City Average;not_seasonally_adjusted;Index 1982-1984=100;https://fred.stlouisfed.org/graph/fredgraph.csv?id=CPIAUCNS;2026-10-08
1919-05-01;1919;5;16.900;CPIAUCNS;Consumer Price Index for All Urban Consumers: All Items in U.S. City Average;not_seasonally_adjusted;Index 1982-1984=100;https://fred.stlouisfed.org/graph/fredgraph.csv?id=CPIAUCNS;2026-10-08
1919-06-01;1919;6;16.900;CPIAUCNS;Consumer Price Index for All Urban Consumers: All Items in U.S. City Average;not_seasonally_adjusted;Index 1982-1984=100;https://fred.stlouisfed.org/graph/fredgraph.csv?id=CPIAUCNS;2026-10-08
1919-07-01;1919;7;17.400;CPIAUCNS;Consumer Price Index for All Urban Consumers: All Items in U.S. City Average;not_seasonally_adjusted;Index 1982-1984=100;https://fred.stlouisfed.org/graph/fredgraph.csv?id=CPIAUCNS;2026-10-08
1919-08-01;1919;8;17.700;CPIAUCNS;Consumer Price Index for All Urban Consumers: All Items in U.S. City Average;not_seasonally_adjusted;Index 1982-1984=100;https://fred.stlouisfed.org/graph/fredgraph.csv?id=CPIAUCNS;2026-10-08
1919-09-01;1919;9;17.800;CPIAUCNS;Consumer Price Index for All Urban Consumers: All Items in U.S. City Average;not_seasonally_adjusted;Index 1982-1984=100;https://fred.stlouisfed.org/graph/fredgraph.csv?id=CPIAUCNS;2026-10-08
1919-10-01;1919;10;18.100;CPIAUCNS;Consumer Price Index for All Urban Consumers: All Items in U.S. City Average;not_seasonally_adjusted;Index 1982-1984=100;https://fred.stlouisfed.org/graph/fredgraph.csv?id=CPIAUCNS;2026-10-08
1919-11-01;1919;11;18.500;CPIAUCNS;Consumer Price Index for All Urban Consumers: All Items in U.S. City Average;not_seasonally_adjusted;Index 1982-1984=100;https://fred.stlouisfed.org/graph/fredgraph.csv?id=CPIAUCNS;2026-10-08
1919-12-01;1919;12;18.900;CPIAUCNS;Consumer Price Index for All Urban Consumers: All Items in U.S. City Average;not_seasonally_adjusted;Index 1982-1984=100;https://fred.stlouisfed.org/graph/fredgraph.csv?id=CPIAUCNS;2026-10-08
1920-01-01;1920;1;19.300;CPIAUCNS;Consumer Price Index for All Urban Consumers: All Items in U.S. City Average;not_seasonally_adjusted;Index 1982-1984=100;https://fred.stlouisfed.org/graph/fredgraph.csv?id=CPIAUCNS;2026-10-08
1920-02-01;1920;2;19.500;CPIAUCNS;Consumer Price Index for All Urban Consumers: All Items in U.S. City Average;not_seasonally_adjusted;Index 1982-1984=100;https://fred.stlouisfed.org/graph/fredgraph.csv?id=CPIAUCNS;2026-10-08
1920-03-01;1920;3;19.700;CPIAUCNS;Consumer Price Index for All Urban Consumers: All Items in U.S. City Average;not_seasonally_adjusted;Index 1982-1984=100;https://fred.stlouisfed.org/graph/fredgraph.csv?id=CPIAUCNS;2026-10-08
1920-04-01;1920;4;20.300;CPIAUCNS;Consumer Price Index for All Urban Consumers: All Items in U.S. City Average;not_seasonally_adjusted;Index 1982-1984=100;https://fred.stlouisfed.org/graph/fredgraph.csv?id=CPIAUCNS;2026-10-08
1920-05-01;1920;5;20.600;CPIAUCNS;Consumer Price Index for All Urban Consumers: All Items in U.S. City Average;not_seasonally_adjusted;Index 1982-1984=100;https://fred.stlouisfed.org/graph/fredgraph.csv?id=CPIAUCNS;2026-10-08
1920-06-01;1920;6;20.900;CPIAUCNS;Consumer Price Index for All Urban Consumers: All Items in U.S. City Average;not_seasonally_adjusted;Index 1982-1984=100;https://fred.stlouisfed.org/graph/fredgraph.csv?id=CPIAUCNS;2026-10-08
1920-07-01;1920;7;20.800;CPIAUCNS;Consumer Price Index for All Urban Consumers: All Items in U.S. City Average;not_seasonally_adjusted;Index 1982-1984=100;https://fred.stlouisfed.org/graph/fredgraph.csv?id=CPIAUCNS;2026-10-08
1920-08-01;1920;8;20.300;CPIAUCNS;Consumer Price Index for All Urban Consumers: All Items in U.S. City Average;not_seasonally_adjusted;Index 1982-1984=100;https://fred.stlouisfed.org/graph/fredgraph.csv?id=CPIAUCNS;2026-10-08
1920-09-01;1920;9;20.000;CPIAUCNS;Consumer Price Index for All Urban Consumers: All Items in U.S. City Average;not_seasonally_adjusted;Index 1982-1984=100;https://fred.stlouisfed.org/graph/fredgraph.csv?id=CPIAUCNS;2026-10-08
1920-10-01;1920;10;19.900;CPIAUCNS;Consumer Price Index for All Urban Consumers: All Items in U.S. City Average;not_seasonally_adjusted;Index 1982-1984=100;https://fred.stlouisfed.org/graph/fredgraph.csv?id=CPIAUCNS;2026-10-08
1920-11-01;1920;11;19.800;CPIAUCNS;Consumer Price Index for All Urban Consumers: All Items in U.S. City Average;not_seasonally_adjusted;Index 1982-1984=100;https://fred.stlouisfed.org/graph/fredgraph.csv?id=CPIAUCNS;2026-10-08
1920-12-01;1920;12;19.400;CPIAUCNS;Consumer Price Index for All Urban Consumers: All Items in U.S. City Average;not_seasonally_adjusted;Index 1982-1984=100;https://fred.stlouisfed.org/graph/fredgraph.csv?id=CPIAUCNS;2026-10-08
1921-01-01;1921;1;19.000;CPIAUCNS;Consumer Price Index for All Urban Consumers: All Items in U.S. City Average;not_seasonally_adjusted;Index 1982-1984=100;https://fred.stlouisfed.org/graph/fredgraph.csv?id=CPIAUCNS;2026-10-08
1921-02-01;1921;2;18.400;CPIAUCNS;Consumer Price Index for All Urban Consumers: All Items in U.S. City Average;not_seasonally_adjusted;Index 1982-1984=100;https://fred.stlouisfed.org/graph/fredgraph.csv?id=CPIAUCNS;2026-10-08
1921-03-01;1921;3;18.300;CPIAUCNS;Consumer Price Index for All Urban Consumers: All Items in U.S. City Average;not_seasonally_adjusted;Index 1982-1984=100;https://fred.stlouisfed.org/graph/fredgraph.csv?id=CPIAUCNS;2026-10-08
1921-04-01;1921;4;18.100;CPIAUCNS;Consumer Price Index for All Urban Consumers: All Items in U.S. City Average;not_seasonally_adjusted;Index 1982-1984=100;https://fred.stlouisfed.org/graph/fredgraph.csv?id=CPIAUCNS;2026-10-08
1921-05-01;1921;5;17.700;CPIAUCNS;Consumer Price Index for All Urban Consumers: All Items in U.S. City Average;not_seasonally_adjusted;Index 1982-1984=100;https://fred.stlouisfed.org/graph/fredgraph.csv?id=CPIAUCNS;2026-10-08
1921-06-01;1921;6;17.600;CPIAUCNS;Consumer Price Index for All Urban Consumers: All Items in U.S. City Average;not_seasonally_adjusted;Index 1982-1984=100;https://fred.stlouisfed.org/graph/fredgraph.csv?id=CPIAUCNS;2026-10-08
1921-07-01;1921;7;17.700;CPIAUCNS;Consumer Price Index for All Urban Consumers: All Items in U.S. City Average;not_seasonally_adjusted;Index 1982-1984=100;https://fred.stlouisfed.org/graph/fredgraph.csv?id=CPIAUCNS;2026-10-08
1921-08-01;1921;8;17.700;CPIAUCNS;Consumer Price Index for All Urban Consumers: All Items in U.S. City Average;not_seasonally_adjusted;Index 1982-1984=100;https://fred.stlouisfed.org/graph/fredgraph.csv?id=CPIAUCNS;2026-10-08
1921-09-01;1921;9;17.500;CPIAUCNS;Consumer Price Index for All Urban Consumers: All Items in U.S. City Average;not_seasonally_adjusted;Index 1982-1984=100;https://fred.stlouisfed.org/graph/fredgraph.csv?id=CPIAUCNS;2026-10-08
1921-10-01;1921;10;17.500;CPIAUCNS;Consumer Price Index for All Urban Consumers: All Items in U.S. City Average;not_seasonally_adjusted;Index 1982-1984=100;https://fred.stlouisfed.org/graph/fredgraph.csv?id=CPIAUCNS;2026-10-08
1921-11-01;1921;11;17.400;CPIAUCNS;Consumer Price Index for All Urban Consumers: All Items in U.S. City Average;not_seasonally_adjusted;Index 1982-1984=100;https://fred.stlouisfed.org/graph/fredgraph.csv?id=CPIAUCNS;2026-10-08
1921-12-01;1921;12;17.300;CPIAUCNS;Consumer Price Index for All Urban Consumers: All Items in U.S. City Average;not_seasonally_adjusted;Index 1982-1984=100;https://fred.stlouisfed.org/graph/fredgraph.csv?id=CPIAUCNS;2026-10-08
1922-01-01;1922;1;16.900;CPIAUCNS;Consumer Price Index for All Urban Consumers: All Items in U.S. City Average;not_seasonally_adjusted;Index 1982-1984=100;https://fred.stlouisfed.org/graph/fredgraph.csv?id=CPIAUCNS;2026-10-08
1922-02-01;1922;2;16.900;CPIAUCNS;Consumer Price Index for All Urban Consumers: All Items in U.S. City Average;not_seasonally_adjusted;Index 1982-1984=100;https://fred.stlouisfed.org/graph/fredgraph.csv?id=CPIAUCNS;2026-10-08
1922-03-01;1922;3;16.700;CPIAUCNS;Consumer Price Index for All Urban Consumers: All Items in U.S. City Average;not_seasonally_adjusted;Index 1982-1984=100;https://fred.stlouisfed.org/graph/fredgraph.csv?id=CPIAUCNS;2026-10-08
1922-04-01;1922;4;16.700;CPIAUCNS;Consumer Price Index for All Urban Consumers: All Items in U.S. City Average;not_seasonally_adjusted;Index 1982-1984=100;https://fred.stlouisfed.org/graph/fredgraph.csv?id=CPIAUCNS;2026-10-08
1922-05-01;1922;5;16.700;CPIAUCNS;Consumer Price Index for All Urban Consumers: All Items in U.S. City Average;not_seasonally_adjusted;Index 1982-1984=100;https://fred.stlouisfed.org/graph/fredgraph.csv?id=CPIAUCNS;2026-10-08
1922-06-01;1922;6;16.700;CPIAUCNS;Consumer Price Index for All Urban Consumers: All Items in U.S. City Average;not_seasonally_adjusted;Index 1982-1984=100;https://fred.stlouisfed.org/graph/fredgraph.csv?id=CPIAUCNS;2026-10-08
1922-07-01;1922;7;16.800;CPIAUCNS;Consumer Price Index for All Urban Consumers: All Items in U.S. City Average;not_seasonally_adjusted;Index 1982-1984=100;https://fred.stlouisfed.org/graph/fredgraph.csv?id=CPIAUCNS;2026-10-08
1922-08-01;1922;8;16.600;CPIAUCNS;Consumer Price Index for All Urban Consumers: All Items in U.S. City Average;not_seasonally_adjusted;Index 1982-1984=100;https://fred.stlouisfed.org/graph/fredgraph.csv?id=CPIAUCNS;2026-10-08
1922-09-01;1922;9;16.600;CPIAUCNS;Consumer Price Index for All Urban Consumers: All Items in U.S. City Average;not_seasonally_adjusted;Index 1982-1984=100;https://fred.stlouisfed.org/graph/fredgraph.csv?id=CPIAUCNS;2026-10-08
1922-10-01;1922;10;16.700;CPIAUCNS;Consumer Price Index for All Urban Consumers: All Items in U.S. City Average;not_seasonally_adjusted;Index 1982-1984=100;https://fred.stlouisfed.org/graph/fredgraph.csv?id=CPIAUCNS;2026-10-08
1922-11-01;1922;11;16.800;CPIAUCNS;Consumer Price Index for All Urban Consumers: All Items in U.S. City Average;not_seasonally_adjusted;Index 1982-1984=100;https://fred.stlouisfed.org/graph/fredgraph.csv?id=CPIAUCNS;2026-10-08
1922-12-01;1922;12;16.900;CPIAUCNS;Consumer Price Index for All Urban Consumers: All Items in U.S. City Average;not_seasonally_adjusted;Index 1982-1984=100;https://fred.stlouisfed.org/graph/fredgraph.csv?id=CPIAUCNS;2026-10-08
1923-01-01;1923;1;16.800;CPIAUCNS;Consumer Price Index for All Urban Consumers: All Items in U.S. City Average;not_seasonally_adjusted;Index 1982-1984=100;https://fred.stlouisfed.org/graph/fredgraph.csv?id=CPIAUCNS;2026-10-08
1923-02-01;1923;2;16.800;CPIAUCNS;Consumer Price Index for All Urban Consumers: All Items in U.S. City Average;not_seasonally_adjusted;Index 1982-1984=100;https://fred.stlouisfed.org/graph/fredgraph.csv?id=CPIAUCNS;2026-10-08
1923-03-01;1923;3;16.800;CPIAUCNS;Consumer Price Index for All Urban Consumers: All Items in U.S. City Average;not_seasonally_adjusted;Index 1982-1984=100;https://fred.stlouisfed.org/graph/fredgraph.csv?id=CPIAUCNS;2026-10-08
1923-04-01;1923;4;16.900;CPIAUCNS;Consumer Price Index for All Urban Consumers: All Items in U.S. City Average;not_seasonally_adjusted;Index 1982-1984=100;https://fred.stlouisfed.org/graph/fredgraph.csv?id=CPIAUCNS;2026-10-08
1923-05-01;1923;5;16.900;CPIAUCNS;Consumer Price Index for All Urban Consumers: All Items in U.S. City Average;not_seasonally_adjusted;Index 1982-1984=100;https://fred.stlouisfed.org/graph/fredgraph.csv?id=CPIAUCNS;2026-10-08
1923-06-01;1923;6;17.000;CPIAUCNS;Consumer Price Index for All Urban Consumers: All Items in U.S. City Average;not_seasonally_adjusted;Index 1982-1984=100;https://fred.stlouisfed.org/graph/fredgraph.csv?id=CPIAUCNS;2026-10-08
1923-07-01;1923;7;17.200;CPIAUCNS;Consumer Price Index for All Urban Consumers: All Items in U.S. City Average;not_seasonally_adjusted;Index 1982-1984=100;https://fred.stlouisfed.org/graph/fredgraph.csv?id=CPIAUCNS;2026-10-08
1923-08-01;1923;8;17.100;CPIAUCNS;Consumer Price Index for All Urban Consumers: All Items in U.S. City Average;not_seasonally_adjusted;Index 1982-1984=100;https://fred.stlouisfed.org/graph/fredgraph.csv?id=CPIAUCNS;2026-10-08
1923-09-01;1923;9;17.200;CPIAUCNS;Consumer Price Index for All Urban Consumers: All Items in U.S. City Average;not_seasonally_adjusted;Index 1982-1984=100;https://fred.stlouisfed.org/graph/fredgraph.csv?id=CPIAUCNS;2026-10-08
1923-10-01;1923;10;17.300;CPIAUCNS;Consumer Price Index for All Urban Consumers: All Items in U.S. City Average;not_seasonally_adjusted;Index 1982-1984=100;https://fred.stlouisfed.org/graph/fredgraph.csv?id=CPIAUCNS;2026-10-08
1923-11-01;1923;11;17.300;CPIAUCNS;Consumer Price Index for All Urban Consumers: All Items in U.S. City Average;not_seasonally_adjusted;Index 1982-1984=100;https://fred.stlouisfed.org/graph/fredgraph.csv?id=CPIAUCNS;2026-10-08
1923-12-01;1923;12;17.300;CPIAUCNS;Consumer Price Index for All Urban Consumers: All Items in U.S. City Average;not_seasonally_adjusted;Index 1982-1984=100;https://fred.stlouisfed.org/graph/fredgraph.csv?id=CPIAUCNS;2026-10-08
1924-01-01;1924;1;17.300;CPIAUCNS;Consumer Price Index for All Urban Consumers: All Items in U.S. City Average;not_seasonally_adjusted;Index 1982-1984=100;https://fred.stlouisfed.org/graph/fredgraph.csv?id=CPIAUCNS;2026-10-08
1924-02-01;1924;2;17.200;CPIAUCNS;Consumer Price Index for All Urban Consumers: All Items in U.S. City Average;not_seasonally_adjusted;Index 1982-1984=100;https://fred.stlouisfed.org/graph/fredgraph.csv?id=CPIAUCNS;2026-10-08
1924-03-01;1924;3;17.100;CPIAUCNS;Consumer Price Index for All Urban Consumers: All Items in U.S. City Average;not_seasonally_adjusted;Index 1982-1984=100;https://fred.stlouisfed.org/graph/fredgraph.csv?id=CPIAUCNS;2026-10-08
1924-04-01;1924;4;17.000;CPIAUCNS;Consumer Price Index for All Urban Consumers: All Items in U.S. City Average;not_seasonally_adjusted;Index 1982-1984=100;https://fred.stlouisfed.org/graph/fredgraph.csv?id=CPIAUCNS;2026-10-08
1924-05-01;1924;5;17.000;CPIAUCNS;Consumer Price Index for All Urban Consumers: All Items in U.S. City Average;not_seasonally_adjusted;Index 1982-1984=100;https://fred.stlouisfed.org/graph/fredgraph.csv?id=CPIAUCNS;2026-10-08
1924-06-01;1924;6;17.000;CPIAUCNS;Consumer Price Index for All Urban Consumers: All Items in U.S. City Average;not_seasonally_adjusted;Index 1982-1984=100;https://fred.stlouisfed.org/graph/fredgraph.csv?id=CPIAUCNS;2026-10-08
1924-07-01;1924;7;17.100;CPIAUCNS;Consumer Price Index for All Urban Consumers: All Items in U.S. City Average;not_seasonally_adjusted;Index 1982-1984=100;https://fred.stlouisfed.org/graph/fredgraph.csv?id=CPIAUCNS;2026-10-08
1924-08-01;1924;8;17.000;CPIAUCNS;Consumer Price Index for All Urban Consumers: All Items in U.S. City Average;not_seasonally_adjusted;Index 1982-1984=100;https://fred.stlouisfed.org/graph/fredgraph.csv?id=CPIAUCNS;2026-10-08
1924-09-01;1924;9;17.100;CPIAUCNS;Consumer Price Index for All Urban Consumers: All Items in U.S. City Average;not_seasonally_adjusted;Index 1982-1984=100;https://fred.stlouisfed.org/graph/fredgraph.csv?id=CPIAUCNS;2026-10-08
1924-10-01;1924;10;17.200;CPIAUCNS;Consumer Price Index for All Urban Consumers: All Items in U.S. City Average;not_seasonally_adjusted;Index 1982-1984=100;https://fred.stlouisfed.org/graph/fredgraph.csv?id=CPIAUCNS;2026-10-08
1924-11-01;1924;11;17.200;CPIAUCNS;Consumer Price Index for All Urban Consumers: All Items in U.S. City Average;not_seasonally_adjusted;Index 1982-1984=100;https://fred.stlouisfed.org/graph/fredgraph.csv?id=CPIAUCNS;2026-10-08
1924-12-01;1924;12;17.300;CPIAUCNS;Consumer Price Index for All Urban Consumers: All Items in U.S. City Average;not_seasonally_adjusted;Index 1982-1984=100;https://fred.stlouisfed.org/graph/fredgraph.csv?id=CPIAUCNS;2026-10-08
1925-01-01;1925;1;17.300;CPIAUCNS;Consumer Price Index for All Urban Consumers: All Items in U.S. City Average;not_seasonally_adjusted;Index 1982-1984=100;https://fred.stlouisfed.org/graph/fredgraph.csv?id=CPIAUCNS;2026-10-08
1925-02-01;1925;2;17.200;CPIAUCNS;Consumer Price Index for All Urban Consumers: All Items in U.S. City Average;not_seasonally_adjusted;Index 1982-1984=100;https://fred.stlouisfed.org/graph/fredgraph.csv?id=CPIAUCNS;2026-10-08
1925-03-01;1925;3;17.300;CPIAUCNS;Consumer Price Index for All Urban Consumers: All Items in U.S. City Average;not_seasonally_adjusted;Index 1982-1984=100;https://fred.stlouisfed.org/graph/fredgraph.csv?id=CPIAUCNS;2026-10-08
1925-04-01;1925;4;17.200;CPIAUCNS;Consumer Price Index for All Urban Consumers: All Items in U.S. City Average;not_seasonally_adjusted;Index 1982-1984=100;https://fred.stlouisfed.org/graph/fredgraph.csv?id=CPIAUCNS;2026-10-08
1925-05-01;1925;5;17.300;CPIAUCNS;Consumer Price Index for All Urban Consumers: All Items in U.S. City Average;not_seasonally_adjusted;Index 1982-1984=100;https://fred.stlouisfed.org/graph/fredgraph.csv?id=CPIAUCNS;2026-10-08
1925-06-01;1925;6;17.500;CPIAUCNS;Consumer Price Index for All Urban Consumers: All Items in U.S. City Average;not_seasonally_adjusted;Index 1982-1984=100;https://fred.stlouisfed.org/graph/fredgraph.csv?id=CPIAUCNS;2026-10-08
1925-07-01;1925;7;17.700;CPIAUCNS;Consumer Price Index for All Urban Consumers: All Items in U.S. City Average;not_seasonally_adjusted;Index 1982-1984=100;https://fred.stlouisfed.org/graph/fredgraph.csv?id=CPIAUCNS;2026-10-08
1925-08-01;1925;8;17.700;CPIAUCNS;Consumer Price Index for All Urban Consumers: All Items in U.S. City Average;not_seasonally_adjusted;Index 1982-1984=100;https://fred.stlouisfed.org/graph/fredgraph.csv?id=CPIAUCNS;2026-10-08
1925-09-01;1925;9;17.700;CPIAUCNS;Consumer Price Index for All Urban Consumers: All Items in U.S. City Average;not_seasonally_adjusted;Index 1982-1984=100;https://fred.stlouisfed.org/graph/fredgraph.csv?id=CPIAUCNS;2026-10-08
1925-10-01;1925;10;17.700;CPIAUCNS;Consumer Price Index for All Urban Consumers: All Items in U.S. City Average;not_seasonally_adjusted;Index 1982-1984=100;https://fred.stlouisfed.org/graph/fredgraph.csv?id=CPIAUCNS;2026-10-08
1925-11-01;1925;11;18.000;CPIAUCNS;Consumer Price Index for All Urban Consumers: All Items in U.S. City Average;not_seasonally_adjusted;Index 1982-1984=100;https://fred.stlouisfed.org/graph/fredgraph.csv?id=CPIAUCNS;2026-10-08
1925-12-01;1925;12;17.900;CPIAUCNS;Consumer Price Index for All Urban Consumers: All Items in U.S. City Average;not_seasonally_adjusted;Index 1982-1984=100;https://fred.stlouisfed.org/graph/fredgraph.csv?id=CPIAUCNS;2026-10-08
1926-01-01;1926;1;17.900;CPIAUCNS;Consumer Price Index for All Urban Consumers: All Items in U.S. City Average;not_seasonally_adjusted;Index 1982-1984=100;https://fred.stlouisfed.org/graph/fredgraph.csv?id=CPIAUCNS;2026-10-08
1926-02-01;1926;2;17.900;CPIAUCNS;Consumer Price Index for All Urban Consumers: All Items in U.S. City Average;not_seasonally_adjusted;Index 1982-1984=100;https://fred.stlouisfed.org/graph/fredgraph.csv?id=CPIAUCNS;2026-10-08
1926-03-01;1926;3;17.800;CPIAUCNS;Consumer Price Index for All Urban Consumers: All Items in U.S. City Average;not_seasonally_adjusted;Index 1982-1984=100;https://fred.stlouisfed.org/graph/fredgraph.csv?id=CPIAUCNS;2026-10-08
1926-04-01;1926;4;17.900;CPIAUCNS;Consumer Price Index for All Urban Consumers: All Items in U.S. City Average;not_seasonally_adjusted;Index 1982-1984=100;https://fred.stlouisfed.org/graph/fredgraph.csv?id=CPIAUCNS;2026-10-08
1926-05-01;1926;5;17.800;CPIAUCNS;Consumer Price Index for All Urban Consumers: All Items in U.S. City Average;not_seasonally_adjusted;Index 1982-1984=100;https://fred.stlouisfed.org/graph/fredgraph.csv?id=CPIAUCNS;2026-10-08
1926-06-01;1926;6;17.700;CPIAUCNS;Consumer Price Index for All Urban Consumers: All Items in U.S. City Average;not_seasonally_adjusted;Index 1982-1984=100;https://fred.stlouisfed.org/graph/fredgraph.csv?id=CPIAUCNS;2026-10-08
1926-07-01;1926;7;17.500;CPIAUCNS;Consumer Price Index for All Urban Consumers: All Items in U.S. City Average;not_seasonally_adjusted;Index 1982-1984=100;https://fred.stlouisfed.org/graph/fredgraph.csv?id=CPIAUCNS;2026-10-08
1926-08-01;1926;8;17.400;CPIAUCNS;Consumer Price Index for All Urban Consumers: All Items in U.S. City Average;not_seasonally_adjusted;Index 1982-1984=100;https://fred.stlouisfed.org/graph/fredgraph.csv?id=CPIAUCNS;2026-10-08
1926-09-01;1926;9;17.500;CPIAUCNS;Consumer Price Index for All Urban Consumers: All Items in U.S. City Average;not_seasonally_adjusted;Index 1982-1984=100;https://fred.stlouisfed.org/graph/fredgraph.csv?id=CPIAUCNS;2026-10-08
1926-10-01;1926;10;17.600;CPIAUCNS;Consumer Price Index for All Urban Consumers: All Items in U.S. City Average;not_seasonally_adjusted;Index 1982-1984=100;https://fred.stlouisfed.org/graph/fredgraph.csv?id=CPIAUCNS;2026-10-08
1926-11-01;1926;11;17.700;CPIAUCNS;Consumer Price Index for All Urban Consumers: All Items in U.S. City Average;not_seasonally_adjusted;Index 1982-1984=100;https://fred.stlouisfed.org/graph/fredgraph.csv?id=CPIAUCNS;2026-10-08
1926-12-01;1926;12;17.700;CPIAUCNS;Consumer Price Index for All Urban Consumers: All Items in U.S. City Average;not_seasonally_adjusted;Index 1982-1984=100;https://fred.stlouisfed.org/graph/fredgraph.csv?id=CPIAUCNS;2026-10-08
1927-01-01;1927;1;17.500;CPIAUCNS;Consumer Price Index for All Urban Consumers: All Items in U.S. City Average;not_seasonally_adjusted;Index 1982-1984=100;https://fred.stlouisfed.org/graph/fredgraph.csv?id=CPIAUCNS;2026-10-08
1927-02-01;1927;2;17.400;CPIAUCNS;Consumer Price Index for All Urban Consumers: All Items in U.S. City Average;not_seasonally_adjusted;Index 1982-1984=100;https://fred.stlouisfed.org/graph/fredgraph.csv?id=CPIAUCNS;2026-10-08
1927-03-01;1927;3;17.300;CPIAUCNS;Consumer Price Index for All Urban Consumers: All Items in U.S. City Average;not_seasonally_adjusted;Index 1982-1984=100;https://fred.stlouisfed.org/graph/fredgraph.csv?id=CPIAUCNS;2026-10-08
1927-04-01;1927;4;17.300;CPIAUCNS;Consumer Price Index for All Urban Consumers: All Items in U.S. City Average;not_seasonally_adjusted;Index 1982-1984=100;https://fred.stlouisfed.org/graph/fredgraph.csv?id=CPIAUCNS;2026-10-08
1927-05-01;1927;5;17.400;CPIAUCNS;Consumer Price Index for All Urban Consumers: All Items in U.S. City Average;not_seasonally_adjusted;Index 1982-1984=100;https://fred.stlouisfed.org/graph/fredgraph.csv?id=CPIAUCNS;2026-10-08
1927-06-01;1927;6;17.600;CPIAUCNS;Consumer Price Index for All Urban Consumers: All Items in U.S. City Average;not_seasonally_adjusted;Index 1982-1984=100;https://fred.stlouisfed.org/graph/fredgraph.csv?id=CPIAUCNS;2026-10-08
1927-07-01;1927;7;17.300;CPIAUCNS;Consumer Price Index for All Urban Consumers: All Items in U.S. City Average;not_seasonally_adjusted;Index 1982-1984=100;https://fred.stlouisfed.org/graph/fredgraph.csv?id=CPIAUCNS;2026-10-08
1927-08-01;1927;8;17.200;CPIAUCNS;Consumer Price Index for All Urban Consumers: All Items in U.S. City Average;not_seasonally_adjusted;Index 1982-1984=100;https://fred.stlouisfed.org/graph/fredgraph.csv?id=CPIAUCNS;2026-10-08
1927-09-01;1927;9;17.300;CPIAUCNS;Consumer Price Index for All Urban Consumers: All Items in U.S. City Average;not_seasonally_adjusted;Index 1982-1984=100;https://fred.stlouisfed.org/graph/fredgraph.csv?id=CPIAUCNS;2026-10-08
1927-10-01;1927;10;17.400;CPIAUCNS;Consumer Price Index for All Urban Consumers: All Items in U.S. City Average;not_seasonally_adjusted;Index 1982-1984=100;https://fred.stlouisfed.org/graph/fredgraph.csv?id=CPIAUCNS;2026-10-08
1927-11-01;1927;11;17.300;CPIAUCNS;Consumer Price Index for All Urban Consumers: All Items in U.S. City Average;not_seasonally_adjusted;Index 1982-1984=100;https://fred.stlouisfed.org/graph/fredgraph.csv?id=CPIAUCNS;2026-10-08
1927-12-01;1927;12;17.300;CPIAUCNS;Consumer Price Index for All Urban Consumers: All Items in U.S. City Average;not_seasonally_adjusted;Index 1982-1984=100;https://fred.stlouisfed.org/graph/fredgraph.csv?id=CPIAUCNS;2026-10-08
1928-01-01;1928;1;17.300;CPIAUCNS;Consumer Price Index for All Urban Consumers: All Items in U.S. City Average;not_seasonally_adjusted;Index 1982-1984=100;https://fred.stlouisfed.org/graph/fredgraph.csv?id=CPIAUCNS;2026-10-08
1928-02-01;1928;2;17.100;CPIAUCNS;Consumer Price Index for All Urban Consumers: All Items in U.S. City Average;not_seasonally_adjusted;Index 1982-1984=100;https://fred.stlouisfed.org/graph/fredgraph.csv?id=CPIAUCNS;2026-10-08
1928-03-01;1928;3;17.100;CPIAUCNS;Consumer Price Index for All Urban Consumers: All Items in U.S. City Average;not_seasonally_adjusted;Index 1982-1984=100;https://fred.stlouisfed.org/graph/fredgraph.csv?id=CPIAUCNS;2026-10-08
1928-04-01;1928;4;17.100;CPIAUCNS;Consumer Price Index for All Urban Consumers: All Items in U.S. City Average;not_seasonally_adjusted;Index 1982-1984=100;https://fred.stlouisfed.org/graph/fredgraph.csv?id=CPIAUCNS;2026-10-08
1928-05-01;1928;5;17.200;CPIAUCNS;Consumer Price Index for All Urban Consumers: All Items in U.S. City Average;not_seasonally_adjusted;Index 1982-1984=100;https://fred.stlouisfed.org/graph/fredgraph.csv?id=CPIAUCNS;2026-10-08
1928-06-01;1928;6;17.100;CPIAUCNS;Consumer Price Index for All Urban Consumers: All Items in U.S. City Average;not_seasonally_adjusted;Index 1982-1984=100;https://fred.stlouisfed.org/graph/fredgraph.csv?id=CPIAUCNS;2026-10-08
1928-07-01;1928;7;17.100;CPIAUCNS;Consumer Price Index for All Urban Consumers: All Items in U.S. City Average;not_seasonally_adjusted;Index 1982-1984=100;https://fred.stlouisfed.org/graph/fredgraph.csv?id=CPIAUCNS;2026-10-08
1928-08-01;1928;8;17.100;CPIAUCNS;Consumer Price Index for All Urban Consumers: All Items in U.S. City Average;not_seasonally_adjusted;Index 1982-1984=100;https://fred.stlouisfed.org/graph/fredgraph.csv?id=CPIAUCNS;2026-10-08
1928-09-01;1928;9;17.300;CPIAUCNS;Consumer Price Index for All Urban Consumers: All Items in U.S. City Average;not_seasonally_adjusted;Index 1982-1984=100;https://fred.stlouisfed.org/graph/fredgraph.csv?id=CPIAUCNS;2026-10-08
1928-10-01;1928;10;17.200;CPIAUCNS;Consumer Price Index for All Urban Consumers: All Items in U.S. City Average;not_seasonally_adjusted;Index 1982-1984=100;https://fred.stlouisfed.org/graph/fredgraph.csv?id=CPIAUCNS;2026-10-08
1928-11-01;1928;11;17.200;CPIAUCNS;Consumer Price Index for All Urban Consumers: All Items in U.S. City Average;not_seasonally_adjusted;Index 1982-1984=100;https://fred.stlouisfed.org/graph/fredgraph.csv?id=CPIAUCNS;2026-10-08
1928-12-01;1928;12;17.100;CPIAUCNS;Consumer Price Index for All Urban Consumers: All Items in U.S. City Average;not_seasonally_adjusted;Index 1982-1984=100;https://fred.stlouisfed.org/graph/fredgraph.csv?id=CPIAUCNS;2026-10-08
1929-01-01;1929;1;17.100;CPIAUCNS;Consumer Price Index for All Urban Consumers: All Items in U.S. City Average;not_seasonally_adjusted;Index 1982-1984=100;https://fred.stlouisfed.org/graph/fredgraph.csv?id=CPIAUCNS;2026-10-08
1929-02-01;1929;2;17.100;CPIAUCNS;Consumer Price Index for All Urban Consumers: All Items in U.S. City Average;not_seasonally_adjusted;Index 1982-1984=100;https://fred.stlouisfed.org/graph/fredgraph.csv?id=CPIAUCNS;2026-10-08
1929-03-01;1929;3;17.000;CPIAUCNS;Consumer Price Index for All Urban Consumers: All Items in U.S. City Average;not_seasonally_adjusted;Index 1982-1984=100;https://fred.stlouisfed.org/graph/fredgraph.csv?id=CPIAUCNS;2026-10-08
1929-04-01;1929;4;16.900;CPIAUCNS;Consumer Price Index for All Urban Consumers: All Items in U.S. City Average;not_seasonally_adjusted;Index 1982-1984=100;https://fred.stlouisfed.org/graph/fredgraph.csv?id=CPIAUCNS;2026-10-08
1929-05-01;1929;5;17.000;CPIAUCNS;Consumer Price Index for All Urban Consumers: All Items in U.S. City Average;not_seasonally_adjusted;Index 1982-1984=100;https://fred.stlouisfed.org/graph/fredgraph.csv?id=CPIAUCNS;2026-10-08
1929-06-01;1929;6;17.100;CPIAUCNS;Consumer Price Index for All Urban Consumers: All Items in U.S. City Average;not_seasonally_adjusted;Index 1982-1984=100;https://fred.stlouisfed.org/graph/fredgraph.csv?id=CPIAUCNS;2026-10-08
1929-07-01;1929;7;17.300;CPIAUCNS;Consumer Price Index for All Urban Consumers: All Items in U.S. City Average;not_seasonally_adjusted;Index 1982-1984=100;https://fred.stlouisfed.org/graph/fredgraph.csv?id=CPIAUCNS;2026-10-08
1929-08-01;1929;8;17.300;CPIAUCNS;Consumer Price Index for All Urban Consumers: All Items in U.S. City Average;not_seasonally_adjusted;Index 1982-1984=100;https://fred.stlouisfed.org/graph/fredgraph.csv?id=CPIAUCNS;2026-10-08
1929-09-01;1929;9;17.300;CPIAUCNS;Consumer Price Index for All Urban Consumers: All Items in U.S. City Average;not_seasonally_adjusted;Index 1982-1984=100;https://fred.stlouisfed.org/graph/fredgraph.csv?id=CPIAUCNS;2026-10-08
1929-10-01;1929;10;17.300;CPIAUCNS;Consumer Price Index for All Urban Consumers: All Items in U.S. City Average;not_seasonally_adjusted;Index 1982-1984=100;https://fred.stlouisfed.org/graph/fredgraph.csv?id=CPIAUCNS;2026-10-08
1929-11-01;1929;11;17.300;CPIAUCNS;Consumer Price Index for All Urban Consumers: All Items in U.S. City Average;not_seasonally_adjusted;Index 1982-1984=100;https://fred.stlouisfed.org/graph/fredgraph.csv?id=CPIAUCNS;2026-10-08
1929-12-01;1929;12;17.200;CPIAUCNS;Consumer Price Index for All Urban Consumers: All Items in U.S. City Average;not_seasonally_adjusted;Index 1982-1984=100;https://fred.stlouisfed.org/graph/fredgraph.csv?id=CPIAUCNS;2026-10-08
1930-01-01;1930;1;17.100;CPIAUCNS;Consumer Price Index for All Urban Consumers: All Items in U.S. City Average;not_seasonally_adjusted;Index 1982-1984=100;https://fred.stlouisfed.org/graph/fredgraph.csv?id=CPIAUCNS;2026-10-08
1930-02-01;1930;2;17.000;CPIAUCNS;Consumer Price Index for All Urban Consumers: All Items in U.S. City Average;not_seasonally_adjusted;Index 1982-1984=100;https://fred.stlouisfed.org/graph/fredgraph.csv?id=CPIAUCNS;2026-10-08
1930-03-01;1930;3;16.900;CPIAUCNS;Consumer Price Index for All Urban Consumers: All Items in U.S. City Average;not_seasonally_adjusted;Index 1982-1984=100;https://fred.stlouisfed.org/graph/fredgraph.csv?id=CPIAUCNS;2026-10-08
1930-04-01;1930;4;17.000;CPIAUCNS;Consumer Price Index for All Urban Consumers: All Items in U.S. City Average;not_seasonally_adjusted;Index 1982-1984=100;https://fred.stlouisfed.org/graph/fredgraph.csv?id=CPIAUCNS;2026-10-08
1930-05-01;1930;5;16.900;CPIAUCNS;Consumer Price Index for All Urban Consumers: All Items in U.S. City Average;not_seasonally_adjusted;Index 1982-1984=100;https://fred.stlouisfed.org/graph/fredgraph.csv?id=CPIAUCNS;2026-10-08
1930-06-01;1930;6;16.800;CPIAUCNS;Consumer Price Index for All Urban Consumers: All Items in U.S. City Average;not_seasonally_adjusted;Index 1982-1984=100;https://fred.stlouisfed.org/graph/fredgraph.csv?id=CPIAUCNS;2026-10-08
1930-07-01;1930;7;16.600;CPIAUCNS;Consumer Price Index for All Urban Consumers: All Items in U.S. City Average;not_seasonally_adjusted;Index 1982-1984=100;https://fred.stlouisfed.org/graph/fredgraph.csv?id=CPIAUCNS;2026-10-08
1930-08-01;1930;8;16.500;CPIAUCNS;Consumer Price Index for All Urban Consumers: All Items in U.S. City Average;not_seasonally_adjusted;Index 1982-1984=100;https://fred.stlouisfed.org/graph/fredgraph.csv?id=CPIAUCNS;2026-10-08
1930-09-01;1930;9;16.600;CPIAUCNS;Consumer Price Index for All Urban Consumers: All Items in U.S. City Average;not_seasonally_adjusted;Index 1982-1984=100;https://fred.stlouisfed.org/graph/fredgraph.csv?id=CPIAUCNS;2026-10-08
1930-10-01;1930;10;16.500;CPIAUCNS;Consumer Price Index for All Urban Consumers: All Items in U.S. City Average;not_seasonally_adjusted;Index 1982-1984=100;https://fred.stlouisfed.org/graph/fredgraph.csv?id=CPIAUCNS;2026-10-08
1930-11-01;1930;11;16.400;CPIAUCNS;Consumer Price Index for All Urban Consumers: All Items in U.S. City Average;not_seasonally_adjusted;Index 1982-1984=100;https://fred.stlouisfed.org/graph/fredgraph.csv?id=CPIAUCNS;2026-10-08
1930-12-01;1930;12;16.100;CPIAUCNS;Consumer Price Index for All Urban Consumers: All Items in U.S. City Average;not_seasonally_adjusted;Index 1982-1984=100;https://fred.stlouisfed.org/graph/fredgraph.csv?id=CPIAUCNS;2026-10-08
1931-01-01;1931;1;15.900;CPIAUCNS;Consumer Price Index for All Urban Consumers: All Items in U.S. City Average;not_seasonally_adjusted;Index 1982-1984=100;https://fred.stlouisfed.org/graph/fredgraph.csv?id=CPIAUCNS;2026-10-08
1931-02-01;1931;2;15.700;CPIAUCNS;Consumer Price Index for All Urban Consumers: All Items in U.S. City Average;not_seasonally_adjusted;Index 1982-1984=100;https://fred.stlouisfed.org/graph/fredgraph.csv?id=CPIAUCNS;2026-10-08
1931-03-01;1931;3;15.600;CPIAUCNS;Consumer Price Index for All Urban Consumers: All Items in U.S. City Average;not_seasonally_adjusted;Index 1982-1984=100;https://fred.stlouisfed.org/graph/fredgraph.csv?id=CPIAUCNS;2026-10-08
1931-04-01;1931;4;15.500;CPIAUCNS;Consumer Price Index for All Urban Consumers: All Items in U.S. City Average;not_seasonally_adjusted;Index 1982-1984=100;https://fred.stlouisfed.org/graph/fredgraph.csv?id=CPIAUCNS;2026-10-08
1931-05-01;1931;5;15.300;CPIAUCNS;Consumer Price Index for All Urban Consumers: All Items in U.S. City Average;not_seasonally_adjusted;Index 1982-1984=100;https://fred.stlouisfed.org/graph/fredgraph.csv?id=CPIAUCNS;2026-10-08
1931-06-01;1931;6;15.100;CPIAUCNS;Consumer Price Index for All Urban Consumers: All Items in U.S. City Average;not_seasonally_adjusted;Index 1982-1984=100;https://fred.stlouisfed.org/graph/fredgraph.csv?id=CPIAUCNS;2026-10-08
1931-07-01;1931;7;15.100;CPIAUCNS;Consumer Price Index for All Urban Consumers: All Items in U.S. City Average;not_seasonally_adjusted;Index 1982-1984=100;https://fred.stlouisfed.org/graph/fredgraph.csv?id=CPIAUCNS;2026-10-08
1931-08-01;1931;8;15.100;CPIAUCNS;Consumer Price Index for All Urban Consumers: All Items in U.S. City Average;not_seasonally_adjusted;Index 1982-1984=100;https://fred.stlouisfed.org/graph/fredgraph.csv?id=CPIAUCNS;2026-10-08
1931-09-01;1931;9;15.000;CPIAUCNS;Consumer Price Index for All Urban Consumers: All Items in U.S. City Average;not_seasonally_adjusted;Index 1982-1984=100;https://fred.stlouisfed.org/graph/fredgraph.csv?id=CPIAUCNS;2026-10-08
1931-10-01;1931;10;14.900;CPIAUCNS;Consumer Price Index for All Urban Consumers: All Items in U.S. City Average;not_seasonally_adjusted;Index 1982-1984=100;https://fred.stlouisfed.org/graph/fredgraph.csv?id=CPIAUCNS;2026-10-08
1931-11-01;1931;11;14.700;CPIAUCNS;Consumer Price Index for All Urban Consumers: All Items in U.S. City Average;not_seasonally_adjusted;Index 1982-1984=100;https://fred.stlouisfed.org/graph/fredgraph.csv?id=CPIAUCNS;2026-10-08
1931-12-01;1931;12;14.600;CPIAUCNS;Consumer Price Index for All Urban Consumers: All Items in U.S. City Average;not_seasonally_adjusted;Index 1982-1984=100;https://fred.stlouisfed.org/graph/fredgraph.csv?id=CPIAUCNS;2026-10-08
1932-01-01;1932;1;14.300;CPIAUCNS;Consumer Price Index for All Urban Consumers: All Items in U.S. City Average;not_seasonally_adjusted;Index 1982-1984=100;https://fred.stlouisfed.org/graph/fredgraph.csv?id=CPIAUCNS;2026-10-08
1932-02-01;1932;2;14.100;CPIAUCNS;Consumer Price Index for All Urban Consumers: All Items in U.S. City Average;not_seasonally_adjusted;Index 1982-1984=100;https://fred.stlouisfed.org/graph/fredgraph.csv?id=CPIAUCNS;2026-10-08
1932-03-01;1932;3;14.000;CPIAUCNS;Consumer Price Index for All Urban Consumers: All Items in U.S. City Average;not_seasonally_adjusted;Index 1982-1984=100;https://fred.stlouisfed.org/graph/fredgraph.csv?id=CPIAUCNS;2026-10-08
1932-04-01;1932;4;13.900;CPIAUCNS;Consumer Price Index for All Urban Consumers: All Items in U.S. City Average;not_seasonally_adjusted;Index 1982-1984=100;https://fred.stlouisfed.org/graph/fredgraph.csv?id=CPIAUCNS;2026-10-08
1932-05-01;1932;5;13.700;CPIAUCNS;Consumer Price Index for All Urban Consumers: All Items in U.S. City Average;not_seasonally_adjusted;Index 1982-1984=100;https://fred.stlouisfed.org/graph/fredgraph.csv?id=CPIAUCNS;2026-10-08
1932-06-01;1932;6;13.600;CPIAUCNS;Consumer Price Index for All Urban Consumers: All Items in U.S. City Average;not_seasonally_adjusted;Index 1982-1984=100;https://fred.stlouisfed.org/graph/fredgraph.csv?id=CPIAUCNS;2026-10-08
1932-07-01;1932;7;13.600;CPIAUCNS;Consumer Price Index for All Urban Consumers: All Items in U.S. City Average;not_seasonally_adjusted;Index 1982-1984=100;https://fred.stlouisfed.org/graph/fredgraph.csv?id=CPIAUCNS;2026-10-08
1932-08-01;1932;8;13.500;CPIAUCNS;Consumer Price Index for All Urban Consumers: All Items in U.S. City Average;not_seasonally_adjusted;Index 1982-1984=100;https://fred.stlouisfed.org/graph/fredgraph.csv?id=CPIAUCNS;2026-10-08
1932-09-01;1932;9;13.400;CPIAUCNS;Consumer Price Index for All Urban Consumers: All Items in U.S. City Average;not_seasonally_adjusted;Index 1982-1984=100;https://fred.stlouisfed.org/graph/fredgraph.csv?id=CPIAUCNS;2026-10-08
1932-10-01;1932;10;13.300;CPIAUCNS;Consumer Price Index for All Urban Consumers: All Items in U.S. City Average;not_seasonally_adjusted;Index 1982-1984=100;https://fred.stlouisfed.org/graph/fredgraph.csv?id=CPIAUCNS;2026-10-08
1932-11-01;1932;11;13.200;CPIAUCNS;Consumer Price Index for All Urban Consumers: All Items in U.S. City Average;not_seasonally_adjusted;Index 1982-1984=100;https://fred.stlouisfed.org/graph/fredgraph.csv?id=CPIAUCNS;2026-10-08
1932-12-01;1932;12;13.100;CPIAUCNS;Consumer Price Index for All Urban Consumers: All Items in U.S. City Average;not_seasonally_adjusted;Index 1982-1984=100;https://fred.stlouisfed.org/graph/fredgraph.csv?id=CPIAUCNS;2026-10-08
1933-01-01;1933;1;12.900;CPIAUCNS;Consumer Price Index for All Urban Consumers: All Items in U.S. City Average;not_seasonally_adjusted;Index 1982-1984=100;https://fred.stlouisfed.org/graph/fredgraph.csv?id=CPIAUCNS;2026-10-08
1933-02-01;1933;2;12.700;CPIAUCNS;Consumer Price Index for All Urban Consumers: All Items in U.S. City Average;not_seasonally_adjusted;Index 1982-1984=100;https://fred.stlouisfed.org/graph/fredgraph.csv?id=CPIAUCNS;2026-10-08
1933-03-01;1933;3;12.600;CPIAUCNS;Consumer Price Index for All Urban Consumers: All Items in U.S. City Average;not_seasonally_adjusted;Index 1982-1984=100;https://fred.stlouisfed.org/graph/fredgraph.csv?id=CPIAUCNS;2026-10-08
1933-04-01;1933;4;12.600;CPIAUCNS;Consumer Price Index for All Urban Consumers: All Items in U.S. City Average;not_seasonally_adjusted;Index 1982-1984=100;https://fred.stlouisfed.org/graph/fredgraph.csv?id=CPIAUCNS;2026-10-08
1933-05-01;1933;5;12.600;CPIAUCNS;Consumer Price Index for All Urban Consumers: All Items in U.S. City Average;not_seasonally_adjusted;Index 1982-1984=100;https://fred.stlouisfed.org/graph/fredgraph.csv?id=CPIAUCNS;2026-10-08
1933-06-01;1933;6;12.700;CPIAUCNS;Consumer Price Index for All Urban Consumers: All Items in U.S. City Average;not_seasonally_adjusted;Index 1982-1984=100;https://fred.stlouisfed.org/graph/fredgraph.csv?id=CPIAUCNS;2026-10-08
1933-07-01;1933;7;13.100;CPIAUCNS;Consumer Price Index for All Urban Consumers: All Items in U.S. City Average;not_seasonally_adjusted;Index 1982-1984=100;https://fred.stlouisfed.org/graph/fredgraph.csv?id=CPIAUCNS;2026-10-08
1933-08-01;1933;8;13.200;CPIAUCNS;Consumer Price Index for All Urban Consumers: All Items in U.S. City Average;not_seasonally_adjusted;Index 1982-1984=100;https://fred.stlouisfed.org/graph/fredgraph.csv?id=CPIAUCNS;2026-10-08
1933-09-01;1933;9;13.200;CPIAUCNS;Consumer Price Index for All Urban Consumers: All Items in U.S. City Average;not_seasonally_adjusted;Index 1982-1984=100;https://fred.stlouisfed.org/graph/fredgraph.csv?id=CPIAUCNS;2026-10-08
1933-10-01;1933;10;13.200;CPIAUCNS;Consumer Price Index for All Urban Consumers: All Items in U.S. City Average;not_seasonally_adjusted;Index 1982-1984=100;https://fred.stlouisfed.org/graph/fredgraph.csv?id=CPIAUCNS;2026-10-08
1933-11-01;1933;11;13.200;CPIAUCNS;Consumer Price Index for All Urban Consumers: All Items in U.S. City Average;not_seasonally_adjusted;Index 1982-1984=100;https://fred.stlouisfed.org/graph/fredgraph.csv?id=CPIAUCNS;2026-10-08
1933-12-01;1933;12;13.200;CPIAUCNS;Consumer Price Index for All Urban Consumers: All Items in U.S. City Average;not_seasonally_adjusted;Index 1982-1984=100;https://fred.stlouisfed.org/graph/fredgraph.csv?id=CPIAUCNS;2026-10-08
1934-01-01;1934;1;13.200;CPIAUCNS;Consumer Price Index for All Urban Consumers: All Items in U.S. City Average;not_seasonally_adjusted;Index 1982-1984=100;https://fred.stlouisfed.org/graph/fredgraph.csv?id=CPIAUCNS;2026-10-08
1934-02-01;1934;2;13.300;CPIAUCNS;Consumer Price Index for All Urban Consumers: All Items in U.S. City Average;not_seasonally_adjusted;Index 1982-1984=100;https://fred.stlouisfed.org/graph/fredgraph.csv?id=CPIAUCNS;2026-10-08
1934-03-01;1934;3;13.300;CPIAUCNS;Consumer Price Index for All Urban Consumers: All Items in U.S. City Average;not_seasonally_adjusted;Index 1982-1984=100;https://fred.stlouisfed.org/graph/fredgraph.csv?id=CPIAUCNS;2026-10-08
1934-04-01;1934;4;13.300;CPIAUCNS;Consumer Price Index for All Urban Consumers: All Items in U.S. City Average;not_seasonally_adjusted;Index 1982-1984=100;https://fred.stlouisfed.org/graph/fredgraph.csv?id=CPIAUCNS;2026-10-08
1934-05-01;1934;5;13.300;CPIAUCNS;Consumer Price Index for All Urban Consumers: All Items in U.S. City Average;not_seasonally_adjusted;Index 1982-1984=100;https://fred.stlouisfed.org/graph/fredgraph.csv?id=CPIAUCNS;2026-10-08
1934-06-01;1934;6;13.400;CPIAUCNS;Consumer Price Index for All Urban Consumers: All Items in U.S. City Average;not_seasonally_adjusted;Index 1982-1984=100;https://fred.stlouisfed.org/graph/fredgraph.csv?id=CPIAUCNS;2026-10-08
1934-07-01;1934;7;13.400;CPIAUCNS;Consumer Price Index for All Urban Consumers: All Items in U.S. City Average;not_seasonally_adjusted;Index 1982-1984=100;https://fred.stlouisfed.org/graph/fredgraph.csv?id=CPIAUCNS;2026-10-08
1934-08-01;1934;8;13.400;CPIAUCNS;Consumer Price Index for All Urban Consumers: All Items in U.S. City Average;not_seasonally_adjusted;Index 1982-1984=100;https://fred.stlouisfed.org/graph/fredgraph.csv?id=CPIAUCNS;2026-10-08
1934-09-01;1934;9;13.600;CPIAUCNS;Consumer Price Index for All Urban Consumers: All Items in U.S. City Average;not_seasonally_adjusted;Index 1982-1984=100;https://fred.stlouisfed.org/graph/fredgraph.csv?id=CPIAUCNS;2026-10-08
1934-10-01;1934;10;13.500;CPIAUCNS;Consumer Price Index for All Urban Consumers: All Items in U.S. City Average;not_seasonally_adjusted;Index 1982-1984=100;https://fred.stlouisfed.org/graph/fredgraph.csv?id=CPIAUCNS;2026-10-08
1934-11-01;1934;11;13.500;CPIAUCNS;Consumer Price Index for All Urban Consumers: All Items in U.S. City Average;not_seasonally_adjusted;Index 1982-1984=100;https://fred.stlouisfed.org/graph/fredgraph.csv?id=CPIAUCNS;2026-10-08
1934-12-01;1934;12;13.400;CPIAUCNS;Consumer Price Index for All Urban Consumers: All Items in U.S. City Average;not_seasonally_adjusted;Index 1982-1984=100;https://fred.stlouisfed.org/graph/fredgraph.csv?id=CPIAUCNS;2026-10-08
1935-01-01;1935;1;13.600;CPIAUCNS;Consumer Price Index for All Urban Consumers: All Items in U.S. City Average;not_seasonally_adjusted;Index 1982-1984=100;https://fred.stlouisfed.org/graph/fredgraph.csv?id=CPIAUCNS;2026-10-08
1935-02-01;1935;2;13.700;CPIAUCNS;Consumer Price Index for All Urban Consumers: All Items in U.S. City Average;not_seasonally_adjusted;Index 1982-1984=100;https://fred.stlouisfed.org/graph/fredgraph.csv?id=CPIAUCNS;2026-10-08
1935-03-01;1935;3;13.700;CPIAUCNS;Consumer Price Index for All Urban Consumers: All Items in U.S. City Average;not_seasonally_adjusted;Index 1982-1984=100;https://fred.stlouisfed.org/graph/fredgraph.csv?id=CPIAUCNS;2026-10-08
1935-04-01;1935;4;13.800;CPIAUCNS;Consumer Price Index for All Urban Consumers: All Items in U.S. City Average;not_seasonally_adjusted;Index 1982-1984=100;https://fred.stlouisfed.org/graph/fredgraph.csv?id=CPIAUCNS;2026-10-08
1935-05-01;1935;5;13.800;CPIAUCNS;Consumer Price Index for All Urban Consumers: All Items in U.S. City Average;not_seasonally_adjusted;Index 1982-1984=100;https://fred.stlouisfed.org/graph/fredgraph.csv?id=CPIAUCNS;2026-10-08
1935-06-01;1935;6;13.700;CPIAUCNS;Consumer Price Index for All Urban Consumers: All Items in U.S. City Average;not_seasonally_adjusted;Index 1982-1984=100;https://fred.stlouisfed.org/graph/fredgraph.csv?id=CPIAUCNS;2026-10-08
1935-07-01;1935;7;13.700;CPIAUCNS;Consumer Price Index for All Urban Consumers: All Items in U.S. City Average;not_seasonally_adjusted;Index 1982-1984=100;https://fred.stlouisfed.org/graph/fredgraph.csv?id=CPIAUCNS;2026-10-08
1935-08-01;1935;8;13.700;CPIAUCNS;Consumer Price Index for All Urban Consumers: All Items in U.S. City Average;not_seasonally_adjusted;Index 1982-1984=100;https://fred.stlouisfed.org/graph/fredgraph.csv?id=CPIAUCNS;2026-10-08
1935-09-01;1935;9;13.700;CPIAUCNS;Consumer Price Index for All Urban Consumers: All Items in U.S. City Average;not_seasonally_adjusted;Index 1982-1984=100;https://fred.stlouisfed.org/graph/fredgraph.csv?id=CPIAUCNS;2026-10-08
1935-10-01;1935;10;13.700;CPIAUCNS;Consumer Price Index for All Urban Consumers: All Items in U.S. City Average;not_seasonally_adjusted;Index 1982-1984=100;https://fred.stlouisfed.org/graph/fredgraph.csv?id=CPIAUCNS;2026-10-08
1935-11-01;1935;11;13.800;CPIAUCNS;Consumer Price Index for All Urban Consumers: All Items in U.S. City Average;not_seasonally_adjusted;Index 1982-1984=100;https://fred.stlouisfed.org/graph/fredgraph.csv?id=CPIAUCNS;2026-10-08
1935-12-01;1935;12;13.800;CPIAUCNS;Consumer Price Index for All Urban Consumers: All Items in U.S. City Average;not_seasonally_adjusted;Index 1982-1984=100;https://fred.stlouisfed.org/graph/fredgraph.csv?id=CPIAUCNS;2026-10-08
1936-01-01;1936;1;13.800;CPIAUCNS;Consumer Price Index for All Urban Consumers: All Items in U.S. City Average;not_seasonally_adjusted;Index 1982-1984=100;https://fred.stlouisfed.org/graph/fredgraph.csv?id=CPIAUCNS;2026-10-08
1936-02-01;1936;2;13.800;CPIAUCNS;Consumer Price Index for All Urban Consumers: All Items in U.S. City Average;not_seasonally_adjusted;Index 1982-1984=100;https://fred.stlouisfed.org/graph/fredgraph.csv?id=CPIAUCNS;2026-10-08
1936-03-01;1936;3;13.700;CPIAUCNS;Consumer Price Index for All Urban Consumers: All Items in U.S. City Average;not_seasonally_adjusted;Index 1982-1984=100;https://fred.stlouisfed.org/graph/fredgraph.csv?id=CPIAUCNS;2026-10-08
1936-04-01;1936;4;13.700;CPIAUCNS;Consumer Price Index for All Urban Consumers: All Items in U.S. City Average;not_seasonally_adjusted;Index 1982-1984=100;https://fred.stlouisfed.org/graph/fredgraph.csv?id=CPIAUCNS;2026-10-08
1936-05-01;1936;5;13.700;CPIAUCNS;Consumer Price Index for All Urban Consumers: All Items in U.S. City Average;not_seasonally_adjusted;Index 1982-1984=100;https://fred.stlouisfed.org/graph/fredgraph.csv?id=CPIAUCNS;2026-10-08
1936-06-01;1936;6;13.800;CPIAUCNS;Consumer Price Index for All Urban Consumers: All Items in U.S. City Average;not_seasonally_adjusted;Index 1982-1984=100;https://fred.stlouisfed.org/graph/fredgraph.csv?id=CPIAUCNS;2026-10-08
1936-07-01;1936;7;13.900;CPIAUCNS;Consumer Price Index for All Urban Consumers: All Items in U.S. City Average;not_seasonally_adjusted;Index 1982-1984=100;https://fred.stlouisfed.org/graph/fredgraph.csv?id=CPIAUCNS;2026-10-08
1936-08-01;1936;8;14.000;CPIAUCNS;Consumer Price Index for All Urban Consumers: All Items in U.S. City Average;not_seasonally_adjusted;Index 1982-1984=100;https://fred.stlouisfed.org/graph/fredgraph.csv?id=CPIAUCNS;2026-10-08
1936-09-01;1936;9;14.000;CPIAUCNS;Consumer Price Index for All Urban Consumers: All Items in U.S. City Average;not_seasonally_adjusted;Index 1982-1984=100;https://fred.stlouisfed.org/graph/fredgraph.csv?id=CPIAUCNS;2026-10-08
1936-10-01;1936;10;14.000;CPIAUCNS;Consumer Price Index for All Urban Consumers: All Items in U.S. City Average;not_seasonally_adjusted;Index 1982-1984=100;https://fred.stlouisfed.org/graph/fredgraph.csv?id=CPIAUCNS;2026-10-08
1936-11-01;1936;11;14.000;CPIAUCNS;Consumer Price Index for All Urban Consumers: All Items in U.S. City Average;not_seasonally_adjusted;Index 1982-1984=100;https://fred.stlouisfed.org/graph/fredgraph.csv?id=CPIAUCNS;2026-10-08
1936-12-01;1936;12;14.000;CPIAUCNS;Consumer Price Index for All Urban Consumers: All Items in U.S. City Average;not_seasonally_adjusted;Index 1982-1984=100;https://fred.stlouisfed.org/graph/fredgraph.csv?id=CPIAUCNS;2026-10-08
1937-01-01;1937;1;14.100;CPIAUCNS;Consumer Price Index for All Urban Consumers: All Items in U.S. City Average;not_seasonally_adjusted;Index 1982-1984=100;https://fred.stlouisfed.org/graph/fredgraph.csv?id=CPIAUCNS;2026-10-08
1937-02-01;1937;2;14.100;CPIAUCNS;Consumer Price Index for All Urban Consumers: All Items in U.S. City Average;not_seasonally_adjusted;Index 1982-1984=100;https://fred.stlouisfed.org/graph/fredgraph.csv?id=CPIAUCNS;2026-10-08
1937-03-01;1937;3;14.200;CPIAUCNS;Consumer Price Index for All Urban Consumers: All Items in U.S. City Average;not_seasonally_adjusted;Index 1982-1984=100;https://fred.stlouisfed.org/graph/fredgraph.csv?id=CPIAUCNS;2026-10-08
1937-04-01;1937;4;14.300;CPIAUCNS;Consumer Price Index for All Urban Consumers: All Items in U.S. City Average;not_seasonally_adjusted;Index 1982-1984=100;https://fred.stlouisfed.org/graph/fredgraph.csv?id=CPIAUCNS;2026-10-08
1937-05-01;1937;5;14.400;CPIAUCNS;Consumer Price Index for All Urban Consumers: All Items in U.S. City Average;not_seasonally_adjusted;Index 1982-1984=100;https://fred.stlouisfed.org/graph/fredgraph.csv?id=CPIAUCNS;2026-10-08
1937-06-01;1937;6;14.400;CPIAUCNS;Consumer Price Index for All Urban Consumers: All Items in U.S. City Average;not_seasonally_adjusted;Index 1982-1984=100;https://fred.stlouisfed.org/graph/fredgraph.csv?id=CPIAUCNS;2026-10-08
1937-07-01;1937;7;14.500;CPIAUCNS;Consumer Price Index for All Urban Consumers: All Items in U.S. City Average;not_seasonally_adjusted;Index 1982-1984=100;https://fred.stlouisfed.org/graph/fredgraph.csv?id=CPIAUCNS;2026-10-08
1937-08-01;1937;8;14.500;CPIAUCNS;Consumer Price Index for All Urban Consumers: All Items in U.S. City Average;not_seasonally_adjusted;Index 1982-1984=100;https://fred.stlouisfed.org/graph/fredgraph.csv?id=CPIAUCNS;2026-10-08
1937-09-01;1937;9;14.600;CPIAUCNS;Consumer Price Index for All Urban Consumers: All Items in U.S. City Average;not_seasonally_adjusted;Index 1982-1984=100;https://fred.stlouisfed.org/graph/fredgraph.csv?id=CPIAUCNS;2026-10-08
1937-10-01;1937;10;14.600;CPIAUCNS;Consumer Price Index for All Urban Consumers: All Items in U.S. City Average;not_seasonally_adjusted;Index 1982-1984=100;https://fred.stlouisfed.org/graph/fredgraph.csv?id=CPIAUCNS;2026-10-08
1937-11-01;1937;11;14.500;CPIAUCNS;Consumer Price Index for All Urban Consumers: All Items in U.S. City Average;not_seasonally_adjusted;Index 1982-1984=100;https://fred.stlouisfed.org/graph/fredgraph.csv?id=CPIAUCNS;2026-10-08
1937-12-01;1937;12;14.400;CPIAUCNS;Consumer Price Index for All Urban Consumers: All Items in U.S. City Average;not_seasonally_adjusted;Index 1982-1984=100;https://fred.stlouisfed.org/graph/fredgraph.csv?id=CPIAUCNS;2026-10-08
1938-01-01;1938;1;14.200;CPIAUCNS;Consumer Price Index for All Urban Consumers: All Items in U.S. City Average;not_seasonally_adjusted;Index 1982-1984=100;https://fred.stlouisfed.org/graph/fredgraph.csv?id=CPIAUCNS;2026-10-08
1938-02-01;1938;2;14.100;CPIAUCNS;Consumer Price Index for All Urban Consumers: All Items in U.S. City Average;not_seasonally_adjusted;Index 1982-1984=100;https://fred.stlouisfed.org/graph/fredgraph.csv?id=CPIAUCNS;2026-10-08
1938-03-01;1938;3;14.100;CPIAUCNS;Consumer Price Index for All Urban Consumers: All Items in U.S. City Average;not_seasonally_adjusted;Index 1982-1984=100;https://fred.stlouisfed.org/graph/fredgraph.csv?id=CPIAUCNS;2026-10-08
1938-04-01;1938;4;14.200;CPIAUCNS;Consumer Price Index for All Urban Consumers: All Items in U.S. City Average;not_seasonally_adjusted;Index 1982-1984=100;https://fred.stlouisfed.org/graph/fredgraph.csv?id=CPIAUCNS;2026-10-08
1938-05-01;1938;5;14.100;CPIAUCNS;Consumer Price Index for All Urban Consumers: All Items in U.S. City Average;not_seasonally_adjusted;Index 1982-1984=100;https://fred.stlouisfed.org/graph/fredgraph.csv?id=CPIAUCNS;2026-10-08
1938-06-01;1938;6;14.100;CPIAUCNS;Consumer Price Index for All Urban Consumers: All Items in U.S. City Average;not_seasonally_adjusted;Index 1982-1984=100;https://fred.stlouisfed.org/graph/fredgraph.csv?id=CPIAUCNS;2026-10-08
1938-07-01;1938;7;14.100;CPIAUCNS;Consumer Price Index for All Urban Consumers: All Items in U.S. City Average;not_seasonally_adjusted;Index 1982-1984=100;https://fred.stlouisfed.org/graph/fredgraph.csv?id=CPIAUCNS;2026-10-08
1938-08-01;1938;8;14.100;CPIAUCNS;Consumer Price Index for All Urban Consumers: All Items in U.S. City Average;not_seasonally_adjusted;Index 1982-1984=100;https://fred.stlouisfed.org/graph/fredgraph.csv?id=CPIAUCNS;2026-10-08
1938-09-01;1938;9;14.100;CPIAUCNS;Consumer Price Index for All Urban Consumers: All Items in U.S. City Average;not_seasonally_adjusted;Index 1982-1984=100;https://fred.stlouisfed.org/graph/fredgraph.csv?id=CPIAUCNS;2026-10-08
1938-10-01;1938;10;14.000;CPIAUCNS;Consumer Price Index for All Urban Consumers: All Items in U.S. City Average;not_seasonally_adjusted;Index 1982-1984=100;https://fred.stlouisfed.org/graph/fredgraph.csv?id=CPIAUCNS;2026-10-08
1938-11-01;1938;11;14.000;CPIAUCNS;Consumer Price Index for All Urban Consumers: All Items in U.S. City Average;not_seasonally_adjusted;Index 1982-1984=100;https://fred.stlouisfed.org/graph/fredgraph.csv?id=CPIAUCNS;2026-10-08
1938-12-01;1938;12;14.000;CPIAUCNS;Consumer Price Index for All Urban Consumers: All Items in U.S. City Average;not_seasonally_adjusted;Index 1982-1984=100;https://fred.stlouisfed.org/graph/fredgraph.csv?id=CPIAUCNS;2026-10-08
1939-01-01;1939;1;14.000;CPIAUCNS;Consumer Price Index for All Urban Consumers: All Items in U.S. City Average;not_seasonally_adjusted;Index 1982-1984=100;https://fred.stlouisfed.org/graph/fredgraph.csv?id=CPIAUCNS;2026-10-08
1939-02-01;1939;2;13.900;CPIAUCNS;Consumer Price Index for All Urban Consumers: All Items in U.S. City Average;not_seasonally_adjusted;Index 1982-1984=100;https://fred.stlouisfed.org/graph/fredgraph.csv?id=CPIAUCNS;2026-10-08
1939-03-01;1939;3;13.900;CPIAUCNS;Consumer Price Index for All Urban Consumers: All Items in U.S. City Average;not_seasonally_adjusted;Index 1982-1984=100;https://fred.stlouisfed.org/graph/fredgraph.csv?id=CPIAUCNS;2026-10-08
1939-04-01;1939;4;13.800;CPIAUCNS;Consumer Price Index for All Urban Consumers: All Items in U.S. City Average;not_seasonally_adjusted;Index 1982-1984=100;https://fred.stlouisfed.org/graph/fredgraph.csv?id=CPIAUCNS;2026-10-08
1939-05-01;1939;5;13.800;CPIAUCNS;Consumer Price Index for All Urban Consumers: All Items in U.S. City Average;not_seasonally_adjusted;Index 1982-1984=100;https://fred.stlouisfed.org/graph/fredgraph.csv?id=CPIAUCNS;2026-10-08
1939-06-01;1939;6;13.800;CPIAUCNS;Consumer Price Index for All Urban Consumers: All Items in U.S. City Average;not_seasonally_adjusted;Index 1982-1984=100;https://fred.stlouisfed.org/graph/fredgraph.csv?id=CPIAUCNS;2026-10-08
1939-07-01;1939;7;13.800;CPIAUCNS;Consumer Price Index for All Urban Consumers: All Items in U.S. City Average;not_seasonally_adjusted;Index 1982-1984=100;https://fred.stlouisfed.org/graph/fredgraph.csv?id=CPIAUCNS;2026-10-08
1939-08-01;1939;8;13.800;CPIAUCNS;Consumer Price Index for All Urban Consumers: All Items in U.S. City Average;not_seasonally_adjusted;Index 1982-1984=100;https://fred.stlouisfed.org/graph/fredgraph.csv?id=CPIAUCNS;2026-10-08
1939-09-01;1939;9;14.100;CPIAUCNS;Consumer Price Index for All Urban Consumers: All Items in U.S. City Average;not_seasonally_adjusted;Index 1982-1984=100;https://fred.stlouisfed.org/graph/fredgraph.csv?id=CPIAUCNS;2026-10-08
1939-10-01;1939;10;14.000;CPIAUCNS;Consumer Price Index for All Urban Consumers: All Items in U.S. City Average;not_seasonally_adjusted;Index 1982-1984=100;https://fred.stlouisfed.org/graph/fredgraph.csv?id=CPIAUCNS;2026-10-08
1939-11-01;1939;11;14.000;CPIAUCNS;Consumer Price Index for All Urban Consumers: All Items in U.S. City Average;not_seasonally_adjusted;Index 1982-1984=100;https://fred.stlouisfed.org/graph/fredgraph.csv?id=CPIAUCNS;2026-10-08
1939-12-01;1939;12;14.000;CPIAUCNS;Consumer Price Index for All Urban Consumers: All Items in U.S. City Average;not_seasonally_adjusted;Index 1982-1984=100;https://fred.stlouisfed.org/graph/fredgraph.csv?id=CPIAUCNS;2026-10-08
1940-01-01;1940;1;13.900;CPIAUCNS;Consumer Price Index for All Urban Consumers: All Items in U.S. City Average;not_seasonally_adjusted;Index 1982-1984=100;https://fred.stlouisfed.org/graph/fredgraph.csv?id=CPIAUCNS;2026-10-08
1940-02-01;1940;2;14.000;CPIAUCNS;Consumer Price Index for All Urban Consumers: All Items in U.S. City Average;not_seasonally_adjusted;Index 1982-1984=100;https://fred.stlouisfed.org/graph/fredgraph.csv?id=CPIAUCNS;2026-10-08
1940-03-01;1940;3;14.000;CPIAUCNS;Consumer Price Index for All Urban Consumers: All Items in U.S. City Average;not_seasonally_adjusted;Index 1982-1984=100;https://fred.stlouisfed.org/graph/fredgraph.csv?id=CPIAUCNS;2026-10-08
1940-04-01;1940;4;14.000;CPIAUCNS;Consumer Price Index for All Urban Consumers: All Items in U.S. City Average;not_seasonally_adjusted;Index 1982-1984=100;https://fred.stlouisfed.org/graph/fredgraph.csv?id=CPIAUCNS;2026-10-08
1940-05-01;1940;5;14.000;CPIAUCNS;Consumer Price Index for All Urban Consumers: All Items in U.S. City Average;not_seasonally_adjusted;Index 1982-1984=100;https://fred.stlouisfed.org/graph/fredgraph.csv?id=CPIAUCNS;2026-10-08
1940-06-01;1940;6;14.100;CPIAUCNS;Consumer Price Index for All Urban Consumers: All Items in U.S. City Average;not_seasonally_adjusted;Index 1982-1984=100;https://fred.stlouisfed.org/graph/fredgraph.csv?id=CPIAUCNS;2026-10-08
1940-07-01;1940;7;14.000;CPIAUCNS;Consumer Price Index for All Urban Consumers: All Items in U.S. City Average;not_seasonally_adjusted;Index 1982-1984=100;https://fred.stlouisfed.org/graph/fredgraph.csv?id=CPIAUCNS;2026-10-08
1940-08-01;1940;8;14.000;CPIAUCNS;Consumer Price Index for All Urban Consumers: All Items in U.S. City Average;not_seasonally_adjusted;Index 1982-1984=100;https://fred.stlouisfed.org/graph/fredgraph.csv?id=CPIAUCNS;2026-10-08
1940-09-01;1940;9;14.000;CPIAUCNS;Consumer Price Index for All Urban Consumers: All Items in U.S. City Average;not_seasonally_adjusted;Index 1982-1984=100;https://fred.stlouisfed.org/graph/fredgraph.csv?id=CPIAUCNS;2026-10-08
1940-10-01;1940;10;14.000;CPIAUCNS;Consumer Price Index for All Urban Consumers: All Items in U.S. City Average;not_seasonally_adjusted;Index 1982-1984=100;https://fred.stlouisfed.org/graph/fredgraph.csv?id=CPIAUCNS;2026-10-08
1940-11-01;1940;11;14.000;CPIAUCNS;Consumer Price Index for All Urban Consumers: All Items in U.S. City Average;not_seasonally_adjusted;Index 1982-1984=100;https://fred.stlouisfed.org/graph/fredgraph.csv?id=CPIAUCNS;2026-10-08
1940-12-01;1940;12;14.100;CPIAUCNS;Consumer Price Index for All Urban Consumers: All Items in U.S. City Average;not_seasonally_adjusted;Index 1982-1984=100;https://fred.stlouisfed.org/graph/fredgraph.csv?id=CPIAUCNS;2026-10-08
1941-01-01;1941;1;14.100;CPIAUCNS;Consumer Price Index for All Urban Consumers: All Items in U.S. City Average;not_seasonally_adjusted;Index 1982-1984=100;https://fred.stlouisfed.org/graph/fredgraph.csv?id=CPIAUCNS;2026-10-08
1941-02-01;1941;2;14.100;CPIAUCNS;Consumer Price Index for All Urban Consumers: All Items in U.S. City Average;not_seasonally_adjusted;Index 1982-1984=100;https://fred.stlouisfed.org/graph/fredgraph.csv?id=CPIAUCNS;2026-10-08
1941-03-01;1941;3;14.200;CPIAUCNS;Consumer Price Index for All Urban Consumers: All Items in U.S. City Average;not_seasonally_adjusted;Index 1982-1984=100;https://fred.stlouisfed.org/graph/fredgraph.csv?id=CPIAUCNS;2026-10-08
1941-04-01;1941;4;14.300;CPIAUCNS;Consumer Price Index for All Urban Consumers: All Items in U.S. City Average;not_seasonally_adjusted;Index 1982-1984=100;https://fred.stlouisfed.org/graph/fredgraph.csv?id=CPIAUCNS;2026-10-08
1941-05-01;1941;5;14.400;CPIAUCNS;Consumer Price Index for All Urban Consumers: All Items in U.S. City Average;not_seasonally_adjusted;Index 1982-1984=100;https://fred.stlouisfed.org/graph/fredgraph.csv?id=CPIAUCNS;2026-10-08
1941-06-01;1941;6;14.700;CPIAUCNS;Consumer Price Index for All Urban Consumers: All Items in U.S. City Average;not_seasonally_adjusted;Index 1982-1984=100;https://fred.stlouisfed.org/graph/fredgraph.csv?id=CPIAUCNS;2026-10-08
1941-07-01;1941;7;14.700;CPIAUCNS;Consumer Price Index for All Urban Consumers: All Items in U.S. City Average;not_seasonally_adjusted;Index 1982-1984=100;https://fred.stlouisfed.org/graph/fredgraph.csv?id=CPIAUCNS;2026-10-08
1941-08-01;1941;8;14.900;CPIAUCNS;Consumer Price Index for All Urban Consumers: All Items in U.S. City Average;not_seasonally_adjusted;Index 1982-1984=100;https://fred.stlouisfed.org/graph/fredgraph.csv?id=CPIAUCNS;2026-10-08
1941-09-01;1941;9;15.100;CPIAUCNS;Consumer Price Index for All Urban Consumers: All Items in U.S. City Average;not_seasonally_adjusted;Index 1982-1984=100;https://fred.stlouisfed.org/graph/fredgraph.csv?id=CPIAUCNS;2026-10-08
1941-10-01;1941;10;15.300;CPIAUCNS;Consumer Price Index for All Urban Consumers: All Items in U.S. City Average;not_seasonally_adjusted;Index 1982-1984=100;https://fred.stlouisfed.org/graph/fredgraph.csv?id=CPIAUCNS;2026-10-08
1941-11-01;1941;11;15.400;CPIAUCNS;Consumer Price Index for All Urban Consumers: All Items in U.S. City Average;not_seasonally_adjusted;Index 1982-1984=100;https://fred.stlouisfed.org/graph/fredgraph.csv?id=CPIAUCNS;2026-10-08
1941-12-01;1941;12;15.500;CPIAUCNS;Consumer Price Index for All Urban Consumers: All Items in U.S. City Average;not_seasonally_adjusted;Index 1982-1984=100;https://fred.stlouisfed.org/graph/fredgraph.csv?id=CPIAUCNS;2026-10-08
1942-01-01;1942;1;15.700;CPIAUCNS;Consumer Price Index for All Urban Consumers: All Items in U.S. City Average;not_seasonally_adjusted;Index 1982-1984=100;https://fred.stlouisfed.org/graph/fredgraph.csv?id=CPIAUCNS;2026-10-08
1942-02-01;1942;2;15.800;CPIAUCNS;Consumer Price Index for All Urban Consumers: All Items in U.S. City Average;not_seasonally_adjusted;Index 1982-1984=100;https://fred.stlouisfed.org/graph/fredgraph.csv?id=CPIAUCNS;2026-10-08
1942-03-01;1942;3;16.000;CPIAUCNS;Consumer Price Index for All Urban Consumers: All Items in U.S. City Average;not_seasonally_adjusted;Index 1982-1984=100;https://fred.stlouisfed.org/graph/fredgraph.csv?id=CPIAUCNS;2026-10-08
1942-04-01;1942;4;16.100;CPIAUCNS;Consumer Price Index for All Urban Consumers: All Items in U.S. City Average;not_seasonally_adjusted;Index 1982-1984=100;https://fred.stlouisfed.org/graph/fredgraph.csv?id=CPIAUCNS;2026-10-08
1942-05-01;1942;5;16.300;CPIAUCNS;Consumer Price Index for All Urban Consumers: All Items in U.S. City Average;not_seasonally_adjusted;Index 1982-1984=100;https://fred.stlouisfed.org/graph/fredgraph.csv?id=CPIAUCNS;2026-10-08
1942-06-01;1942;6;16.300;CPIAUCNS;Consumer Price Index for All Urban Consumers: All Items in U.S. City Average;not_seasonally_adjusted;Index 1982-1984=100;https://fred.stlouisfed.org/graph/fredgraph.csv?id=CPIAUCNS;2026-10-08
1942-07-01;1942;7;16.400;CPIAUCNS;Consumer Price Index for All Urban Consumers: All Items in U.S. City Average;not_seasonally_adjusted;Index 1982-1984=100;https://fred.stlouisfed.org/graph/fredgraph.csv?id=CPIAUCNS;2026-10-08
1942-08-01;1942;8;16.500;CPIAUCNS;Consumer Price Index for All Urban Consumers: All Items in U.S. City Average;not_seasonally_adjusted;Index 1982-1984=100;https://fred.stlouisfed.org/graph/fredgraph.csv?id=CPIAUCNS;2026-10-08
1942-09-01;1942;9;16.500;CPIAUCNS;Consumer Price Index for All Urban Consumers: All Items in U.S. City Average;not_seasonally_adjusted;Index 1982-1984=100;https://fred.stlouisfed.org/graph/fredgraph.csv?id=CPIAUCNS;2026-10-08
1942-10-01;1942;10;16.700;CPIAUCNS;Consumer Price Index for All Urban Consumers: All Items in U.S. City Average;not_seasonally_adjusted;Index 1982-1984=100;https://fred.stlouisfed.org/graph/fredgraph.csv?id=CPIAUCNS;2026-10-08
1942-11-01;1942;11;16.800;CPIAUCNS;Consumer Price Index for All Urban Consumers: All Items in U.S. City Average;not_seasonally_adjusted;Index 1982-1984=100;https://fred.stlouisfed.org/graph/fredgraph.csv?id=CPIAUCNS;2026-10-08
1942-12-01;1942;12;16.900;CPIAUCNS;Consumer Price Index for All Urban Consumers: All Items in U.S. City Average;not_seasonally_adjusted;Index 1982-1984=100;https://fred.stlouisfed.org/graph/fredgraph.csv?id=CPIAUCNS;2026-10-08
1943-01-01;1943;1;16.900;CPIAUCNS;Consumer Price Index for All Urban Consumers: All Items in U.S. City Average;not_seasonally_adjusted;Index 1982-1984=100;https://fred.stlouisfed.org/graph/fredgraph.csv?id=CPIAUCNS;2026-10-08
1943-02-01;1943;2;16.900;CPIAUCNS;Consumer Price Index for All Urban Consumers: All Items in U.S. City Average;not_seasonally_adjusted;Index 1982-1984=100;https://fred.stlouisfed.org/graph/fredgraph.csv?id=CPIAUCNS;2026-10-08
1943-03-01;1943;3;17.200;CPIAUCNS;Consumer Price Index for All Urban Consumers: All Items in U.S. City Average;not_seasonally_adjusted;Index 1982-1984=100;https://fred.stlouisfed.org/graph/fredgraph.csv?id=CPIAUCNS;2026-10-08
1943-04-01;1943;4;17.400;CPIAUCNS;Consumer Price Index for All Urban Consumers: All Items in U.S. City Average;not_seasonally_adjusted;Index 1982-1984=100;https://fred.stlouisfed.org/graph/fredgraph.csv?id=CPIAUCNS;2026-10-08
1943-05-01;1943;5;17.500;CPIAUCNS;Consumer Price Index for All Urban Consumers: All Items in U.S. City Average;not_seasonally_adjusted;Index 1982-1984=100;https://fred.stlouisfed.org/graph/fredgraph.csv?id=CPIAUCNS;2026-10-08
1943-06-01;1943;6;17.500;CPIAUCNS;Consumer Price Index for All Urban Consumers: All Items in U.S. City Average;not_seasonally_adjusted;Index 1982-1984=100;https://fred.stlouisfed.org/graph/fredgraph.csv?id=CPIAUCNS;2026-10-08
1943-07-01;1943;7;17.400;CPIAUCNS;Consumer Price Index for All Urban Consumers: All Items in U.S. City Average;not_seasonally_adjusted;Index 1982-1984=100;https://fred.stlouisfed.org/graph/fredgraph.csv?id=CPIAUCNS;2026-10-08
1943-08-01;1943;8;17.300;CPIAUCNS;Consumer Price Index for All Urban Consumers: All Items in U.S. City Average;not_seasonally_adjusted;Index 1982-1984=100;https://fred.stlouisfed.org/graph/fredgraph.csv?id=CPIAUCNS;2026-10-08
1943-09-01;1943;9;17.400;CPIAUCNS;Consumer Price Index for All Urban Consumers: All Items in U.S. City Average;not_seasonally_adjusted;Index 1982-1984=100;https://fred.stlouisfed.org/graph/fredgraph.csv?id=CPIAUCNS;2026-10-08
1943-10-01;1943;10;17.400;CPIAUCNS;Consumer Price Index for All Urban Consumers: All Items in U.S. City Average;not_seasonally_adjusted;Index 1982-1984=100;https://fred.stlouisfed.org/graph/fredgraph.csv?id=CPIAUCNS;2026-10-08
1943-11-01;1943;11;17.400;CPIAUCNS;Consumer Price Index for All Urban Consumers: All Items in U.S. City Average;not_seasonally_adjusted;Index 1982-1984=100;https://fred.stlouisfed.org/graph/fredgraph.csv?id=CPIAUCNS;2026-10-08
1943-12-01;1943;12;17.400;CPIAUCNS;Consumer Price Index for All Urban Consumers: All Items in U.S. City Average;not_seasonally_adjusted;Index 1982-1984=100;https://fred.stlouisfed.org/graph/fredgraph.csv?id=CPIAUCNS;2026-10-08
1944-01-01;1944;1;17.400;CPIAUCNS;Consumer Price Index for All Urban Consumers: All Items in U.S. City Average;not_seasonally_adjusted;Index 1982-1984=100;https://fred.stlouisfed.org/graph/fredgraph.csv?id=CPIAUCNS;2026-10-08
1944-02-01;1944;2;17.400;CPIAUCNS;Consumer Price Index for All Urban Consumers: All Items in U.S. City Average;not_seasonally_adjusted;Index 1982-1984=100;https://fred.stlouisfed.org/graph/fredgraph.csv?id=CPIAUCNS;2026-10-08
1944-03-01;1944;3;17.400;CPIAUCNS;Consumer Price Index for All Urban Consumers: All Items in U.S. City Average;not_seasonally_adjusted;Index 1982-1984=100;https://fred.stlouisfed.org/graph/fredgraph.csv?id=CPIAUCNS;2026-10-08
1944-04-01;1944;4;17.500;CPIAUCNS;Consumer Price Index for All Urban Consumers: All Items in U.S. City Average;not_seasonally_adjusted;Index 1982-1984=100;https://fred.stlouisfed.org/graph/fredgraph.csv?id=CPIAUCNS;2026-10-08
1944-05-01;1944;5;17.500;CPIAUCNS;Consumer Price Index for All Urban Consumers: All Items in U.S. City Average;not_seasonally_adjusted;Index 1982-1984=100;https://fred.stlouisfed.org/graph/fredgraph.csv?id=CPIAUCNS;2026-10-08
1944-06-01;1944;6;17.600;CPIAUCNS;Consumer Price Index for All Urban Consumers: All Items in U.S. City Average;not_seasonally_adjusted;Index 1982-1984=100;https://fred.stlouisfed.org/graph/fredgraph.csv?id=CPIAUCNS;2026-10-08
1944-07-01;1944;7;17.700;CPIAUCNS;Consumer Price Index for All Urban Consumers: All Items in U.S. City Average;not_seasonally_adjusted;Index 1982-1984=100;https://fred.stlouisfed.org/graph/fredgraph.csv?id=CPIAUCNS;2026-10-08
1944-08-01;1944;8;17.700;CPIAUCNS;Consumer Price Index for All Urban Consumers: All Items in U.S. City Average;not_seasonally_adjusted;Index 1982-1984=100;https://fred.stlouisfed.org/graph/fredgraph.csv?id=CPIAUCNS;2026-10-08
1944-09-01;1944;9;17.700;CPIAUCNS;Consumer Price Index for All Urban Consumers: All Items in U.S. City Average;not_seasonally_adjusted;Index 1982-1984=100;https://fred.stlouisfed.org/graph/fredgraph.csv?id=CPIAUCNS;2026-10-08
1944-10-01;1944;10;17.700;CPIAUCNS;Consumer Price Index for All Urban Consumers: All Items in U.S. City Average;not_seasonally_adjusted;Index 1982-1984=100;https://fred.stlouisfed.org/graph/fredgraph.csv?id=CPIAUCNS;2026-10-08
1944-11-01;1944;11;17.700;CPIAUCNS;Consumer Price Index for All Urban Consumers: All Items in U.S. City Average;not_seasonally_adjusted;Index 1982-1984=100;https://fred.stlouisfed.org/graph/fredgraph.csv?id=CPIAUCNS;2026-10-08
1944-12-01;1944;12;17.800;CPIAUCNS;Consumer Price Index for All Urban Consumers: All Items in U.S. City Average;not_seasonally_adjusted;Index 1982-1984=100;https://fred.stlouisfed.org/graph/fredgraph.csv?id=CPIAUCNS;2026-10-08
1945-01-01;1945;1;17.800;CPIAUCNS;Consumer Price Index for All Urban Consumers: All Items in U.S. City Average;not_seasonally_adjusted;Index 1982-1984=100;https://fred.stlouisfed.org/graph/fredgraph.csv?id=CPIAUCNS;2026-10-08
1945-02-01;1945;2;17.800;CPIAUCNS;Consumer Price Index for All Urban Consumers: All Items in U.S. City Average;not_seasonally_adjusted;Index 1982-1984=100;https://fred.stlouisfed.org/graph/fredgraph.csv?id=CPIAUCNS;2026-10-08
1945-03-01;1945;3;17.800;CPIAUCNS;Consumer Price Index for All Urban Consumers: All Items in U.S. City Average;not_seasonally_adjusted;Index 1982-1984=100;https://fred.stlouisfed.org/graph/fredgraph.csv?id=CPIAUCNS;2026-10-08
1945-04-01;1945;4;17.800;CPIAUCNS;Consumer Price Index for All Urban Consumers: All Items in U.S. City Average;not_seasonally_adjusted;Index 1982-1984=100;https://fred.stlouisfed.org/graph/fredgraph.csv?id=CPIAUCNS;2026-10-08
1945-05-01;1945;5;17.900;CPIAUCNS;Consumer Price Index for All Urban Consumers: All Items in U.S. City Average;not_seasonally_adjusted;Index 1982-1984=100;https://fred.stlouisfed.org/graph/fredgraph.csv?id=CPIAUCNS;2026-10-08
1945-06-01;1945;6;18.100;CPIAUCNS;Consumer Price Index for All Urban Consumers: All Items in U.S. City Average;not_seasonally_adjusted;Index 1982-1984=100;https://fred.stlouisfed.org/graph/fredgraph.csv?id=CPIAUCNS;2026-10-08
1945-07-01;1945;7;18.100;CPIAUCNS;Consumer Price Index for All Urban Consumers: All Items in U.S. City Average;not_seasonally_adjusted;Index 1982-1984=100;https://fred.stlouisfed.org/graph/fredgraph.csv?id=CPIAUCNS;2026-10-08
1945-08-01;1945;8;18.100;CPIAUCNS;Consumer Price Index for All Urban Consumers: All Items in U.S. City Average;not_seasonally_adjusted;Index 1982-1984=100;https://fred.stlouisfed.org/graph/fredgraph.csv?id=CPIAUCNS;2026-10-08
1945-09-01;1945;9;18.100;CPIAUCNS;Consumer Price Index for All Urban Consumers: All Items in U.S. City Average;not_seasonally_adjusted;Index 1982-1984=100;https://fred.stlouisfed.org/graph/fredgraph.csv?id=CPIAUCNS;2026-10-08
1945-10-01;1945;10;18.100;CPIAUCNS;Consumer Price Index for All Urban Consumers: All Items in U.S. City Average;not_seasonally_adjusted;Index 1982-1984=100;https://fred.stlouisfed.org/graph/fredgraph.csv?id=CPIAUCNS;2026-10-08
1945-11-01;1945;11;18.100;CPIAUCNS;Consumer Price Index for All Urban Consumers: All Items in U.S. City Average;not_seasonally_adjusted;Index 1982-1984=100;https://fred.stlouisfed.org/graph/fredgraph.csv?id=CPIAUCNS;2026-10-08
1945-12-01;1945;12;18.200;CPIAUCNS;Consumer Price Index for All Urban Consumers: All Items in U.S. City Average;not_seasonally_adjusted;Index 1982-1984=100;https://fred.stlouisfed.org/graph/fredgraph.csv?id=CPIAUCNS;2026-10-08
1946-01-01;1946;1;18.200;CPIAUCNS;Consumer Price Index for All Urban Consumers: All Items in U.S. City Average;not_seasonally_adjusted;Index 1982-1984=100;https://fred.stlouisfed.org/graph/fredgraph.csv?id=CPIAUCNS;2026-10-08
1946-02-01;1946;2;18.100;CPIAUCNS;Consumer Price Index for All Urban Consumers: All Items in U.S. City Average;not_seasonally_adjusted;Index 1982-1984=100;https://fred.stlouisfed.org/graph/fredgraph.csv?id=CPIAUCNS;2026-10-08
1946-03-01;1946;3;18.300;CPIAUCNS;Consumer Price Index for All Urban Consumers: All Items in U.S. City Average;not_seasonally_adjusted;Index 1982-1984=100;https://fred.stlouisfed.org/graph/fredgraph.csv?id=CPIAUCNS;2026-10-08
1946-04-01;1946;4;18.400;CPIAUCNS;Consumer Price Index for All Urban Consumers: All Items in U.S. City Average;not_seasonally_adjusted;Index 1982-1984=100;https://fred.stlouisfed.org/graph/fredgraph.csv?id=CPIAUCNS;2026-10-08
1946-05-01;1946;5;18.500;CPIAUCNS;Consumer Price Index for All Urban Consumers: All Items in U.S. City Average;not_seasonally_adjusted;Index 1982-1984=100;https://fred.stlouisfed.org/graph/fredgraph.csv?id=CPIAUCNS;2026-10-08
1946-06-01;1946;6;18.700;CPIAUCNS;Consumer Price Index for All Urban Consumers: All Items in U.S. City Average;not_seasonally_adjusted;Index 1982-1984=100;https://fred.stlouisfed.org/graph/fredgraph.csv?id=CPIAUCNS;2026-10-08
1946-07-01;1946;7;19.800;CPIAUCNS;Consumer Price Index for All Urban Consumers: All Items in U.S. City Average;not_seasonally_adjusted;Index 1982-1984=100;https://fred.stlouisfed.org/graph/fredgraph.csv?id=CPIAUCNS;2026-10-08
1946-08-01;1946;8;20.200;CPIAUCNS;Consumer Price Index for All Urban Consumers: All Items in U.S. City Average;not_seasonally_adjusted;Index 1982-1984=100;https://fred.stlouisfed.org/graph/fredgraph.csv?id=CPIAUCNS;2026-10-08
1946-09-01;1946;9;20.400;CPIAUCNS;Consumer Price Index for All Urban Consumers: All Items in U.S. City Average;not_seasonally_adjusted;Index 1982-1984=100;https://fred.stlouisfed.org/graph/fredgraph.csv?id=CPIAUCNS;2026-10-08
1946-10-01;1946;10;20.800;CPIAUCNS;Consumer Price Index for All Urban Consumers: All Items in U.S. City Average;not_seasonally_adjusted;Index 1982-1984=100;https://fred.stlouisfed.org/graph/fredgraph.csv?id=CPIAUCNS;2026-10-08
1946-11-01;1946;11;21.300;CPIAUCNS;Consumer Price Index for All Urban Consumers: All Items in U.S. City Average;not_seasonally_adjusted;Index 1982-1984=100;https://fred.stlouisfed.org/graph/fredgraph.csv?id=CPIAUCNS;2026-10-08
1946-12-01;1946;12;21.500;CPIAUCNS;Consumer Price Index for All Urban Consumers: All Items in U.S. City Average;not_seasonally_adjusted;Index 1982-1984=100;https://fred.stlouisfed.org/graph/fredgraph.csv?id=CPIAUCNS;2026-10-08
1947-01-01;1947;1;21.500;CPIAUCNS;Consumer Price Index for All Urban Consumers: All Items in U.S. City Average;not_seasonally_adjusted;Index 1982-1984=100;https://fred.stlouisfed.org/graph/fredgraph.csv?id=CPIAUCNS;2026-10-08
1947-02-01;1947;2;21.500;CPIAUCNS;Consumer Price Index for All Urban Consumers: All Items in U.S. City Average;not_seasonally_adjusted;Index 1982-1984=100;https://fred.stlouisfed.org/graph/fredgraph.csv?id=CPIAUCNS;2026-10-08
1947-03-01;1947;3;21.900;CPIAUCNS;Consumer Price Index for All Urban Consumers: All Items in U.S. City Average;not_seasonally_adjusted;Index 1982-1984=100;https://fred.stlouisfed.org/graph/fredgraph.csv?id=CPIAUCNS;2026-10-08
1947-04-01;1947;4;21.900;CPIAUCNS;Consumer Price Index for All Urban Consumers: All Items in U.S. City Average;not_seasonally_adjusted;Index 1982-1984=100;https://fred.stlouisfed.org/graph/fredgraph.csv?id=CPIAUCNS;2026-10-08
1947-05-01;1947;5;21.900;CPIAUCNS;Consumer Price Index for All Urban Consumers: All Items in U.S. City Average;not_seasonally_adjusted;Index 1982-1984=100;https://fred.stlouisfed.org/graph/fredgraph.csv?id=CPIAUCNS;2026-10-08
1947-06-01;1947;6;22.000;CPIAUCNS;Consumer Price Index for All Urban Consumers: All Items in U.S. City Average;not_seasonally_adjusted;Index 1982-1984=100;https://fred.stlouisfed.org/graph/fredgraph.csv?id=CPIAUCNS;2026-10-08
1947-07-01;1947;7;22.200;CPIAUCNS;Consumer Price Index for All Urban Consumers: All Items in U.S. City Average;not_seasonally_adjusted;Index 1982-1984=100;https://fred.stlouisfed.org/graph/fredgraph.csv?id=CPIAUCNS;2026-10-08
1947-08-01;1947;8;22.500;CPIAUCNS;Consumer Price Index for All Urban Consumers: All Items in U.S. City Average;not_seasonally_adjusted;Index 1982-1984=100;https://fred.stlouisfed.org/graph/fredgraph.csv?id=CPIAUCNS;2026-10-08
1947-09-01;1947;9;23.000;CPIAUCNS;Consumer Price Index for All Urban Consumers: All Items in U.S. City Average;not_seasonally_adjusted;Index 1982-1984=100;https://fred.stlouisfed.org/graph/fredgraph.csv?id=CPIAUCNS;2026-10-08
1947-10-01;1947;10;23.000;CPIAUCNS;Consumer Price Index for All Urban Consumers: All Items in U.S. City Average;not_seasonally_adjusted;Index 1982-1984=100;https://fred.stlouisfed.org/graph/fredgraph.csv?id=CPIAUCNS;2026-10-08
1947-11-01;1947;11;23.100;CPIAUCNS;Consumer Price Index for All Urban Consumers: All Items in U.S. City Average;not_seasonally_adjusted;Index 1982-1984=100;https://fred.stlouisfed.org/graph/fredgraph.csv?id=CPIAUCNS;2026-10-08
1947-12-01;1947;12;23.400;CPIAUCNS;Consumer Price Index for All Urban Consumers: All Items in U.S. City Average;not_seasonally_adjusted;Index 1982-1984=100;https://fred.stlouisfed.org/graph/fredgraph.csv?id=CPIAUCNS;2026-10-08
1948-01-01;1948;1;23.700;CPIAUCNS;Consumer Price Index for All Urban Consumers: All Items in U.S. City Average;not_seasonally_adjusted;Index 1982-1984=100;https://fred.stlouisfed.org/graph/fredgraph.csv?id=CPIAUCNS;2026-10-08
1948-02-01;1948;2;23.500;CPIAUCNS;Consumer Price Index for All Urban Consumers: All Items in U.S. City Average;not_seasonally_adjusted;Index 1982-1984=100;https://fred.stlouisfed.org/graph/fredgraph.csv?id=CPIAUCNS;2026-10-08
1948-03-01;1948;3;23.400;CPIAUCNS;Consumer Price Index for All Urban Consumers: All Items in U.S. City Average;not_seasonally_adjusted;Index 1982-1984=100;https://fred.stlouisfed.org/graph/fredgraph.csv?id=CPIAUCNS;2026-10-08
1948-04-01;1948;4;23.800;CPIAUCNS;Consumer Price Index for All Urban Consumers: All Items in U.S. City Average;not_seasonally_adjusted;Index 1982-1984=100;https://fred.stlouisfed.org/graph/fredgraph.csv?id=CPIAUCNS;2026-10-08
1948-05-01;1948;5;23.900;CPIAUCNS;Consumer Price Index for All Urban Consumers: All Items in U.S. City Average;not_seasonally_adjusted;Index 1982-1984=100;https://fred.stlouisfed.org/graph/fredgraph.csv?id=CPIAUCNS;2026-10-08
1948-06-01;1948;6;24.100;CPIAUCNS;Consumer Price Index for All Urban Consumers: All Items in U.S. City Average;not_seasonally_adjusted;Index 1982-1984=100;https://fred.stlouisfed.org/graph/fredgraph.csv?id=CPIAUCNS;2026-10-08
1948-07-01;1948;7;24.400;CPIAUCNS;Consumer Price Index for All Urban Consumers: All Items in U.S. City Average;not_seasonally_adjusted;Index 1982-1984=100;https://fred.stlouisfed.org/graph/fredgraph.csv?id=CPIAUCNS;2026-10-08
1948-08-01;1948;8;24.500;CPIAUCNS;Consumer Price Index for All Urban Consumers: All Items in U.S. City Average;not_seasonally_adjusted;Index 1982-1984=100;https://fred.stlouisfed.org/graph/fredgraph.csv?id=CPIAUCNS;2026-10-08
1948-09-01;1948;9;24.500;CPIAUCNS;Consumer Price Index for All Urban Consumers: All Items in U.S. City Average;not_seasonally_adjusted;Index 1982-1984=100;https://fred.stlouisfed.org/graph/fredgraph.csv?id=CPIAUCNS;2026-10-08
1948-10-01;1948;10;24.400;CPIAUCNS;Consumer Price Index for All Urban Consumers: All Items in U.S. City Average;not_seasonally_adjusted;Index 1982-1984=100;https://fred.stlouisfed.org/graph/fredgraph.csv?id=CPIAUCNS;2026-10-08
1948-11-01;1948;11;24.200;CPIAUCNS;Consumer Price Index for All Urban Consumers: All Items in U.S. City Average;not_seasonally_adjusted;Index 1982-1984=100;https://fred.stlouisfed.org/graph/fredgraph.csv?id=CPIAUCNS;2026-10-08
1948-12-01;1948;12;24.100;CPIAUCNS;Consumer Price Index for All Urban Consumers: All Items in U.S. City Average;not_seasonally_adjusted;Index 1982-1984=100;https://fred.stlouisfed.org/graph/fredgraph.csv?id=CPIAUCNS;2026-10-08
1949-01-01;1949;1;24.000;CPIAUCNS;Consumer Price Index for All Urban Consumers: All Items in U.S. City Average;not_seasonally_adjusted;Index 1982-1984=100;https://fred.stlouisfed.org/graph/fredgraph.csv?id=CPIAUCNS;2026-10-08
1949-02-01;1949;2;23.800;CPIAUCNS;Consumer Price Index for All Urban Consumers: All Items in U.S. City Average;not_seasonally_adjusted;Index 1982-1984=100;https://fred.stlouisfed.org/graph/fredgraph.csv?id=CPIAUCNS;2026-10-08
1949-03-01;1949;3;23.800;CPIAUCNS;Consumer Price Index for All Urban Consumers: All Items in U.S. City Average;not_seasonally_adjusted;Index 1982-1984=100;https://fred.stlouisfed.org/graph/fredgraph.csv?id=CPIAUCNS;2026-10-08
1949-04-01;1949;4;23.900;CPIAUCNS;Consumer Price Index for All Urban Consumers: All Items in U.S. City Average;not_seasonally_adjusted;Index 1982-1984=100;https://fred.stlouisfed.org/graph/fredgraph.csv?id=CPIAUCNS;2026-10-08
1949-05-01;1949;5;23.800;CPIAUCNS;Consumer Price Index for All Urban Consumers: All Items in U.S. City Average;not_seasonally_adjusted;Index 1982-1984=100;https://fred.stlouisfed.org/graph/fredgraph.csv?id=CPIAUCNS;2026-10-08
1949-06-01;1949;6;23.900;CPIAUCNS;Consumer Price Index for All Urban Consumers: All Items in U.S. City Average;not_seasonally_adjusted;Index 1982-1984=100;https://fred.stlouisfed.org/graph/fredgraph.csv?id=CPIAUCNS;2026-10-08
1949-07-01;1949;7;23.700;CPIAUCNS;Consumer Price Index for All Urban Consumers: All Items in U.S. City Average;not_seasonally_adjusted;Index 1982-1984=100;https://fred.stlouisfed.org/graph/fredgraph.csv?id=CPIAUCNS;2026-10-08
1949-08-01;1949;8;23.800;CPIAUCNS;Consumer Price Index for All Urban Consumers: All Items in U.S. City Average;not_seasonally_adjusted;Index 1982-1984=100;https://fred.stlouisfed.org/graph/fredgraph.csv?id=CPIAUCNS;2026-10-08
1949-09-01;1949;9;23.900;CPIAUCNS;Consumer Price Index for All Urban Consumers: All Items in U.S. City Average;not_seasonally_adjusted;Index 1982-1984=100;https://fred.stlouisfed.org/graph/fredgraph.csv?id=CPIAUCNS;2026-10-08
1949-10-01;1949;10;23.700;CPIAUCNS;Consumer Price Index for All Urban Consumers: All Items in U.S. City Average;not_seasonally_adjusted;Index 1982-1984=100;https://fred.stlouisfed.org/graph/fredgraph.csv?id=CPIAUCNS;2026-10-08
1949-11-01;1949;11;23.800;CPIAUCNS;Consumer Price Index for All Urban Consumers: All Items in U.S. City Average;not_seasonally_adjusted;Index 1982-1984=100;https://fred.stlouisfed.org/graph/fredgraph.csv?id=CPIAUCNS;2026-10-08
1949-12-01;1949;12;23.600;CPIAUCNS;Consumer Price Index for All Urban Consumers: All Items in U.S. City Average;not_seasonally_adjusted;Index 1982-1984=100;https://fred.stlouisfed.org/graph/fredgraph.csv?id=CPIAUCNS;2026-10-08
1950-01-01;1950;1;23.500;CPIAUCNS;Consumer Price Index for All Urban Consumers: All Items in U.S. City Average;not_seasonally_adjusted;Index 1982-1984=100;https://fred.stlouisfed.org/graph/fredgraph.csv?id=CPIAUCNS;2026-10-08
1950-02-01;1950;2;23.500;CPIAUCNS;Consumer Price Index for All Urban Consumers: All Items in U.S. City Average;not_seasonally_adjusted;Index 1982-1984=100;https://fred.stlouisfed.org/graph/fredgraph.csv?id=CPIAUCNS;2026-10-08
1950-03-01;1950;3;23.600;CPIAUCNS;Consumer Price Index for All Urban Consumers: All Items in U.S. City Average;not_seasonally_adjusted;Index 1982-1984=100;https://fred.stlouisfed.org/graph/fredgraph.csv?id=CPIAUCNS;2026-10-08
1950-04-01;1950;4;23.600;CPIAUCNS;Consumer Price Index for All Urban Consumers: All Items in U.S. City Average;not_seasonally_adjusted;Index 1982-1984=100;https://fred.stlouisfed.org/graph/fredgraph.csv?id=CPIAUCNS;2026-10-08
1950-05-01;1950;5;23.700;CPIAUCNS;Consumer Price Index for All Urban Consumers: All Items in U.S. City Average;not_seasonally_adjusted;Index 1982-1984=100;https://fred.stlouisfed.org/graph/fredgraph.csv?id=CPIAUCNS;2026-10-08
1950-06-01;1950;6;23.800;CPIAUCNS;Consumer Price Index for All Urban Consumers: All Items in U.S. City Average;not_seasonally_adjusted;Index 1982-1984=100;https://fred.stlouisfed.org/graph/fredgraph.csv?id=CPIAUCNS;2026-10-08
1950-07-01;1950;7;24.100;CPIAUCNS;Consumer Price Index for All Urban Consumers: All Items in U.S. City Average;not_seasonally_adjusted;Index 1982-1984=100;https://fred.stlouisfed.org/graph/fredgraph.csv?id=CPIAUCNS;2026-10-08
1950-08-01;1950;8;24.300;CPIAUCNS;Consumer Price Index for All Urban Consumers: All Items in U.S. City Average;not_seasonally_adjusted;Index 1982-1984=100;https://fred.stlouisfed.org/graph/fredgraph.csv?id=CPIAUCNS;2026-10-08
1950-09-01;1950;9;24.400;CPIAUCNS;Consumer Price Index for All Urban Consumers: All Items in U.S. City Average;not_seasonally_adjusted;Index 1982-1984=100;https://fred.stlouisfed.org/graph/fredgraph.csv?id=CPIAUCNS;2026-10-08
1950-10-01;1950;10;24.600;CPIAUCNS;Consumer Price Index for All Urban Consumers: All Items in U.S. City Average;not_seasonally_adjusted;Index 1982-1984=100;https://fred.stlouisfed.org/graph/fredgraph.csv?id=CPIAUCNS;2026-10-08
1950-11-01;1950;11;24.700;CPIAUCNS;Consumer Price Index for All Urban Consumers: All Items in U.S. City Average;not_seasonally_adjusted;Index 1982-1984=100;https://fred.stlouisfed.org/graph/fredgraph.csv?id=CPIAUCNS;2026-10-08
1950-12-01;1950;12;25.000;CPIAUCNS;Consumer Price Index for All Urban Consumers: All Items in U.S. City Average;not_seasonally_adjusted;Index 1982-1984=100;https://fred.stlouisfed.org/graph/fredgraph.csv?id=CPIAUCNS;2026-10-08
1951-01-01;1951;1;25.400;CPIAUCNS;Consumer Price Index for All Urban Consumers: All Items in U.S. City Average;not_seasonally_adjusted;Index 1982-1984=100;https://fred.stlouisfed.org/graph/fredgraph.csv?id=CPIAUCNS;2026-10-08
1951-02-01;1951;2;25.700;CPIAUCNS;Consumer Price Index for All Urban Consumers: All Items in U.S. City Average;not_seasonally_adjusted;Index 1982-1984=100;https://fred.stlouisfed.org/graph/fredgraph.csv?id=CPIAUCNS;2026-10-08
1951-03-01;1951;3;25.800;CPIAUCNS;Consumer Price Index for All Urban Consumers: All Items in U.S. City Average;not_seasonally_adjusted;Index 1982-1984=100;https://fred.stlouisfed.org/graph/fredgraph.csv?id=CPIAUCNS;2026-10-08
1951-04-01;1951;4;25.800;CPIAUCNS;Consumer Price Index for All Urban Consumers: All Items in U.S. City Average;not_seasonally_adjusted;Index 1982-1984=100;https://fred.stlouisfed.org/graph/fredgraph.csv?id=CPIAUCNS;2026-10-08
1951-05-01;1951;5;25.900;CPIAUCNS;Consumer Price Index for All Urban Consumers: All Items in U.S. City Average;not_seasonally_adjusted;Index 1982-1984=100;https://fred.stlouisfed.org/graph/fredgraph.csv?id=CPIAUCNS;2026-10-08
1951-06-01;1951;6;25.900;CPIAUCNS;Consumer Price Index for All Urban Consumers: All Items in U.S. City Average;not_seasonally_adjusted;Index 1982-1984=100;https://fred.stlouisfed.org/graph/fredgraph.csv?id=CPIAUCNS;2026-10-08
1951-07-01;1951;7;25.900;CPIAUCNS;Consumer Price Index for All Urban Consumers: All Items in U.S. City Average;not_seasonally_adjusted;Index 1982-1984=100;https://fred.stlouisfed.org/graph/fredgraph.csv?id=CPIAUCNS;2026-10-08
1951-08-01;1951;8;25.900;CPIAUCNS;Consumer Price Index for All Urban Consumers: All Items in U.S. City Average;not_seasonally_adjusted;Index 1982-1984=100;https://fred.stlouisfed.org/graph/fredgraph.csv?id=CPIAUCNS;2026-10-08
1951-09-01;1951;9;26.100;CPIAUCNS;Consumer Price Index for All Urban Consumers: All Items in U.S. City Average;not_seasonally_adjusted;Index 1982-1984=100;https://fred.stlouisfed.org/graph/fredgraph.csv?id=CPIAUCNS;2026-10-08
1951-10-01;1951;10;26.200;CPIAUCNS;Consumer Price Index for All Urban Consumers: All Items in U.S. City Average;not_seasonally_adjusted;Index 1982-1984=100;https://fred.stlouisfed.org/graph/fredgraph.csv?id=CPIAUCNS;2026-10-08
1951-11-01;1951;11;26.400;CPIAUCNS;Consumer Price Index for All Urban Consumers: All Items in U.S. City Average;not_seasonally_adjusted;Index 1982-1984=100;https://fred.stlouisfed.org/graph/fredgraph.csv?id=CPIAUCNS;2026-10-08
1951-12-01;1951;12;26.500;CPIAUCNS;Consumer Price Index for All Urban Consumers: All Items in U.S. City Average;not_seasonally_adjusted;Index 1982-1984=100;https://fred.stlouisfed.org/graph/fredgraph.csv?id=CPIAUCNS;2026-10-08
1952-01-01;1952;1;26.500;CPIAUCNS;Consumer Price Index for All Urban Consumers: All Items in U.S. City Average;not_seasonally_adjusted;Index 1982-1984=100;https://fred.stlouisfed.org/graph/fredgraph.csv?id=CPIAUCNS;2026-10-08
1952-02-01;1952;2;26.300;CPIAUCNS;Consumer Price Index for All Urban Consumers: All Items in U.S. City Average;not_seasonally_adjusted;Index 1982-1984=100;https://fred.stlouisfed.org/graph/fredgraph.csv?id=CPIAUCNS;2026-10-08
1952-03-01;1952;3;26.300;CPIAUCNS;Consumer Price Index for All Urban Consumers: All Items in U.S. City Average;not_seasonally_adjusted;Index 1982-1984=100;https://fred.stlouisfed.org/graph/fredgraph.csv?id=CPIAUCNS;2026-10-08
1952-04-01;1952;4;26.400;CPIAUCNS;Consumer Price Index for All Urban Consumers: All Items in U.S. City Average;not_seasonally_adjusted;Index 1982-1984=100;https://fred.stlouisfed.org/graph/fredgraph.csv?id=CPIAUCNS;2026-10-08
1952-05-01;1952;5;26.400;CPIAUCNS;Consumer Price Index for All Urban Consumers: All Items in U.S. City Average;not_seasonally_adjusted;Index 1982-1984=100;https://fred.stlouisfed.org/graph/fredgraph.csv?id=CPIAUCNS;2026-10-08
1952-06-01;1952;6;26.500;CPIAUCNS;Consumer Price Index for All Urban Consumers: All Items in U.S. City Average;not_seasonally_adjusted;Index 1982-1984=100;https://fred.stlouisfed.org/graph/fredgraph.csv?id=CPIAUCNS;2026-10-08
1952-07-01;1952;7;26.700;CPIAUCNS;Consumer Price Index for All Urban Consumers: All Items in U.S. City Average;not_seasonally_adjusted;Index 1982-1984=100;https://fred.stlouisfed.org/graph/fredgraph.csv?id=CPIAUCNS;2026-10-08
1952-08-01;1952;8;26.700;CPIAUCNS;Consumer Price Index for All Urban Consumers: All Items in U.S. City Average;not_seasonally_adjusted;Index 1982-1984=100;https://fred.stlouisfed.org/graph/fredgraph.csv?id=CPIAUCNS;2026-10-08
1952-09-01;1952;9;26.700;CPIAUCNS;Consumer Price Index for All Urban Consumers: All Items in U.S. City Average;not_seasonally_adjusted;Index 1982-1984=100;https://fred.stlouisfed.org/graph/fredgraph.csv?id=CPIAUCNS;2026-10-08
1952-10-01;1952;10;26.700;CPIAUCNS;Consumer Price Index for All Urban Consumers: All Items in U.S. City Average;not_seasonally_adjusted;Index 1982-1984=100;https://fred.stlouisfed.org/graph/fredgraph.csv?id=CPIAUCNS;2026-10-08
1952-11-01;1952;11;26.700;CPIAUCNS;Consumer Price Index for All Urban Consumers: All Items in U.S. City Average;not_seasonally_adjusted;Index 1982-1984=100;https://fred.stlouisfed.org/graph/fredgraph.csv?id=CPIAUCNS;2026-10-08
1952-12-01;1952;12;26.700;CPIAUCNS;Consumer Price Index for All Urban Consumers: All Items in U.S. City Average;not_seasonally_adjusted;Index 1982-1984=100;https://fred.stlouisfed.org/graph/fredgraph.csv?id=CPIAUCNS;2026-10-08
1953-01-01;1953;1;26.600;CPIAUCNS;Consumer Price Index for All Urban Consumers: All Items in U.S. City Average;not_seasonally_adjusted;Index 1982-1984=100;https://fred.stlouisfed.org/graph/fredgraph.csv?id=CPIAUCNS;2026-10-08
1953-02-01;1953;2;26.500;CPIAUCNS;Consumer Price Index for All Urban Consumers: All Items in U.S. City Average;not_seasonally_adjusted;Index 1982-1984=100;https://fred.stlouisfed.org/graph/fredgraph.csv?id=CPIAUCNS;2026-10-08
1953-03-01;1953;3;26.600;CPIAUCNS;Consumer Price Index for All Urban Consumers: All Items in U.S. City Average;not_seasonally_adjusted;Index 1982-1984=100;https://fred.stlouisfed.org/graph/fredgraph.csv?id=CPIAUCNS;2026-10-08
1953-04-01;1953;4;26.600;CPIAUCNS;Consumer Price Index for All Urban Consumers: All Items in U.S. City Average;not_seasonally_adjusted;Index 1982-1984=100;https://fred.stlouisfed.org/graph/fredgraph.csv?id=CPIAUCNS;2026-10-08
1953-05-01;1953;5;26.700;CPIAUCNS;Consumer Price Index for All Urban Consumers: All Items in U.S. City Average;not_seasonally_adjusted;Index 1982-1984=100;https://fred.stlouisfed.org/graph/fredgraph.csv?id=CPIAUCNS;2026-10-08
1953-06-01;1953;6;26.800;CPIAUCNS;Consumer Price Index for All Urban Consumers: All Items in U.S. City Average;not_seasonally_adjusted;Index 1982-1984=100;https://fred.stlouisfed.org/graph/fredgraph.csv?id=CPIAUCNS;2026-10-08
1953-07-01;1953;7;26.800;CPIAUCNS;Consumer Price Index for All Urban Consumers: All Items in U.S. City Average;not_seasonally_adjusted;Index 1982-1984=100;https://fred.stlouisfed.org/graph/fredgraph.csv?id=CPIAUCNS;2026-10-08
1953-08-01;1953;8;26.900;CPIAUCNS;Consumer Price Index for All Urban Consumers: All Items in U.S. City Average;not_seasonally_adjusted;Index 1982-1984=100;https://fred.stlouisfed.org/graph/fredgraph.csv?id=CPIAUCNS;2026-10-08
1953-09-01;1953;9;26.900;CPIAUCNS;Consumer Price Index for All Urban Consumers: All Items in U.S. City Average;not_seasonally_adjusted;Index 1982-1984=100;https://fred.stlouisfed.org/graph/fredgraph.csv?id=CPIAUCNS;2026-10-08
1953-10-01;1953;10;27.000;CPIAUCNS;Consumer Price Index for All Urban Consumers: All Items in U.S. City Average;not_seasonally_adjusted;Index 1982-1984=100;https://fred.stlouisfed.org/graph/fredgraph.csv?id=CPIAUCNS;2026-10-08
1953-11-01;1953;11;26.900;CPIAUCNS;Consumer Price Index for All Urban Consumers: All Items in U.S. City Average;not_seasonally_adjusted;Index 1982-1984=100;https://fred.stlouisfed.org/graph/fredgraph.csv?id=CPIAUCNS;2026-10-08
1953-12-01;1953;12;26.900;CPIAUCNS;Consumer Price Index for All Urban Consumers: All Items in U.S. City Average;not_seasonally_adjusted;Index 1982-1984=100;https://fred.stlouisfed.org/graph/fredgraph.csv?id=CPIAUCNS;2026-10-08
1954-01-01;1954;1;26.900;CPIAUCNS;Consumer Price Index for All Urban Consumers: All Items in U.S. City Average;not_seasonally_adjusted;Index 1982-1984=100;https://fred.stlouisfed.org/graph/fredgraph.csv?id=CPIAUCNS;2026-10-08
1954-02-01;1954;2;26.900;CPIAUCNS;Consumer Price Index for All Urban Consumers: All Items in U.S. City Average;not_seasonally_adjusted;Index 1982-1984=100;https://fred.stlouisfed.org/graph/fredgraph.csv?id=CPIAUCNS;2026-10-08
1954-03-01;1954;3;26.900;CPIAUCNS;Consumer Price Index for All Urban Consumers: All Items in U.S. City Average;not_seasonally_adjusted;Index 1982-1984=100;https://fred.stlouisfed.org/graph/fredgraph.csv?id=CPIAUCNS;2026-10-08
1954-04-01;1954;4;26.800;CPIAUCNS;Consumer Price Index for All Urban Consumers: All Items in U.S. City Average;not_seasonally_adjusted;Index 1982-1984=100;https://fred.stlouisfed.org/graph/fredgraph.csv?id=CPIAUCNS;2026-10-08
1954-05-01;1954;5;26.900;CPIAUCNS;Consumer Price Index for All Urban Consumers: All Items in U.S. City Average;not_seasonally_adjusted;Index 1982-1984=100;https://fred.stlouisfed.org/graph/fredgraph.csv?id=CPIAUCNS;2026-10-08
1954-06-01;1954;6;26.900;CPIAUCNS;Consumer Price Index for All Urban Consumers: All Items in U.S. City Average;not_seasonally_adjusted;Index 1982-1984=100;https://fred.stlouisfed.org/graph/fredgraph.csv?id=CPIAUCNS;2026-10-08
1954-07-01;1954;7;26.900;CPIAUCNS;Consumer Price Index for All Urban Consumers: All Items in U.S. City Average;not_seasonally_adjusted;Index 1982-1984=100;https://fred.stlouisfed.org/graph/fredgraph.csv?id=CPIAUCNS;2026-10-08
1954-08-01;1954;8;26.900;CPIAUCNS;Consumer Price Index for All Urban Consumers: All Items in U.S. City Average;not_seasonally_adjusted;Index 1982-1984=100;https://fred.stlouisfed.org/graph/fredgraph.csv?id=CPIAUCNS;2026-10-08
1954-09-01;1954;9;26.800;CPIAUCNS;Consumer Price Index for All Urban Consumers: All Items in U.S. City Average;not_seasonally_adjusted;Index 1982-1984=100;https://fred.stlouisfed.org/graph/fredgraph.csv?id=CPIAUCNS;2026-10-08
1954-10-01;1954;10;26.800;CPIAUCNS;Consumer Price Index for All Urban Consumers: All Items in U.S. City Average;not_seasonally_adjusted;Index 1982-1984=100;https://fred.stlouisfed.org/graph/fredgraph.csv?id=CPIAUCNS;2026-10-08
1954-11-01;1954;11;26.800;CPIAUCNS;Consumer Price Index for All Urban Consumers: All Items in U.S. City Average;not_seasonally_adjusted;Index 1982-1984=100;https://fred.stlouisfed.org/graph/fredgraph.csv?id=CPIAUCNS;2026-10-08
1954-12-01;1954;12;26.700;CPIAUCNS;Consumer Price Index for All Urban Consumers: All Items in U.S. City Average;not_seasonally_adjusted;Index 1982-1984=100;https://fred.stlouisfed.org/graph/fredgraph.csv?id=CPIAUCNS;2026-10-08
1955-01-01;1955;1;26.700;CPIAUCNS;Consumer Price Index for All Urban Consumers: All Items in U.S. City Average;not_seasonally_adjusted;Index 1982-1984=100;https://fred.stlouisfed.org/graph/fredgraph.csv?id=CPIAUCNS;2026-10-08
1955-02-01;1955;2;26.700;CPIAUCNS;Consumer Price Index for All Urban Consumers: All Items in U.S. City Average;not_seasonally_adjusted;Index 1982-1984=100;https://fred.stlouisfed.org/graph/fredgraph.csv?id=CPIAUCNS;2026-10-08
1955-03-01;1955;3;26.700;CPIAUCNS;Consumer Price Index for All Urban Consumers: All Items in U.S. City Average;not_seasonally_adjusted;Index 1982-1984=100;https://fred.stlouisfed.org/graph/fredgraph.csv?id=CPIAUCNS;2026-10-08
1955-04-01;1955;4;26.700;CPIAUCNS;Consumer Price Index for All Urban Consumers: All Items in U.S. City Average;not_seasonally_adjusted;Index 1982-1984=100;https://fred.stlouisfed.org/graph/fredgraph.csv?id=CPIAUCNS;2026-10-08
1955-05-01;1955;5;26.700;CPIAUCNS;Consumer Price Index for All Urban Consumers: All Items in U.S. City Average;not_seasonally_adjusted;Index 1982-1984=100;https://fred.stlouisfed.org/graph/fredgraph.csv?id=CPIAUCNS;2026-10-08
1955-06-01;1955;6;26.700;CPIAUCNS;Consumer Price Index for All Urban Consumers: All Items in U.S. City Average;not_seasonally_adjusted;Index 1982-1984=100;https://fred.stlouisfed.org/graph/fredgraph.csv?id=CPIAUCNS;2026-10-08
1955-07-01;1955;7;26.800;CPIAUCNS;Consumer Price Index for All Urban Consumers: All Items in U.S. City Average;not_seasonally_adjusted;Index 1982-1984=100;https://fred.stlouisfed.org/graph/fredgraph.csv?id=CPIAUCNS;2026-10-08
1955-08-01;1955;8;26.800;CPIAUCNS;Consumer Price Index for All Urban Consumers: All Items in U.S. City Average;not_seasonally_adjusted;Index 1982-1984=100;https://fred.stlouisfed.org/graph/fredgraph.csv?id=CPIAUCNS;2026-10-08
1955-09-01;1955;9;26.900;CPIAUCNS;Consumer Price Index for All Urban Consumers: All Items in U.S. City Average;not_seasonally_adjusted;Index 1982-1984=100;https://fred.stlouisfed.org/graph/fredgraph.csv?id=CPIAUCNS;2026-10-08
1955-10-01;1955;10;26.900;CPIAUCNS;Consumer Price Index for All Urban Consumers: All Items in U.S. City Average;not_seasonally_adjusted;Index 1982-1984=100;https://fred.stlouisfed.org/graph/fredgraph.csv?id=CPIAUCNS;2026-10-08
1955-11-01;1955;11;26.900;CPIAUCNS;Consumer Price Index for All Urban Consumers: All Items in U.S. City Average;not_seasonally_adjusted;Index 1982-1984=100;https://fred.stlouisfed.org/graph/fredgraph.csv?id=CPIAUCNS;2026-10-08
1955-12-01;1955;12;26.800;CPIAUCNS;Consumer Price Index for All Urban Consumers: All Items in U.S. City Average;not_seasonally_adjusted;Index 1982-1984=100;https://fred.stlouisfed.org/graph/fredgraph.csv?id=CPIAUCNS;2026-10-08
1956-01-01;1956;1;26.800;CPIAUCNS;Consumer Price Index for All Urban Consumers: All Items in U.S. City Average;not_seasonally_adjusted;Index 1982-1984=100;https://fred.stlouisfed.org/graph/fredgraph.csv?id=CPIAUCNS;2026-10-08
1956-02-01;1956;2;26.800;CPIAUCNS;Consumer Price Index for All Urban Consumers: All Items in U.S. City Average;not_seasonally_adjusted;Index 1982-1984=100;https://fred.stlouisfed.org/graph/fredgraph.csv?id=CPIAUCNS;2026-10-08
1956-03-01;1956;3;26.800;CPIAUCNS;Consumer Price Index for All Urban Consumers: All Items in U.S. City Average;not_seasonally_adjusted;Index 1982-1984=100;https://fred.stlouisfed.org/graph/fredgraph.csv?id=CPIAUCNS;2026-10-08
1956-04-01;1956;4;26.900;CPIAUCNS;Consumer Price Index for All Urban Consumers: All Items in U.S. City Average;not_seasonally_adjusted;Index 1982-1984=100;https://fred.stlouisfed.org/graph/fredgraph.csv?id=CPIAUCNS;2026-10-08
1956-05-01;1956;5;27.000;CPIAUCNS;Consumer Price Index for All Urban Consumers: All Items in U.S. City Average;not_seasonally_adjusted;Index 1982-1984=100;https://fred.stlouisfed.org/graph/fredgraph.csv?id=CPIAUCNS;2026-10-08
1956-06-01;1956;6;27.200;CPIAUCNS;Consumer Price Index for All Urban Consumers: All Items in U.S. City Average;not_seasonally_adjusted;Index 1982-1984=100;https://fred.stlouisfed.org/graph/fredgraph.csv?id=CPIAUCNS;2026-10-08
1956-07-01;1956;7;27.400;CPIAUCNS;Consumer Price Index for All Urban Consumers: All Items in U.S. City Average;not_seasonally_adjusted;Index 1982-1984=100;https://fred.stlouisfed.org/graph/fredgraph.csv?id=CPIAUCNS;2026-10-08
1956-08-01;1956;8;27.300;CPIAUCNS;Consumer Price Index for All Urban Consumers: All Items in U.S. City Average;not_seasonally_adjusted;Index 1982-1984=100;https://fred.stlouisfed.org/graph/fredgraph.csv?id=CPIAUCNS;2026-10-08
1956-09-01;1956;9;27.400;CPIAUCNS;Consumer Price Index for All Urban Consumers: All Items in U.S. City Average;not_seasonally_adjusted;Index 1982-1984=100;https://fred.stlouisfed.org/graph/fredgraph.csv?id=CPIAUCNS;2026-10-08
1956-10-01;1956;10;27.500;CPIAUCNS;Consumer Price Index for All Urban Consumers: All Items in U.S. City Average;not_seasonally_adjusted;Index 1982-1984=100;https://fred.stlouisfed.org/graph/fredgraph.csv?id=CPIAUCNS;2026-10-08
1956-11-01;1956;11;27.500;CPIAUCNS;Consumer Price Index for All Urban Consumers: All Items in U.S. City Average;not_seasonally_adjusted;Index 1982-1984=100;https://fred.stlouisfed.org/graph/fredgraph.csv?id=CPIAUCNS;2026-10-08
1956-12-01;1956;12;27.600;CPIAUCNS;Consumer Price Index for All Urban Consumers: All Items in U.S. City Average;not_seasonally_adjusted;Index 1982-1984=100;https://fred.stlouisfed.org/graph/fredgraph.csv?id=CPIAUCNS;2026-10-08
1957-01-01;1957;1;27.600;CPIAUCNS;Consumer Price Index for All Urban Consumers: All Items in U.S. City Average;not_seasonally_adjusted;Index 1982-1984=100;https://fred.stlouisfed.org/graph/fredgraph.csv?id=CPIAUCNS;2026-10-08
1957-02-01;1957;2;27.700;CPIAUCNS;Consumer Price Index for All Urban Consumers: All Items in U.S. City Average;not_seasonally_adjusted;Index 1982-1984=100;https://fred.stlouisfed.org/graph/fredgraph.csv?id=CPIAUCNS;2026-10-08
1957-03-01;1957;3;27.800;CPIAUCNS;Consumer Price Index for All Urban Consumers: All Items in U.S. City Average;not_seasonally_adjusted;Index 1982-1984=100;https://fred.stlouisfed.org/graph/fredgraph.csv?id=CPIAUCNS;2026-10-08
1957-04-01;1957;4;27.900;CPIAUCNS;Consumer Price Index for All Urban Consumers: All Items in U.S. City Average;not_seasonally_adjusted;Index 1982-1984=100;https://fred.stlouisfed.org/graph/fredgraph.csv?id=CPIAUCNS;2026-10-08
1957-05-01;1957;5;28.000;CPIAUCNS;Consumer Price Index for All Urban Consumers: All Items in U.S. City Average;not_seasonally_adjusted;Index 1982-1984=100;https://fred.stlouisfed.org/graph/fredgraph.csv?id=CPIAUCNS;2026-10-08
1957-06-01;1957;6;28.100;CPIAUCNS;Consumer Price Index for All Urban Consumers: All Items in U.S. City Average;not_seasonally_adjusted;Index 1982-1984=100;https://fred.stlouisfed.org/graph/fredgraph.csv?id=CPIAUCNS;2026-10-08
1957-07-01;1957;7;28.300;CPIAUCNS;Consumer Price Index for All Urban Consumers: All Items in U.S. City Average;not_seasonally_adjusted;Index 1982-1984=100;https://fred.stlouisfed.org/graph/fredgraph.csv?id=CPIAUCNS;2026-10-08
1957-08-01;1957;8;28.300;CPIAUCNS;Consumer Price Index for All Urban Consumers: All Items in U.S. City Average;not_seasonally_adjusted;Index 1982-1984=100;https://fred.stlouisfed.org/graph/fredgraph.csv?id=CPIAUCNS;2026-10-08
1957-09-01;1957;9;28.300;CPIAUCNS;Consumer Price Index for All Urban Consumers: All Items in U.S. City Average;not_seasonally_adjusted;Index 1982-1984=100;https://fred.stlouisfed.org/graph/fredgraph.csv?id=CPIAUCNS;2026-10-08
1957-10-01;1957;10;28.300;CPIAUCNS;Consumer Price Index for All Urban Consumers: All Items in U.S. City Average;not_seasonally_adjusted;Index 1982-1984=100;https://fred.stlouisfed.org/graph/fredgraph.csv?id=CPIAUCNS;2026-10-08
1957-11-01;1957;11;28.400;CPIAUCNS;Consumer Price Index for All Urban Consumers: All Items in U.S. City Average;not_seasonally_adjusted;Index 1982-1984=100;https://fred.stlouisfed.org/graph/fredgraph.csv?id=CPIAUCNS;2026-10-08
1957-12-01;1957;12;28.400;CPIAUCNS;Consumer Price Index for All Urban Consumers: All Items in U.S. City Average;not_seasonally_adjusted;Index 1982-1984=100;https://fred.stlouisfed.org/graph/fredgraph.csv?id=CPIAUCNS;2026-10-08
1958-01-01;1958;1;28.600;CPIAUCNS;Consumer Price Index for All Urban Consumers: All Items in U.S. City Average;not_seasonally_adjusted;Index 1982-1984=100;https://fred.stlouisfed.org/graph/fredgraph.csv?id=CPIAUCNS;2026-10-08
1958-02-01;1958;2;28.600;CPIAUCNS;Consumer Price Index for All Urban Consumers: All Items in U.S. City Average;not_seasonally_adjusted;Index 1982-1984=100;https://fred.stlouisfed.org/graph/fredgraph.csv?id=CPIAUCNS;2026-10-08
1958-03-01;1958;3;28.800;CPIAUCNS;Consumer Price Index for All Urban Consumers: All Items in U.S. City Average;not_seasonally_adjusted;Index 1982-1984=100;https://fred.stlouisfed.org/graph/fredgraph.csv?id=CPIAUCNS;2026-10-08
1958-04-01;1958;4;28.900;CPIAUCNS;Consumer Price Index for All Urban Consumers: All Items in U.S. City Average;not_seasonally_adjusted;Index 1982-1984=100;https://fred.stlouisfed.org/graph/fredgraph.csv?id=CPIAUCNS;2026-10-08
1958-05-01;1958;5;28.900;CPIAUCNS;Consumer Price Index for All Urban Consumers: All Items in U.S. City Average;not_seasonally_adjusted;Index 1982-1984=100;https://fred.stlouisfed.org/graph/fredgraph.csv?id=CPIAUCNS;2026-10-08
1958-06-01;1958;6;28.900;CPIAUCNS;Consumer Price Index for All Urban Consumers: All Items in U.S. City Average;not_seasonally_adjusted;Index 1982-1984=100;https://fred.stlouisfed.org/graph/fredgraph.csv?id=CPIAUCNS;2026-10-08
1958-07-01;1958;7;29.000;CPIAUCNS;Consumer Price Index for All Urban Consumers: All Items in U.S. City Average;not_seasonally_adjusted;Index 1982-1984=100;https://fred.stlouisfed.org/graph/fredgraph.csv?id=CPIAUCNS;2026-10-08
1958-08-01;1958;8;28.900;CPIAUCNS;Consumer Price Index for All Urban Consumers: All Items in U.S. City Average;not_seasonally_adjusted;Index 1982-1984=100;https://fred.stlouisfed.org/graph/fredgraph.csv?id=CPIAUCNS;2026-10-08
1958-09-01;1958;9;28.900;CPIAUCNS;Consumer Price Index for All Urban Consumers: All Items in U.S. City Average;not_seasonally_adjusted;Index 1982-1984=100;https://fred.stlouisfed.org/graph/fredgraph.csv?id=CPIAUCNS;2026-10-08
1958-10-01;1958;10;28.900;CPIAUCNS;Consumer Price Index for All Urban Consumers: All Items in U.S. City Average;not_seasonally_adjusted;Index 1982-1984=100;https://fred.stlouisfed.org/graph/fredgraph.csv?id=CPIAUCNS;2026-10-08
1958-11-01;1958;11;29.000;CPIAUCNS;Consumer Price Index for All Urban Consumers: All Items in U.S. City Average;not_seasonally_adjusted;Index 1982-1984=100;https://fred.stlouisfed.org/graph/fredgraph.csv?id=CPIAUCNS;2026-10-08
1958-12-01;1958;12;28.900;CPIAUCNS;Consumer Price Index for All Urban Consumers: All Items in U.S. City Average;not_seasonally_adjusted;Index 1982-1984=100;https://fred.stlouisfed.org/graph/fredgraph.csv?id=CPIAUCNS;2026-10-08
1959-01-01;1959;1;29.000;CPIAUCNS;Consumer Price Index for All Urban Consumers: All Items in U.S. City Average;not_seasonally_adjusted;Index 1982-1984=100;https://fred.stlouisfed.org/graph/fredgraph.csv?id=CPIAUCNS;2026-10-08
1959-02-01;1959;2;28.900;CPIAUCNS;Consumer Price Index for All Urban Consumers: All Items in U.S. City Average;not_seasonally_adjusted;Index 1982-1984=100;https://fred.stlouisfed.org/graph/fredgraph.csv?id=CPIAUCNS;2026-10-08
1959-03-01;1959;3;28.900;CPIAUCNS;Consumer Price Index for All Urban Consumers: All Items in U.S. City Average;not_seasonally_adjusted;Index 1982-1984=100;https://fred.stlouisfed.org/graph/fredgraph.csv?id=CPIAUCNS;2026-10-08
1959-04-01;1959;4;29.000;CPIAUCNS;Consumer Price Index for All Urban Consumers: All Items in U.S. City Average;not_seasonally_adjusted;Index 1982-1984=100;https://fred.stlouisfed.org/graph/fredgraph.csv?id=CPIAUCNS;2026-10-08
1959-05-01;1959;5;29.000;CPIAUCNS;Consumer Price Index for All Urban Consumers: All Items in U.S. City Average;not_seasonally_adjusted;Index 1982-1984=100;https://fred.stlouisfed.org/graph/fredgraph.csv?id=CPIAUCNS;2026-10-08
1959-06-01;1959;6;29.100;CPIAUCNS;Consumer Price Index for All Urban Consumers: All Items in U.S. City Average;not_seasonally_adjusted;Index 1982-1984=100;https://fred.stlouisfed.org/graph/fredgraph.csv?id=CPIAUCNS;2026-10-08
1959-07-01;1959;7;29.200;CPIAUCNS;Consumer Price Index for All Urban Consumers: All Items in U.S. City Average;not_seasonally_adjusted;Index 1982-1984=100;https://fred.stlouisfed.org/graph/fredgraph.csv?id=CPIAUCNS;2026-10-08
1959-08-01;1959;8;29.200;CPIAUCNS;Consumer Price Index for All Urban Consumers: All Items in U.S. City Average;not_seasonally_adjusted;Index 1982-1984=100;https://fred.stlouisfed.org/graph/fredgraph.csv?id=CPIAUCNS;2026-10-08
1959-09-01;1959;9;29.300;CPIAUCNS;Consumer Price Index for All Urban Consumers: All Items in U.S. City Average;not_seasonally_adjusted;Index 1982-1984=100;https://fred.stlouisfed.org/graph/fredgraph.csv?id=CPIAUCNS;2026-10-08
1959-10-01;1959;10;29.400;CPIAUCNS;Consumer Price Index for All Urban Consumers: All Items in U.S. City Average;not_seasonally_adjusted;Index 1982-1984=100;https://fred.stlouisfed.org/graph/fredgraph.csv?id=CPIAUCNS;2026-10-08
1959-11-01;1959;11;29.400;CPIAUCNS;Consumer Price Index for All Urban Consumers: All Items in U.S. City Average;not_seasonally_adjusted;Index 1982-1984=100;https://fred.stlouisfed.org/graph/fredgraph.csv?id=CPIAUCNS;2026-10-08
1959-12-01;1959;12;29.400;CPIAUCNS;Consumer Price Index for All Urban Consumers: All Items in U.S. City Average;not_seasonally_adjusted;Index 1982-1984=100;https://fred.stlouisfed.org/graph/fredgraph.csv?id=CPIAUCNS;2026-10-08
1960-01-01;1960;1;29.300;CPIAUCNS;Consumer Price Index for All Urban Consumers: All Items in U.S. City Average;not_seasonally_adjusted;Index 1982-1984=100;https://fred.stlouisfed.org/graph/fredgraph.csv?id=CPIAUCNS;2026-10-08
1960-02-01;1960;2;29.400;CPIAUCNS;Consumer Price Index for All Urban Consumers: All Items in U.S. City Average;not_seasonally_adjusted;Index 1982-1984=100;https://fred.stlouisfed.org/graph/fredgraph.csv?id=CPIAUCNS;2026-10-08
1960-03-01;1960;3;29.400;CPIAUCNS;Consumer Price Index for All Urban Consumers: All Items in U.S. City Average;not_seasonally_adjusted;Index 1982-1984=100;https://fred.stlouisfed.org/graph/fredgraph.csv?id=CPIAUCNS;2026-10-08
1960-04-01;1960;4;29.500;CPIAUCNS;Consumer Price Index for All Urban Consumers: All Items in U.S. City Average;not_seasonally_adjusted;Index 1982-1984=100;https://fred.stlouisfed.org/graph/fredgraph.csv?id=CPIAUCNS;2026-10-08
1960-05-01;1960;5;29.500;CPIAUCNS;Consumer Price Index for All Urban Consumers: All Items in U.S. City Average;not_seasonally_adjusted;Index 1982-1984=100;https://fred.stlouisfed.org/graph/fredgraph.csv?id=CPIAUCNS;2026-10-08
1960-06-01;1960;6;29.600;CPIAUCNS;Consumer Price Index for All Urban Consumers: All Items in U.S. City Average;not_seasonally_adjusted;Index 1982-1984=100;https://fred.stlouisfed.org/graph/fredgraph.csv?id=CPIAUCNS;2026-10-08
1960-07-01;1960;7;29.600;CPIAUCNS;Consumer Price Index for All Urban Consumers: All Items in U.S. City Average;not_seasonally_adjusted;Index 1982-1984=100;https://fred.stlouisfed.org/graph/fredgraph.csv?id=CPIAUCNS;2026-10-08
1960-08-01;1960;8;29.600;CPIAUCNS;Consumer Price Index for All Urban Consumers: All Items in U.S. City Average;not_seasonally_adjusted;Index 1982-1984=100;https://fred.stlouisfed.org/graph/fredgraph.csv?id=CPIAUCNS;2026-10-08
1960-09-01;1960;9;29.600;CPIAUCNS;Consumer Price Index for All Urban Consumers: All Items in U.S. City Average;not_seasonally_adjusted;Index 1982-1984=100;https://fred.stlouisfed.org/graph/fredgraph.csv?id=CPIAUCNS;2026-10-08
1960-10-01;1960;10;29.800;CPIAUCNS;Consumer Price Index for All Urban Consumers: All Items in U.S. City Average;not_seasonally_adjusted;Index 1982-1984=100;https://fred.stlouisfed.org/graph/fredgraph.csv?id=CPIAUCNS;2026-10-08
1960-11-01;1960;11;29.800;CPIAUCNS;Consumer Price Index for All Urban Consumers: All Items in U.S. City Average;not_seasonally_adjusted;Index 1982-1984=100;https://fred.stlouisfed.org/graph/fredgraph.csv?id=CPIAUCNS;2026-10-08
1960-12-01;1960;12;29.800;CPIAUCNS;Consumer Price Index for All Urban Consumers: All Items in U.S. City Average;not_seasonally_adjusted;Index 1982-1984=100;https://fred.stlouisfed.org/graph/fredgraph.csv?id=CPIAUCNS;2026-10-08
1961-01-01;1961;1;29.800;CPIAUCNS;Consumer Price Index for All Urban Consumers: All Items in U.S. City Average;not_seasonally_adjusted;Index 1982-1984=100;https://fred.stlouisfed.org/graph/fredgraph.csv?id=CPIAUCNS;2026-10-08
1961-02-01;1961;2;29.800;CPIAUCNS;Consumer Price Index for All Urban Consumers: All Items in U.S. City Average;not_seasonally_adjusted;Index 1982-1984=100;https://fred.stlouisfed.org/graph/fredgraph.csv?id=CPIAUCNS;2026-10-08
1961-03-01;1961;3;29.800;CPIAUCNS;Consumer Price Index for All Urban Consumers: All Items in U.S. City Average;not_seasonally_adjusted;Index 1982-1984=100;https://fred.stlouisfed.org/graph/fredgraph.csv?id=CPIAUCNS;2026-10-08
1961-04-01;1961;4;29.800;CPIAUCNS;Consumer Price Index for All Urban Consumers: All Items in U.S. City Average;not_seasonally_adjusted;Index 1982-1984=100;https://fred.stlouisfed.org/graph/fredgraph.csv?id=CPIAUCNS;2026-10-08
1961-05-01;1961;5;29.800;CPIAUCNS;Consumer Price Index for All Urban Consumers: All Items in U.S. City Average;not_seasonally_adjusted;Index 1982-1984=100;https://fred.stlouisfed.org/graph/fredgraph.csv?id=CPIAUCNS;2026-10-08
1961-06-01;1961;6;29.800;CPIAUCNS;Consumer Price Index for All Urban Consumers: All Items in U.S. City Average;not_seasonally_adjusted;Index 1982-1984=100;https://fred.stlouisfed.org/graph/fredgraph.csv?id=CPIAUCNS;2026-10-08
1961-07-01;1961;7;30.000;CPIAUCNS;Consumer Price Index for All Urban Consumers: All Items in U.S. City Average;not_seasonally_adjusted;Index 1982-1984=100;https://fred.stlouisfed.org/graph/fredgraph.csv?id=CPIAUCNS;2026-10-08
1961-08-01;1961;8;29.900;CPIAUCNS;Consumer Price Index for All Urban Consumers: All Items in U.S. City Average;not_seasonally_adjusted;Index 1982-1984=100;https://fred.stlouisfed.org/graph/fredgraph.csv?id=CPIAUCNS;2026-10-08
1961-09-01;1961;9;30.000;CPIAUCNS;Consumer Price Index for All Urban Consumers: All Items in U.S. City Average;not_seasonally_adjusted;Index 1982-1984=100;https://fred.stlouisfed.org/graph/fredgraph.csv?id=CPIAUCNS;2026-10-08
1961-10-01;1961;10;30.000;CPIAUCNS;Consumer Price Index for All Urban Consumers: All Items in U.S. City Average;not_seasonally_adjusted;Index 1982-1984=100;https://fred.stlouisfed.org/graph/fredgraph.csv?id=CPIAUCNS;2026-10-08
1961-11-01;1961;11;30.000;CPIAUCNS;Consumer Price Index for All Urban Consumers: All Items in U.S. City Average;not_seasonally_adjusted;Index 1982-1984=100;https://fred.stlouisfed.org/graph/fredgraph.csv?id=CPIAUCNS;2026-10-08
1961-12-01;1961;12;30.000;CPIAUCNS;Consumer Price Index for All Urban Consumers: All Items in U.S. City Average;not_seasonally_adjusted;Index 1982-1984=100;https://fred.stlouisfed.org/graph/fredgraph.csv?id=CPIAUCNS;2026-10-08
1962-01-01;1962;1;30.000;CPIAUCNS;Consumer Price Index for All Urban Consumers: All Items in U.S. City Average;not_seasonally_adjusted;Index 1982-1984=100;https://fred.stlouisfed.org/graph/fredgraph.csv?id=CPIAUCNS;2026-10-08
1962-02-01;1962;2;30.100;CPIAUCNS;Consumer Price Index for All Urban Consumers: All Items in U.S. City Average;not_seasonally_adjusted;Index 1982-1984=100;https://fred.stlouisfed.org/graph/fredgraph.csv?id=CPIAUCNS;2026-10-08
1962-03-01;1962;3;30.100;CPIAUCNS;Consumer Price Index for All Urban Consumers: All Items in U.S. City Average;not_seasonally_adjusted;Index 1982-1984=100;https://fred.stlouisfed.org/graph/fredgraph.csv?id=CPIAUCNS;2026-10-08
1962-04-01;1962;4;30.200;CPIAUCNS;Consumer Price Index for All Urban Consumers: All Items in U.S. City Average;not_seasonally_adjusted;Index 1982-1984=100;https://fred.stlouisfed.org/graph/fredgraph.csv?id=CPIAUCNS;2026-10-08
1962-05-01;1962;5;30.200;CPIAUCNS;Consumer Price Index for All Urban Consumers: All Items in U.S. City Average;not_seasonally_adjusted;Index 1982-1984=100;https://fred.stlouisfed.org/graph/fredgraph.csv?id=CPIAUCNS;2026-10-08
1962-06-01;1962;6;30.200;CPIAUCNS;Consumer Price Index for All Urban Consumers: All Items in U.S. City Average;not_seasonally_adjusted;Index 1982-1984=100;https://fred.stlouisfed.org/graph/fredgraph.csv?id=CPIAUCNS;2026-10-08
1962-07-01;1962;7;30.300;CPIAUCNS;Consumer Price Index for All Urban Consumers: All Items in U.S. City Average;not_seasonally_adjusted;Index 1982-1984=100;https://fred.stlouisfed.org/graph/fredgraph.csv?id=CPIAUCNS;2026-10-08
1962-08-01;1962;8;30.300;CPIAUCNS;Consumer Price Index for All Urban Consumers: All Items in U.S. City Average;not_seasonally_adjusted;Index 1982-1984=100;https://fred.stlouisfed.org/graph/fredgraph.csv?id=CPIAUCNS;2026-10-08
1962-09-01;1962;9;30.400;CPIAUCNS;Consumer Price Index for All Urban Consumers: All Items in U.S. City Average;not_seasonally_adjusted;Index 1982-1984=100;https://fred.stlouisfed.org/graph/fredgraph.csv?id=CPIAUCNS;2026-10-08
1962-10-01;1962;10;30.400;CPIAUCNS;Consumer Price Index for All Urban Consumers: All Items in U.S. City Average;not_seasonally_adjusted;Index 1982-1984=100;https://fred.stlouisfed.org/graph/fredgraph.csv?id=CPIAUCNS;2026-10-08
1962-11-01;1962;11;30.400;CPIAUCNS;Consumer Price Index for All Urban Consumers: All Items in U.S. City Average;not_seasonally_adjusted;Index 1982-1984=100;https://fred.stlouisfed.org/graph/fredgraph.csv?id=CPIAUCNS;2026-10-08
1962-12-01;1962;12;30.400;CPIAUCNS;Consumer Price Index for All Urban Consumers: All Items in U.S. City Average;not_seasonally_adjusted;Index 1982-1984=100;https://fred.stlouisfed.org/graph/fredgraph.csv?id=CPIAUCNS;2026-10-08
1963-01-01;1963;1;30.400;CPIAUCNS;Consumer Price Index for All Urban Consumers: All Items in U.S. City Average;not_seasonally_adjusted;Index 1982-1984=100;https://fred.stlouisfed.org/graph/fredgraph.csv?id=CPIAUCNS;2026-10-08
1963-02-01;1963;2;30.400;CPIAUCNS;Consumer Price Index for All Urban Consumers: All Items in U.S. City Average;not_seasonally_adjusted;Index 1982-1984=100;https://fred.stlouisfed.org/graph/fredgraph.csv?id=CPIAUCNS;2026-10-08
1963-03-01;1963;3;30.500;CPIAUCNS;Consumer Price Index for All Urban Consumers: All Items in U.S. City Average;not_seasonally_adjusted;Index 1982-1984=100;https://fred.stlouisfed.org/graph/fredgraph.csv?id=CPIAUCNS;2026-10-08
1963-04-01;1963;4;30.500;CPIAUCNS;Consumer Price Index for All Urban Consumers: All Items in U.S. City Average;not_seasonally_adjusted;Index 1982-1984=100;https://fred.stlouisfed.org/graph/fredgraph.csv?id=CPIAUCNS;2026-10-08
1963-05-01;1963;5;30.500;CPIAUCNS;Consumer Price Index for All Urban Consumers: All Items in U.S. City Average;not_seasonally_adjusted;Index 1982-1984=100;https://fred.stlouisfed.org/graph/fredgraph.csv?id=CPIAUCNS;2026-10-08
1963-06-01;1963;6;30.600;CPIAUCNS;Consumer Price Index for All Urban Consumers: All Items in U.S. City Average;not_seasonally_adjusted;Index 1982-1984=100;https://fred.stlouisfed.org/graph/fredgraph.csv?id=CPIAUCNS;2026-10-08
1963-07-01;1963;7;30.700;CPIAUCNS;Consumer Price Index for All Urban Consumers: All Items in U.S. City Average;not_seasonally_adjusted;Index 1982-1984=100;https://fred.stlouisfed.org/graph/fredgraph.csv?id=CPIAUCNS;2026-10-08
1963-08-01;1963;8;30.700;CPIAUCNS;Consumer Price Index for All Urban Consumers: All Items in U.S. City Average;not_seasonally_adjusted;Index 1982-1984=100;https://fred.stlouisfed.org/graph/fredgraph.csv?id=CPIAUCNS;2026-10-08
1963-09-01;1963;9;30.700;CPIAUCNS;Consumer Price Index for All Urban Consumers: All Items in U.S. City Average;not_seasonally_adjusted;Index 1982-1984=100;https://fred.stlouisfed.org/graph/fredgraph.csv?id=CPIAUCNS;2026-10-08
1963-10-01;1963;10;30.800;CPIAUCNS;Consumer Price Index for All Urban Consumers: All Items in U.S. City Average;not_seasonally_adjusted;Index 1982-1984=100;https://fred.stlouisfed.org/graph/fredgraph.csv?id=CPIAUCNS;2026-10-08
1963-11-01;1963;11;30.800;CPIAUCNS;Consumer Price Index for All Urban Consumers: All Items in U.S. City Average;not_seasonally_adjusted;Index 1982-1984=100;https://fred.stlouisfed.org/graph/fredgraph.csv?id=CPIAUCNS;2026-10-08
1963-12-01;1963;12;30.900;CPIAUCNS;Consumer Price Index for All Urban Consumers: All Items in U.S. City Average;not_seasonally_adjusted;Index 1982-1984=100;https://fred.stlouisfed.org/graph/fredgraph.csv?id=CPIAUCNS;2026-10-08
1964-01-01;1964;1;30.900;CPIAUCNS;Consumer Price Index for All Urban Consumers: All Items in U.S. City Average;not_seasonally_adjusted;Index 1982-1984=100;https://fred.stlouisfed.org/graph/fredgraph.csv?id=CPIAUCNS;2026-10-08
1964-02-01;1964;2;30.900;CPIAUCNS;Consumer Price Index for All Urban Consumers: All Items in U.S. City Average;not_seasonally_adjusted;Index 1982-1984=100;https://fred.stlouisfed.org/graph/fredgraph.csv?id=CPIAUCNS;2026-10-08
1964-03-01;1964;3;30.900;CPIAUCNS;Consumer Price Index for All Urban Consumers: All Items in U.S. City Average;not_seasonally_adjusted;Index 1982-1984=100;https://fred.stlouisfed.org/graph/fredgraph.csv?id=CPIAUCNS;2026-10-08
1964-04-01;1964;4;30.900;CPIAUCNS;Consumer Price Index for All Urban Consumers: All Items in U.S. City Average;not_seasonally_adjusted;Index 1982-1984=100;https://fred.stlouisfed.org/graph/fredgraph.csv?id=CPIAUCNS;2026-10-08
1964-05-01;1964;5;30.900;CPIAUCNS;Consumer Price Index for All Urban Consumers: All Items in U.S. City Average;not_seasonally_adjusted;Index 1982-1984=100;https://fred.stlouisfed.org/graph/fredgraph.csv?id=CPIAUCNS;2026-10-08
1964-06-01;1964;6;31.000;CPIAUCNS;Consumer Price Index for All Urban Consumers: All Items in U.S. City Average;not_seasonally_adjusted;Index 1982-1984=100;https://fred.stlouisfed.org/graph/fredgraph.csv?id=CPIAUCNS;2026-10-08
1964-07-01;1964;7;31.100;CPIAUCNS;Consumer Price Index for All Urban Consumers: All Items in U.S. City Average;not_seasonally_adjusted;Index 1982-1984=100;https://fred.stlouisfed.org/graph/fredgraph.csv?id=CPIAUCNS;2026-10-08
1964-08-01;1964;8;31.000;CPIAUCNS;Consumer Price Index for All Urban Consumers: All Items in U.S. City Average;not_seasonally_adjusted;Index 1982-1984=100;https://fred.stlouisfed.org/graph/fredgraph.csv?id=CPIAUCNS;2026-10-08
1964-09-01;1964;9;31.100;CPIAUCNS;Consumer Price Index for All Urban Consumers: All Items in U.S. City Average;not_seasonally_adjusted;Index 1982-1984=100;https://fred.stlouisfed.org/graph/fredgraph.csv?id=CPIAUCNS;2026-10-08
1964-10-01;1964;10;31.100;CPIAUCNS;Consumer Price Index for All Urban Consumers: All Items in U.S. City Average;not_seasonally_adjusted;Index 1982-1984=100;https://fred.stlouisfed.org/graph/fredgraph.csv?id=CPIAUCNS;2026-10-08
1964-11-01;1964;11;31.200;CPIAUCNS;Consumer Price Index for All Urban Consumers: All Items in U.S. City Average;not_seasonally_adjusted;Index 1982-1984=100;https://fred.stlouisfed.org/graph/fredgraph.csv?id=CPIAUCNS;2026-10-08
1964-12-01;1964;12;31.200;CPIAUCNS;Consumer Price Index for All Urban Consumers: All Items in U.S. City Average;not_seasonally_adjusted;Index 1982-1984=100;https://fred.stlouisfed.org/graph/fredgraph.csv?id=CPIAUCNS;2026-10-08
1965-01-01;1965;1;31.200;CPIAUCNS;Consumer Price Index for All Urban Consumers: All Items in U.S. City Average;not_seasonally_adjusted;Index 1982-1984=100;https://fred.stlouisfed.org/graph/fredgraph.csv?id=CPIAUCNS;2026-10-08
1965-02-01;1965;2;31.200;CPIAUCNS;Consumer Price Index for All Urban Consumers: All Items in U.S. City Average;not_seasonally_adjusted;Index 1982-1984=100;https://fred.stlouisfed.org/graph/fredgraph.csv?id=CPIAUCNS;2026-10-08
1965-03-01;1965;3;31.300;CPIAUCNS;Consumer Price Index for All Urban Consumers: All Items in U.S. City Average;not_seasonally_adjusted;Index 1982-1984=100;https://fred.stlouisfed.org/graph/fredgraph.csv?id=CPIAUCNS;2026-10-08
1965-04-01;1965;4;31.400;CPIAUCNS;Consumer Price Index for All Urban Consumers: All Items in U.S. City Average;not_seasonally_adjusted;Index 1982-1984=100;https://fred.stlouisfed.org/graph/fredgraph.csv?id=CPIAUCNS;2026-10-08
1965-05-01;1965;5;31.400;CPIAUCNS;Consumer Price Index for All Urban Consumers: All Items in U.S. City Average;not_seasonally_adjusted;Index 1982-1984=100;https://fred.stlouisfed.org/graph/fredgraph.csv?id=CPIAUCNS;2026-10-08
1965-06-01;1965;6;31.600;CPIAUCNS;Consumer Price Index for All Urban Consumers: All Items in U.S. City Average;not_seasonally_adjusted;Index 1982-1984=100;https://fred.stlouisfed.org/graph/fredgraph.csv?id=CPIAUCNS;2026-10-08
1965-07-01;1965;7;31.600;CPIAUCNS;Consumer Price Index for All Urban Consumers: All Items in U.S. City Average;not_seasonally_adjusted;Index 1982-1984=100;https://fred.stlouisfed.org/graph/fredgraph.csv?id=CPIAUCNS;2026-10-08
1965-08-01;1965;8;31.600;CPIAUCNS;Consumer Price Index for All Urban Consumers: All Items in U.S. City Average;not_seasonally_adjusted;Index 1982-1984=100;https://fred.stlouisfed.org/graph/fredgraph.csv?id=CPIAUCNS;2026-10-08
1965-09-01;1965;9;31.600;CPIAUCNS;Consumer Price Index for All Urban Consumers: All Items in U.S. City Average;not_seasonally_adjusted;Index 1982-1984=100;https://fred.stlouisfed.org/graph/fredgraph.csv?id=CPIAUCNS;2026-10-08
1965-10-01;1965;10;31.700;CPIAUCNS;Consumer Price Index for All Urban Consumers: All Items in U.S. City Average;not_seasonally_adjusted;Index 1982-1984=100;https://fred.stlouisfed.org/graph/fredgraph.csv?id=CPIAUCNS;2026-10-08
1965-11-01;1965;11;31.700;CPIAUCNS;Consumer Price Index for All Urban Consumers: All Items in U.S. City Average;not_seasonally_adjusted;Index 1982-1984=100;https://fred.stlouisfed.org/graph/fredgraph.csv?id=CPIAUCNS;2026-10-08
1965-12-01;1965;12;31.800;CPIAUCNS;Consumer Price Index for All Urban Consumers: All Items in U.S. City Average;not_seasonally_adjusted;Index 1982-1984=100;https://fred.stlouisfed.org/graph/fredgraph.csv?id=CPIAUCNS;2026-10-08
1966-01-01;1966;1;31.800;CPIAUCNS;Consumer Price Index for All Urban Consumers: All Items in U.S. City Average;not_seasonally_adjusted;Index 1982-1984=100;https://fred.stlouisfed.org/graph/fredgraph.csv?id=CPIAUCNS;2026-10-08
1966-02-01;1966;2;32.000;CPIAUCNS;Consumer Price Index for All Urban Consumers: All Items in U.S. City Average;not_seasonally_adjusted;Index 1982-1984=100;https://fred.stlouisfed.org/graph/fredgraph.csv?id=CPIAUCNS;2026-10-08
1966-03-01;1966;3;32.100;CPIAUCNS;Consumer Price Index for All Urban Consumers: All Items in U.S. City Average;not_seasonally_adjusted;Index 1982-1984=100;https://fred.stlouisfed.org/graph/fredgraph.csv?id=CPIAUCNS;2026-10-08
1966-04-01;1966;4;32.300;CPIAUCNS;Consumer Price Index for All Urban Consumers: All Items in U.S. City Average;not_seasonally_adjusted;Index 1982-1984=100;https://fred.stlouisfed.org/graph/fredgraph.csv?id=CPIAUCNS;2026-10-08
1966-05-01;1966;5;32.300;CPIAUCNS;Consumer Price Index for All Urban Consumers: All Items in U.S. City Average;not_seasonally_adjusted;Index 1982-1984=100;https://fred.stlouisfed.org/graph/fredgraph.csv?id=CPIAUCNS;2026-10-08
1966-06-01;1966;6;32.400;CPIAUCNS;Consumer Price Index for All Urban Consumers: All Items in U.S. City Average;not_seasonally_adjusted;Index 1982-1984=100;https://fred.stlouisfed.org/graph/fredgraph.csv?id=CPIAUCNS;2026-10-08
1966-07-01;1966;7;32.500;CPIAUCNS;Consumer Price Index for All Urban Consumers: All Items in U.S. City Average;not_seasonally_adjusted;Index 1982-1984=100;https://fred.stlouisfed.org/graph/fredgraph.csv?id=CPIAUCNS;2026-10-08
1966-08-01;1966;8;32.700;CPIAUCNS;Consumer Price Index for All Urban Consumers: All Items in U.S. City Average;not_seasonally_adjusted;Index 1982-1984=100;https://fred.stlouisfed.org/graph/fredgraph.csv?id=CPIAUCNS;2026-10-08
1966-09-01;1966;9;32.700;CPIAUCNS;Consumer Price Index for All Urban Consumers: All Items in U.S. City Average;not_seasonally_adjusted;Index 1982-1984=100;https://fred.stlouisfed.org/graph/fredgraph.csv?id=CPIAUCNS;2026-10-08
1966-10-01;1966;10;32.900;CPIAUCNS;Consumer Price Index for All Urban Consumers: All Items in U.S. City Average;not_seasonally_adjusted;Index 1982-1984=100;https://fred.stlouisfed.org/graph/fredgraph.csv?id=CPIAUCNS;2026-10-08
1966-11-01;1966;11;32.900;CPIAUCNS;Consumer Price Index for All Urban Consumers: All Items in U.S. City Average;not_seasonally_adjusted;Index 1982-1984=100;https://fred.stlouisfed.org/graph/fredgraph.csv?id=CPIAUCNS;2026-10-08
1966-12-01;1966;12;32.900;CPIAUCNS;Consumer Price Index for All Urban Consumers: All Items in U.S. City Average;not_seasonally_adjusted;Index 1982-1984=100;https://fred.stlouisfed.org/graph/fredgraph.csv?id=CPIAUCNS;2026-10-08
1967-01-01;1967;1;32.900;CPIAUCNS;Consumer Price Index for All Urban Consumers: All Items in U.S. City Average;not_seasonally_adjusted;Index 1982-1984=100;https://fred.stlouisfed.org/graph/fredgraph.csv?id=CPIAUCNS;2026-10-08
1967-02-01;1967;2;32.900;CPIAUCNS;Consumer Price Index for All Urban Consumers: All Items in U.S. City Average;not_seasonally_adjusted;Index 1982-1984=100;https://fred.stlouisfed.org/graph/fredgraph.csv?id=CPIAUCNS;2026-10-08
1967-03-01;1967;3;33.000;CPIAUCNS;Consumer Price Index for All Urban Consumers: All Items in U.S. City Average;not_seasonally_adjusted;Index 1982-1984=100;https://fred.stlouisfed.org/graph/fredgraph.csv?id=CPIAUCNS;2026-10-08
1967-04-01;1967;4;33.100;CPIAUCNS;Consumer Price Index for All Urban Consumers: All Items in U.S. City Average;not_seasonally_adjusted;Index 1982-1984=100;https://fred.stlouisfed.org/graph/fredgraph.csv?id=CPIAUCNS;2026-10-08
1967-05-01;1967;5;33.200;CPIAUCNS;Consumer Price Index for All Urban Consumers: All Items in U.S. City Average;not_seasonally_adjusted;Index 1982-1984=100;https://fred.stlouisfed.org/graph/fredgraph.csv?id=CPIAUCNS;2026-10-08
1967-06-01;1967;6;33.300;CPIAUCNS;Consumer Price Index for All Urban Consumers: All Items in U.S. City Average;not_seasonally_adjusted;Index 1982-1984=100;https://fred.stlouisfed.org/graph/fredgraph.csv?id=CPIAUCNS;2026-10-08
1967-07-01;1967;7;33.400;CPIAUCNS;Consumer Price Index for All Urban Consumers: All Items in U.S. City Average;not_seasonally_adjusted;Index 1982-1984=100;https://fred.stlouisfed.org/graph/fredgraph.csv?id=CPIAUCNS;2026-10-08
1967-08-01;1967;8;33.500;CPIAUCNS;Consumer Price Index for All Urban Consumers: All Items in U.S. City Average;not_seasonally_adjusted;Index 1982-1984=100;https://fred.stlouisfed.org/graph/fredgraph.csv?id=CPIAUCNS;2026-10-08
1967-09-01;1967;9;33.600;CPIAUCNS;Consumer Price Index for All Urban Consumers: All Items in U.S. City Average;not_seasonally_adjusted;Index 1982-1984=100;https://fred.stlouisfed.org/graph/fredgraph.csv?id=CPIAUCNS;2026-10-08
1967-10-01;1967;10;33.700;CPIAUCNS;Consumer Price Index for All Urban Consumers: All Items in U.S. City Average;not_seasonally_adjusted;Index 1982-1984=100;https://fred.stlouisfed.org/graph/fredgraph.csv?id=CPIAUCNS;2026-10-08
1967-11-01;1967;11;33.800;CPIAUCNS;Consumer Price Index for All Urban Consumers: All Items in U.S. City Average;not_seasonally_adjusted;Index 1982-1984=100;https://fred.stlouisfed.org/graph/fredgraph.csv?id=CPIAUCNS;2026-10-08
1967-12-01;1967;12;33.900;CPIAUCNS;Consumer Price Index for All Urban Consumers: All Items in U.S. City Average;not_seasonally_adjusted;Index 1982-1984=100;https://fred.stlouisfed.org/graph/fredgraph.csv?id=CPIAUCNS;2026-10-08
1968-01-01;1968;1;34.100;CPIAUCNS;Consumer Price Index for All Urban Consumers: All Items in U.S. City Average;not_seasonally_adjusted;Index 1982-1984=100;https://fred.stlouisfed.org/graph/fredgraph.csv?id=CPIAUCNS;2026-10-08
1968-02-01;1968;2;34.200;CPIAUCNS;Consumer Price Index for All Urban Consumers: All Items in U.S. City Average;not_seasonally_adjusted;Index 1982-1984=100;https://fred.stlouisfed.org/graph/fredgraph.csv?id=CPIAUCNS;2026-10-08
1968-03-01;1968;3;34.300;CPIAUCNS;Consumer Price Index for All Urban Consumers: All Items in U.S. City Average;not_seasonally_adjusted;Index 1982-1984=100;https://fred.stlouisfed.org/graph/fredgraph.csv?id=CPIAUCNS;2026-10-08
1968-04-01;1968;4;34.400;CPIAUCNS;Consumer Price Index for All Urban Consumers: All Items in U.S. City Average;not_seasonally_adjusted;Index 1982-1984=100;https://fred.stlouisfed.org/graph/fredgraph.csv?id=CPIAUCNS;2026-10-08
1968-05-01;1968;5;34.500;CPIAUCNS;Consumer Price Index for All Urban Consumers: All Items in U.S. City Average;not_seasonally_adjusted;Index 1982-1984=100;https://fred.stlouisfed.org/graph/fredgraph.csv?id=CPIAUCNS;2026-10-08
1968-06-01;1968;6;34.700;CPIAUCNS;Consumer Price Index for All Urban Consumers: All Items in U.S. City Average;not_seasonally_adjusted;Index 1982-1984=100;https://fred.stlouisfed.org/graph/fredgraph.csv?id=CPIAUCNS;2026-10-08
1968-07-01;1968;7;34.900;CPIAUCNS;Consumer Price Index for All Urban Consumers: All Items in U.S. City Average;not_seasonally_adjusted;Index 1982-1984=100;https://fred.stlouisfed.org/graph/fredgraph.csv?id=CPIAUCNS;2026-10-08
1968-08-01;1968;8;35.000;CPIAUCNS;Consumer Price Index for All Urban Consumers: All Items in U.S. City Average;not_seasonally_adjusted;Index 1982-1984=100;https://fred.stlouisfed.org/graph/fredgraph.csv?id=CPIAUCNS;2026-10-08
1968-09-01;1968;9;35.100;CPIAUCNS;Consumer Price Index for All Urban Consumers: All Items in U.S. City Average;not_seasonally_adjusted;Index 1982-1984=100;https://fred.stlouisfed.org/graph/fredgraph.csv?id=CPIAUCNS;2026-10-08
1968-10-01;1968;10;35.300;CPIAUCNS;Consumer Price Index for All Urban Consumers: All Items in U.S. City Average;not_seasonally_adjusted;Index 1982-1984=100;https://fred.stlouisfed.org/graph/fredgraph.csv?id=CPIAUCNS;2026-10-08
1968-11-01;1968;11;35.400;CPIAUCNS;Consumer Price Index for All Urban Consumers: All Items in U.S. City Average;not_seasonally_adjusted;Index 1982-1984=100;https://fred.stlouisfed.org/graph/fredgraph.csv?id=CPIAUCNS;2026-10-08
1968-12-01;1968;12;35.500;CPIAUCNS;Consumer Price Index for All Urban Consumers: All Items in U.S. City Average;not_seasonally_adjusted;Index 1982-1984=100;https://fred.stlouisfed.org/graph/fredgraph.csv?id=CPIAUCNS;2026-10-08
1969-01-01;1969;1;35.600;CPIAUCNS;Consumer Price Index for All Urban Consumers: All Items in U.S. City Average;not_seasonally_adjusted;Index 1982-1984=100;https://fred.stlouisfed.org/graph/fredgraph.csv?id=CPIAUCNS;2026-10-08
1969-02-01;1969;2;35.800;CPIAUCNS;Consumer Price Index for All Urban Consumers: All Items in U.S. City Average;not_seasonally_adjusted;Index 1982-1984=100;https://fred.stlouisfed.org/graph/fredgraph.csv?id=CPIAUCNS;2026-10-08
1969-03-01;1969;3;36.100;CPIAUCNS;Consumer Price Index for All Urban Consumers: All Items in U.S. City Average;not_seasonally_adjusted;Index 1982-1984=100;https://fred.stlouisfed.org/graph/fredgraph.csv?id=CPIAUCNS;2026-10-08
1969-04-01;1969;4;36.300;CPIAUCNS;Consumer Price Index for All Urban Consumers: All Items in U.S. City Average;not_seasonally_adjusted;Index 1982-1984=100;https://fred.stlouisfed.org/graph/fredgraph.csv?id=CPIAUCNS;2026-10-08
1969-05-01;1969;5;36.400;CPIAUCNS;Consumer Price Index for All Urban Consumers: All Items in U.S. City Average;not_seasonally_adjusted;Index 1982-1984=100;https://fred.stlouisfed.org/graph/fredgraph.csv?id=CPIAUCNS;2026-10-08
1969-06-01;1969;6;36.600;CPIAUCNS;Consumer Price Index for All Urban Consumers: All Items in U.S. City Average;not_seasonally_adjusted;Index 1982-1984=100;https://fred.stlouisfed.org/graph/fredgraph.csv?id=CPIAUCNS;2026-10-08
1969-07-01;1969;7;36.800;CPIAUCNS;Consumer Price Index for All Urban Consumers: All Items in U.S. City Average;not_seasonally_adjusted;Index 1982-1984=100;https://fred.stlouisfed.org/graph/fredgraph.csv?id=CPIAUCNS;2026-10-08
1969-08-01;1969;8;37.000;CPIAUCNS;Consumer Price Index for All Urban Consumers: All Items in U.S. City Average;not_seasonally_adjusted;Index 1982-1984=100;https://fred.stlouisfed.org/graph/fredgraph.csv?id=CPIAUCNS;2026-10-08
1969-09-01;1969;9;37.100;CPIAUCNS;Consumer Price Index for All Urban Consumers: All Items in U.S. City Average;not_seasonally_adjusted;Index 1982-1984=100;https://fred.stlouisfed.org/graph/fredgraph.csv?id=CPIAUCNS;2026-10-08
1969-10-01;1969;10;37.300;CPIAUCNS;Consumer Price Index for All Urban Consumers: All Items in U.S. City Average;not_seasonally_adjusted;Index 1982-1984=100;https://fred.stlouisfed.org/graph/fredgraph.csv?id=CPIAUCNS;2026-10-08
1969-11-01;1969;11;37.500;CPIAUCNS;Consumer Price Index for All Urban Consumers: All Items in U.S. City Average;not_seasonally_adjusted;Index 1982-1984=100;https://fred.stlouisfed.org/graph/fredgraph.csv?id=CPIAUCNS;2026-10-08
1969-12-01;1969;12;37.700;CPIAUCNS;Consumer Price Index for All Urban Consumers: All Items in U.S. City Average;not_seasonally_adjusted;Index 1982-1984=100;https://fred.stlouisfed.org/graph/fredgraph.csv?id=CPIAUCNS;2026-10-08
1970-01-01;1970;1;37.800;CPIAUCNS;Consumer Price Index for All Urban Consumers: All Items in U.S. City Average;not_seasonally_adjusted;Index 1982-1984=100;https://fred.stlouisfed.org/graph/fredgraph.csv?id=CPIAUCNS;2026-10-08
1970-02-01;1970;2;38.000;CPIAUCNS;Consumer Price Index for All Urban Consumers: All Items in U.S. City Average;not_seasonally_adjusted;Index 1982-1984=100;https://fred.stlouisfed.org/graph/fredgraph.csv?id=CPIAUCNS;2026-10-08
1970-03-01;1970;3;38.200;CPIAUCNS;Consumer Price Index for All Urban Consumers: All Items in U.S. City Average;not_seasonally_adjusted;Index 1982-1984=100;https://fred.stlouisfed.org/graph/fredgraph.csv?id=CPIAUCNS;2026-10-08
1970-04-01;1970;4;38.500;CPIAUCNS;Consumer Price Index for All Urban Consumers: All Items in U.S. City Average;not_seasonally_adjusted;Index 1982-1984=100;https://fred.stlouisfed.org/graph/fredgraph.csv?id=CPIAUCNS;2026-10-08
1970-05-01;1970;5;38.600;CPIAUCNS;Consumer Price Index for All Urban Consumers: All Items in U.S. City Average;not_seasonally_adjusted;Index 1982-1984=100;https://fred.stlouisfed.org/graph/fredgraph.csv?id=CPIAUCNS;2026-10-08
1970-06-01;1970;6;38.800;CPIAUCNS;Consumer Price Index for All Urban Consumers: All Items in U.S. City Average;not_seasonally_adjusted;Index 1982-1984=100;https://fred.stlouisfed.org/graph/fredgraph.csv?id=CPIAUCNS;2026-10-08
1970-07-01;1970;7;39.000;CPIAUCNS;Consumer Price Index for All Urban Consumers: All Items in U.S. City Average;not_seasonally_adjusted;Index 1982-1984=100;https://fred.stlouisfed.org/graph/fredgraph.csv?id=CPIAUCNS;2026-10-08
1970-08-01;1970;8;39.000;CPIAUCNS;Consumer Price Index for All Urban Consumers: All Items in U.S. City Average;not_seasonally_adjusted;Index 1982-1984=100;https://fred.stlouisfed.org/graph/fredgraph.csv?id=CPIAUCNS;2026-10-08
1970-09-01;1970;9;39.200;CPIAUCNS;Consumer Price Index for All Urban Consumers: All Items in U.S. City Average;not_seasonally_adjusted;Index 1982-1984=100;https://fred.stlouisfed.org/graph/fredgraph.csv?id=CPIAUCNS;2026-10-08
1970-10-01;1970;10;39.400;CPIAUCNS;Consumer Price Index for All Urban Consumers: All Items in U.S. City Average;not_seasonally_adjusted;Index 1982-1984=100;https://fred.stlouisfed.org/graph/fredgraph.csv?id=CPIAUCNS;2026-10-08
1970-11-01;1970;11;39.600;CPIAUCNS;Consumer Price Index for All Urban Consumers: All Items in U.S. City Average;not_seasonally_adjusted;Index 1982-1984=100;https://fred.stlouisfed.org/graph/fredgraph.csv?id=CPIAUCNS;2026-10-08
1970-12-01;1970;12;39.800;CPIAUCNS;Consumer Price Index for All Urban Consumers: All Items in U.S. City Average;not_seasonally_adjusted;Index 1982-1984=100;https://fred.stlouisfed.org/graph/fredgraph.csv?id=CPIAUCNS;2026-10-08
1971-01-01;1971;1;39.800;CPIAUCNS;Consumer Price Index for All Urban Consumers: All Items in U.S. City Average;not_seasonally_adjusted;Index 1982-1984=100;https://fred.stlouisfed.org/graph/fredgraph.csv?id=CPIAUCNS;2026-10-08
1971-02-01;1971;2;39.900;CPIAUCNS;Consumer Price Index for All Urban Consumers: All Items in U.S. City Average;not_seasonally_adjusted;Index 1982-1984=100;https://fred.stlouisfed.org/graph/fredgraph.csv?id=CPIAUCNS;2026-10-08
1971-03-01;1971;3;40.000;CPIAUCNS;Consumer Price Index for All Urban Consumers: All Items in U.S. City Average;not_seasonally_adjusted;Index 1982-1984=100;https://fred.stlouisfed.org/graph/fredgraph.csv?id=CPIAUCNS;2026-10-08
1971-04-01;1971;4;40.100;CPIAUCNS;Consumer Price Index for All Urban Consumers: All Items in U.S. City Average;not_seasonally_adjusted;Index 1982-1984=100;https://fred.stlouisfed.org/graph/fredgraph.csv?id=CPIAUCNS;2026-10-08
1971-05-01;1971;5;40.300;CPIAUCNS;Consumer Price Index for All Urban Consumers: All Items in U.S. City Average;not_seasonally_adjusted;Index 1982-1984=100;https://fred.stlouisfed.org/graph/fredgraph.csv?id=CPIAUCNS;2026-10-08
1971-06-01;1971;6;40.600;CPIAUCNS;Consumer Price Index for All Urban Consumers: All Items in U.S. City Average;not_seasonally_adjusted;Index 1982-1984=100;https://fred.stlouisfed.org/graph/fredgraph.csv?id=CPIAUCNS;2026-10-08
1971-07-01;1971;7;40.700;CPIAUCNS;Consumer Price Index for All Urban Consumers: All Items in U.S. City Average;not_seasonally_adjusted;Index 1982-1984=100;https://fred.stlouisfed.org/graph/fredgraph.csv?id=CPIAUCNS;2026-10-08
1971-08-01;1971;8;40.800;CPIAUCNS;Consumer Price Index for All Urban Consumers: All Items in U.S. City Average;not_seasonally_adjusted;Index 1982-1984=100;https://fred.stlouisfed.org/graph/fredgraph.csv?id=CPIAUCNS;2026-10-08
1971-09-01;1971;9;40.800;CPIAUCNS;Consumer Price Index for All Urban Consumers: All Items in U.S. City Average;not_seasonally_adjusted;Index 1982-1984=100;https://fred.stlouisfed.org/graph/fredgraph.csv?id=CPIAUCNS;2026-10-08
1971-10-01;1971;10;40.900;CPIAUCNS;Consumer Price Index for All Urban Consumers: All Items in U.S. City Average;not_seasonally_adjusted;Index 1982-1984=100;https://fred.stlouisfed.org/graph/fredgraph.csv?id=CPIAUCNS;2026-10-08
1971-11-01;1971;11;40.900;CPIAUCNS;Consumer Price Index for All Urban Consumers: All Items in U.S. City Average;not_seasonally_adjusted;Index 1982-1984=100;https://fred.stlouisfed.org/graph/fredgraph.csv?id=CPIAUCNS;2026-10-08
1971-12-01;1971;12;41.100;CPIAUCNS;Consumer Price Index for All Urban Consumers: All Items in U.S. City Average;not_seasonally_adjusted;Index 1982-1984=100;https://fred.stlouisfed.org/graph/fredgraph.csv?id=CPIAUCNS;2026-10-08
1972-01-01;1972;1;41.100;CPIAUCNS;Consumer Price Index for All Urban Consumers: All Items in U.S. City Average;not_seasonally_adjusted;Index 1982-1984=100;https://fred.stlouisfed.org/graph/fredgraph.csv?id=CPIAUCNS;2026-10-08
1972-02-01;1972;2;41.300;CPIAUCNS;Consumer Price Index for All Urban Consumers: All Items in U.S. City Average;not_seasonally_adjusted;Index 1982-1984=100;https://fred.stlouisfed.org/graph/fredgraph.csv?id=CPIAUCNS;2026-10-08
1972-03-01;1972;3;41.400;CPIAUCNS;Consumer Price Index for All Urban Consumers: All Items in U.S. City Average;not_seasonally_adjusted;Index 1982-1984=100;https://fred.stlouisfed.org/graph/fredgraph.csv?id=CPIAUCNS;2026-10-08
1972-04-01;1972;4;41.500;CPIAUCNS;Consumer Price Index for All Urban Consumers: All Items in U.S. City Average;not_seasonally_adjusted;Index 1982-1984=100;https://fred.stlouisfed.org/graph/fredgraph.csv?id=CPIAUCNS;2026-10-08
1972-05-01;1972;5;41.600;CPIAUCNS;Consumer Price Index for All Urban Consumers: All Items in U.S. City Average;not_seasonally_adjusted;Index 1982-1984=100;https://fred.stlouisfed.org/graph/fredgraph.csv?id=CPIAUCNS;2026-10-08
1972-06-01;1972;6;41.700;CPIAUCNS;Consumer Price Index for All Urban Consumers: All Items in U.S. City Average;not_seasonally_adjusted;Index 1982-1984=100;https://fred.stlouisfed.org/graph/fredgraph.csv?id=CPIAUCNS;2026-10-08
1972-07-01;1972;7;41.900;CPIAUCNS;Consumer Price Index for All Urban Consumers: All Items in U.S. City Average;not_seasonally_adjusted;Index 1982-1984=100;https://fred.stlouisfed.org/graph/fredgraph.csv?id=CPIAUCNS;2026-10-08
1972-08-01;1972;8;42.000;CPIAUCNS;Consumer Price Index for All Urban Consumers: All Items in U.S. City Average;not_seasonally_adjusted;Index 1982-1984=100;https://fred.stlouisfed.org/graph/fredgraph.csv?id=CPIAUCNS;2026-10-08
1972-09-01;1972;9;42.100;CPIAUCNS;Consumer Price Index for All Urban Consumers: All Items in U.S. City Average;not_seasonally_adjusted;Index 1982-1984=100;https://fred.stlouisfed.org/graph/fredgraph.csv?id=CPIAUCNS;2026-10-08
1972-10-01;1972;10;42.300;CPIAUCNS;Consumer Price Index for All Urban Consumers: All Items in U.S. City Average;not_seasonally_adjusted;Index 1982-1984=100;https://fred.stlouisfed.org/graph/fredgraph.csv?id=CPIAUCNS;2026-10-08
1972-11-01;1972;11;42.400;CPIAUCNS;Consumer Price Index for All Urban Consumers: All Items in U.S. City Average;not_seasonally_adjusted;Index 1982-1984=100;https://fred.stlouisfed.org/graph/fredgraph.csv?id=CPIAUCNS;2026-10-08
1972-12-01;1972;12;42.500;CPIAUCNS;Consumer Price Index for All Urban Consumers: All Items in U.S. City Average;not_seasonally_adjusted;Index 1982-1984=100;https://fred.stlouisfed.org/graph/fredgraph.csv?id=CPIAUCNS;2026-10-08
1973-01-01;1973;1;42.600;CPIAUCNS;Consumer Price Index for All Urban Consumers: All Items in U.S. City Average;not_seasonally_adjusted;Index 1982-1984=100;https://fred.stlouisfed.org/graph/fredgraph.csv?id=CPIAUCNS;2026-10-08
1973-02-01;1973;2;42.900;CPIAUCNS;Consumer Price Index for All Urban Consumers: All Items in U.S. City Average;not_seasonally_adjusted;Index 1982-1984=100;https://fred.stlouisfed.org/graph/fredgraph.csv?id=CPIAUCNS;2026-10-08
1973-03-01;1973;3;43.300;CPIAUCNS;Consumer Price Index for All Urban Consumers: All Items in U.S. City Average;not_seasonally_adjusted;Index 1982-1984=100;https://fred.stlouisfed.org/graph/fredgraph.csv?id=CPIAUCNS;2026-10-08
1973-04-01;1973;4;43.600;CPIAUCNS;Consumer Price Index for All Urban Consumers: All Items in U.S. City Average;not_seasonally_adjusted;Index 1982-1984=100;https://fred.stlouisfed.org/graph/fredgraph.csv?id=CPIAUCNS;2026-10-08
1973-05-01;1973;5;43.900;CPIAUCNS;Consumer Price Index for All Urban Consumers: All Items in U.S. City Average;not_seasonally_adjusted;Index 1982-1984=100;https://fred.stlouisfed.org/graph/fredgraph.csv?id=CPIAUCNS;2026-10-08
1973-06-01;1973;6;44.200;CPIAUCNS;Consumer Price Index for All Urban Consumers: All Items in U.S. City Average;not_seasonally_adjusted;Index 1982-1984=100;https://fred.stlouisfed.org/graph/fredgraph.csv?id=CPIAUCNS;2026-10-08
1973-07-01;1973;7;44.300;CPIAUCNS;Consumer Price Index for All Urban Consumers: All Items in U.S. City Average;not_seasonally_adjusted;Index 1982-1984=100;https://fred.stlouisfed.org/graph/fredgraph.csv?id=CPIAUCNS;2026-10-08
1973-08-01;1973;8;45.100;CPIAUCNS;Consumer Price Index for All Urban Consumers: All Items in U.S. City Average;not_seasonally_adjusted;Index 1982-1984=100;https://fred.stlouisfed.org/graph/fredgraph.csv?id=CPIAUCNS;2026-10-08
1973-09-01;1973;9;45.200;CPIAUCNS;Consumer Price Index for All Urban Consumers: All Items in U.S. City Average;not_seasonally_adjusted;Index 1982-1984=100;https://fred.stlouisfed.org/graph/fredgraph.csv?id=CPIAUCNS;2026-10-08
1973-10-01;1973;10;45.600;CPIAUCNS;Consumer Price Index for All Urban Consumers: All Items in U.S. City Average;not_seasonally_adjusted;Index 1982-1984=100;https://fred.stlouisfed.org/graph/fredgraph.csv?id=CPIAUCNS;2026-10-08
1973-11-01;1973;11;45.900;CPIAUCNS;Consumer Price Index for All Urban Consumers: All Items in U.S. City Average;not_seasonally_adjusted;Index 1982-1984=100;https://fred.stlouisfed.org/graph/fredgraph.csv?id=CPIAUCNS;2026-10-08
1973-12-01;1973;12;46.200;CPIAUCNS;Consumer Price Index for All Urban Consumers: All Items in U.S. City Average;not_seasonally_adjusted;Index 1982-1984=100;https://fred.stlouisfed.org/graph/fredgraph.csv?id=CPIAUCNS;2026-10-08
1974-01-01;1974;1;46.600;CPIAUCNS;Consumer Price Index for All Urban Consumers: All Items in U.S. City Average;not_seasonally_adjusted;Index 1982-1984=100;https://fred.stlouisfed.org/graph/fredgraph.csv?id=CPIAUCNS;2026-10-08
1974-02-01;1974;2;47.200;CPIAUCNS;Consumer Price Index for All Urban Consumers: All Items in U.S. City Average;not_seasonally_adjusted;Index 1982-1984=100;https://fred.stlouisfed.org/graph/fredgraph.csv?id=CPIAUCNS;2026-10-08
1974-03-01;1974;3;47.800;CPIAUCNS;Consumer Price Index for All Urban Consumers: All Items in U.S. City Average;not_seasonally_adjusted;Index 1982-1984=100;https://fred.stlouisfed.org/graph/fredgraph.csv?id=CPIAUCNS;2026-10-08
1974-04-01;1974;4;48.000;CPIAUCNS;Consumer Price Index for All Urban Consumers: All Items in U.S. City Average;not_seasonally_adjusted;Index 1982-1984=100;https://fred.stlouisfed.org/graph/fredgraph.csv?id=CPIAUCNS;2026-10-08
1974-05-01;1974;5;48.600;CPIAUCNS;Consumer Price Index for All Urban Consumers: All Items in U.S. City Average;not_seasonally_adjusted;Index 1982-1984=100;https://fred.stlouisfed.org/graph/fredgraph.csv?id=CPIAUCNS;2026-10-08
1974-06-01;1974;6;49.000;CPIAUCNS;Consumer Price Index for All Urban Consumers: All Items in U.S. City Average;not_seasonally_adjusted;Index 1982-1984=100;https://fred.stlouisfed.org/graph/fredgraph.csv?id=CPIAUCNS;2026-10-08
1974-07-01;1974;7;49.400;CPIAUCNS;Consumer Price Index for All Urban Consumers: All Items in U.S. City Average;not_seasonally_adjusted;Index 1982-1984=100;https://fred.stlouisfed.org/graph/fredgraph.csv?id=CPIAUCNS;2026-10-08
1974-08-01;1974;8;50.000;CPIAUCNS;Consumer Price Index for All Urban Consumers: All Items in U.S. City Average;not_seasonally_adjusted;Index 1982-1984=100;https://fred.stlouisfed.org/graph/fredgraph.csv?id=CPIAUCNS;2026-10-08
1974-09-01;1974;9;50.600;CPIAUCNS;Consumer Price Index for All Urban Consumers: All Items in U.S. City Average;not_seasonally_adjusted;Index 1982-1984=100;https://fred.stlouisfed.org/graph/fredgraph.csv?id=CPIAUCNS;2026-10-08
1974-10-01;1974;10;51.100;CPIAUCNS;Consumer Price Index for All Urban Consumers: All Items in U.S. City Average;not_seasonally_adjusted;Index 1982-1984=100;https://fred.stlouisfed.org/graph/fredgraph.csv?id=CPIAUCNS;2026-10-08
1974-11-01;1974;11;51.500;CPIAUCNS;Consumer Price Index for All Urban Consumers: All Items in U.S. City Average;not_seasonally_adjusted;Index 1982-1984=100;https://fred.stlouisfed.org/graph/fredgraph.csv?id=CPIAUCNS;2026-10-08
1974-12-01;1974;12;51.900;CPIAUCNS;Consumer Price Index for All Urban Consumers: All Items in U.S. City Average;not_seasonally_adjusted;Index 1982-1984=100;https://fred.stlouisfed.org/graph/fredgraph.csv?id=CPIAUCNS;2026-10-08
1975-01-01;1975;1;52.100;CPIAUCNS;Consumer Price Index for All Urban Consumers: All Items in U.S. City Average;not_seasonally_adjusted;Index 1982-1984=100;https://fred.stlouisfed.org/graph/fredgraph.csv?id=CPIAUCNS;2026-10-08
1975-02-01;1975;2;52.500;CPIAUCNS;Consumer Price Index for All Urban Consumers: All Items in U.S. City Average;not_seasonally_adjusted;Index 1982-1984=100;https://fred.stlouisfed.org/graph/fredgraph.csv?id=CPIAUCNS;2026-10-08
1975-03-01;1975;3;52.700;CPIAUCNS;Consumer Price Index for All Urban Consumers: All Items in U.S. City Average;not_seasonally_adjusted;Index 1982-1984=100;https://fred.stlouisfed.org/graph/fredgraph.csv?id=CPIAUCNS;2026-10-08
1975-04-01;1975;4;52.900;CPIAUCNS;Consumer Price Index for All Urban Consumers: All Items in U.S. City Average;not_seasonally_adjusted;Index 1982-1984=100;https://fred.stlouisfed.org/graph/fredgraph.csv?id=CPIAUCNS;2026-10-08
1975-05-01;1975;5;53.200;CPIAUCNS;Consumer Price Index for All Urban Consumers: All Items in U.S. City Average;not_seasonally_adjusted;Index 1982-1984=100;https://fred.stlouisfed.org/graph/fredgraph.csv?id=CPIAUCNS;2026-10-08
1975-06-01;1975;6;53.600;CPIAUCNS;Consumer Price Index for All Urban Consumers: All Items in U.S. City Average;not_seasonally_adjusted;Index 1982-1984=100;https://fred.stlouisfed.org/graph/fredgraph.csv?id=CPIAUCNS;2026-10-08
1975-07-01;1975;7;54.200;CPIAUCNS;Consumer Price Index for All Urban Consumers: All Items in U.S. City Average;not_seasonally_adjusted;Index 1982-1984=100;https://fred.stlouisfed.org/graph/fredgraph.csv?id=CPIAUCNS;2026-10-08
1975-08-01;1975;8;54.300;CPIAUCNS;Consumer Price Index for All Urban Consumers: All Items in U.S. City Average;not_seasonally_adjusted;Index 1982-1984=100;https://fred.stlouisfed.org/graph/fredgraph.csv?id=CPIAUCNS;2026-10-08
1975-09-01;1975;9;54.600;CPIAUCNS;Consumer Price Index for All Urban Consumers: All Items in U.S. City Average;not_seasonally_adjusted;Index 1982-1984=100;https://fred.stlouisfed.org/graph/fredgraph.csv?id=CPIAUCNS;2026-10-08
1975-10-01;1975;10;54.900;CPIAUCNS;Consumer Price Index for All Urban Consumers: All Items in U.S. City Average;not_seasonally_adjusted;Index 1982-1984=100;https://fred.stlouisfed.org/graph/fredgraph.csv?id=CPIAUCNS;2026-10-08
1975-11-01;1975;11;55.300;CPIAUCNS;Consumer Price Index for All Urban Consumers: All Items in U.S. City Average;not_seasonally_adjusted;Index 1982-1984=100;https://fred.stlouisfed.org/graph/fredgraph.csv?id=CPIAUCNS;2026-10-08
1975-12-01;1975;12;55.500;CPIAUCNS;Consumer Price Index for All Urban Consumers: All Items in U.S. City Average;not_seasonally_adjusted;Index 1982-1984=100;https://fred.stlouisfed.org/graph/fredgraph.csv?id=CPIAUCNS;2026-10-08
1976-01-01;1976;1;55.600;CPIAUCNS;Consumer Price Index for All Urban Consumers: All Items in U.S. City Average;not_seasonally_adjusted;Index 1982-1984=100;https://fred.stlouisfed.org/graph/fredgraph.csv?id=CPIAUCNS;2026-10-08
1976-02-01;1976;2;55.800;CPIAUCNS;Consumer Price Index for All Urban Consumers: All Items in U.S. City Average;not_seasonally_adjusted;Index 1982-1984=100;https://fred.stlouisfed.org/graph/fredgraph.csv?id=CPIAUCNS;2026-10-08
1976-03-01;1976;3;55.900;CPIAUCNS;Consumer Price Index for All Urban Consumers: All Items in U.S. City Average;not_seasonally_adjusted;Index 1982-1984=100;https://fred.stlouisfed.org/graph/fredgraph.csv?id=CPIAUCNS;2026-10-08
1976-04-01;1976;4;56.100;CPIAUCNS;Consumer Price Index for All Urban Consumers: All Items in U.S. City Average;not_seasonally_adjusted;Index 1982-1984=100;https://fred.stlouisfed.org/graph/fredgraph.csv?id=CPIAUCNS;2026-10-08
1976-05-01;1976;5;56.500;CPIAUCNS;Consumer Price Index for All Urban Consumers: All Items in U.S. City Average;not_seasonally_adjusted;Index 1982-1984=100;https://fred.stlouisfed.org/graph/fredgraph.csv?id=CPIAUCNS;2026-10-08
1976-06-01;1976;6;56.800;CPIAUCNS;Consumer Price Index for All Urban Consumers: All Items in U.S. City Average;not_seasonally_adjusted;Index 1982-1984=100;https://fred.stlouisfed.org/graph/fredgraph.csv?id=CPIAUCNS;2026-10-08
1976-07-01;1976;7;57.100;CPIAUCNS;Consumer Price Index for All Urban Consumers: All Items in U.S. City Average;not_seasonally_adjusted;Index 1982-1984=100;https://fred.stlouisfed.org/graph/fredgraph.csv?id=CPIAUCNS;2026-10-08
1976-08-01;1976;8;57.400;CPIAUCNS;Consumer Price Index for All Urban Consumers: All Items in U.S. City Average;not_seasonally_adjusted;Index 1982-1984=100;https://fred.stlouisfed.org/graph/fredgraph.csv?id=CPIAUCNS;2026-10-08
1976-09-01;1976;9;57.600;CPIAUCNS;Consumer Price Index for All Urban Consumers: All Items in U.S. City Average;not_seasonally_adjusted;Index 1982-1984=100;https://fred.stlouisfed.org/graph/fredgraph.csv?id=CPIAUCNS;2026-10-08
1976-10-01;1976;10;57.900;CPIAUCNS;Consumer Price Index for All Urban Consumers: All Items in U.S. City Average;not_seasonally_adjusted;Index 1982-1984=100;https://fred.stlouisfed.org/graph/fredgraph.csv?id=CPIAUCNS;2026-10-08
1976-11-01;1976;11;58.000;CPIAUCNS;Consumer Price Index for All Urban Consumers: All Items in U.S. City Average;not_seasonally_adjusted;Index 1982-1984=100;https://fred.stlouisfed.org/graph/fredgraph.csv?id=CPIAUCNS;2026-10-08
1976-12-01;1976;12;58.200;CPIAUCNS;Consumer Price Index for All Urban Consumers: All Items in U.S. City Average;not_seasonally_adjusted;Index 1982-1984=100;https://fred.stlouisfed.org/graph/fredgraph.csv?id=CPIAUCNS;2026-10-08
1977-01-01;1977;1;58.500;CPIAUCNS;Consumer Price Index for All Urban Consumers: All Items in U.S. City Average;not_seasonally_adjusted;Index 1982-1984=100;https://fred.stlouisfed.org/graph/fredgraph.csv?id=CPIAUCNS;2026-10-08
1977-02-01;1977;2;59.100;CPIAUCNS;Consumer Price Index for All Urban Consumers: All Items in U.S. City Average;not_seasonally_adjusted;Index 1982-1984=100;https://fred.stlouisfed.org/graph/fredgraph.csv?id=CPIAUCNS;2026-10-08
1977-03-01;1977;3;59.500;CPIAUCNS;Consumer Price Index for All Urban Consumers: All Items in U.S. City Average;not_seasonally_adjusted;Index 1982-1984=100;https://fred.stlouisfed.org/graph/fredgraph.csv?id=CPIAUCNS;2026-10-08
1977-04-01;1977;4;60.000;CPIAUCNS;Consumer Price Index for All Urban Consumers: All Items in U.S. City Average;not_seasonally_adjusted;Index 1982-1984=100;https://fred.stlouisfed.org/graph/fredgraph.csv?id=CPIAUCNS;2026-10-08
1977-05-01;1977;5;60.300;CPIAUCNS;Consumer Price Index for All Urban Consumers: All Items in U.S. City Average;not_seasonally_adjusted;Index 1982-1984=100;https://fred.stlouisfed.org/graph/fredgraph.csv?id=CPIAUCNS;2026-10-08
1977-06-01;1977;6;60.700;CPIAUCNS;Consumer Price Index for All Urban Consumers: All Items in U.S. City Average;not_seasonally_adjusted;Index 1982-1984=100;https://fred.stlouisfed.org/graph/fredgraph.csv?id=CPIAUCNS;2026-10-08
1977-07-01;1977;7;61.000;CPIAUCNS;Consumer Price Index for All Urban Consumers: All Items in U.S. City Average;not_seasonally_adjusted;Index 1982-1984=100;https://fred.stlouisfed.org/graph/fredgraph.csv?id=CPIAUCNS;2026-10-08
1977-08-01;1977;8;61.200;CPIAUCNS;Consumer Price Index for All Urban Consumers: All Items in U.S. City Average;not_seasonally_adjusted;Index 1982-1984=100;https://fred.stlouisfed.org/graph/fredgraph.csv?id=CPIAUCNS;2026-10-08
1977-09-01;1977;9;61.400;CPIAUCNS;Consumer Price Index for All Urban Consumers: All Items in U.S. City Average;not_seasonally_adjusted;Index 1982-1984=100;https://fred.stlouisfed.org/graph/fredgraph.csv?id=CPIAUCNS;2026-10-08
1977-10-01;1977;10;61.600;CPIAUCNS;Consumer Price Index for All Urban Consumers: All Items in U.S. City Average;not_seasonally_adjusted;Index 1982-1984=100;https://fred.stlouisfed.org/graph/fredgraph.csv?id=CPIAUCNS;2026-10-08
1977-11-01;1977;11;61.900;CPIAUCNS;Consumer Price Index for All Urban Consumers: All Items in U.S. City Average;not_seasonally_adjusted;Index 1982-1984=100;https://fred.stlouisfed.org/graph/fredgraph.csv?id=CPIAUCNS;2026-10-08
1977-12-01;1977;12;62.100;CPIAUCNS;Consumer Price Index for All Urban Consumers: All Items in U.S. City Average;not_seasonally_adjusted;Index 1982-1984=100;https://fred.stlouisfed.org/graph/fredgraph.csv?id=CPIAUCNS;2026-10-08
1978-01-01;1978;1;62.500;CPIAUCNS;Consumer Price Index for All Urban Consumers: All Items in U.S. City Average;not_seasonally_adjusted;Index 1982-1984=100;https://fred.stlouisfed.org/graph/fredgraph.csv?id=CPIAUCNS;2026-10-08
1978-02-01;1978;2;62.900;CPIAUCNS;Consumer Price Index for All Urban Consumers: All Items in U.S. City Average;not_seasonally_adjusted;Index 1982-1984=100;https://fred.stlouisfed.org/graph/fredgraph.csv?id=CPIAUCNS;2026-10-08
1978-03-01;1978;3;63.400;CPIAUCNS;Consumer Price Index for All Urban Consumers: All Items in U.S. City Average;not_seasonally_adjusted;Index 1982-1984=100;https://fred.stlouisfed.org/graph/fredgraph.csv?id=CPIAUCNS;2026-10-08
1978-04-01;1978;4;63.900;CPIAUCNS;Consumer Price Index for All Urban Consumers: All Items in U.S. City Average;not_seasonally_adjusted;Index 1982-1984=100;https://fred.stlouisfed.org/graph/fredgraph.csv?id=CPIAUCNS;2026-10-08
1978-05-01;1978;5;64.500;CPIAUCNS;Consumer Price Index for All Urban Consumers: All Items in U.S. City Average;not_seasonally_adjusted;Index 1982-1984=100;https://fred.stlouisfed.org/graph/fredgraph.csv?id=CPIAUCNS;2026-10-08
1978-06-01;1978;6;65.200;CPIAUCNS;Consumer Price Index for All Urban Consumers: All Items in U.S. City Average;not_seasonally_adjusted;Index 1982-1984=100;https://fred.stlouisfed.org/graph/fredgraph.csv?id=CPIAUCNS;2026-10-08
1978-07-01;1978;7;65.700;CPIAUCNS;Consumer Price Index for All Urban Consumers: All Items in U.S. City Average;not_seasonally_adjusted;Index 1982-1984=100;https://fred.stlouisfed.org/graph/fredgraph.csv?id=CPIAUCNS;2026-10-08
1978-08-01;1978;8;66.000;CPIAUCNS;Consumer Price Index for All Urban Consumers: All Items in U.S. City Average;not_seasonally_adjusted;Index 1982-1984=100;https://fred.stlouisfed.org/graph/fredgraph.csv?id=CPIAUCNS;2026-10-08
1978-09-01;1978;9;66.500;CPIAUCNS;Consumer Price Index for All Urban Consumers: All Items in U.S. City Average;not_seasonally_adjusted;Index 1982-1984=100;https://fred.stlouisfed.org/graph/fredgraph.csv?id=CPIAUCNS;2026-10-08
1978-10-01;1978;10;67.100;CPIAUCNS;Consumer Price Index for All Urban Consumers: All Items in U.S. City Average;not_seasonally_adjusted;Index 1982-1984=100;https://fred.stlouisfed.org/graph/fredgraph.csv?id=CPIAUCNS;2026-10-08
1978-11-01;1978;11;67.400;CPIAUCNS;Consumer Price Index for All Urban Consumers: All Items in U.S. City Average;not_seasonally_adjusted;Index 1982-1984=100;https://fred.stlouisfed.org/graph/fredgraph.csv?id=CPIAUCNS;2026-10-08
1978-12-01;1978;12;67.700;CPIAUCNS;Consumer Price Index for All Urban Consumers: All Items in U.S. City Average;not_seasonally_adjusted;Index 1982-1984=100;https://fred.stlouisfed.org/graph/fredgraph.csv?id=CPIAUCNS;2026-10-08
1979-01-01;1979;1;68.300;CPIAUCNS;Consumer Price Index for All Urban Consumers: All Items in U.S. City Average;not_seasonally_adjusted;Index 1982-1984=100;https://fred.stlouisfed.org/graph/fredgraph.csv?id=CPIAUCNS;2026-10-08
1979-02-01;1979;2;69.100;CPIAUCNS;Consumer Price Index for All Urban Consumers: All Items in U.S. City Average;not_seasonally_adjusted;Index 1982-1984=100;https://fred.stlouisfed.org/graph/fredgraph.csv?id=CPIAUCNS;2026-10-08
1979-03-01;1979;3;69.800;CPIAUCNS;Consumer Price Index for All Urban Consumers: All Items in U.S. City Average;not_seasonally_adjusted;Index 1982-1984=100;https://fred.stlouisfed.org/graph/fredgraph.csv?id=CPIAUCNS;2026-10-08
1979-04-01;1979;4;70.600;CPIAUCNS;Consumer Price Index for All Urban Consumers: All Items in U.S. City Average;not_seasonally_adjusted;Index 1982-1984=100;https://fred.stlouisfed.org/graph/fredgraph.csv?id=CPIAUCNS;2026-10-08
1979-05-01;1979;5;71.500;CPIAUCNS;Consumer Price Index for All Urban Consumers: All Items in U.S. City Average;not_seasonally_adjusted;Index 1982-1984=100;https://fred.stlouisfed.org/graph/fredgraph.csv?id=CPIAUCNS;2026-10-08
1979-06-01;1979;6;72.300;CPIAUCNS;Consumer Price Index for All Urban Consumers: All Items in U.S. City Average;not_seasonally_adjusted;Index 1982-1984=100;https://fred.stlouisfed.org/graph/fredgraph.csv?id=CPIAUCNS;2026-10-08
1979-07-01;1979;7;73.100;CPIAUCNS;Consumer Price Index for All Urban Consumers: All Items in U.S. City Average;not_seasonally_adjusted;Index 1982-1984=100;https://fred.stlouisfed.org/graph/fredgraph.csv?id=CPIAUCNS;2026-10-08
1979-08-01;1979;8;73.800;CPIAUCNS;Consumer Price Index for All Urban Consumers: All Items in U.S. City Average;not_seasonally_adjusted;Index 1982-1984=100;https://fred.stlouisfed.org/graph/fredgraph.csv?id=CPIAUCNS;2026-10-08
1979-09-01;1979;9;74.600;CPIAUCNS;Consumer Price Index for All Urban Consumers: All Items in U.S. City Average;not_seasonally_adjusted;Index 1982-1984=100;https://fred.stlouisfed.org/graph/fredgraph.csv?id=CPIAUCNS;2026-10-08
1979-10-01;1979;10;75.200;CPIAUCNS;Consumer Price Index for All Urban Consumers: All Items in U.S. City Average;not_seasonally_adjusted;Index 1982-1984=100;https://fred.stlouisfed.org/graph/fredgraph.csv?id=CPIAUCNS;2026-10-08
1979-11-01;1979;11;75.900;CPIAUCNS;Consumer Price Index for All Urban Consumers: All Items in U.S. City Average;not_seasonally_adjusted;Index 1982-1984=100;https://fred.stlouisfed.org/graph/fredgraph.csv?id=CPIAUCNS;2026-10-08
1979-12-01;1979;12;76.700;CPIAUCNS;Consumer Price Index for All Urban Consumers: All Items in U.S. City Average;not_seasonally_adjusted;Index 1982-1984=100;https://fred.stlouisfed.org/graph/fredgraph.csv?id=CPIAUCNS;2026-10-08
1980-01-01;1980;1;77.800;CPIAUCNS;Consumer Price Index for All Urban Consumers: All Items in U.S. City Average;not_seasonally_adjusted;Index 1982-1984=100;https://fred.stlouisfed.org/graph/fredgraph.csv?id=CPIAUCNS;2026-10-08
1980-02-01;1980;2;78.900;CPIAUCNS;Consumer Price Index for All Urban Consumers: All Items in U.S. City Average;not_seasonally_adjusted;Index 1982-1984=100;https://fred.stlouisfed.org/graph/fredgraph.csv?id=CPIAUCNS;2026-10-08
1980-03-01;1980;3;80.100;CPIAUCNS;Consumer Price Index for All Urban Consumers: All Items in U.S. City Average;not_seasonally_adjusted;Index 1982-1984=100;https://fred.stlouisfed.org/graph/fredgraph.csv?id=CPIAUCNS;2026-10-08
1980-04-01;1980;4;81.000;CPIAUCNS;Consumer Price Index for All Urban Consumers: All Items in U.S. City Average;not_seasonally_adjusted;Index 1982-1984=100;https://fred.stlouisfed.org/graph/fredgraph.csv?id=CPIAUCNS;2026-10-08
1980-05-01;1980;5;81.800;CPIAUCNS;Consumer Price Index for All Urban Consumers: All Items in U.S. City Average;not_seasonally_adjusted;Index 1982-1984=100;https://fred.stlouisfed.org/graph/fredgraph.csv?id=CPIAUCNS;2026-10-08
1980-06-01;1980;6;82.700;CPIAUCNS;Consumer Price Index for All Urban Consumers: All Items in U.S. City Average;not_seasonally_adjusted;Index 1982-1984=100;https://fred.stlouisfed.org/graph/fredgraph.csv?id=CPIAUCNS;2026-10-08
1980-07-01;1980;7;82.700;CPIAUCNS;Consumer Price Index for All Urban Consumers: All Items in U.S. City Average;not_seasonally_adjusted;Index 1982-1984=100;https://fred.stlouisfed.org/graph/fredgraph.csv?id=CPIAUCNS;2026-10-08
1980-08-01;1980;8;83.300;CPIAUCNS;Consumer Price Index for All Urban Consumers: All Items in U.S. City Average;not_seasonally_adjusted;Index 1982-1984=100;https://fred.stlouisfed.org/graph/fredgraph.csv?id=CPIAUCNS;2026-10-08
1980-09-01;1980;9;84.000;CPIAUCNS;Consumer Price Index for All Urban Consumers: All Items in U.S. City Average;not_seasonally_adjusted;Index 1982-1984=100;https://fred.stlouisfed.org/graph/fredgraph.csv?id=CPIAUCNS;2026-10-08
1980-10-01;1980;10;84.800;CPIAUCNS;Consumer Price Index for All Urban Consumers: All Items in U.S. City Average;not_seasonally_adjusted;Index 1982-1984=100;https://fred.stlouisfed.org/graph/fredgraph.csv?id=CPIAUCNS;2026-10-08
1980-11-01;1980;11;85.500;CPIAUCNS;Consumer Price Index for All Urban Consumers: All Items in U.S. City Average;not_seasonally_adjusted;Index 1982-1984=100;https://fred.stlouisfed.org/graph/fredgraph.csv?id=CPIAUCNS;2026-10-08
1980-12-01;1980;12;86.300;CPIAUCNS;Consumer Price Index for All Urban Consumers: All Items in U.S. City Average;not_seasonally_adjusted;Index 1982-1984=100;https://fred.stlouisfed.org/graph/fredgraph.csv?id=CPIAUCNS;2026-10-08
1981-01-01;1981;1;87.000;CPIAUCNS;Consumer Price Index for All Urban Consumers: All Items in U.S. City Average;not_seasonally_adjusted;Index 1982-1984=100;https://fred.stlouisfed.org/graph/fredgraph.csv?id=CPIAUCNS;2026-10-08
1981-02-01;1981;2;87.900;CPIAUCNS;Consumer Price Index for All Urban Consumers: All Items in U.S. City Average;not_seasonally_adjusted;Index 1982-1984=100;https://fred.stlouisfed.org/graph/fredgraph.csv?id=CPIAUCNS;2026-10-08
1981-03-01;1981;3;88.500;CPIAUCNS;Consumer Price Index for All Urban Consumers: All Items in U.S. City Average;not_seasonally_adjusted;Index 1982-1984=100;https://fred.stlouisfed.org/graph/fredgraph.csv?id=CPIAUCNS;2026-10-08
1981-04-01;1981;4;89.100;CPIAUCNS;Consumer Price Index for All Urban Consumers: All Items in U.S. City Average;not_seasonally_adjusted;Index 1982-1984=100;https://fred.stlouisfed.org/graph/fredgraph.csv?id=CPIAUCNS;2026-10-08
1981-05-01;1981;5;89.800;CPIAUCNS;Consumer Price Index for All Urban Consumers: All Items in U.S. City Average;not_seasonally_adjusted;Index 1982-1984=100;https://fred.stlouisfed.org/graph/fredgraph.csv?id=CPIAUCNS;2026-10-08
1981-06-01;1981;6;90.600;CPIAUCNS;Consumer Price Index for All Urban Consumers: All Items in U.S. City Average;not_seasonally_adjusted;Index 1982-1984=100;https://fred.stlouisfed.org/graph/fredgraph.csv?id=CPIAUCNS;2026-10-08
1981-07-01;1981;7;91.600;CPIAUCNS;Consumer Price Index for All Urban Consumers: All Items in U.S. City Average;not_seasonally_adjusted;Index 1982-1984=100;https://fred.stlouisfed.org/graph/fredgraph.csv?id=CPIAUCNS;2026-10-08
1981-08-01;1981;8;92.300;CPIAUCNS;Consumer Price Index for All Urban Consumers: All Items in U.S. City Average;not_seasonally_adjusted;Index 1982-1984=100;https://fred.stlouisfed.org/graph/fredgraph.csv?id=CPIAUCNS;2026-10-08
1981-09-01;1981;9;93.200;CPIAUCNS;Consumer Price Index for All Urban Consumers: All Items in U.S. City Average;not_seasonally_adjusted;Index 1982-1984=100;https://fred.stlouisfed.org/graph/fredgraph.csv?id=CPIAUCNS;2026-10-08
1981-10-01;1981;10;93.400;CPIAUCNS;Consumer Price Index for All Urban Consumers: All Items in U.S. City Average;not_seasonally_adjusted;Index 1982-1984=100;https://fred.stlouisfed.org/graph/fredgraph.csv?id=CPIAUCNS;2026-10-08
1981-11-01;1981;11;93.700;CPIAUCNS;Consumer Price Index for All Urban Consumers: All Items in U.S. City Average;not_seasonally_adjusted;Index 1982-1984=100;https://fred.stlouisfed.org/graph/fredgraph.csv?id=CPIAUCNS;2026-10-08
1981-12-01;1981;12;94.000;CPIAUCNS;Consumer Price Index for All Urban Consumers: All Items in U.S. City Average;not_seasonally_adjusted;Index 1982-1984=100;https://fred.stlouisfed.org/graph/fredgraph.csv?id=CPIAUCNS;2026-10-08
1982-01-01;1982;1;94.300;CPIAUCNS;Consumer Price Index for All Urban Consumers: All Items in U.S. City Average;not_seasonally_adjusted;Index 1982-1984=100;https://fred.stlouisfed.org/graph/fredgraph.csv?id=CPIAUCNS;2026-10-08
1982-02-01;1982;2;94.600;CPIAUCNS;Consumer Price Index for All Urban Consumers: All Items in U.S. City Average;not_seasonally_adjusted;Index 1982-1984=100;https://fred.stlouisfed.org/graph/fredgraph.csv?id=CPIAUCNS;2026-10-08
1982-03-01;1982;3;94.500;CPIAUCNS;Consumer Price Index for All Urban Consumers: All Items in U.S. City Average;not_seasonally_adjusted;Index 1982-1984=100;https://fred.stlouisfed.org/graph/fredgraph.csv?id=CPIAUCNS;2026-10-08
1982-04-01;1982;4;94.900;CPIAUCNS;Consumer Price Index for All Urban Consumers: All Items in U.S. City Average;not_seasonally_adjusted;Index 1982-1984=100;https://fred.stlouisfed.org/graph/fredgraph.csv?id=CPIAUCNS;2026-10-08
1982-05-01;1982;5;95.800;CPIAUCNS;Consumer Price Index for All Urban Consumers: All Items in U.S. City Average;not_seasonally_adjusted;Index 1982-1984=100;https://fred.stlouisfed.org/graph/fredgraph.csv?id=CPIAUCNS;2026-10-08
1982-06-01;1982;6;97.000;CPIAUCNS;Consumer Price Index for All Urban Consumers: All Items in U.S. City Average;not_seasonally_adjusted;Index 1982-1984=100;https://fred.stlouisfed.org/graph/fredgraph.csv?id=CPIAUCNS;2026-10-08
1982-07-01;1982;7;97.500;CPIAUCNS;Consumer Price Index for All Urban Consumers: All Items in U.S. City Average;not_seasonally_adjusted;Index 1982-1984=100;https://fred.stlouisfed.org/graph/fredgraph.csv?id=CPIAUCNS;2026-10-08
1982-08-01;1982;8;97.700;CPIAUCNS;Consumer Price Index for All Urban Consumers: All Items in U.S. City Average;not_seasonally_adjusted;Index 1982-1984=100;https://fred.stlouisfed.org/graph/fredgraph.csv?id=CPIAUCNS;2026-10-08
1982-09-01;1982;9;97.900;CPIAUCNS;Consumer Price Index for All Urban Consumers: All Items in U.S. City Average;not_seasonally_adjusted;Index 1982-1984=100;https://fred.stlouisfed.org/graph/fredgraph.csv?id=CPIAUCNS;2026-10-08
1982-10-01;1982;10;98.200;CPIAUCNS;Consumer Price Index for All Urban Consumers: All Items in U.S. City Average;not_seasonally_adjusted;Index 1982-1984=100;https://fred.stlouisfed.org/graph/fredgraph.csv?id=CPIAUCNS;2026-10-08
1982-11-01;1982;11;98.000;CPIAUCNS;Consumer Price Index for All Urban Consumers: All Items in U.S. City Average;not_seasonally_adjusted;Index 1982-1984=100;https://fred.stlouisfed.org/graph/fredgraph.csv?id=CPIAUCNS;2026-10-08
1982-12-01;1982;12;97.600;CPIAUCNS;Consumer Price Index for All Urban Consumers: All Items in U.S. City Average;not_seasonally_adjusted;Index 1982-1984=100;https://fred.stlouisfed.org/graph/fredgraph.csv?id=CPIAUCNS;2026-10-08
1983-01-01;1983;1;97.800;CPIAUCNS;Consumer Price Index for All Urban Consumers: All Items in U.S. City Average;not_seasonally_adjusted;Index 1982-1984=100;https://fred.stlouisfed.org/graph/fredgraph.csv?id=CPIAUCNS;2026-10-08
1983-02-01;1983;2;97.900;CPIAUCNS;Consumer Price Index for All Urban Consumers: All Items in U.S. City Average;not_seasonally_adjusted;Index 1982-1984=100;https://fred.stlouisfed.org/graph/fredgraph.csv?id=CPIAUCNS;2026-10-08
1983-03-01;1983;3;97.900;CPIAUCNS;Consumer Price Index for All Urban Consumers: All Items in U.S. City Average;not_seasonally_adjusted;Index 1982-1984=100;https://fred.stlouisfed.org/graph/fredgraph.csv?id=CPIAUCNS;2026-10-08
1983-04-01;1983;4;98.600;CPIAUCNS;Consumer Price Index for All Urban Consumers: All Items in U.S. City Average;not_seasonally_adjusted;Index 1982-1984=100;https://fred.stlouisfed.org/graph/fredgraph.csv?id=CPIAUCNS;2026-10-08
1983-05-01;1983;5;99.200;CPIAUCNS;Consumer Price Index for All Urban Consumers: All Items in U.S. City Average;not_seasonally_adjusted;Index 1982-1984=100;https://fred.stlouisfed.org/graph/fredgraph.csv?id=CPIAUCNS;2026-10-08
1983-06-01;1983;6;99.500;CPIAUCNS;Consumer Price Index for All Urban Consumers: All Items in U.S. City Average;not_seasonally_adjusted;Index 1982-1984=100;https://fred.stlouisfed.org/graph/fredgraph.csv?id=CPIAUCNS;2026-10-08
1983-07-01;1983;7;99.900;CPIAUCNS;Consumer Price Index for All Urban Consumers: All Items in U.S. City Average;not_seasonally_adjusted;Index 1982-1984=100;https://fred.stlouisfed.org/graph/fredgraph.csv?id=CPIAUCNS;2026-10-08
1983-08-01;1983;8;100.200;CPIAUCNS;Consumer Price Index for All Urban Consumers: All Items in U.S. City Average;not_seasonally_adjusted;Index 1982-1984=100;https://fred.stlouisfed.org/graph/fredgraph.csv?id=CPIAUCNS;2026-10-08
1983-09-01;1983;9;100.700;CPIAUCNS;Consumer Price Index for All Urban Consumers: All Items in U.S. City Average;not_seasonally_adjusted;Index 1982-1984=100;https://fred.stlouisfed.org/graph/fredgraph.csv?id=CPIAUCNS;2026-10-08
1983-10-01;1983;10;101.000;CPIAUCNS;Consumer Price Index for All Urban Consumers: All Items in U.S. City Average;not_seasonally_adjusted;Index 1982-1984=100;https://fred.stlouisfed.org/graph/fredgraph.csv?id=CPIAUCNS;2026-10-08
1983-11-01;1983;11;101.200;CPIAUCNS;Consumer Price Index for All Urban Consumers: All Items in U.S. City Average;not_seasonally_adjusted;Index 1982-1984=100;https://fred.stlouisfed.org/graph/fredgraph.csv?id=CPIAUCNS;2026-10-08
1983-12-01;1983;12;101.300;CPIAUCNS;Consumer Price Index for All Urban Consumers: All Items in U.S. City Average;not_seasonally_adjusted;Index 1982-1984=100;https://fred.stlouisfed.org/graph/fredgraph.csv?id=CPIAUCNS;2026-10-08
1984-01-01;1984;1;101.900;CPIAUCNS;Consumer Price Index for All Urban Consumers: All Items in U.S. City Average;not_seasonally_adjusted;Index 1982-1984=100;https://fred.stlouisfed.org/graph/fredgraph.csv?id=CPIAUCNS;2026-10-08
1984-02-01;1984;2;102.400;CPIAUCNS;Consumer Price Index for All Urban Consumers: All Items in U.S. City Average;not_seasonally_adjusted;Index 1982-1984=100;https://fred.stlouisfed.org/graph/fredgraph.csv?id=CPIAUCNS;2026-10-08
1984-03-01;1984;3;102.600;CPIAUCNS;Consumer Price Index for All Urban Consumers: All Items in U.S. City Average;not_seasonally_adjusted;Index 1982-1984=100;https://fred.stlouisfed.org/graph/fredgraph.csv?id=CPIAUCNS;2026-10-08
1984-04-01;1984;4;103.100;CPIAUCNS;Consumer Price Index for All Urban Consumers: All Items in U.S. City Average;not_seasonally_adjusted;Index 1982-1984=100;https://fred.stlouisfed.org/graph/fredgraph.csv?id=CPIAUCNS;2026-10-08
1984-05-01;1984;5;103.400;CPIAUCNS;Consumer Price Index for All Urban Consumers: All Items in U.S. City Average;not_seasonally_adjusted;Index 1982-1984=100;https://fred.stlouisfed.org/graph/fredgraph.csv?id=CPIAUCNS;2026-10-08
1984-06-01;1984;6;103.700;CPIAUCNS;Consumer Price Index for All Urban Consumers: All Items in U.S. City Average;not_seasonally_adjusted;Index 1982-1984=100;https://fred.stlouisfed.org/graph/fredgraph.csv?id=CPIAUCNS;2026-10-08
1984-07-01;1984;7;104.100;CPIAUCNS;Consumer Price Index for All Urban Consumers: All Items in U.S. City Average;not_seasonally_adjusted;Index 1982-1984=100;https://fred.stlouisfed.org/graph/fredgraph.csv?id=CPIAUCNS;2026-10-08
1984-08-01;1984;8;104.500;CPIAUCNS;Consumer Price Index for All Urban Consumers: All Items in U.S. City Average;not_seasonally_adjusted;Index 1982-1984=100;https://fred.stlouisfed.org/graph/fredgraph.csv?id=CPIAUCNS;2026-10-08
1984-09-01;1984;9;105.000;CPIAUCNS;Consumer Price Index for All Urban Consumers: All Items in U.S. City Average;not_seasonally_adjusted;Index 1982-1984=100;https://fred.stlouisfed.org/graph/fredgraph.csv?id=CPIAUCNS;2026-10-08
1984-10-01;1984;10;105.300;CPIAUCNS;Consumer Price Index for All Urban Consumers: All Items in U.S. City Average;not_seasonally_adjusted;Index 1982-1984=100;https://fred.stlouisfed.org/graph/fredgraph.csv?id=CPIAUCNS;2026-10-08
1984-11-01;1984;11;105.300;CPIAUCNS;Consumer Price Index for All Urban Consumers: All Items in U.S. City Average;not_seasonally_adjusted;Index 1982-1984=100;https://fred.stlouisfed.org/graph/fredgraph.csv?id=CPIAUCNS;2026-10-08
1984-12-01;1984;12;105.300;CPIAUCNS;Consumer Price Index for All Urban Consumers: All Items in U.S. City Average;not_seasonally_adjusted;Index 1982-1984=100;https://fred.stlouisfed.org/graph/fredgraph.csv?id=CPIAUCNS;2026-10-08
1985-01-01;1985;1;105.500;CPIAUCNS;Consumer Price Index for All Urban Consumers: All Items in U.S. City Average;not_seasonally_adjusted;Index 1982-1984=100;https://fred.stlouisfed.org/graph/fredgraph.csv?id=CPIAUCNS;2026-10-08
1985-02-01;1985;2;106.000;CPIAUCNS;Consumer Price Index for All Urban Consumers: All Items in U.S. City Average;not_seasonally_adjusted;Index 1982-1984=100;https://fred.stlouisfed.org/graph/fredgraph.csv?id=CPIAUCNS;2026-10-08
1985-03-01;1985;3;106.400;CPIAUCNS;Consumer Price Index for All Urban Consumers: All Items in U.S. City Average;not_seasonally_adjusted;Index 1982-1984=100;https://fred.stlouisfed.org/graph/fredgraph.csv?id=CPIAUCNS;2026-10-08
1985-04-01;1985;4;106.900;CPIAUCNS;Consumer Price Index for All Urban Consumers: All Items in U.S. City Average;not_seasonally_adjusted;Index 1982-1984=100;https://fred.stlouisfed.org/graph/fredgraph.csv?id=CPIAUCNS;2026-10-08
1985-05-01;1985;5;107.300;CPIAUCNS;Consumer Price Index for All Urban Consumers: All Items in U.S. City Average;not_seasonally_adjusted;Index 1982-1984=100;https://fred.stlouisfed.org/graph/fredgraph.csv?id=CPIAUCNS;2026-10-08
1985-06-01;1985;6;107.600;CPIAUCNS;Consumer Price Index for All Urban Consumers: All Items in U.S. City Average;not_seasonally_adjusted;Index 1982-1984=100;https://fred.stlouisfed.org/graph/fredgraph.csv?id=CPIAUCNS;2026-10-08
1985-07-01;1985;7;107.800;CPIAUCNS;Consumer Price Index for All Urban Consumers: All Items in U.S. City Average;not_seasonally_adjusted;Index 1982-1984=100;https://fred.stlouisfed.org/graph/fredgraph.csv?id=CPIAUCNS;2026-10-08
1985-08-01;1985;8;108.000;CPIAUCNS;Consumer Price Index for All Urban Consumers: All Items in U.S. City Average;not_seasonally_adjusted;Index 1982-1984=100;https://fred.stlouisfed.org/graph/fredgraph.csv?id=CPIAUCNS;2026-10-08
1985-09-01;1985;9;108.300;CPIAUCNS;Consumer Price Index for All Urban Consumers: All Items in U.S. City Average;not_seasonally_adjusted;Index 1982-1984=100;https://fred.stlouisfed.org/graph/fredgraph.csv?id=CPIAUCNS;2026-10-08
1985-10-01;1985;10;108.700;CPIAUCNS;Consumer Price Index for All Urban Consumers: All Items in U.S. City Average;not_seasonally_adjusted;Index 1982-1984=100;https://fred.stlouisfed.org/graph/fredgraph.csv?id=CPIAUCNS;2026-10-08
1985-11-01;1985;11;109.000;CPIAUCNS;Consumer Price Index for All Urban Consumers: All Items in U.S. City Average;not_seasonally_adjusted;Index 1982-1984=100;https://fred.stlouisfed.org/graph/fredgraph.csv?id=CPIAUCNS;2026-10-08
1985-12-01;1985;12;109.300;CPIAUCNS;Consumer Price Index for All Urban Consumers: All Items in U.S. City Average;not_seasonally_adjusted;Index 1982-1984=100;https://fred.stlouisfed.org/graph/fredgraph.csv?id=CPIAUCNS;2026-10-08
1986-01-01;1986;1;109.600;CPIAUCNS;Consumer Price Index for All Urban Consumers: All Items in U.S. City Average;not_seasonally_adjusted;Index 1982-1984=100;https://fred.stlouisfed.org/graph/fredgraph.csv?id=CPIAUCNS;2026-10-08
1986-02-01;1986;2;109.300;CPIAUCNS;Consumer Price Index for All Urban Consumers: All Items in U.S. City Average;not_seasonally_adjusted;Index 1982-1984=100;https://fred.stlouisfed.org/graph/fredgraph.csv?id=CPIAUCNS;2026-10-08
1986-03-01;1986;3;108.800;CPIAUCNS;Consumer Price Index for All Urban Consumers: All Items in U.S. City Average;not_seasonally_adjusted;Index 1982-1984=100;https://fred.stlouisfed.org/graph/fredgraph.csv?id=CPIAUCNS;2026-10-08
1986-04-01;1986;4;108.600;CPIAUCNS;Consumer Price Index for All Urban Consumers: All Items in U.S. City Average;not_seasonally_adjusted;Index 1982-1984=100;https://fred.stlouisfed.org/graph/fredgraph.csv?id=CPIAUCNS;2026-10-08
1986-05-01;1986;5;108.900;CPIAUCNS;Consumer Price Index for All Urban Consumers: All Items in U.S. City Average;not_seasonally_adjusted;Index 1982-1984=100;https://fred.stlouisfed.org/graph/fredgraph.csv?id=CPIAUCNS;2026-10-08
1986-06-01;1986;6;109.500;CPIAUCNS;Consumer Price Index for All Urban Consumers: All Items in U.S. City Average;not_seasonally_adjusted;Index 1982-1984=100;https://fred.stlouisfed.org/graph/fredgraph.csv?id=CPIAUCNS;2026-10-08
1986-07-01;1986;7;109.500;CPIAUCNS;Consumer Price Index for All Urban Consumers: All Items in U.S. City Average;not_seasonally_adjusted;Index 1982-1984=100;https://fred.stlouisfed.org/graph/fredgraph.csv?id=CPIAUCNS;2026-10-08
1986-08-01;1986;8;109.700;CPIAUCNS;Consumer Price Index for All Urban Consumers: All Items in U.S. City Average;not_seasonally_adjusted;Index 1982-1984=100;https://fred.stlouisfed.org/graph/fredgraph.csv?id=CPIAUCNS;2026-10-08
1986-09-01;1986;9;110.200;CPIAUCNS;Consumer Price Index for All Urban Consumers: All Items in U.S. City Average;not_seasonally_adjusted;Index 1982-1984=100;https://fred.stlouisfed.org/graph/fredgraph.csv?id=CPIAUCNS;2026-10-08
1986-10-01;1986;10;110.300;CPIAUCNS;Consumer Price Index for All Urban Consumers: All Items in U.S. City Average;not_seasonally_adjusted;Index 1982-1984=100;https://fred.stlouisfed.org/graph/fredgraph.csv?id=CPIAUCNS;2026-10-08
1986-11-01;1986;11;110.400;CPIAUCNS;Consumer Price Index for All Urban Consumers: All Items in U.S. City Average;not_seasonally_adjusted;Index 1982-1984=100;https://fred.stlouisfed.org/graph/fredgraph.csv?id=CPIAUCNS;2026-10-08
1986-12-01;1986;12;110.500;CPIAUCNS;Consumer Price Index for All Urban Consumers: All Items in U.S. City Average;not_seasonally_adjusted;Index 1982-1984=100;https://fred.stlouisfed.org/graph/fredgraph.csv?id=CPIAUCNS;2026-10-08
1987-01-01;1987;1;111.200;CPIAUCNS;Consumer Price Index for All Urban Consumers: All Items in U.S. City Average;not_seasonally_adjusted;Index 1982-1984=100;https://fred.stlouisfed.org/graph/fredgraph.csv?id=CPIAUCNS;2026-10-08
1987-02-01;1987;2;111.600;CPIAUCNS;Consumer Price Index for All Urban Consumers: All Items in U.S. City Average;not_seasonally_adjusted;Index 1982-1984=100;https://fred.stlouisfed.org/graph/fredgraph.csv?id=CPIAUCNS;2026-10-08
1987-03-01;1987;3;112.100;CPIAUCNS;Consumer Price Index for All Urban Consumers: All Items in U.S. City Average;not_seasonally_adjusted;Index 1982-1984=100;https://fred.stlouisfed.org/graph/fredgraph.csv?id=CPIAUCNS;2026-10-08
1987-04-01;1987;4;112.700;CPIAUCNS;Consumer Price Index for All Urban Consumers: All Items in U.S. City Average;not_seasonally_adjusted;Index 1982-1984=100;https://fred.stlouisfed.org/graph/fredgraph.csv?id=CPIAUCNS;2026-10-08
1987-05-01;1987;5;113.100;CPIAUCNS;Consumer Price Index for All Urban Consumers: All Items in U.S. City Average;not_seasonally_adjusted;Index 1982-1984=100;https://fred.stlouisfed.org/graph/fredgraph.csv?id=CPIAUCNS;2026-10-08
1987-06-01;1987;6;113.500;CPIAUCNS;Consumer Price Index for All Urban Consumers: All Items in U.S. City Average;not_seasonally_adjusted;Index 1982-1984=100;https://fred.stlouisfed.org/graph/fredgraph.csv?id=CPIAUCNS;2026-10-08
1987-07-01;1987;7;113.800;CPIAUCNS;Consumer Price Index for All Urban Consumers: All Items in U.S. City Average;not_seasonally_adjusted;Index 1982-1984=100;https://fred.stlouisfed.org/graph/fredgraph.csv?id=CPIAUCNS;2026-10-08
1987-08-01;1987;8;114.400;CPIAUCNS;Consumer Price Index for All Urban Consumers: All Items in U.S. City Average;not_seasonally_adjusted;Index 1982-1984=100;https://fred.stlouisfed.org/graph/fredgraph.csv?id=CPIAUCNS;2026-10-08
1987-09-01;1987;9;115.000;CPIAUCNS;Consumer Price Index for All Urban Consumers: All Items in U.S. City Average;not_seasonally_adjusted;Index 1982-1984=100;https://fred.stlouisfed.org/graph/fredgraph.csv?id=CPIAUCNS;2026-10-08
1987-10-01;1987;10;115.300;CPIAUCNS;Consumer Price Index for All Urban Consumers: All Items in U.S. City Average;not_seasonally_adjusted;Index 1982-1984=100;https://fred.stlouisfed.org/graph/fredgraph.csv?id=CPIAUCNS;2026-10-08
1987-11-01;1987;11;115.400;CPIAUCNS;Consumer Price Index for All Urban Consumers: All Items in U.S. City Average;not_seasonally_adjusted;Index 1982-1984=100;https://fred.stlouisfed.org/graph/fredgraph.csv?id=CPIAUCNS;2026-10-08
1987-12-01;1987;12;115.400;CPIAUCNS;Consumer Price Index for All Urban Consumers: All Items in U.S. City Average;not_seasonally_adjusted;Index 1982-1984=100;https://fred.stlouisfed.org/graph/fredgraph.csv?id=CPIAUCNS;2026-10-08
1988-01-01;1988;1;115.700;CPIAUCNS;Consumer Price Index for All Urban Consumers: All Items in U.S. City Average;not_seasonally_adjusted;Index 1982-1984=100;https://fred.stlouisfed.org/graph/fredgraph.csv?id=CPIAUCNS;2026-10-08
1988-02-01;1988;2;116.000;CPIAUCNS;Consumer Price Index for All Urban Consumers: All Items in U.S. City Average;not_seasonally_adjusted;Index 1982-1984=100;https://fred.stlouisfed.org/graph/fredgraph.csv?id=CPIAUCNS;2026-10-08
1988-03-01;1988;3;116.500;CPIAUCNS;Consumer Price Index for All Urban Consumers: All Items in U.S. City Average;not_seasonally_adjusted;Index 1982-1984=100;https://fred.stlouisfed.org/graph/fredgraph.csv?id=CPIAUCNS;2026-10-08
1988-04-01;1988;4;117.100;CPIAUCNS;Consumer Price Index for All Urban Consumers: All Items in U.S. City Average;not_seasonally_adjusted;Index 1982-1984=100;https://fred.stlouisfed.org/graph/fredgraph.csv?id=CPIAUCNS;2026-10-08
1988-05-01;1988;5;117.500;CPIAUCNS;Consumer Price Index for All Urban Consumers: All Items in U.S. City Average;not_seasonally_adjusted;Index 1982-1984=100;https://fred.stlouisfed.org/graph/fredgraph.csv?id=CPIAUCNS;2026-10-08
1988-06-01;1988;6;118.000;CPIAUCNS;Consumer Price Index for All Urban Consumers: All Items in U.S. City Average;not_seasonally_adjusted;Index 1982-1984=100;https://fred.stlouisfed.org/graph/fredgraph.csv?id=CPIAUCNS;2026-10-08
1988-07-01;1988;7;118.500;CPIAUCNS;Consumer Price Index for All Urban Consumers: All Items in U.S. City Average;not_seasonally_adjusted;Index 1982-1984=100;https://fred.stlouisfed.org/graph/fredgraph.csv?id=CPIAUCNS;2026-10-08
1988-08-01;1988;8;119.000;CPIAUCNS;Consumer Price Index for All Urban Consumers: All Items in U.S. City Average;not_seasonally_adjusted;Index 1982-1984=100;https://fred.stlouisfed.org/graph/fredgraph.csv?id=CPIAUCNS;2026-10-08
1988-09-01;1988;9;119.800;CPIAUCNS;Consumer Price Index for All Urban Consumers: All Items in U.S. City Average;not_seasonally_adjusted;Index 1982-1984=100;https://fred.stlouisfed.org/graph/fredgraph.csv?id=CPIAUCNS;2026-10-08
1988-10-01;1988;10;120.200;CPIAUCNS;Consumer Price Index for All Urban Consumers: All Items in U.S. City Average;not_seasonally_adjusted;Index 1982-1984=100;https://fred.stlouisfed.org/graph/fredgraph.csv?id=CPIAUCNS;2026-10-08
1988-11-01;1988;11;120.300;CPIAUCNS;Consumer Price Index for All Urban Consumers: All Items in U.S. City Average;not_seasonally_adjusted;Index 1982-1984=100;https://fred.stlouisfed.org/graph/fredgraph.csv?id=CPIAUCNS;2026-10-08
1988-12-01;1988;12;120.500;CPIAUCNS;Consumer Price Index for All Urban Consumers: All Items in U.S. City Average;not_seasonally_adjusted;Index 1982-1984=100;https://fred.stlouisfed.org/graph/fredgraph.csv?id=CPIAUCNS;2026-10-08
1989-01-01;1989;1;121.100;CPIAUCNS;Consumer Price Index for All Urban Consumers: All Items in U.S. City Average;not_seasonally_adjusted;Index 1982-1984=100;https://fred.stlouisfed.org/graph/fredgraph.csv?id=CPIAUCNS;2026-10-08
1989-02-01;1989;2;121.600;CPIAUCNS;Consumer Price Index for All Urban Consumers: All Items in U.S. City Average;not_seasonally_adjusted;Index 1982-1984=100;https://fred.stlouisfed.org/graph/fredgraph.csv?id=CPIAUCNS;2026-10-08
1989-03-01;1989;3;122.300;CPIAUCNS;Consumer Price Index for All Urban Consumers: All Items in U.S. City Average;not_seasonally_adjusted;Index 1982-1984=100;https://fred.stlouisfed.org/graph/fredgraph.csv?id=CPIAUCNS;2026-10-08
1989-04-01;1989;4;123.100;CPIAUCNS;Consumer Price Index for All Urban Consumers: All Items in U.S. City Average;not_seasonally_adjusted;Index 1982-1984=100;https://fred.stlouisfed.org/graph/fredgraph.csv?id=CPIAUCNS;2026-10-08
1989-05-01;1989;5;123.800;CPIAUCNS;Consumer Price Index for All Urban Consumers: All Items in U.S. City Average;not_seasonally_adjusted;Index 1982-1984=100;https://fred.stlouisfed.org/graph/fredgraph.csv?id=CPIAUCNS;2026-10-08
1989-06-01;1989;6;124.100;CPIAUCNS;Consumer Price Index for All Urban Consumers: All Items in U.S. City Average;not_seasonally_adjusted;Index 1982-1984=100;https://fred.stlouisfed.org/graph/fredgraph.csv?id=CPIAUCNS;2026-10-08
1989-07-01;1989;7;124.400;CPIAUCNS;Consumer Price Index for All Urban Consumers: All Items in U.S. City Average;not_seasonally_adjusted;Index 1982-1984=100;https://fred.stlouisfed.org/graph/fredgraph.csv?id=CPIAUCNS;2026-10-08
1989-08-01;1989;8;124.600;CPIAUCNS;Consumer Price Index for All Urban Consumers: All Items in U.S. City Average;not_seasonally_adjusted;Index 1982-1984=100;https://fred.stlouisfed.org/graph/fredgraph.csv?id=CPIAUCNS;2026-10-08
1989-09-01;1989;9;125.000;CPIAUCNS;Consumer Price Index for All Urban Consumers: All Items in U.S. City Average;not_seasonally_adjusted;Index 1982-1984=100;https://fred.stlouisfed.org/graph/fredgraph.csv?id=CPIAUCNS;2026-10-08
1989-10-01;1989;10;125.600;CPIAUCNS;Consumer Price Index for All Urban Consumers: All Items in U.S. City Average;not_seasonally_adjusted;Index 1982-1984=100;https://fred.stlouisfed.org/graph/fredgraph.csv?id=CPIAUCNS;2026-10-08
1989-11-01;1989;11;125.900;CPIAUCNS;Consumer Price Index for All Urban Consumers: All Items in U.S. City Average;not_seasonally_adjusted;Index 1982-1984=100;https://fred.stlouisfed.org/graph/fredgraph.csv?id=CPIAUCNS;2026-10-08
1989-12-01;1989;12;126.100;CPIAUCNS;Consumer Price Index for All Urban Consumers: All Items in U.S. City Average;not_seasonally_adjusted;Index 1982-1984=100;https://fred.stlouisfed.org/graph/fredgraph.csv?id=CPIAUCNS;2026-10-08
1990-01-01;1990;1;127.400;CPIAUCNS;Consumer Price Index for All Urban Consumers: All Items in U.S. City Average;not_seasonally_adjusted;Index 1982-1984=100;https://fred.stlouisfed.org/graph/fredgraph.csv?id=CPIAUCNS;2026-10-08
1990-02-01;1990;2;128.000;CPIAUCNS;Consumer Price Index for All Urban Consumers: All Items in U.S. City Average;not_seasonally_adjusted;Index 1982-1984=100;https://fred.stlouisfed.org/graph/fredgraph.csv?id=CPIAUCNS;2026-10-08
1990-03-01;1990;3;128.700;CPIAUCNS;Consumer Price Index for All Urban Consumers: All Items in U.S. City Average;not_seasonally_adjusted;Index 1982-1984=100;https://fred.stlouisfed.org/graph/fredgraph.csv?id=CPIAUCNS;2026-10-08
1990-04-01;1990;4;128.900;CPIAUCNS;Consumer Price Index for All Urban Consumers: All Items in U.S. City Average;not_seasonally_adjusted;Index 1982-1984=100;https://fred.stlouisfed.org/graph/fredgraph.csv?id=CPIAUCNS;2026-10-08
1990-05-01;1990;5;129.200;CPIAUCNS;Consumer Price Index for All Urban Consumers: All Items in U.S. City Average;not_seasonally_adjusted;Index 1982-1984=100;https://fred.stlouisfed.org/graph/fredgraph.csv?id=CPIAUCNS;2026-10-08
1990-06-01;1990;6;129.900;CPIAUCNS;Consumer Price Index for All Urban Consumers: All Items in U.S. City Average;not_seasonally_adjusted;Index 1982-1984=100;https://fred.stlouisfed.org/graph/fredgraph.csv?id=CPIAUCNS;2026-10-08
1990-07-01;1990;7;130.400;CPIAUCNS;Consumer Price Index for All Urban Consumers: All Items in U.S. City Average;not_seasonally_adjusted;Index 1982-1984=100;https://fred.stlouisfed.org/graph/fredgraph.csv?id=CPIAUCNS;2026-10-08
1990-08-01;1990;8;131.600;CPIAUCNS;Consumer Price Index for All Urban Consumers: All Items in U.S. City Average;not_seasonally_adjusted;Index 1982-1984=100;https://fred.stlouisfed.org/graph/fredgraph.csv?id=CPIAUCNS;2026-10-08
1990-09-01;1990;9;132.700;CPIAUCNS;Consumer Price Index for All Urban Consumers: All Items in U.S. City Average;not_seasonally_adjusted;Index 1982-1984=100;https://fred.stlouisfed.org/graph/fredgraph.csv?id=CPIAUCNS;2026-10-08
1990-10-01;1990;10;133.500;CPIAUCNS;Consumer Price Index for All Urban Consumers: All Items in U.S. City Average;not_seasonally_adjusted;Index 1982-1984=100;https://fred.stlouisfed.org/graph/fredgraph.csv?id=CPIAUCNS;2026-10-08
1990-11-01;1990;11;133.800;CPIAUCNS;Consumer Price Index for All Urban Consumers: All Items in U.S. City Average;not_seasonally_adjusted;Index 1982-1984=100;https://fred.stlouisfed.org/graph/fredgraph.csv?id=CPIAUCNS;2026-10-08
1990-12-01;1990;12;133.800;CPIAUCNS;Consumer Price Index for All Urban Consumers: All Items in U.S. City Average;not_seasonally_adjusted;Index 1982-1984=100;https://fred.stlouisfed.org/graph/fredgraph.csv?id=CPIAUCNS;2026-10-08
1991-01-01;1991;1;134.600;CPIAUCNS;Consumer Price Index for All Urban Consumers: All Items in U.S. City Average;not_seasonally_adjusted;Index 1982-1984=100;https://fred.stlouisfed.org/graph/fredgraph.csv?id=CPIAUCNS;2026-10-08
1991-02-01;1991;2;134.800;CPIAUCNS;Consumer Price Index for All Urban Consumers: All Items in U.S. City Average;not_seasonally_adjusted;Index 1982-1984=100;https://fred.stlouisfed.org/graph/fredgraph.csv?id=CPIAUCNS;2026-10-08
1991-03-01;1991;3;135.000;CPIAUCNS;Consumer Price Index for All Urban Consumers: All Items in U.S. City Average;not_seasonally_adjusted;Index 1982-1984=100;https://fred.stlouisfed.org/graph/fredgraph.csv?id=CPIAUCNS;2026-10-08
1991-04-01;1991;4;135.200;CPIAUCNS;Consumer Price Index for All Urban Consumers: All Items in U.S. City Average;not_seasonally_adjusted;Index 1982-1984=100;https://fred.stlouisfed.org/graph/fredgraph.csv?id=CPIAUCNS;2026-10-08
1991-05-01;1991;5;135.600;CPIAUCNS;Consumer Price Index for All Urban Consumers: All Items in U.S. City Average;not_seasonally_adjusted;Index 1982-1984=100;https://fred.stlouisfed.org/graph/fredgraph.csv?id=CPIAUCNS;2026-10-08
1991-06-01;1991;6;136.000;CPIAUCNS;Consumer Price Index for All Urban Consumers: All Items in U.S. City Average;not_seasonally_adjusted;Index 1982-1984=100;https://fred.stlouisfed.org/graph/fredgraph.csv?id=CPIAUCNS;2026-10-08
1991-07-01;1991;7;136.200;CPIAUCNS;Consumer Price Index for All Urban Consumers: All Items in U.S. City Average;not_seasonally_adjusted;Index 1982-1984=100;https://fred.stlouisfed.org/graph/fredgraph.csv?id=CPIAUCNS;2026-10-08
1991-08-01;1991;8;136.600;CPIAUCNS;Consumer Price Index for All Urban Consumers: All Items in U.S. City Average;not_seasonally_adjusted;Index 1982-1984=100;https://fred.stlouisfed.org/graph/fredgraph.csv?id=CPIAUCNS;2026-10-08
1991-09-01;1991;9;137.200;CPIAUCNS;Consumer Price Index for All Urban Consumers: All Items in U.S. City Average;not_seasonally_adjusted;Index 1982-1984=100;https://fred.stlouisfed.org/graph/fredgraph.csv?id=CPIAUCNS;2026-10-08
1991-10-01;1991;10;137.400;CPIAUCNS;Consumer Price Index for All Urban Consumers: All Items in U.S. City Average;not_seasonally_adjusted;Index 1982-1984=100;https://fred.stlouisfed.org/graph/fredgraph.csv?id=CPIAUCNS;2026-10-08
1991-11-01;1991;11;137.800;CPIAUCNS;Consumer Price Index for All Urban Consumers: All Items in U.S. City Average;not_seasonally_adjusted;Index 1982-1984=100;https://fred.stlouisfed.org/graph/fredgraph.csv?id=CPIAUCNS;2026-10-08
1991-12-01;1991;12;137.900;CPIAUCNS;Consumer Price Index for All Urban Consumers: All Items in U.S. City Average;not_seasonally_adjusted;Index 1982-1984=100;https://fred.stlouisfed.org/graph/fredgraph.csv?id=CPIAUCNS;2026-10-08
1992-01-01;1992;1;138.100;CPIAUCNS;Consumer Price Index for All Urban Consumers: All Items in U.S. City Average;not_seasonally_adjusted;Index 1982-1984=100;https://fred.stlouisfed.org/graph/fredgraph.csv?id=CPIAUCNS;2026-10-08
1992-02-01;1992;2;138.600;CPIAUCNS;Consumer Price Index for All Urban Consumers: All Items in U.S. City Average;not_seasonally_adjusted;Index 1982-1984=100;https://fred.stlouisfed.org/graph/fredgraph.csv?id=CPIAUCNS;2026-10-08
1992-03-01;1992;3;139.300;CPIAUCNS;Consumer Price Index for All Urban Consumers: All Items in U.S. City Average;not_seasonally_adjusted;Index 1982-1984=100;https://fred.stlouisfed.org/graph/fredgraph.csv?id=CPIAUCNS;2026-10-08
1992-04-01;1992;4;139.500;CPIAUCNS;Consumer Price Index for All Urban Consumers: All Items in U.S. City Average;not_seasonally_adjusted;Index 1982-1984=100;https://fred.stlouisfed.org/graph/fredgraph.csv?id=CPIAUCNS;2026-10-08
1992-05-01;1992;5;139.700;CPIAUCNS;Consumer Price Index for All Urban Consumers: All Items in U.S. City Average;not_seasonally_adjusted;Index 1982-1984=100;https://fred.stlouisfed.org/graph/fredgraph.csv?id=CPIAUCNS;2026-10-08
1992-06-01;1992;6;140.200;CPIAUCNS;Consumer Price Index for All Urban Consumers: All Items in U.S. City Average;not_seasonally_adjusted;Index 1982-1984=100;https://fred.stlouisfed.org/graph/fredgraph.csv?id=CPIAUCNS;2026-10-08
1992-07-01;1992;7;140.500;CPIAUCNS;Consumer Price Index for All Urban Consumers: All Items in U.S. City Average;not_seasonally_adjusted;Index 1982-1984=100;https://fred.stlouisfed.org/graph/fredgraph.csv?id=CPIAUCNS;2026-10-08
1992-08-01;1992;8;140.900;CPIAUCNS;Consumer Price Index for All Urban Consumers: All Items in U.S. City Average;not_seasonally_adjusted;Index 1982-1984=100;https://fred.stlouisfed.org/graph/fredgraph.csv?id=CPIAUCNS;2026-10-08
1992-09-01;1992;9;141.300;CPIAUCNS;Consumer Price Index for All Urban Consumers: All Items in U.S. City Average;not_seasonally_adjusted;Index 1982-1984=100;https://fred.stlouisfed.org/graph/fredgraph.csv?id=CPIAUCNS;2026-10-08
1992-10-01;1992;10;141.800;CPIAUCNS;Consumer Price Index for All Urban Consumers: All Items in U.S. City Average;not_seasonally_adjusted;Index 1982-1984=100;https://fred.stlouisfed.org/graph/fredgraph.csv?id=CPIAUCNS;2026-10-08
1992-11-01;1992;11;142.000;CPIAUCNS;Consumer Price Index for All Urban Consumers: All Items in U.S. City Average;not_seasonally_adjusted;Index 1982-1984=100;https://fred.stlouisfed.org/graph/fredgraph.csv?id=CPIAUCNS;2026-10-08
1992-12-01;1992;12;141.900;CPIAUCNS;Consumer Price Index for All Urban Consumers: All Items in U.S. City Average;not_seasonally_adjusted;Index 1982-1984=100;https://fred.stlouisfed.org/graph/fredgraph.csv?id=CPIAUCNS;2026-10-08
1993-01-01;1993;1;142.600;CPIAUCNS;Consumer Price Index for All Urban Consumers: All Items in U.S. City Average;not_seasonally_adjusted;Index 1982-1984=100;https://fred.stlouisfed.org/graph/fredgraph.csv?id=CPIAUCNS;2026-10-08
1993-02-01;1993;2;143.100;CPIAUCNS;Consumer Price Index for All Urban Consumers: All Items in U.S. City Average;not_seasonally_adjusted;Index 1982-1984=100;https://fred.stlouisfed.org/graph/fredgraph.csv?id=CPIAUCNS;2026-10-08
1993-03-01;1993;3;143.600;CPIAUCNS;Consumer Price Index for All Urban Consumers: All Items in U.S. City Average;not_seasonally_adjusted;Index 1982-1984=100;https://fred.stlouisfed.org/graph/fredgraph.csv?id=CPIAUCNS;2026-10-08
1993-04-01;1993;4;144.000;CPIAUCNS;Consumer Price Index for All Urban Consumers: All Items in U.S. City Average;not_seasonally_adjusted;Index 1982-1984=100;https://fred.stlouisfed.org/graph/fredgraph.csv?id=CPIAUCNS;2026-10-08
1993-05-01;1993;5;144.200;CPIAUCNS;Consumer Price Index for All Urban Consumers: All Items in U.S. City Average;not_seasonally_adjusted;Index 1982-1984=100;https://fred.stlouisfed.org/graph/fredgraph.csv?id=CPIAUCNS;2026-10-08
1993-06-01;1993;6;144.400;CPIAUCNS;Consumer Price Index for All Urban Consumers: All Items in U.S. City Average;not_seasonally_adjusted;Index 1982-1984=100;https://fred.stlouisfed.org/graph/fredgraph.csv?id=CPIAUCNS;2026-10-08
1993-07-01;1993;7;144.400;CPIAUCNS;Consumer Price Index for All Urban Consumers: All Items in U.S. City Average;not_seasonally_adjusted;Index 1982-1984=100;https://fred.stlouisfed.org/graph/fredgraph.csv?id=CPIAUCNS;2026-10-08
1993-08-01;1993;8;144.800;CPIAUCNS;Consumer Price Index for All Urban Consumers: All Items in U.S. City Average;not_seasonally_adjusted;Index 1982-1984=100;https://fred.stlouisfed.org/graph/fredgraph.csv?id=CPIAUCNS;2026-10-08
1993-09-01;1993;9;145.100;CPIAUCNS;Consumer Price Index for All Urban Consumers: All Items in U.S. City Average;not_seasonally_adjusted;Index 1982-1984=100;https://fred.stlouisfed.org/graph/fredgraph.csv?id=CPIAUCNS;2026-10-08
1993-10-01;1993;10;145.700;CPIAUCNS;Consumer Price Index for All Urban Consumers: All Items in U.S. City Average;not_seasonally_adjusted;Index 1982-1984=100;https://fred.stlouisfed.org/graph/fredgraph.csv?id=CPIAUCNS;2026-10-08
1993-11-01;1993;11;145.800;CPIAUCNS;Consumer Price Index for All Urban Consumers: All Items in U.S. City Average;not_seasonally_adjusted;Index 1982-1984=100;https://fred.stlouisfed.org/graph/fredgraph.csv?id=CPIAUCNS;2026-10-08
1993-12-01;1993;12;145.800;CPIAUCNS;Consumer Price Index for All Urban Consumers: All Items in U.S. City Average;not_seasonally_adjusted;Index 1982-1984=100;https://fred.stlouisfed.org/graph/fredgraph.csv?id=CPIAUCNS;2026-10-08
1994-01-01;1994;1;146.200;CPIAUCNS;Consumer Price Index for All Urban Consumers: All Items in U.S. City Average;not_seasonally_adjusted;Index 1982-1984=100;https://fred.stlouisfed.org/graph/fredgraph.csv?id=CPIAUCNS;2026-10-08
1994-02-01;1994;2;146.700;CPIAUCNS;Consumer Price Index for All Urban Consumers: All Items in U.S. City Average;not_seasonally_adjusted;Index 1982-1984=100;https://fred.stlouisfed.org/graph/fredgraph.csv?id=CPIAUCNS;2026-10-08
1994-03-01;1994;3;147.200;CPIAUCNS;Consumer Price Index for All Urban Consumers: All Items in U.S. City Average;not_seasonally_adjusted;Index 1982-1984=100;https://fred.stlouisfed.org/graph/fredgraph.csv?id=CPIAUCNS;2026-10-08
1994-04-01;1994;4;147.400;CPIAUCNS;Consumer Price Index for All Urban Consumers: All Items in U.S. City Average;not_seasonally_adjusted;Index 1982-1984=100;https://fred.stlouisfed.org/graph/fredgraph.csv?id=CPIAUCNS;2026-10-08
1994-05-01;1994;5;147.500;CPIAUCNS;Consumer Price Index for All Urban Consumers: All Items in U.S. City Average;not_seasonally_adjusted;Index 1982-1984=100;https://fred.stlouisfed.org/graph/fredgraph.csv?id=CPIAUCNS;2026-10-08
1994-06-01;1994;6;148.000;CPIAUCNS;Consumer Price Index for All Urban Consumers: All Items in U.S. City Average;not_seasonally_adjusted;Index 1982-1984=100;https://fred.stlouisfed.org/graph/fredgraph.csv?id=CPIAUCNS;2026-10-08
1994-07-01;1994;7;148.400;CPIAUCNS;Consumer Price Index for All Urban Consumers: All Items in U.S. City Average;not_seasonally_adjusted;Index 1982-1984=100;https://fred.stlouisfed.org/graph/fredgraph.csv?id=CPIAUCNS;2026-10-08
1994-08-01;1994;8;149.000;CPIAUCNS;Consumer Price Index for All Urban Consumers: All Items in U.S. City Average;not_seasonally_adjusted;Index 1982-1984=100;https://fred.stlouisfed.org/graph/fredgraph.csv?id=CPIAUCNS;2026-10-08
1994-09-01;1994;9;149.400;CPIAUCNS;Consumer Price Index for All Urban Consumers: All Items in U.S. City Average;not_seasonally_adjusted;Index 1982-1984=100;https://fred.stlouisfed.org/graph/fredgraph.csv?id=CPIAUCNS;2026-10-08
1994-10-01;1994;10;149.500;CPIAUCNS;Consumer Price Index for All Urban Consumers: All Items in U.S. City Average;not_seasonally_adjusted;Index 1982-1984=100;https://fred.stlouisfed.org/graph/fredgraph.csv?id=CPIAUCNS;2026-10-08
1994-11-01;1994;11;149.700;CPIAUCNS;Consumer Price Index for All Urban Consumers: All Items in U.S. City Average;not_seasonally_adjusted;Index 1982-1984=100;https://fred.stlouisfed.org/graph/fredgraph.csv?id=CPIAUCNS;2026-10-08
1994-12-01;1994;12;149.700;CPIAUCNS;Consumer Price Index for All Urban Consumers: All Items in U.S. City Average;not_seasonally_adjusted;Index 1982-1984=100;https://fred.stlouisfed.org/graph/fredgraph.csv?id=CPIAUCNS;2026-10-08
1995-01-01;1995;1;150.300;CPIAUCNS;Consumer Price Index for All Urban Consumers: All Items in U.S. City Average;not_seasonally_adjusted;Index 1982-1984=100;https://fred.stlouisfed.org/graph/fredgraph.csv?id=CPIAUCNS;2026-10-08
1995-02-01;1995;2;150.900;CPIAUCNS;Consumer Price Index for All Urban Consumers: All Items in U.S. City Average;not_seasonally_adjusted;Index 1982-1984=100;https://fred.stlouisfed.org/graph/fredgraph.csv?id=CPIAUCNS;2026-10-08
1995-03-01;1995;3;151.400;CPIAUCNS;Consumer Price Index for All Urban Consumers: All Items in U.S. City Average;not_seasonally_adjusted;Index 1982-1984=100;https://fred.stlouisfed.org/graph/fredgraph.csv?id=CPIAUCNS;2026-10-08
1995-04-01;1995;4;151.900;CPIAUCNS;Consumer Price Index for All Urban Consumers: All Items in U.S. City Average;not_seasonally_adjusted;Index 1982-1984=100;https://fred.stlouisfed.org/graph/fredgraph.csv?id=CPIAUCNS;2026-10-08
1995-05-01;1995;5;152.200;CPIAUCNS;Consumer Price Index for All Urban Consumers: All Items in U.S. City Average;not_seasonally_adjusted;Index 1982-1984=100;https://fred.stlouisfed.org/graph/fredgraph.csv?id=CPIAUCNS;2026-10-08
1995-06-01;1995;6;152.500;CPIAUCNS;Consumer Price Index for All Urban Consumers: All Items in U.S. City Average;not_seasonally_adjusted;Index 1982-1984=100;https://fred.stlouisfed.org/graph/fredgraph.csv?id=CPIAUCNS;2026-10-08
1995-07-01;1995;7;152.500;CPIAUCNS;Consumer Price Index for All Urban Consumers: All Items in U.S. City Average;not_seasonally_adjusted;Index 1982-1984=100;https://fred.stlouisfed.org/graph/fredgraph.csv?id=CPIAUCNS;2026-10-08
1995-08-01;1995;8;152.900;CPIAUCNS;Consumer Price Index for All Urban Consumers: All Items in U.S. City Average;not_seasonally_adjusted;Index 1982-1984=100;https://fred.stlouisfed.org/graph/fredgraph.csv?id=CPIAUCNS;2026-10-08
1995-09-01;1995;9;153.200;CPIAUCNS;Consumer Price Index for All Urban Consumers: All Items in U.S. City Average;not_seasonally_adjusted;Index 1982-1984=100;https://fred.stlouisfed.org/graph/fredgraph.csv?id=CPIAUCNS;2026-10-08
1995-10-01;1995;10;153.700;CPIAUCNS;Consumer Price Index for All Urban Consumers: All Items in U.S. City Average;not_seasonally_adjusted;Index 1982-1984=100;https://fred.stlouisfed.org/graph/fredgraph.csv?id=CPIAUCNS;2026-10-08
1995-11-01;1995;11;153.600;CPIAUCNS;Consumer Price Index for All Urban Consumers: All Items in U.S. City Average;not_seasonally_adjusted;Index 1982-1984=100;https://fred.stlouisfed.org/graph/fredgraph.csv?id=CPIAUCNS;2026-10-08
1995-12-01;1995;12;153.500;CPIAUCNS;Consumer Price Index for All Urban Consumers: All Items in U.S. City Average;not_seasonally_adjusted;Index 1982-1984=100;https://fred.stlouisfed.org/graph/fredgraph.csv?id=CPIAUCNS;2026-10-08
1996-01-01;1996;1;154.400;CPIAUCNS;Consumer Price Index for All Urban Consumers: All Items in U.S. City Average;not_seasonally_adjusted;Index 1982-1984=100;https://fred.stlouisfed.org/graph/fredgraph.csv?id=CPIAUCNS;2026-10-08
1996-02-01;1996;2;154.900;CPIAUCNS;Consumer Price Index for All Urban Consumers: All Items in U.S. City Average;not_seasonally_adjusted;Index 1982-1984=100;https://fred.stlouisfed.org/graph/fredgraph.csv?id=CPIAUCNS;2026-10-08
1996-03-01;1996;3;155.700;CPIAUCNS;Consumer Price Index for All Urban Consumers: All Items in U.S. City Average;not_seasonally_adjusted;Index 1982-1984=100;https://fred.stlouisfed.org/graph/fredgraph.csv?id=CPIAUCNS;2026-10-08
1996-04-01;1996;4;156.300;CPIAUCNS;Consumer Price Index for All Urban Consumers: All Items in U.S. City Average;not_seasonally_adjusted;Index 1982-1984=100;https://fred.stlouisfed.org/graph/fredgraph.csv?id=CPIAUCNS;2026-10-08
1996-05-01;1996;5;156.600;CPIAUCNS;Consumer Price Index for All Urban Consumers: All Items in U.S. City Average;not_seasonally_adjusted;Index 1982-1984=100;https://fred.stlouisfed.org/graph/fredgraph.csv?id=CPIAUCNS;2026-10-08
1996-06-01;1996;6;156.700;CPIAUCNS;Consumer Price Index for All Urban Consumers: All Items in U.S. City Average;not_seasonally_adjusted;Index 1982-1984=100;https://fred.stlouisfed.org/graph/fredgraph.csv?id=CPIAUCNS;2026-10-08
1996-07-01;1996;7;157.000;CPIAUCNS;Consumer Price Index for All Urban Consumers: All Items in U.S. City Average;not_seasonally_adjusted;Index 1982-1984=100;https://fred.stlouisfed.org/graph/fredgraph.csv?id=CPIAUCNS;2026-10-08
1996-08-01;1996;8;157.300;CPIAUCNS;Consumer Price Index for All Urban Consumers: All Items in U.S. City Average;not_seasonally_adjusted;Index 1982-1984=100;https://fred.stlouisfed.org/graph/fredgraph.csv?id=CPIAUCNS;2026-10-08
1996-09-01;1996;9;157.800;CPIAUCNS;Consumer Price Index for All Urban Consumers: All Items in U.S. City Average;not_seasonally_adjusted;Index 1982-1984=100;https://fred.stlouisfed.org/graph/fredgraph.csv?id=CPIAUCNS;2026-10-08
1996-10-01;1996;10;158.300;CPIAUCNS;Consumer Price Index for All Urban Consumers: All Items in U.S. City Average;not_seasonally_adjusted;Index 1982-1984=100;https://fred.stlouisfed.org/graph/fredgraph.csv?id=CPIAUCNS;2026-10-08
1996-11-01;1996;11;158.600;CPIAUCNS;Consumer Price Index for All Urban Consumers: All Items in U.S. City Average;not_seasonally_adjusted;Index 1982-1984=100;https://fred.stlouisfed.org/graph/fredgraph.csv?id=CPIAUCNS;2026-10-08
1996-12-01;1996;12;158.600;CPIAUCNS;Consumer Price Index for All Urban Consumers: All Items in U.S. City Average;not_seasonally_adjusted;Index 1982-1984=100;https://fred.stlouisfed.org/graph/fredgraph.csv?id=CPIAUCNS;2026-10-08
1997-01-01;1997;1;159.100;CPIAUCNS;Consumer Price Index for All Urban Consumers: All Items in U.S. City Average;not_seasonally_adjusted;Index 1982-1984=100;https://fred.stlouisfed.org/graph/fredgraph.csv?id=CPIAUCNS;2026-10-08
1997-02-01;1997;2;159.600;CPIAUCNS;Consumer Price Index for All Urban Consumers: All Items in U.S. City Average;not_seasonally_adjusted;Index 1982-1984=100;https://fred.stlouisfed.org/graph/fredgraph.csv?id=CPIAUCNS;2026-10-08
1997-03-01;1997;3;160.000;CPIAUCNS;Consumer Price Index for All Urban Consumers: All Items in U.S. City Average;not_seasonally_adjusted;Index 1982-1984=100;https://fred.stlouisfed.org/graph/fredgraph.csv?id=CPIAUCNS;2026-10-08
1997-04-01;1997;4;160.200;CPIAUCNS;Consumer Price Index for All Urban Consumers: All Items in U.S. City Average;not_seasonally_adjusted;Index 1982-1984=100;https://fred.stlouisfed.org/graph/fredgraph.csv?id=CPIAUCNS;2026-10-08
1997-05-01;1997;5;160.100;CPIAUCNS;Consumer Price Index for All Urban Consumers: All Items in U.S. City Average;not_seasonally_adjusted;Index 1982-1984=100;https://fred.stlouisfed.org/graph/fredgraph.csv?id=CPIAUCNS;2026-10-08
1997-06-01;1997;6;160.300;CPIAUCNS;Consumer Price Index for All Urban Consumers: All Items in U.S. City Average;not_seasonally_adjusted;Index 1982-1984=100;https://fred.stlouisfed.org/graph/fredgraph.csv?id=CPIAUCNS;2026-10-08
1997-07-01;1997;7;160.500;CPIAUCNS;Consumer Price Index for All Urban Consumers: All Items in U.S. City Average;not_seasonally_adjusted;Index 1982-1984=100;https://fred.stlouisfed.org/graph/fredgraph.csv?id=CPIAUCNS;2026-10-08
1997-08-01;1997;8;160.800;CPIAUCNS;Consumer Price Index for All Urban Consumers: All Items in U.S. City Average;not_seasonally_adjusted;Index 1982-1984=100;https://fred.stlouisfed.org/graph/fredgraph.csv?id=CPIAUCNS;2026-10-08
1997-09-01;1997;9;161.200;CPIAUCNS;Consumer Price Index for All Urban Consumers: All Items in U.S. City Average;not_seasonally_adjusted;Index 1982-1984=100;https://fred.stlouisfed.org/graph/fredgraph.csv?id=CPIAUCNS;2026-10-08
1997-10-01;1997;10;161.600;CPIAUCNS;Consumer Price Index for All Urban Consumers: All Items in U.S. City Average;not_seasonally_adjusted;Index 1982-1984=100;https://fred.stlouisfed.org/graph/fredgraph.csv?id=CPIAUCNS;2026-10-08
1997-11-01;1997;11;161.500;CPIAUCNS;Consumer Price Index for All Urban Consumers: All Items in U.S. City Average;not_seasonally_adjusted;Index 1982-1984=100;https://fred.stlouisfed.org/graph/fredgraph.csv?id=CPIAUCNS;2026-10-08
1997-12-01;1997;12;161.300;CPIAUCNS;Consumer Price Index for All Urban Consumers: All Items in U.S. City Average;not_seasonally_adjusted;Index 1982-1984=100;https://fred.stlouisfed.org/graph/fredgraph.csv?id=CPIAUCNS;2026-10-08
1998-01-01;1998;1;161.600;CPIAUCNS;Consumer Price Index for All Urban Consumers: All Items in U.S. City Average;not_seasonally_adjusted;Index 1982-1984=100;https://fred.stlouisfed.org/graph/fredgraph.csv?id=CPIAUCNS;2026-10-08
1998-02-01;1998;2;161.900;CPIAUCNS;Consumer Price Index for All Urban Consumers: All Items in U.S. City Average;not_seasonally_adjusted;Index 1982-1984=100;https://fred.stlouisfed.org/graph/fredgraph.csv?id=CPIAUCNS;2026-10-08
1998-03-01;1998;3;162.200;CPIAUCNS;Consumer Price Index for All Urban Consumers: All Items in U.S. City Average;not_seasonally_adjusted;Index 1982-1984=100;https://fred.stlouisfed.org/graph/fredgraph.csv?id=CPIAUCNS;2026-10-08
1998-04-01;1998;4;162.500;CPIAUCNS;Consumer Price Index for All Urban Consumers: All Items in U.S. City Average;not_seasonally_adjusted;Index 1982-1984=100;https://fred.stlouisfed.org/graph/fredgraph.csv?id=CPIAUCNS;2026-10-08
1998-05-01;1998;5;162.800;CPIAUCNS;Consumer Price Index for All Urban Consumers: All Items in U.S. City Average;not_seasonally_adjusted;Index 1982-1984=100;https://fred.stlouisfed.org/graph/fredgraph.csv?id=CPIAUCNS;2026-10-08
1998-06-01;1998;6;163.000;CPIAUCNS;Consumer Price Index for All Urban Consumers: All Items in U.S. City Average;not_seasonally_adjusted;Index 1982-1984=100;https://fred.stlouisfed.org/graph/fredgraph.csv?id=CPIAUCNS;2026-10-08
1998-07-01;1998;7;163.200;CPIAUCNS;Consumer Price Index for All Urban Consumers: All Items in U.S. City Average;not_seasonally_adjusted;Index 1982-1984=100;https://fred.stlouisfed.org/graph/fredgraph.csv?id=CPIAUCNS;2026-10-08
1998-08-01;1998;8;163.400;CPIAUCNS;Consumer Price Index for All Urban Consumers: All Items in U.S. City Average;not_seasonally_adjusted;Index 1982-1984=100;https://fred.stlouisfed.org/graph/fredgraph.csv?id=CPIAUCNS;2026-10-08
1998-09-01;1998;9;163.600;CPIAUCNS;Consumer Price Index for All Urban Consumers: All Items in U.S. City Average;not_seasonally_adjusted;Index 1982-1984=100;https://fred.stlouisfed.org/graph/fredgraph.csv?id=CPIAUCNS;2026-10-08
1998-10-01;1998;10;164.000;CPIAUCNS;Consumer Price Index for All Urban Consumers: All Items in U.S. City Average;not_seasonally_adjusted;Index 1982-1984=100;https://fred.stlouisfed.org/graph/fredgraph.csv?id=CPIAUCNS;2026-10-08
1998-11-01;1998;11;164.000;CPIAUCNS;Consumer Price Index for All Urban Consumers: All Items in U.S. City Average;not_seasonally_adjusted;Index 1982-1984=100;https://fred.stlouisfed.org/graph/fredgraph.csv?id=CPIAUCNS;2026-10-08
1998-12-01;1998;12;163.900;CPIAUCNS;Consumer Price Index for All Urban Consumers: All Items in U.S. City Average;not_seasonally_adjusted;Index 1982-1984=100;https://fred.stlouisfed.org/graph/fredgraph.csv?id=CPIAUCNS;2026-10-08
1999-01-01;1999;1;164.300;CPIAUCNS;Consumer Price Index for All Urban Consumers: All Items in U.S. City Average;not_seasonally_adjusted;Index 1982-1984=100;https://fred.stlouisfed.org/graph/fredgraph.csv?id=CPIAUCNS;2026-10-08
1999-02-01;1999;2;164.500;CPIAUCNS;Consumer Price Index for All Urban Consumers: All Items in U.S. City Average;not_seasonally_adjusted;Index 1982-1984=100;https://fred.stlouisfed.org/graph/fredgraph.csv?id=CPIAUCNS;2026-10-08
1999-03-01;1999;3;165.000;CPIAUCNS;Consumer Price Index for All Urban Consumers: All Items in U.S. City Average;not_seasonally_adjusted;Index 1982-1984=100;https://fred.stlouisfed.org/graph/fredgraph.csv?id=CPIAUCNS;2026-10-08
1999-04-01;1999;4;166.200;CPIAUCNS;Consumer Price Index for All Urban Consumers: All Items in U.S. City Average;not_seasonally_adjusted;Index 1982-1984=100;https://fred.stlouisfed.org/graph/fredgraph.csv?id=CPIAUCNS;2026-10-08
1999-05-01;1999;5;166.200;CPIAUCNS;Consumer Price Index for All Urban Consumers: All Items in U.S. City Average;not_seasonally_adjusted;Index 1982-1984=100;https://fred.stlouisfed.org/graph/fredgraph.csv?id=CPIAUCNS;2026-10-08
1999-06-01;1999;6;166.200;CPIAUCNS;Consumer Price Index for All Urban Consumers: All Items in U.S. City Average;not_seasonally_adjusted;Index 1982-1984=100;https://fred.stlouisfed.org/graph/fredgraph.csv?id=CPIAUCNS;2026-10-08
1999-07-01;1999;7;166.700;CPIAUCNS;Consumer Price Index for All Urban Consumers: All Items in U.S. City Average;not_seasonally_adjusted;Index 1982-1984=100;https://fred.stlouisfed.org/graph/fredgraph.csv?id=CPIAUCNS;2026-10-08
1999-08-01;1999;8;167.100;CPIAUCNS;Consumer Price Index for All Urban Consumers: All Items in U.S. City Average;not_seasonally_adjusted;Index 1982-1984=100;https://fred.stlouisfed.org/graph/fredgraph.csv?id=CPIAUCNS;2026-10-08
1999-09-01;1999;9;167.900;CPIAUCNS;Consumer Price Index for All Urban Consumers: All Items in U.S. City Average;not_seasonally_adjusted;Index 1982-1984=100;https://fred.stlouisfed.org/graph/fredgraph.csv?id=CPIAUCNS;2026-10-08
1999-10-01;1999;10;168.200;CPIAUCNS;Consumer Price Index for All Urban Consumers: All Items in U.S. City Average;not_seasonally_adjusted;Index 1982-1984=100;https://fred.stlouisfed.org/graph/fredgraph.csv?id=CPIAUCNS;2026-10-08
1999-11-01;1999;11;168.300;CPIAUCNS;Consumer Price Index for All Urban Consumers: All Items in U.S. City Average;not_seasonally_adjusted;Index 1982-1984=100;https://fred.stlouisfed.org/graph/fredgraph.csv?id=CPIAUCNS;2026-10-08
1999-12-01;1999;12;168.300;CPIAUCNS;Consumer Price Index for All Urban Consumers: All Items in U.S. City Average;not_seasonally_adjusted;Index 1982-1984=100;https://fred.stlouisfed.org/graph/fredgraph.csv?id=CPIAUCNS;2026-10-08
2000-01-01;2000;1;168.800;CPIAUCNS;Consumer Price Index for All Urban Consumers: All Items in U.S. City Average;not_seasonally_adjusted;Index 1982-1984=100;https://fred.stlouisfed.org/graph/fredgraph.csv?id=CPIAUCNS;2026-10-08
2000-02-01;2000;2;169.800;CPIAUCNS;Consumer Price Index for All Urban Consumers: All Items in U.S. City Average;not_seasonally_adjusted;Index 1982-1984=100;https://fred.stlouisfed.org/graph/fredgraph.csv?id=CPIAUCNS;2026-10-08
2000-03-01;2000;3;171.200;CPIAUCNS;Consumer Price Index for All Urban Consumers: All Items in U.S. City Average;not_seasonally_adjusted;Index 1982-1984=100;https://fred.stlouisfed.org/graph/fredgraph.csv?id=CPIAUCNS;2026-10-08
2000-04-01;2000;4;171.300;CPIAUCNS;Consumer Price Index for All Urban Consumers: All Items in U.S. City Average;not_seasonally_adjusted;Index 1982-1984=100;https://fred.stlouisfed.org/graph/fredgraph.csv?id=CPIAUCNS;2026-10-08
2000-05-01;2000;5;171.500;CPIAUCNS;Consumer Price Index for All Urban Consumers: All Items in U.S. City Average;not_seasonally_adjusted;Index 1982-1984=100;https://fred.stlouisfed.org/graph/fredgraph.csv?id=CPIAUCNS;2026-10-08
2000-06-01;2000;6;172.400;CPIAUCNS;Consumer Price Index for All Urban Consumers: All Items in U.S. City Average;not_seasonally_adjusted;Index 1982-1984=100;https://fred.stlouisfed.org/graph/fredgraph.csv?id=CPIAUCNS;2026-10-08
2000-07-01;2000;7;172.800;CPIAUCNS;Consumer Price Index for All Urban Consumers: All Items in U.S. City Average;not_seasonally_adjusted;Index 1982-1984=100;https://fred.stlouisfed.org/graph/fredgraph.csv?id=CPIAUCNS;2026-10-08
2000-08-01;2000;8;172.800;CPIAUCNS;Consumer Price Index for All Urban Consumers: All Items in U.S. City Average;not_seasonally_adjusted;Index 1982-1984=100;https://fred.stlouisfed.org/graph/fredgraph.csv?id=CPIAUCNS;2026-10-08
2000-09-01;2000;9;173.700;CPIAUCNS;Consumer Price Index for All Urban Consumers: All Items in U.S. City Average;not_seasonally_adjusted;Index 1982-1984=100;https://fred.stlouisfed.org/graph/fredgraph.csv?id=CPIAUCNS;2026-10-08
2000-10-01;2000;10;174.000;CPIAUCNS;Consumer Price Index for All Urban Consumers: All Items in U.S. City Average;not_seasonally_adjusted;Index 1982-1984=100;https://fred.stlouisfed.org/graph/fredgraph.csv?id=CPIAUCNS;2026-10-08
2000-11-01;2000;11;174.100;CPIAUCNS;Consumer Price Index for All Urban Consumers: All Items in U.S. City Average;not_seasonally_adjusted;Index 1982-1984=100;https://fred.stlouisfed.org/graph/fredgraph.csv?id=CPIAUCNS;2026-10-08
2000-12-01;2000;12;174.000;CPIAUCNS;Consumer Price Index for All Urban Consumers: All Items in U.S. City Average;not_seasonally_adjusted;Index 1982-1984=100;https://fred.stlouisfed.org/graph/fredgraph.csv?id=CPIAUCNS;2026-10-08
2001-01-01;2001;1;175.100;CPIAUCNS;Consumer Price Index for All Urban Consumers: All Items in U.S. City Average;not_seasonally_adjusted;Index 1982-1984=100;https://fred.stlouisfed.org/graph/fredgraph.csv?id=CPIAUCNS;2026-10-08
2001-02-01;2001;2;175.800;CPIAUCNS;Consumer Price Index for All Urban Consumers: All Items in U.S. City Average;not_seasonally_adjusted;Index 1982-1984=100;https://fred.stlouisfed.org/graph/fredgraph.csv?id=CPIAUCNS;2026-10-08
2001-03-01;2001;3;176.200;CPIAUCNS;Consumer Price Index for All Urban Consumers: All Items in U.S. City Average;not_seasonally_adjusted;Index 1982-1984=100;https://fred.stlouisfed.org/graph/fredgraph.csv?id=CPIAUCNS;2026-10-08
2001-04-01;2001;4;176.900;CPIAUCNS;Consumer Price Index for All Urban Consumers: All Items in U.S. City Average;not_seasonally_adjusted;Index 1982-1984=100;https://fred.stlouisfed.org/graph/fredgraph.csv?id=CPIAUCNS;2026-10-08
2001-05-01;2001;5;177.700;CPIAUCNS;Consumer Price Index for All Urban Consumers: All Items in U.S. City Average;not_seasonally_adjusted;Index 1982-1984=100;https://fred.stlouisfed.org/graph/fredgraph.csv?id=CPIAUCNS;2026-10-08
2001-06-01;2001;6;178.000;CPIAUCNS;Consumer Price Index for All Urban Consumers: All Items in U.S. City Average;not_seasonally_adjusted;Index 1982-1984=100;https://fred.stlouisfed.org/graph/fredgraph.csv?id=CPIAUCNS;2026-10-08
2001-07-01;2001;7;177.500;CPIAUCNS;Consumer Price Index for All Urban Consumers: All Items in U.S. City Average;not_seasonally_adjusted;Index 1982-1984=100;https://fred.stlouisfed.org/graph/fredgraph.csv?id=CPIAUCNS;2026-10-08
2001-08-01;2001;8;177.500;CPIAUCNS;Consumer Price Index for All Urban Consumers: All Items in U.S. City Average;not_seasonally_adjusted;Index 1982-1984=100;https://fred.stlouisfed.org/graph/fredgraph.csv?id=CPIAUCNS;2026-10-08
2001-09-01;2001;9;178.300;CPIAUCNS;Consumer Price Index for All Urban Consumers: All Items in U.S. City Average;not_seasonally_adjusted;Index 1982-1984=100;https://fred.stlouisfed.org/graph/fredgraph.csv?id=CPIAUCNS;2026-10-08
2001-10-01;2001;10;177.700;CPIAUCNS;Consumer Price Index for All Urban Consumers: All Items in U.S. City Average;not_seasonally_adjusted;Index 1982-1984=100;https://fred.stlouisfed.org/graph/fredgraph.csv?id=CPIAUCNS;2026-10-08
2001-11-01;2001;11;177.400;CPIAUCNS;Consumer Price Index for All Urban Consumers: All Items in U.S. City Average;not_seasonally_adjusted;Index 1982-1984=100;https://fred.stlouisfed.org/graph/fredgraph.csv?id=CPIAUCNS;2026-10-08
2001-12-01;2001;12;176.700;CPIAUCNS;Consumer Price Index for All Urban Consumers: All Items in U.S. City Average;not_seasonally_adjusted;Index 1982-1984=100;https://fred.stlouisfed.org/graph/fredgraph.csv?id=CPIAUCNS;2026-10-08
2002-01-01;2002;1;177.100;CPIAUCNS;Consumer Price Index for All Urban Consumers: All Items in U.S. City Average;not_seasonally_adjusted;Index 1982-1984=100;https://fred.stlouisfed.org/graph/fredgraph.csv?id=CPIAUCNS;2026-10-08
2002-02-01;2002;2;177.800;CPIAUCNS;Consumer Price Index for All Urban Consumers: All Items in U.S. City Average;not_seasonally_adjusted;Index 1982-1984=100;https://fred.stlouisfed.org/graph/fredgraph.csv?id=CPIAUCNS;2026-10-08
2002-03-01;2002;3;178.800;CPIAUCNS;Consumer Price Index for All Urban Consumers: All Items in U.S. City Average;not_seasonally_adjusted;Index 1982-1984=100;https://fred.stlouisfed.org/graph/fredgraph.csv?id=CPIAUCNS;2026-10-08
2002-04-01;2002;4;179.800;CPIAUCNS;Consumer Price Index for All Urban Consumers: All Items in U.S. City Average;not_seasonally_adjusted;Index 1982-1984=100;https://fred.stlouisfed.org/graph/fredgraph.csv?id=CPIAUCNS;2026-10-08
2002-05-01;2002;5;179.800;CPIAUCNS;Consumer Price Index for All Urban Consumers: All Items in U.S. City Average;not_seasonally_adjusted;Index 1982-1984=100;https://fred.stlouisfed.org/graph/fredgraph.csv?id=CPIAUCNS;2026-10-08
2002-06-01;2002;6;179.900;CPIAUCNS;Consumer Price Index for All Urban Consumers: All Items in U.S. City Average;not_seasonally_adjusted;Index 1982-1984=100;https://fred.stlouisfed.org/graph/fredgraph.csv?id=CPIAUCNS;2026-10-08
2002-07-01;2002;7;180.100;CPIAUCNS;Consumer Price Index for All Urban Consumers: All Items in U.S. City Average;not_seasonally_adjusted;Index 1982-1984=100;https://fred.stlouisfed.org/graph/fredgraph.csv?id=CPIAUCNS;2026-10-08
2002-08-01;2002;8;180.700;CPIAUCNS;Consumer Price Index for All Urban Consumers: All Items in U.S. City Average;not_seasonally_adjusted;Index 1982-1984=100;https://fred.stlouisfed.org/graph/fredgraph.csv?id=CPIAUCNS;2026-10-08
2002-09-01;2002;9;181.000;CPIAUCNS;Consumer Price Index for All Urban Consumers: All Items in U.S. City Average;not_seasonally_adjusted;Index 1982-1984=100;https://fred.stlouisfed.org/graph/fredgraph.csv?id=CPIAUCNS;2026-10-08
2002-10-01;2002;10;181.300;CPIAUCNS;Consumer Price Index for All Urban Consumers: All Items in U.S. City Average;not_seasonally_adjusted;Index 1982-1984=100;https://fred.stlouisfed.org/graph/fredgraph.csv?id=CPIAUCNS;2026-10-08
2002-11-01;2002;11;181.300;CPIAUCNS;Consumer Price Index for All Urban Consumers: All Items in U.S. City Average;not_seasonally_adjusted;Index 1982-1984=100;https://fred.stlouisfed.org/graph/fredgraph.csv?id=CPIAUCNS;2026-10-08
2002-12-01;2002;12;180.900;CPIAUCNS;Consumer Price Index for All Urban Consumers: All Items in U.S. City Average;not_seasonally_adjusted;Index 1982-1984=100;https://fred.stlouisfed.org/graph/fredgraph.csv?id=CPIAUCNS;2026-10-08
2003-01-01;2003;1;181.700;CPIAUCNS;Consumer Price Index for All Urban Consumers: All Items in U.S. City Average;not_seasonally_adjusted;Index 1982-1984=100;https://fred.stlouisfed.org/graph/fredgraph.csv?id=CPIAUCNS;2026-10-08
2003-02-01;2003;2;183.100;CPIAUCNS;Consumer Price Index for All Urban Consumers: All Items in U.S. City Average;not_seasonally_adjusted;Index 1982-1984=100;https://fred.stlouisfed.org/graph/fredgraph.csv?id=CPIAUCNS;2026-10-08
2003-03-01;2003;3;184.200;CPIAUCNS;Consumer Price Index for All Urban Consumers: All Items in U.S. City Average;not_seasonally_adjusted;Index 1982-1984=100;https://fred.stlouisfed.org/graph/fredgraph.csv?id=CPIAUCNS;2026-10-08
2003-04-01;2003;4;183.800;CPIAUCNS;Consumer Price Index for All Urban Consumers: All Items in U.S. City Average;not_seasonally_adjusted;Index 1982-1984=100;https://fred.stlouisfed.org/graph/fredgraph.csv?id=CPIAUCNS;2026-10-08
2003-05-01;2003;5;183.500;CPIAUCNS;Consumer Price Index for All Urban Consumers: All Items in U.S. City Average;not_seasonally_adjusted;Index 1982-1984=100;https://fred.stlouisfed.org/graph/fredgraph.csv?id=CPIAUCNS;2026-10-08
2003-06-01;2003;6;183.700;CPIAUCNS;Consumer Price Index for All Urban Consumers: All Items in U.S. City Average;not_seasonally_adjusted;Index 1982-1984=100;https://fred.stlouisfed.org/graph/fredgraph.csv?id=CPIAUCNS;2026-10-08
2003-07-01;2003;7;183.900;CPIAUCNS;Consumer Price Index for All Urban Consumers: All Items in U.S. City Average;not_seasonally_adjusted;Index 1982-1984=100;https://fred.stlouisfed.org/graph/fredgraph.csv?id=CPIAUCNS;2026-10-08
2003-08-01;2003;8;184.600;CPIAUCNS;Consumer Price Index for All Urban Consumers: All Items in U.S. City Average;not_seasonally_adjusted;Index 1982-1984=100;https://fred.stlouisfed.org/graph/fredgraph.csv?id=CPIAUCNS;2026-10-08
2003-09-01;2003;9;185.200;CPIAUCNS;Consumer Price Index for All Urban Consumers: All Items in U.S. City Average;not_seasonally_adjusted;Index 1982-1984=100;https://fred.stlouisfed.org/graph/fredgraph.csv?id=CPIAUCNS;2026-10-08
2003-10-01;2003;10;185.000;CPIAUCNS;Consumer Price Index for All Urban Consumers: All Items in U.S. City Average;not_seasonally_adjusted;Index 1982-1984=100;https://fred.stlouisfed.org/graph/fredgraph.csv?id=CPIAUCNS;2026-10-08
2003-11-01;2003;11;184.500;CPIAUCNS;Consumer Price Index for All Urban Consumers: All Items in U.S. City Average;not_seasonally_adjusted;Index 1982-1984=100;https://fred.stlouisfed.org/graph/fredgraph.csv?id=CPIAUCNS;2026-10-08
2003-12-01;2003;12;184.300;CPIAUCNS;Consumer Price Index for All Urban Consumers: All Items in U.S. City Average;not_seasonally_adjusted;Index 1982-1984=100;https://fred.stlouisfed.org/graph/fredgraph.csv?id=CPIAUCNS;2026-10-08
2004-01-01;2004;1;185.200;CPIAUCNS;Consumer Price Index for All Urban Consumers: All Items in U.S. City Average;not_seasonally_adjusted;Index 1982-1984=100;https://fred.stlouisfed.org/graph/fredgraph.csv?id=CPIAUCNS;2026-10-08
2004-02-01;2004;2;186.200;CPIAUCNS;Consumer Price Index for All Urban Consumers: All Items in U.S. City Average;not_seasonally_adjusted;Index 1982-1984=100;https://fred.stlouisfed.org/graph/fredgraph.csv?id=CPIAUCNS;2026-10-08
2004-03-01;2004;3;187.400;CPIAUCNS;Consumer Price Index for All Urban Consumers: All Items in U.S. City Average;not_seasonally_adjusted;Index 1982-1984=100;https://fred.stlouisfed.org/graph/fredgraph.csv?id=CPIAUCNS;2026-10-08
2004-04-01;2004;4;188.000;CPIAUCNS;Consumer Price Index for All Urban Consumers: All Items in U.S. City Average;not_seasonally_adjusted;Index 1982-1984=100;https://fred.stlouisfed.org/graph/fredgraph.csv?id=CPIAUCNS;2026-10-08
2004-05-01;2004;5;189.100;CPIAUCNS;Consumer Price Index for All Urban Consumers: All Items in U.S. City Average;not_seasonally_adjusted;Index 1982-1984=100;https://fred.stlouisfed.org/graph/fredgraph.csv?id=CPIAUCNS;2026-10-08
2004-06-01;2004;6;189.700;CPIAUCNS;Consumer Price Index for All Urban Consumers: All Items in U.S. City Average;not_seasonally_adjusted;Index 1982-1984=100;https://fred.stlouisfed.org/graph/fredgraph.csv?id=CPIAUCNS;2026-10-08
2004-07-01;2004;7;189.400;CPIAUCNS;Consumer Price Index for All Urban Consumers: All Items in U.S. City Average;not_seasonally_adjusted;Index 1982-1984=100;https://fred.stlouisfed.org/graph/fredgraph.csv?id=CPIAUCNS;2026-10-08
2004-08-01;2004;8;189.500;CPIAUCNS;Consumer Price Index for All Urban Consumers: All Items in U.S. City Average;not_seasonally_adjusted;Index 1982-1984=100;https://fred.stlouisfed.org/graph/fredgraph.csv?id=CPIAUCNS;2026-10-08
2004-09-01;2004;9;189.900;CPIAUCNS;Consumer Price Index for All Urban Consumers: All Items in U.S. City Average;not_seasonally_adjusted;Index 1982-1984=100;https://fred.stlouisfed.org/graph/fredgraph.csv?id=CPIAUCNS;2026-10-08
2004-10-01;2004;10;190.900;CPIAUCNS;Consumer Price Index for All Urban Consumers: All Items in U.S. City Average;not_seasonally_adjusted;Index 1982-1984=100;https://fred.stlouisfed.org/graph/fredgraph.csv?id=CPIAUCNS;2026-10-08
2004-11-01;2004;11;191.000;CPIAUCNS;Consumer Price Index for All Urban Consumers: All Items in U.S. City Average;not_seasonally_adjusted;Index 1982-1984=100;https://fred.stlouisfed.org/graph/fredgraph.csv?id=CPIAUCNS;2026-10-08
2004-12-01;2004;12;190.300;CPIAUCNS;Consumer Price Index for All Urban Consumers: All Items in U.S. City Average;not_seasonally_adjusted;Index 1982-1984=100;https://fred.stlouisfed.org/graph/fredgraph.csv?id=CPIAUCNS;2026-10-08
2005-01-01;2005;1;190.700;CPIAUCNS;Consumer Price Index for All Urban Consumers: All Items in U.S. City Average;not_seasonally_adjusted;Index 1982-1984=100;https://fred.stlouisfed.org/graph/fredgraph.csv?id=CPIAUCNS;2026-10-08
2005-02-01;2005;2;191.800;CPIAUCNS;Consumer Price Index for All Urban Consumers: All Items in U.S. City Average;not_seasonally_adjusted;Index 1982-1984=100;https://fred.stlouisfed.org/graph/fredgraph.csv?id=CPIAUCNS;2026-10-08
2005-03-01;2005;3;193.300;CPIAUCNS;Consumer Price Index for All Urban Consumers: All Items in U.S. City Average;not_seasonally_adjusted;Index 1982-1984=100;https://fred.stlouisfed.org/graph/fredgraph.csv?id=CPIAUCNS;2026-10-08
2005-04-01;2005;4;194.600;CPIAUCNS;Consumer Price Index for All Urban Consumers: All Items in U.S. City Average;not_seasonally_adjusted;Index 1982-1984=100;https://fred.stlouisfed.org/graph/fredgraph.csv?id=CPIAUCNS;2026-10-08
2005-05-01;2005;5;194.400;CPIAUCNS;Consumer Price Index for All Urban Consumers: All Items in U.S. City Average;not_seasonally_adjusted;Index 1982-1984=100;https://fred.stlouisfed.org/graph/fredgraph.csv?id=CPIAUCNS;2026-10-08
2005-06-01;2005;6;194.500;CPIAUCNS;Consumer Price Index for All Urban Consumers: All Items in U.S. City Average;not_seasonally_adjusted;Index 1982-1984=100;https://fred.stlouisfed.org/graph/fredgraph.csv?id=CPIAUCNS;2026-10-08
2005-07-01;2005;7;195.400;CPIAUCNS;Consumer Price Index for All Urban Consumers: All Items in U.S. City Average;not_seasonally_adjusted;Index 1982-1984=100;https://fred.stlouisfed.org/graph/fredgraph.csv?id=CPIAUCNS;2026-10-08
2005-08-01;2005;8;196.400;CPIAUCNS;Consumer Price Index for All Urban Consumers: All Items in U.S. City Average;not_seasonally_adjusted;Index 1982-1984=100;https://fred.stlouisfed.org/graph/fredgraph.csv?id=CPIAUCNS;2026-10-08
2005-09-01;2005;9;198.800;CPIAUCNS;Consumer Price Index for All Urban Consumers: All Items in U.S. City Average;not_seasonally_adjusted;Index 1982-1984=100;https://fred.stlouisfed.org/graph/fredgraph.csv?id=CPIAUCNS;2026-10-08
2005-10-01;2005;10;199.200;CPIAUCNS;Consumer Price Index for All Urban Consumers: All Items in U.S. City Average;not_seasonally_adjusted;Index 1982-1984=100;https://fred.stlouisfed.org/graph/fredgraph.csv?id=CPIAUCNS;2026-10-08
2005-11-01;2005;11;197.600;CPIAUCNS;Consumer Price Index for All Urban Consumers: All Items in U.S. City Average;not_seasonally_adjusted;Index 1982-1984=100;https://fred.stlouisfed.org/graph/fredgraph.csv?id=CPIAUCNS;2026-10-08
2005-12-01;2005;12;196.800;CPIAUCNS;Consumer Price Index for All Urban Consumers: All Items in U.S. City Average;not_seasonally_adjusted;Index 1982-1984=100;https://fred.stlouisfed.org/graph/fredgraph.csv?id=CPIAUCNS;2026-10-08
2006-01-01;2006;1;198.300;CPIAUCNS;Consumer Price Index for All Urban Consumers: All Items in U.S. City Average;not_seasonally_adjusted;Index 1982-1984=100;https://fred.stlouisfed.org/graph/fredgraph.csv?id=CPIAUCNS;2026-10-08
2006-02-01;2006;2;198.700;CPIAUCNS;Consumer Price Index for All Urban Consumers: All Items in U.S. City Average;not_seasonally_adjusted;Index 1982-1984=100;https://fred.stlouisfed.org/graph/fredgraph.csv?id=CPIAUCNS;2026-10-08
2006-03-01;2006;3;199.800;CPIAUCNS;Consumer Price Index for All Urban Consumers: All Items in U.S. City Average;not_seasonally_adjusted;Index 1982-1984=100;https://fred.stlouisfed.org/graph/fredgraph.csv?id=CPIAUCNS;2026-10-08
2006-04-01;2006;4;201.500;CPIAUCNS;Consumer Price Index for All Urban Consumers: All Items in U.S. City Average;not_seasonally_adjusted;Index 1982-1984=100;https://fred.stlouisfed.org/graph/fredgraph.csv?id=CPIAUCNS;2026-10-08
2006-05-01;2006;5;202.500;CPIAUCNS;Consumer Price Index for All Urban Consumers: All Items in U.S. City Average;not_seasonally_adjusted;Index 1982-1984=100;https://fred.stlouisfed.org/graph/fredgraph.csv?id=CPIAUCNS;2026-10-08
2006-06-01;2006;6;202.900;CPIAUCNS;Consumer Price Index for All Urban Consumers: All Items in U.S. City Average;not_seasonally_adjusted;Index 1982-1984=100;https://fred.stlouisfed.org/graph/fredgraph.csv?id=CPIAUCNS;2026-10-08
2006-07-01;2006;7;203.500;CPIAUCNS;Consumer Price Index for All Urban Consumers: All Items in U.S. City Average;not_seasonally_adjusted;Index 1982-1984=100;https://fred.stlouisfed.org/graph/fredgraph.csv?id=CPIAUCNS;2026-10-08
2006-08-01;2006;8;203.900;CPIAUCNS;Consumer Price Index for All Urban Consumers: All Items in U.S. City Average;not_seasonally_adjusted;Index 1982-1984=100;https://fred.stlouisfed.org/graph/fredgraph.csv?id=CPIAUCNS;2026-10-08
2006-09-01;2006;9;202.900;CPIAUCNS;Consumer Price Index for All Urban Consumers: All Items in U.S. City Average;not_seasonally_adjusted;Index 1982-1984=100;https://fred.stlouisfed.org/graph/fredgraph.csv?id=CPIAUCNS;2026-10-08
2006-10-01;2006;10;201.800;CPIAUCNS;Consumer Price Index for All Urban Consumers: All Items in U.S. City Average;not_seasonally_adjusted;Index 1982-1984=100;https://fred.stlouisfed.org/graph/fredgraph.csv?id=CPIAUCNS;2026-10-08
2006-11-01;2006;11;201.500;CPIAUCNS;Consumer Price Index for All Urban Consumers: All Items in U.S. City Average;not_seasonally_adjusted;Index 1982-1984=100;https://fred.stlouisfed.org/graph/fredgraph.csv?id=CPIAUCNS;2026-10-08
2006-12-01;2006;12;201.800;CPIAUCNS;Consumer Price Index for All Urban Consumers: All Items in U.S. City Average;not_seasonally_adjusted;Index 1982-1984=100;https://fred.stlouisfed.org/graph/fredgraph.csv?id=CPIAUCNS;2026-10-08
2007-01-01;2007;1;202.416;CPIAUCNS;Consumer Price Index for All Urban Consumers: All Items in U.S. City Average;not_seasonally_adjusted;Index 1982-1984=100;https://fred.stlouisfed.org/graph/fredgraph.csv?id=CPIAUCNS;2026-10-08
2007-02-01;2007;2;203.499;CPIAUCNS;Consumer Price Index for All Urban Consumers: All Items in U.S. City Average;not_seasonally_adjusted;Index 1982-1984=100;https://fred.stlouisfed.org/graph/fredgraph.csv?id=CPIAUCNS;2026-10-08
2007-03-01;2007;3;205.352;CPIAUCNS;Consumer Price Index for All Urban Consumers: All Items in U.S. City Average;not_seasonally_adjusted;Index 1982-1984=100;https://fred.stlouisfed.org/graph/fredgraph.csv?id=CPIAUCNS;2026-10-08
2007-04-01;2007;4;206.686;CPIAUCNS;Consumer Price Index for All Urban Consumers: All Items in U.S. City Average;not_seasonally_adjusted;Index 1982-1984=100;https://fred.stlouisfed.org/graph/fredgraph.csv?id=CPIAUCNS;2026-10-08
2007-05-01;2007;5;207.949;CPIAUCNS;Consumer Price Index for All Urban Consumers: All Items in U.S. City Average;not_seasonally_adjusted;Index 1982-1984=100;https://fred.stlouisfed.org/graph/fredgraph.csv?id=CPIAUCNS;2026-10-08
2007-06-01;2007;6;208.352;CPIAUCNS;Consumer Price Index for All Urban Consumers: All Items in U.S. City Average;not_seasonally_adjusted;Index 1982-1984=100;https://fred.stlouisfed.org/graph/fredgraph.csv?id=CPIAUCNS;2026-10-08
2007-07-01;2007;7;208.299;CPIAUCNS;Consumer Price Index for All Urban Consumers: All Items in U.S. City Average;not_seasonally_adjusted;Index 1982-1984=100;https://fred.stlouisfed.org/graph/fredgraph.csv?id=CPIAUCNS;2026-10-08
2007-08-01;2007;8;207.917;CPIAUCNS;Consumer Price Index for All Urban Consumers: All Items in U.S. City Average;not_seasonally_adjusted;Index 1982-1984=100;https://fred.stlouisfed.org/graph/fredgraph.csv?id=CPIAUCNS;2026-10-08
2007-09-01;2007;9;208.490;CPIAUCNS;Consumer Price Index for All Urban Consumers: All Items in U.S. City Average;not_seasonally_adjusted;Index 1982-1984=100;https://fred.stlouisfed.org/graph/fredgraph.csv?id=CPIAUCNS;2026-10-08
2007-10-01;2007;10;208.936;CPIAUCNS;Consumer Price Index for All Urban Consumers: All Items in U.S. City Average;not_seasonally_adjusted;Index 1982-1984=100;https://fred.stlouisfed.org/graph/fredgraph.csv?id=CPIAUCNS;2026-10-08
2007-11-01;2007;11;210.177;CPIAUCNS;Consumer Price Index for All Urban Consumers: All Items in U.S. City Average;not_seasonally_adjusted;Index 1982-1984=100;https://fred.stlouisfed.org/graph/fredgraph.csv?id=CPIAUCNS;2026-10-08
2007-12-01;2007;12;210.036;CPIAUCNS;Consumer Price Index for All Urban Consumers: All Items in U.S. City Average;not_seasonally_adjusted;Index 1982-1984=100;https://fred.stlouisfed.org/graph/fredgraph.csv?id=CPIAUCNS;2026-10-08
2008-01-01;2008;1;211.080;CPIAUCNS;Consumer Price Index for All Urban Consumers: All Items in U.S. City Average;not_seasonally_adjusted;Index 1982-1984=100;https://fred.stlouisfed.org/graph/fredgraph.csv?id=CPIAUCNS;2026-10-08
2008-02-01;2008;2;211.693;CPIAUCNS;Consumer Price Index for All Urban Consumers: All Items in U.S. City Average;not_seasonally_adjusted;Index 1982-1984=100;https://fred.stlouisfed.org/graph/fredgraph.csv?id=CPIAUCNS;2026-10-08
2008-03-01;2008;3;213.528;CPIAUCNS;Consumer Price Index for All Urban Consumers: All Items in U.S. City Average;not_seasonally_adjusted;Index 1982-1984=100;https://fred.stlouisfed.org/graph/fredgraph.csv?id=CPIAUCNS;2026-10-08
2008-04-01;2008;4;214.823;CPIAUCNS;Consumer Price Index for All Urban Consumers: All Items in U.S. City Average;not_seasonally_adjusted;Index 1982-1984=100;https://fred.stlouisfed.org/graph/fredgraph.csv?id=CPIAUCNS;2026-10-08
2008-05-01;2008;5;216.632;CPIAUCNS;Consumer Price Index for All Urban Consumers: All Items in U.S. City Average;not_seasonally_adjusted;Index 1982-1984=100;https://fred.stlouisfed.org/graph/fredgraph.csv?id=CPIAUCNS;2026-10-08
2008-06-01;2008;6;218.815;CPIAUCNS;Consumer Price Index for All Urban Consumers: All Items in U.S. City Average;not_seasonally_adjusted;Index 1982-1984=100;https://fred.stlouisfed.org/graph/fredgraph.csv?id=CPIAUCNS;2026-10-08
2008-07-01;2008;7;219.964;CPIAUCNS;Consumer Price Index for All Urban Consumers: All Items in U.S. City Average;not_seasonally_adjusted;Index 1982-1984=100;https://fred.stlouisfed.org/graph/fredgraph.csv?id=CPIAUCNS;2026-10-08
2008-08-01;2008;8;219.086;CPIAUCNS;Consumer Price Index for All Urban Consumers: All Items in U.S. City Average;not_seasonally_adjusted;Index 1982-1984=100;https://fred.stlouisfed.org/graph/fredgraph.csv?id=CPIAUCNS;2026-10-08
2008-09-01;2008;9;218.783;CPIAUCNS;Consumer Price Index for All Urban Consumers: All Items in U.S. City Average;not_seasonally_adjusted;Index 1982-1984=100;https://fred.stlouisfed.org/graph/fredgraph.csv?id=CPIAUCNS;2026-10-08
2008-10-01;2008;10;216.573;CPIAUCNS;Consumer Price Index for All Urban Consumers: All Items in U.S. City Average;not_seasonally_adjusted;Index 1982-1984=100;https://fred.stlouisfed.org/graph/fredgraph.csv?id=CPIAUCNS;2026-10-08
2008-11-01;2008;11;212.425;CPIAUCNS;Consumer Price Index for All Urban Consumers: All Items in U.S. City Average;not_seasonally_adjusted;Index 1982-1984=100;https://fred.stlouisfed.org/graph/fredgraph.csv?id=CPIAUCNS;2026-10-08
2008-12-01;2008;12;210.228;CPIAUCNS;Consumer Price Index for All Urban Consumers: All Items in U.S. City Average;not_seasonally_adjusted;Index 1982-1984=100;https://fred.stlouisfed.org/graph/fredgraph.csv?id=CPIAUCNS;2026-10-08
2009-01-01;2009;1;211.143;CPIAUCNS;Consumer Price Index for All Urban Consumers: All Items in U.S. City Average;not_seasonally_adjusted;Index 1982-1984=100;https://fred.stlouisfed.org/graph/fredgraph.csv?id=CPIAUCNS;2026-10-08
2009-02-01;2009;2;212.193;CPIAUCNS;Consumer Price Index for All Urban Consumers: All Items in U.S. City Average;not_seasonally_adjusted;Index 1982-1984=100;https://fred.stlouisfed.org/graph/fredgraph.csv?id=CPIAUCNS;2026-10-08
2009-03-01;2009;3;212.709;CPIAUCNS;Consumer Price Index for All Urban Consumers: All Items in U.S. City Average;not_seasonally_adjusted;Index 1982-1984=100;https://fred.stlouisfed.org/graph/fredgraph.csv?id=CPIAUCNS;2026-10-08
2009-04-01;2009;4;213.240;CPIAUCNS;Consumer Price Index for All Urban Consumers: All Items in U.S. City Average;not_seasonally_adjusted;Index 1982-1984=100;https://fred.stlouisfed.org/graph/fredgraph.csv?id=CPIAUCNS;2026-10-08
2009-05-01;2009;5;213.856;CPIAUCNS;Consumer Price Index for All Urban Consumers: All Items in U.S. City Average;not_seasonally_adjusted;Index 1982-1984=100;https://fred.stlouisfed.org/graph/fredgraph.csv?id=CPIAUCNS;2026-10-08
2009-06-01;2009;6;215.693;CPIAUCNS;Consumer Price Index for All Urban Consumers: All Items in U.S. City Average;not_seasonally_adjusted;Index 1982-1984=100;https://fred.stlouisfed.org/graph/fredgraph.csv?id=CPIAUCNS;2026-10-08
2009-07-01;2009;7;215.351;CPIAUCNS;Consumer Price Index for All Urban Consumers: All Items in U.S. City Average;not_seasonally_adjusted;Index 1982-1984=100;https://fred.stlouisfed.org/graph/fredgraph.csv?id=CPIAUCNS;2026-10-08
2009-08-01;2009;8;215.834;CPIAUCNS;Consumer Price Index for All Urban Consumers: All Items in U.S. City Average;not_seasonally_adjusted;Index 1982-1984=100;https://fred.stlouisfed.org/graph/fredgraph.csv?id=CPIAUCNS;2026-10-08
2009-09-01;2009;9;215.969;CPIAUCNS;Consumer Price Index for All Urban Consumers: All Items in U.S. City Average;not_seasonally_adjusted;Index 1982-1984=100;https://fred.stlouisfed.org/graph/fredgraph.csv?id=CPIAUCNS;2026-10-08
2009-10-01;2009;10;216.177;CPIAUCNS;Consumer Price Index for All Urban Consumers: All Items in U.S. City Average;not_seasonally_adjusted;Index 1982-1984=100;https://fred.stlouisfed.org/graph/fredgraph.csv?id=CPIAUCNS;2026-10-08
2009-11-01;2009;11;216.330;CPIAUCNS;Consumer Price Index for All Urban Consumers: All Items in U.S. City Average;not_seasonally_adjusted;Index 1982-1984=100;https://fred.stlouisfed.org/graph/fredgraph.csv?id=CPIAUCNS;2026-10-08
2009-12-01;2009;12;215.949;CPIAUCNS;Consumer Price Index for All Urban Consumers: All Items in U.S. City Average;not_seasonally_adjusted;Index 1982-1984=100;https://fred.stlouisfed.org/graph/fredgraph.csv?id=CPIAUCNS;2026-10-08
2010-01-01;2010;1;216.687;CPIAUCNS;Consumer Price Index for All Urban Consumers: All Items in U.S. City Average;not_seasonally_adjusted;Index 1982-1984=100;https://fred.stlouisfed.org/graph/fredgraph.csv?id=CPIAUCNS;2026-10-08
2010-02-01;2010;2;216.741;CPIAUCNS;Consumer Price Index for All Urban Consumers: All Items in U.S. City Average;not_seasonally_adjusted;Index 1982-1984=100;https://fred.stlouisfed.org/graph/fredgraph.csv?id=CPIAUCNS;2026-10-08
2010-03-01;2010;3;217.631;CPIAUCNS;Consumer Price Index for All Urban Consumers: All Items in U.S. City Average;not_seasonally_adjusted;Index 1982-1984=100;https://fred.stlouisfed.org/graph/fredgraph.csv?id=CPIAUCNS;2026-10-08
2010-04-01;2010;4;218.009;CPIAUCNS;Consumer Price Index for All Urban Consumers: All Items in U.S. City Average;not_seasonally_adjusted;Index 1982-1984=100;https://fred.stlouisfed.org/graph/fredgraph.csv?id=CPIAUCNS;2026-10-08
2010-05-01;2010;5;218.178;CPIAUCNS;Consumer Price Index for All Urban Consumers: All Items in U.S. City Average;not_seasonally_adjusted;Index 1982-1984=100;https://fred.stlouisfed.org/graph/fredgraph.csv?id=CPIAUCNS;2026-10-08
2010-06-01;2010;6;217.965;CPIAUCNS;Consumer Price Index for All Urban Consumers: All Items in U.S. City Average;not_seasonally_adjusted;Index 1982-1984=100;https://fred.stlouisfed.org/graph/fredgraph.csv?id=CPIAUCNS;2026-10-08
2010-07-01;2010;7;218.011;CPIAUCNS;Consumer Price Index for All Urban Consumers: All Items in U.S. City Average;not_seasonally_adjusted;Index 1982-1984=100;https://fred.stlouisfed.org/graph/fredgraph.csv?id=CPIAUCNS;2026-10-08
2010-08-01;2010;8;218.312;CPIAUCNS;Consumer Price Index for All Urban Consumers: All Items in U.S. City Average;not_seasonally_adjusted;Index 1982-1984=100;https://fred.stlouisfed.org/graph/fredgraph.csv?id=CPIAUCNS;2026-10-08
2010-09-01;2010;9;218.439;CPIAUCNS;Consumer Price Index for All Urban Consumers: All Items in U.S. City Average;not_seasonally_adjusted;Index 1982-1984=100;https://fred.stlouisfed.org/graph/fredgraph.csv?id=CPIAUCNS;2026-10-08
2010-10-01;2010;10;218.711;CPIAUCNS;Consumer Price Index for All Urban Consumers: All Items in U.S. City Average;not_seasonally_adjusted;Index 1982-1984=100;https://fred.stlouisfed.org/graph/fredgraph.csv?id=CPIAUCNS;2026-10-08
2010-11-01;2010;11;218.803;CPIAUCNS;Consumer Price Index for All Urban Consumers: All Items in U.S. City Average;not_seasonally_adjusted;Index 1982-1984=100;https://fred.stlouisfed.org/graph/fredgraph.csv?id=CPIAUCNS;2026-10-08
2010-12-01;2010;12;219.179;CPIAUCNS;Consumer Price Index for All Urban Consumers: All Items in U.S. City Average;not_seasonally_adjusted;Index 1982-1984=100;https://fred.stlouisfed.org/graph/fredgraph.csv?id=CPIAUCNS;2026-10-08
2011-01-01;2011;1;220.223;CPIAUCNS;Consumer Price Index for All Urban Consumers: All Items in U.S. City Average;not_seasonally_adjusted;Index 1982-1984=100;https://fred.stlouisfed.org/graph/fredgraph.csv?id=CPIAUCNS;2026-10-08
2011-02-01;2011;2;221.309;CPIAUCNS;Consumer Price Index for All Urban Consumers: All Items in U.S. City Average;not_seasonally_adjusted;Index 1982-1984=100;https://fred.stlouisfed.org/graph/fredgraph.csv?id=CPIAUCNS;2026-10-08
2011-03-01;2011;3;223.467;CPIAUCNS;Consumer Price Index for All Urban Consumers: All Items in U.S. City Average;not_seasonally_adjusted;Index 1982-1984=100;https://fred.stlouisfed.org/graph/fredgraph.csv?id=CPIAUCNS;2026-10-08
2011-04-01;2011;4;224.906;CPIAUCNS;Consumer Price Index for All Urban Consumers: All Items in U.S. City Average;not_seasonally_adjusted;Index 1982-1984=100;https://fred.stlouisfed.org/graph/fredgraph.csv?id=CPIAUCNS;2026-10-08
2011-05-01;2011;5;225.964;CPIAUCNS;Consumer Price Index for All Urban Consumers: All Items in U.S. City Average;not_seasonally_adjusted;Index 1982-1984=100;https://fred.stlouisfed.org/graph/fredgraph.csv?id=CPIAUCNS;2026-10-08
2011-06-01;2011;6;225.722;CPIAUCNS;Consumer Price Index for All Urban Consumers: All Items in U.S. City Average;not_seasonally_adjusted;Index 1982-1984=100;https://fred.stlouisfed.org/graph/fredgraph.csv?id=CPIAUCNS;2026-10-08
2011-07-01;2011;7;225.922;CPIAUCNS;Consumer Price Index for All Urban Consumers: All Items in U.S. City Average;not_seasonally_adjusted;Index 1982-1984=100;https://fred.stlouisfed.org/graph/fredgraph.csv?id=CPIAUCNS;2026-10-08
2011-08-01;2011;8;226.545;CPIAUCNS;Consumer Price Index for All Urban Consumers: All Items in U.S. City Average;not_seasonally_adjusted;Index 1982-1984=100;https://fred.stlouisfed.org/graph/fredgraph.csv?id=CPIAUCNS;2026-10-08
2011-09-01;2011;9;226.889;CPIAUCNS;Consumer Price Index for All Urban Consumers: All Items in U.S. City Average;not_seasonally_adjusted;Index 1982-1984=100;https://fred.stlouisfed.org/graph/fredgraph.csv?id=CPIAUCNS;2026-10-08
2011-10-01;2011;10;226.421;CPIAUCNS;Consumer Price Index for All Urban Consumers: All Items in U.S. City Average;not_seasonally_adjusted;Index 1982-1984=100;https://fred.stlouisfed.org/graph/fredgraph.csv?id=CPIAUCNS;2026-10-08
2011-11-01;2011;11;226.230;CPIAUCNS;Consumer Price Index for All Urban Consumers: All Items in U.S. City Average;not_seasonally_adjusted;Index 1982-1984=100;https://fred.stlouisfed.org/graph/fredgraph.csv?id=CPIAUCNS;2026-10-08
2011-12-01;2011;12;225.672;CPIAUCNS;Consumer Price Index for All Urban Consumers: All Items in U.S. City Average;not_seasonally_adjusted;Index 1982-1984=100;https://fred.stlouisfed.org/graph/fredgraph.csv?id=CPIAUCNS;2026-10-08
2012-01-01;2012;1;226.665;CPIAUCNS;Consumer Price Index for All Urban Consumers: All Items in U.S. City Average;not_seasonally_adjusted;Index 1982-1984=100;https://fred.stlouisfed.org/graph/fredgraph.csv?id=CPIAUCNS;2026-10-08
2012-02-01;2012;2;227.663;CPIAUCNS;Consumer Price Index for All Urban Consumers: All Items in U.S. City Average;not_seasonally_adjusted;Index 1982-1984=100;https://fred.stlouisfed.org/graph/fredgraph.csv?id=CPIAUCNS;2026-10-08
2012-03-01;2012;3;229.392;CPIAUCNS;Consumer Price Index for All Urban Consumers: All Items in U.S. City Average;not_seasonally_adjusted;Index 1982-1984=100;https://fred.stlouisfed.org/graph/fredgraph.csv?id=CPIAUCNS;2026-10-08
2012-04-01;2012;4;230.085;CPIAUCNS;Consumer Price Index for All Urban Consumers: All Items in U.S. City Average;not_seasonally_adjusted;Index 1982-1984=100;https://fred.stlouisfed.org/graph/fredgraph.csv?id=CPIAUCNS;2026-10-08
2012-05-01;2012;5;229.815;CPIAUCNS;Consumer Price Index for All Urban Consumers: All Items in U.S. City Average;not_seasonally_adjusted;Index 1982-1984=100;https://fred.stlouisfed.org/graph/fredgraph.csv?id=CPIAUCNS;2026-10-08
2012-06-01;2012;6;229.478;CPIAUCNS;Consumer Price Index for All Urban Consumers: All Items in U.S. City Average;not_seasonally_adjusted;Index 1982-1984=100;https://fred.stlouisfed.org/graph/fredgraph.csv?id=CPIAUCNS;2026-10-08
2012-07-01;2012;7;229.104;CPIAUCNS;Consumer Price Index for All Urban Consumers: All Items in U.S. City Average;not_seasonally_adjusted;Index 1982-1984=100;https://fred.stlouisfed.org/graph/fredgraph.csv?id=CPIAUCNS;2026-10-08
2012-08-01;2012;8;230.379;CPIAUCNS;Consumer Price Index for All Urban Consumers: All Items in U.S. City Average;not_seasonally_adjusted;Index 1982-1984=100;https://fred.stlouisfed.org/graph/fredgraph.csv?id=CPIAUCNS;2026-10-08
2012-09-01;2012;9;231.407;CPIAUCNS;Consumer Price Index for All Urban Consumers: All Items in U.S. City Average;not_seasonally_adjusted;Index 1982-1984=100;https://fred.stlouisfed.org/graph/fredgraph.csv?id=CPIAUCNS;2026-10-08
2012-10-01;2012;10;231.317;CPIAUCNS;Consumer Price Index for All Urban Consumers: All Items in U.S. City Average;not_seasonally_adjusted;Index 1982-1984=100;https://fred.stlouisfed.org/graph/fredgraph.csv?id=CPIAUCNS;2026-10-08
2012-11-01;2012;11;230.221;CPIAUCNS;Consumer Price Index for All Urban Consumers: All Items in U.S. City Average;not_seasonally_adjusted;Index 1982-1984=100;https://fred.stlouisfed.org/graph/fredgraph.csv?id=CPIAUCNS;2026-10-08
2012-12-01;2012;12;229.601;CPIAUCNS;Consumer Price Index for All Urban Consumers: All Items in U.S. City Average;not_seasonally_adjusted;Index 1982-1984=100;https://fred.stlouisfed.org/graph/fredgraph.csv?id=CPIAUCNS;2026-10-08
2013-01-01;2013;1;230.280;CPIAUCNS;Consumer Price Index for All Urban Consumers: All Items in U.S. City Average;not_seasonally_adjusted;Index 1982-1984=100;https://fred.stlouisfed.org/graph/fredgraph.csv?id=CPIAUCNS;2026-10-08
2013-02-01;2013;2;232.166;CPIAUCNS;Consumer Price Index for All Urban Consumers: All Items in U.S. City Average;not_seasonally_adjusted;Index 1982-1984=100;https://fred.stlouisfed.org/graph/fredgraph.csv?id=CPIAUCNS;2026-10-08
2013-03-01;2013;3;232.773;CPIAUCNS;Consumer Price Index for All Urban Consumers: All Items in U.S. City Average;not_seasonally_adjusted;Index 1982-1984=100;https://fred.stlouisfed.org/graph/fredgraph.csv?id=CPIAUCNS;2026-10-08
2013-04-01;2013;4;232.531;CPIAUCNS;Consumer Price Index for All Urban Consumers: All Items in U.S. City Average;not_seasonally_adjusted;Index 1982-1984=100;https://fred.stlouisfed.org/graph/fredgraph.csv?id=CPIAUCNS;2026-10-08
2013-05-01;2013;5;232.945;CPIAUCNS;Consumer Price Index for All Urban Consumers: All Items in U.S. City Average;not_seasonally_adjusted;Index 1982-1984=100;https://fred.stlouisfed.org/graph/fredgraph.csv?id=CPIAUCNS;2026-10-08
2013-06-01;2013;6;233.504;CPIAUCNS;Consumer Price Index for All Urban Consumers: All Items in U.S. City Average;not_seasonally_adjusted;Index 1982-1984=100;https://fred.stlouisfed.org/graph/fredgraph.csv?id=CPIAUCNS;2026-10-08
2013-07-01;2013;7;233.596;CPIAUCNS;Consumer Price Index for All Urban Consumers: All Items in U.S. City Average;not_seasonally_adjusted;Index 1982-1984=100;https://fred.stlouisfed.org/graph/fredgraph.csv?id=CPIAUCNS;2026-10-08
2013-08-01;2013;8;233.877;CPIAUCNS;Consumer Price Index for All Urban Consumers: All Items in U.S. City Average;not_seasonally_adjusted;Index 1982-1984=100;https://fred.stlouisfed.org/graph/fredgraph.csv?id=CPIAUCNS;2026-10-08
2013-09-01;2013;9;234.149;CPIAUCNS;Consumer Price Index for All Urban Consumers: All Items in U.S. City Average;not_seasonally_adjusted;Index 1982-1984=100;https://fred.stlouisfed.org/graph/fredgraph.csv?id=CPIAUCNS;2026-10-08
2013-10-01;2013;10;233.546;CPIAUCNS;Consumer Price Index for All Urban Consumers: All Items in U.S. City Average;not_seasonally_adjusted;Index 1982-1984=100;https://fred.stlouisfed.org/graph/fredgraph.csv?id=CPIAUCNS;2026-10-08
2013-11-01;2013;11;233.069;CPIAUCNS;Consumer Price Index for All Urban Consumers: All Items in U.S. City Average;not_seasonally_adjusted;Index 1982-1984=100;https://fred.stlouisfed.org/graph/fredgraph.csv?id=CPIAUCNS;2026-10-08
2013-12-01;2013;12;233.049;CPIAUCNS;Consumer Price Index for All Urban Consumers: All Items in U.S. City Average;not_seasonally_adjusted;Index 1982-1984=100;https://fred.stlouisfed.org/graph/fredgraph.csv?id=CPIAUCNS;2026-10-08
2014-01-01;2014;1;233.916;CPIAUCNS;Consumer Price Index for All Urban Consumers: All Items in U.S. City Average;not_seasonally_adjusted;Index 1982-1984=100;https://fred.stlouisfed.org/graph/fredgraph.csv?id=CPIAUCNS;2026-10-08
2014-02-01;2014;2;234.781;CPIAUCNS;Consumer Price Index for All Urban Consumers: All Items in U.S. City Average;not_seasonally_adjusted;Index 1982-1984=100;https://fred.stlouisfed.org/graph/fredgraph.csv?id=CPIAUCNS;2026-10-08
2014-03-01;2014;3;236.293;CPIAUCNS;Consumer Price Index for All Urban Consumers: All Items in U.S. City Average;not_seasonally_adjusted;Index 1982-1984=100;https://fred.stlouisfed.org/graph/fredgraph.csv?id=CPIAUCNS;2026-10-08
2014-04-01;2014;4;237.072;CPIAUCNS;Consumer Price Index for All Urban Consumers: All Items in U.S. City Average;not_seasonally_adjusted;Index 1982-1984=100;https://fred.stlouisfed.org/graph/fredgraph.csv?id=CPIAUCNS;2026-10-08
2014-05-01;2014;5;237.900;CPIAUCNS;Consumer Price Index for All Urban Consumers: All Items in U.S. City Average;not_seasonally_adjusted;Index 1982-1984=100;https://fred.stlouisfed.org/graph/fredgraph.csv?id=CPIAUCNS;2026-10-08
2014-06-01;2014;6;238.343;CPIAUCNS;Consumer Price Index for All Urban Consumers: All Items in U.S. City Average;not_seasonally_adjusted;Index 1982-1984=100;https://fred.stlouisfed.org/graph/fredgraph.csv?id=CPIAUCNS;2026-10-08
2014-07-01;2014;7;238.250;CPIAUCNS;Consumer Price Index for All Urban Consumers: All Items in U.S. City Average;not_seasonally_adjusted;Index 1982-1984=100;https://fred.stlouisfed.org/graph/fredgraph.csv?id=CPIAUCNS;2026-10-08
2014-08-01;2014;8;237.852;CPIAUCNS;Consumer Price Index for All Urban Consumers: All Items in U.S. City Average;not_seasonally_adjusted;Index 1982-1984=100;https://fred.stlouisfed.org/graph/fredgraph.csv?id=CPIAUCNS;2026-10-08
2014-09-01;2014;9;238.031;CPIAUCNS;Consumer Price Index for All Urban Consumers: All Items in U.S. City Average;not_seasonally_adjusted;Index 1982-1984=100;https://fred.stlouisfed.org/graph/fredgraph.csv?id=CPIAUCNS;2026-10-08
2014-10-01;2014;10;237.433;CPIAUCNS;Consumer Price Index for All Urban Consumers: All Items in U.S. City Average;not_seasonally_adjusted;Index 1982-1984=100;https://fred.stlouisfed.org/graph/fredgraph.csv?id=CPIAUCNS;2026-10-08
2014-11-01;2014;11;236.151;CPIAUCNS;Consumer Price Index for All Urban Consumers: All Items in U.S. City Average;not_seasonally_adjusted;Index 1982-1984=100;https://fred.stlouisfed.org/graph/fredgraph.csv?id=CPIAUCNS;2026-10-08
2014-12-01;2014;12;234.812;CPIAUCNS;Consumer Price Index for All Urban Consumers: All Items in U.S. City Average;not_seasonally_adjusted;Index 1982-1984=100;https://fred.stlouisfed.org/graph/fredgraph.csv?id=CPIAUCNS;2026-10-08
2015-01-01;2015;1;233.707;CPIAUCNS;Consumer Price Index for All Urban Consumers: All Items in U.S. City Average;not_seasonally_adjusted;Index 1982-1984=100;https://fred.stlouisfed.org/graph/fredgraph.csv?id=CPIAUCNS;2026-10-08
2015-02-01;2015;2;234.722;CPIAUCNS;Consumer Price Index for All Urban Consumers: All Items in U.S. City Average;not_seasonally_adjusted;Index 1982-1984=100;https://fred.stlouisfed.org/graph/fredgraph.csv?id=CPIAUCNS;2026-10-08
2015-03-01;2015;3;236.119;CPIAUCNS;Consumer Price Index for All Urban Consumers: All Items in U.S. City Average;not_seasonally_adjusted;Index 1982-1984=100;https://fred.stlouisfed.org/graph/fredgraph.csv?id=CPIAUCNS;2026-10-08
2015-04-01;2015;4;236.599;CPIAUCNS;Consumer Price Index for All Urban Consumers: All Items in U.S. City Average;not_seasonally_adjusted;Index 1982-1984=100;https://fred.stlouisfed.org/graph/fredgraph.csv?id=CPIAUCNS;2026-10-08
2015-05-01;2015;5;237.805;CPIAUCNS;Consumer Price Index for All Urban Consumers: All Items in U.S. City Average;not_seasonally_adjusted;Index 1982-1984=100;https://fred.stlouisfed.org/graph/fredgraph.csv?id=CPIAUCNS;2026-10-08
2015-06-01;2015;6;238.638;CPIAUCNS;Consumer Price Index for All Urban Consumers: All Items in U.S. City Average;not_seasonally_adjusted;Index 1982-1984=100;https://fred.stlouisfed.org/graph/fredgraph.csv?id=CPIAUCNS;2026-10-08
2015-07-01;2015;7;238.654;CPIAUCNS;Consumer Price Index for All Urban Consumers: All Items in U.S. City Average;not_seasonally_adjusted;Index 1982-1984=100;https://fred.stlouisfed.org/graph/fredgraph.csv?id=CPIAUCNS;2026-10-08
2015-08-01;2015;8;238.316;CPIAUCNS;Consumer Price Index for All Urban Consumers: All Items in U.S. City Average;not_seasonally_adjusted;Index 1982-1984=100;https://fred.stlouisfed.org/graph/fredgraph.csv?id=CPIAUCNS;2026-10-08
2015-09-01;2015;9;237.945;CPIAUCNS;Consumer Price Index for All Urban Consumers: All Items in U.S. City Average;not_seasonally_adjusted;Index 1982-1984=100;https://fred.stlouisfed.org/graph/fredgraph.csv?id=CPIAUCNS;2026-10-08
2015-10-01;2015;10;237.838;CPIAUCNS;Consumer Price Index for All Urban Consumers: All Items in U.S. City Average;not_seasonally_adjusted;Index 1982-1984=100;https://fred.stlouisfed.org/graph/fredgraph.csv?id=CPIAUCNS;2026-10-08
2015-11-01;2015;11;237.336;CPIAUCNS;Consumer Price Index for All Urban Consumers: All Items in U.S. City Average;not_seasonally_adjusted;Index 1982-1984=100;https://fred.stlouisfed.org/graph/fredgraph.csv?id=CPIAUCNS;2026-10-08
2015-12-01;2015;12;236.525;CPIAUCNS;Consumer Price Index for All Urban Consumers: All Items in U.S. City Average;not_seasonally_adjusted;Index 1982-1984=100;https://fred.stlouisfed.org/graph/fredgraph.csv?id=CPIAUCNS;2026-10-08
2016-01-01;2016;1;236.916;CPIAUCNS;Consumer Price Index for All Urban Consumers: All Items in U.S. City Average;not_seasonally_adjusted;Index 1982-1984=100;https://fred.stlouisfed.org/graph/fredgraph.csv?id=CPIAUCNS;2026-10-08
2016-02-01;2016;2;237.111;CPIAUCNS;Consumer Price Index for All Urban Consumers: All Items in U.S. City Average;not_seasonally_adjusted;Index 1982-1984=100;https://fred.stlouisfed.org/graph/fredgraph.csv?id=CPIAUCNS;2026-10-08
2016-03-01;2016;3;238.132;CPIAUCNS;Consumer Price Index for All Urban Consumers: All Items in U.S. City Average;not_seasonally_adjusted;Index 1982-1984=100;https://fred.stlouisfed.org/graph/fredgraph.csv?id=CPIAUCNS;2026-10-08
2016-04-01;2016;4;239.261;CPIAUCNS;Consumer Price Index for All Urban Consumers: All Items in U.S. City Average;not_seasonally_adjusted;Index 1982-1984=100;https://fred.stlouisfed.org/graph/fredgraph.csv?id=CPIAUCNS;2026-10-08
2016-05-01;2016;5;240.229;CPIAUCNS;Consumer Price Index for All Urban Consumers: All Items in U.S. City Average;not_seasonally_adjusted;Index 1982-1984=100;https://fred.stlouisfed.org/graph/fredgraph.csv?id=CPIAUCNS;2026-10-08
2016-06-01;2016;6;241.018;CPIAUCNS;Consumer Price Index for All Urban Consumers: All Items in U.S. City Average;not_seasonally_adjusted;Index 1982-1984=100;https://fred.stlouisfed.org/graph/fredgraph.csv?id=CPIAUCNS;2026-10-08
2016-07-01;2016;7;240.628;CPIAUCNS;Consumer Price Index for All Urban Consumers: All Items in U.S. City Average;not_seasonally_adjusted;Index 1982-1984=100;https://fred.stlouisfed.org/graph/fredgraph.csv?id=CPIAUCNS;2026-10-08
2016-08-01;2016;8;240.849;CPIAUCNS;Consumer Price Index for All Urban Consumers: All Items in U.S. City Average;not_seasonally_adjusted;Index 1982-1984=100;https://fred.stlouisfed.org/graph/fredgraph.csv?id=CPIAUCNS;2026-10-08
2016-09-01;2016;9;241.428;CPIAUCNS;Consumer Price Index for All Urban Consumers: All Items in U.S. City Average;not_seasonally_adjusted;Index 1982-1984=100;https://fred.stlouisfed.org/graph/fredgraph.csv?id=CPIAUCNS;2026-10-08
2016-10-01;2016;10;241.729;CPIAUCNS;Consumer Price Index for All Urban Consumers: All Items in U.S. City Average;not_seasonally_adjusted;Index 1982-1984=100;https://fred.stlouisfed.org/graph/fredgraph.csv?id=CPIAUCNS;2026-10-08
2016-11-01;2016;11;241.353;CPIAUCNS;Consumer Price Index for All Urban Consumers: All Items in U.S. City Average;not_seasonally_adjusted;Index 1982-1984=100;https://fred.stlouisfed.org/graph/fredgraph.csv?id=CPIAUCNS;2026-10-08
2016-12-01;2016;12;241.432;CPIAUCNS;Consumer Price Index for All Urban Consumers: All Items in U.S. City Average;not_seasonally_adjusted;Index 1982-1984=100;https://fred.stlouisfed.org/graph/fredgraph.csv?id=CPIAUCNS;2026-10-08
2017-01-01;2017;1;242.839;CPIAUCNS;Consumer Price Index for All Urban Consumers: All Items in U.S. City Average;not_seasonally_adjusted;Index 1982-1984=100;https://fred.stlouisfed.org/graph/fredgraph.csv?id=CPIAUCNS;2026-10-08
2017-02-01;2017;2;243.603;CPIAUCNS;Consumer Price Index for All Urban Consumers: All Items in U.S. City Average;not_seasonally_adjusted;Index 1982-1984=100;https://fred.stlouisfed.org/graph/fredgraph.csv?id=CPIAUCNS;2026-10-08
2017-03-01;2017;3;243.801;CPIAUCNS;Consumer Price Index for All Urban Consumers: All Items in U.S. City Average;not_seasonally_adjusted;Index 1982-1984=100;https://fred.stlouisfed.org/graph/fredgraph.csv?id=CPIAUCNS;2026-10-08
2017-04-01;2017;4;244.524;CPIAUCNS;Consumer Price Index for All Urban Consumers: All Items in U.S. City Average;not_seasonally_adjusted;Index 1982-1984=100;https://fred.stlouisfed.org/graph/fredgraph.csv?id=CPIAUCNS;2026-10-08
2017-05-01;2017;5;244.733;CPIAUCNS;Consumer Price Index for All Urban Consumers: All Items in U.S. City Average;not_seasonally_adjusted;Index 1982-1984=100;https://fred.stlouisfed.org/graph/fredgraph.csv?id=CPIAUCNS;2026-10-08
2017-06-01;2017;6;244.955;CPIAUCNS;Consumer Price Index for All Urban Consumers: All Items in U.S. City Average;not_seasonally_adjusted;Index 1982-1984=100;https://fred.stlouisfed.org/graph/fredgraph.csv?id=CPIAUCNS;2026-10-08
2017-07-01;2017;7;244.786;CPIAUCNS;Consumer Price Index for All Urban Consumers: All Items in U.S. City Average;not_seasonally_adjusted;Index 1982-1984=100;https://fred.stlouisfed.org/graph/fredgraph.csv?id=CPIAUCNS;2026-10-08
2017-08-01;2017;8;245.519;CPIAUCNS;Consumer Price Index for All Urban Consumers: All Items in U.S. City Average;not_seasonally_adjusted;Index 1982-1984=100;https://fred.stlouisfed.org/graph/fredgraph.csv?id=CPIAUCNS;2026-10-08
2017-09-01;2017;9;246.819;CPIAUCNS;Consumer Price Index for All Urban Consumers: All Items in U.S. City Average;not_seasonally_adjusted;Index 1982-1984=100;https://fred.stlouisfed.org/graph/fredgraph.csv?id=CPIAUCNS;2026-10-08
2017-10-01;2017;10;246.663;CPIAUCNS;Consumer Price Index for All Urban Consumers: All Items in U.S. City Average;not_seasonally_adjusted;Index 1982-1984=100;https://fred.stlouisfed.org/graph/fredgraph.csv?id=CPIAUCNS;2026-10-08
2017-11-01;2017;11;246.669;CPIAUCNS;Consumer Price Index for All Urban Consumers: All Items in U.S. City Average;not_seasonally_adjusted;Index 1982-1984=100;https://fred.stlouisfed.org/graph/fredgraph.csv?id=CPIAUCNS;2026-10-08
2017-12-01;2017;12;246.524;CPIAUCNS;Consumer Price Index for All Urban Consumers: All Items in U.S. City Average;not_seasonally_adjusted;Index 1982-1984=100;https://fred.stlouisfed.org/graph/fredgraph.csv?id=CPIAUCNS;2026-10-08
2018-01-01;2018;1;247.867;CPIAUCNS;Consumer Price Index for All Urban Consumers: All Items in U.S. City Average;not_seasonally_adjusted;Index 1982-1984=100;https://fred.stlouisfed.org/graph/fredgraph.csv?id=CPIAUCNS;2026-10-08
2018-02-01;2018;2;248.991;CPIAUCNS;Consumer Price Index for All Urban Consumers: All Items in U.S. City Average;not_seasonally_adjusted;Index 1982-1984=100;https://fred.stlouisfed.org/graph/fredgraph.csv?id=CPIAUCNS;2026-10-08
2018-03-01;2018;3;249.554;CPIAUCNS;Consumer Price Index for All Urban Consumers: All Items in U.S. City Average;not_seasonally_adjusted;Index 1982-1984=100;https://fred.stlouisfed.org/graph/fredgraph.csv?id=CPIAUCNS;2026-10-08
2018-04-01;2018;4;250.546;CPIAUCNS;Consumer Price Index for All Urban Consumers: All Items in U.S. City Average;not_seasonally_adjusted;Index 1982-1984=100;https://fred.stlouisfed.org/graph/fredgraph.csv?id=CPIAUCNS;2026-10-08
2018-05-01;2018;5;251.588;CPIAUCNS;Consumer Price Index for All Urban Consumers: All Items in U.S. City Average;not_seasonally_adjusted;Index 1982-1984=100;https://fred.stlouisfed.org/graph/fredgraph.csv?id=CPIAUCNS;2026-10-08
2018-06-01;2018;6;251.989;CPIAUCNS;Consumer Price Index for All Urban Consumers: All Items in U.S. City Average;not_seasonally_adjusted;Index 1982-1984=100;https://fred.stlouisfed.org/graph/fredgraph.csv?id=CPIAUCNS;2026-10-08
2018-07-01;2018;7;252.006;CPIAUCNS;Consumer Price Index for All Urban Consumers: All Items in U.S. City Average;not_seasonally_adjusted;Index 1982-1984=100;https://fred.stlouisfed.org/graph/fredgraph.csv?id=CPIAUCNS;2026-10-08
2018-08-01;2018;8;252.146;CPIAUCNS;Consumer Price Index for All Urban Consumers: All Items in U.S. City Average;not_seasonally_adjusted;Index 1982-1984=100;https://fred.stlouisfed.org/graph/fredgraph.csv?id=CPIAUCNS;2026-10-08
2018-09-01;2018;9;252.439;CPIAUCNS;Consumer Price Index for All Urban Consumers: All Items in U.S. City Average;not_seasonally_adjusted;Index 1982-1984=100;https://fred.stlouisfed.org/graph/fredgraph.csv?id=CPIAUCNS;2026-10-08
2018-10-01;2018;10;252.885;CPIAUCNS;Consumer Price Index for All Urban Consumers: All Items in U.S. City Average;not_seasonally_adjusted;Index 1982-1984=100;https://fred.stlouisfed.org/graph/fredgraph.csv?id=CPIAUCNS;2026-10-08
2018-11-01;2018;11;252.038;CPIAUCNS;Consumer Price Index for All Urban Consumers: All Items in U.S. City Average;not_seasonally_adjusted;Index 1982-1984=100;https://fred.stlouisfed.org/graph/fredgraph.csv?id=CPIAUCNS;2026-10-08
2018-12-01;2018;12;251.233;CPIAUCNS;Consumer Price Index for All Urban Consumers: All Items in U.S. City Average;not_seasonally_adjusted;Index 1982-1984=100;https://fred.stlouisfed.org/graph/fredgraph.csv?id=CPIAUCNS;2026-10-08
2019-01-01;2019;1;251.712;CPIAUCNS;Consumer Price Index for All Urban Consumers: All Items in U.S. City Average;not_seasonally_adjusted;Index 1982-1984=100;https://fred.stlouisfed.org/graph/fredgraph.csv?id=CPIAUCNS;2026-10-08
2019-02-01;2019;2;252.776;CPIAUCNS;Consumer Price Index for All Urban Consumers: All Items in U.S. City Average;not_seasonally_adjusted;Index 1982-1984=100;https://fred.stlouisfed.org/graph/fredgraph.csv?id=CPIAUCNS;2026-10-08
2019-03-01;2019;3;254.202;CPIAUCNS;Consumer Price Index for All Urban Consumers: All Items in U.S. City Average;not_seasonally_adjusted;Index 1982-1984=100;https://fred.stlouisfed.org/graph/fredgraph.csv?id=CPIAUCNS;2026-10-08
2019-04-01;2019;4;255.548;CPIAUCNS;Consumer Price Index for All Urban Consumers: All Items in U.S. City Average;not_seasonally_adjusted;Index 1982-1984=100;https://fred.stlouisfed.org/graph/fredgraph.csv?id=CPIAUCNS;2026-10-08
2019-05-01;2019;5;256.092;CPIAUCNS;Consumer Price Index for All Urban Consumers: All Items in U.S. City Average;not_seasonally_adjusted;Index 1982-1984=100;https://fred.stlouisfed.org/graph/fredgraph.csv?id=CPIAUCNS;2026-10-08
2019-06-01;2019;6;256.143;CPIAUCNS;Consumer Price Index for All Urban Consumers: All Items in U.S. City Average;not_seasonally_adjusted;Index 1982-1984=100;https://fred.stlouisfed.org/graph/fredgraph.csv?id=CPIAUCNS;2026-10-08
2019-07-01;2019;7;256.571;CPIAUCNS;Consumer Price Index for All Urban Consumers: All Items in U.S. City Average;not_seasonally_adjusted;Index 1982-1984=100;https://fred.stlouisfed.org/graph/fredgraph.csv?id=CPIAUCNS;2026-10-08
2019-08-01;2019;8;256.558;CPIAUCNS;Consumer Price Index for All Urban Consumers: All Items in U.S. City Average;not_seasonally_adjusted;Index 1982-1984=100;https://fred.stlouisfed.org/graph/fredgraph.csv?id=CPIAUCNS;2026-10-08
2019-09-01;2019;9;256.759;CPIAUCNS;Consumer Price Index for All Urban Consumers: All Items in U.S. City Average;not_seasonally_adjusted;Index 1982-1984=100;https://fred.stlouisfed.org/graph/fredgraph.csv?id=CPIAUCNS;2026-10-08
2019-10-01;2019;10;257.346;CPIAUCNS;Consumer Price Index for All Urban Consumers: All Items in U.S. City Average;not_seasonally_adjusted;Index 1982-1984=100;https://fred.stlouisfed.org/graph/fredgraph.csv?id=CPIAUCNS;2026-10-08
2019-11-01;2019;11;257.208;CPIAUCNS;Consumer Price Index for All Urban Consumers: All Items in U.S. City Average;not_seasonally_adjusted;Index 1982-1984=100;https://fred.stlouisfed.org/graph/fredgraph.csv?id=CPIAUCNS;2026-10-08
2019-12-01;2019;12;256.974;CPIAUCNS;Consumer Price Index for All Urban Consumers: All Items in U.S. City Average;not_seasonally_adjusted;Index 1982-1984=100;https://fred.stlouisfed.org/graph/fredgraph.csv?id=CPIAUCNS;2026-10-08
2020-01-01;2020;1;257.971;CPIAUCNS;Consumer Price Index for All Urban Consumers: All Items in U.S. City Average;not_seasonally_adjusted;Index 1982-1984=100;https://fred.stlouisfed.org/graph/fredgraph.csv?id=CPIAUCNS;2026-10-08
2020-02-01;2020;2;258.678;CPIAUCNS;Consumer Price Index for All Urban Consumers: All Items in U.S. City Average;not_seasonally_adjusted;Index 1982-1984=100;https://fred.stlouisfed.org/graph/fredgraph.csv?id=CPIAUCNS;2026-10-08
2020-03-01;2020;3;258.115;CPIAUCNS;Consumer Price Index for All Urban Consumers: All Items in U.S. City Average;not_seasonally_adjusted;Index 1982-1984=100;https://fred.stlouisfed.org/graph/fredgraph.csv?id=CPIAUCNS;2026-10-08
2020-04-01;2020;4;256.389;CPIAUCNS;Consumer Price Index for All Urban Consumers: All Items in U.S. City Average;not_seasonally_adjusted;Index 1982-1984=100;https://fred.stlouisfed.org/graph/fredgraph.csv?id=CPIAUCNS;2026-10-08
2020-05-01;2020;5;256.394;CPIAUCNS;Consumer Price Index for All Urban Consumers: All Items in U.S. City Average;not_seasonally_adjusted;Index 1982-1984=100;https://fred.stlouisfed.org/graph/fredgraph.csv?id=CPIAUCNS;2026-10-08
2020-06-01;2020;6;257.797;CPIAUCNS;Consumer Price Index for All Urban Consumers: All Items in U.S. City Average;not_seasonally_adjusted;Index 1982-1984=100;https://fred.stlouisfed.org/graph/fredgraph.csv?id=CPIAUCNS;2026-10-08
2020-07-01;2020;7;259.101;CPIAUCNS;Consumer Price Index for All Urban Consumers: All Items in U.S. City Average;not_seasonally_adjusted;Index 1982-1984=100;https://fred.stlouisfed.org/graph/fredgraph.csv?id=CPIAUCNS;2026-10-08
2020-08-01;2020;8;259.918;CPIAUCNS;Consumer Price Index for All Urban Consumers: All Items in U.S. City Average;not_seasonally_adjusted;Index 1982-1984=100;https://fred.stlouisfed.org/graph/fredgraph.csv?id=CPIAUCNS;2026-10-08
2020-09-01;2020;9;260.280;CPIAUCNS;Consumer Price Index for All Urban Consumers: All Items in U.S. City Average;not_seasonally_adjusted;Index 1982-1984=100;https://fred.stlouisfed.org/graph/fredgraph.csv?id=CPIAUCNS;2026-10-08
2020-10-01;2020;10;260.388;CPIAUCNS;Consumer Price Index for All Urban Consumers: All Items in U.S. City Average;not_seasonally_adjusted;Index 1982-1984=100;https://fred.stlouisfed.org/graph/fredgraph.csv?id=CPIAUCNS;2026-10-08
2020-11-01;2020;11;260.229;CPIAUCNS;Consumer Price Index for All Urban Consumers: All Items in U.S. City Average;not_seasonally_adjusted;Index 1982-1984=100;https://fred.stlouisfed.org/graph/fredgraph.csv?id=CPIAUCNS;2026-10-08
2020-12-01;2020;12;260.474;CPIAUCNS;Consumer Price Index for All Urban Consumers: All Items in U.S. City Average;not_seasonally_adjusted;Index 1982-1984=100;https://fred.stlouisfed.org/graph/fredgraph.csv?id=CPIAUCNS;2026-10-08
2021-01-01;2021;1;261.582;CPIAUCNS;Consumer Price Index for All Urban Consumers: All Items in U.S. City Average;not_seasonally_adjusted;Index 1982-1984=100;https://fred.stlouisfed.org/graph/fredgraph.csv?id=CPIAUCNS;2026-10-08
2021-02-01;2021;2;263.014;CPIAUCNS;Consumer Price Index for All Urban Consumers: All Items in U.S. City Average;not_seasonally_adjusted;Index 1982-1984=100;https://fred.stlouisfed.org/graph/fredgraph.csv?id=CPIAUCNS;2026-10-08
2021-03-01;2021;3;264.877;CPIAUCNS;Consumer Price Index for All Urban Consumers: All Items in U.S. City Average;not_seasonally_adjusted;Index 1982-1984=100;https://fred.stlouisfed.org/graph/fredgraph.csv?id=CPIAUCNS;2026-10-08
2021-04-01;2021;4;267.054;CPIAUCNS;Consumer Price Index for All Urban Consumers: All Items in U.S. City Average;not_seasonally_adjusted;Index 1982-1984=100;https://fred.stlouisfed.org/graph/fredgraph.csv?id=CPIAUCNS;2026-10-08
2021-05-01;2021;5;269.195;CPIAUCNS;Consumer Price Index for All Urban Consumers: All Items in U.S. City Average;not_seasonally_adjusted;Index 1982-1984=100;https://fred.stlouisfed.org/graph/fredgraph.csv?id=CPIAUCNS;2026-10-08
2021-06-01;2021;6;271.696;CPIAUCNS;Consumer Price Index for All Urban Consumers: All Items in U.S. City Average;not_seasonally_adjusted;Index 1982-1984=100;https://fred.stlouisfed.org/graph/fredgraph.csv?id=CPIAUCNS;2026-10-08
2021-07-01;2021;7;273.003;CPIAUCNS;Consumer Price Index for All Urban Consumers: All Items in U.S. City Average;not_seasonally_adjusted;Index 1982-1984=100;https://fred.stlouisfed.org/graph/fredgraph.csv?id=CPIAUCNS;2026-10-08
2021-08-01;2021;8;273.567;CPIAUCNS;Consumer Price Index for All Urban Consumers: All Items in U.S. City Average;not_seasonally_adjusted;Index 1982-1984=100;https://fred.stlouisfed.org/graph/fredgraph.csv?id=CPIAUCNS;2026-10-08
2021-09-01;2021;9;274.310;CPIAUCNS;Consumer Price Index for All Urban Consumers: All Items in U.S. City Average;not_seasonally_adjusted;Index 1982-1984=100;https://fred.stlouisfed.org/graph/fredgraph.csv?id=CPIAUCNS;2026-10-08
2021-10-01;2021;10;276.589;CPIAUCNS;Consumer Price Index for All Urban Consumers: All Items in U.S. City Average;not_seasonally_adjusted;Index 1982-1984=100;https://fred.stlouisfed.org/graph/fredgraph.csv?id=CPIAUCNS;2026-10-08
2021-11-01;2021;11;277.948;CPIAUCNS;Consumer Price Index for All Urban Consumers: All Items in U.S. City Average;not_seasonally_adjusted;Index 1982-1984=100;https://fred.stlouisfed.org/graph/fredgraph.csv?id=CPIAUCNS;2026-10-08
2021-12-01;2021;12;278.802;CPIAUCNS;Consumer Price Index for All Urban Consumers: All Items in U.S. City Average;not_seasonally_adjusted;Index 1982-1984=100;https://fred.stlouisfed.org/graph/fredgraph.csv?id=CPIAUCNS;2026-10-08
2022-01-01;2022;1;281.148;CPIAUCNS;Consumer Price Index for All Urban Consumers: All Items in U.S. City Average;not_seasonally_adjusted;Index 1982-1984=100;https://fred.stlouisfed.org/graph/fredgraph.csv?id=CPIAUCNS;2026-10-08
2022-02-01;2022;2;283.716;CPIAUCNS;Consumer Price Index for All Urban Consumers: All Items in U.S. City Average;not_seasonally_adjusted;Index 1982-1984=100;https://fred.stlouisfed.org/graph/fredgraph.csv?id=CPIAUCNS;2026-10-08
2022-03-01;2022;3;287.504;CPIAUCNS;Consumer Price Index for All Urban Consumers: All Items in U.S. City Average;not_seasonally_adjusted;Index 1982-1984=100;https://fred.stlouisfed.org/graph/fredgraph.csv?id=CPIAUCNS;2026-10-08
2022-04-01;2022;4;289.109;CPIAUCNS;Consumer Price Index for All Urban Consumers: All Items in U.S. City Average;not_seasonally_adjusted;Index 1982-1984=100;https://fred.stlouisfed.org/graph/fredgraph.csv?id=CPIAUCNS;2026-10-08
2022-05-01;2022;5;292.296;CPIAUCNS;Consumer Price Index for All Urban Consumers: All Items in U.S. City Average;not_seasonally_adjusted;Index 1982-1984=100;https://fred.stlouisfed.org/graph/fredgraph.csv?id=CPIAUCNS;2026-10-08
2022-06-01;2022;6;296.311;CPIAUCNS;Consumer Price Index for All Urban Consumers: All Items in U.S. City Average;not_seasonally_adjusted;Index 1982-1984=100;https://fred.stlouisfed.org/graph/fredgraph.csv?id=CPIAUCNS;2026-10-08
2022-07-01;2022;7;296.276;CPIAUCNS;Consumer Price Index for All Urban Consumers: All Items in U.S. City Average;not_seasonally_adjusted;Index 1982-1984=100;https://fred.stlouisfed.org/graph/fredgraph.csv?id=CPIAUCNS;2026-10-08
2022-08-01;2022;8;296.171;CPIAUCNS;Consumer Price Index for All Urban Consumers: All Items in U.S. City Average;not_seasonally_adjusted;Index 1982-1984=100;https://fred.stlouisfed.org/graph/fredgraph.csv?id=CPIAUCNS;2026-10-08
2022-09-01;2022;9;296.808;CPIAUCNS;Consumer Price Index for All Urban Consumers: All Items in U.S. City Average;not_seasonally_adjusted;Index 1982-1984=100;https://fred.stlouisfed.org/graph/fredgraph.csv?id=CPIAUCNS;2026-10-08
2022-10-01;2022;10;298.012;CPIAUCNS;Consumer Price Index for All Urban Consumers: All Items in U.S. City Average;not_seasonally_adjusted;Index 1982-1984=100;https://fred.stlouisfed.org/graph/fredgraph.csv?id=CPIAUCNS;2026-10-08
2022-11-01;2022;11;297.711;CPIAUCNS;Consumer Price Index for All Urban Consumers: All Items in U.S. City Average;not_seasonally_adjusted;Index 1982-1984=100;https://fred.stlouisfed.org/graph/fredgraph.csv?id=CPIAUCNS;2026-10-08
2022-12-01;2022;12;296.797;CPIAUCNS;Consumer Price Index for All Urban Consumers: All Items in U.S. City Average;not_seasonally_adjusted;Index 1982-1984=100;https://fred.stlouisfed.org/graph/fredgraph.csv?id=CPIAUCNS;2026-10-08
2023-01-01;2023;1;299.170;CPIAUCNS;Consumer Price Index for All Urban Consumers: All Items in U.S. City Average;not_seasonally_adjusted;Index 1982-1984=100;https://fred.stlouisfed.org/graph/fredgraph.csv?id=CPIAUCNS;2026-10-08
2023-02-01;2023;2;300.840;CPIAUCNS;Consumer Price Index for All Urban Consumers: All Items in U.S. City Average;not_seasonally_adjusted;Index 1982-1984=100;https://fred.stlouisfed.org/graph/fredgraph.csv?id=CPIAUCNS;2026-10-08
2023-03-01;2023;3;301.836;CPIAUCNS;Consumer Price Index for All Urban Consumers: All Items in U.S. City Average;not_seasonally_adjusted;Index 1982-1984=100;https://fred.stlouisfed.org/graph/fredgraph.csv?id=CPIAUCNS;2026-10-08
2023-04-01;2023;4;303.363;CPIAUCNS;Consumer Price Index for All Urban Consumers: All Items in U.S. City Average;not_seasonally_adjusted;Index 1982-1984=100;https://fred.stlouisfed.org/graph/fredgraph.csv?id=CPIAUCNS;2026-10-08
2023-05-01;2023;5;304.127;CPIAUCNS;Consumer Price Index for All Urban Consumers: All Items in U.S. City Average;not_seasonally_adjusted;Index 1982-1984=100;https://fred.stlouisfed.org/graph/fredgraph.csv?id=CPIAUCNS;2026-10-08
2023-06-01;2023;6;305.109;CPIAUCNS;Consumer Price Index for All Urban Consumers: All Items in U.S. City Average;not_seasonally_adjusted;Index 1982-1984=100;https://fred.stlouisfed.org/graph/fredgraph.csv?id=CPIAUCNS;2026-10-08
2023-07-01;2023;7;305.691;CPIAUCNS;Consumer Price Index for All Urban Consumers: All Items in U.S. City Average;not_seasonally_adjusted;Index 1982-1984=100;https://fred.stlouisfed.org/graph/fredgraph.csv?id=CPIAUCNS;2026-10-08
2023-08-01;2023;8;307.026;CPIAUCNS;Consumer Price Index for All Urban Consumers: All Items in U.S. City Average;not_seasonally_adjusted;Index 1982-1984=100;https://fred.stlouisfed.org/graph/fredgraph.csv?id=CPIAUCNS;2026-10-08
2023-09-01;2023;9;307.789;CPIAUCNS;Consumer Price Index for All Urban Consumers: All Items in U.S. City Average;not_seasonally_adjusted;Index 1982-1984=100;https://fred.stlouisfed.org/graph/fredgraph.csv?id=CPIAUCNS;2026-10-08
2023-10-01;2023;10;307.671;CPIAUCNS;Consumer Price Index for All Urban Consumers: All Items in U.S. City Average;not_seasonally_adjusted;Index 1982-1984=100;https://fred.stlouisfed.org/graph/fredgraph.csv?id=CPIAUCNS;2026-10-08
2023-11-01;2023;11;307.051;CPIAUCNS;Consumer Price Index for All Urban Consumers: All Items in U.S. City Average;not_seasonally_adjusted;Index 1982-1984=100;https://fred.stlouisfed.org/graph/fredgraph.csv?id=CPIAUCNS;2026-10-08
2023-12-01;2023;12;306.746;CPIAUCNS;Consumer Price Index for All Urban Consumers: All Items in U.S. City Average;not_seasonally_adjusted;Index 1982-1984=100;https://fred.stlouisfed.org/graph/fredgraph.csv?id=CPIAUCNS;2026-10-08
2024-01-01;2024;1;308.417;CPIAUCNS;Consumer Price Index for All Urban Consumers: All Items in U.S. City Average;not_seasonally_adjusted;Index 1982-1984=100;https://fred.stlouisfed.org/graph/fredgraph.csv?id=CPIAUCNS;2026-10-08
2024-02-01;2024;2;310.326;CPIAUCNS;Consumer Price Index for All Urban Consumers: All Items in U.S. City Average;not_seasonally_adjusted;Index 1982-1984=100;https://fred.stlouisfed.org/graph/fredgraph.csv?id=CPIAUCNS;2026-10-08
2024-03-01;2024;3;312.332;CPIAUCNS;Consumer Price Index for All Urban Consumers: All Items in U.S. City Average;not_seasonally_adjusted;Index 1982-1984=100;https://fred.stlouisfed.org/graph/fredgraph.csv?id=CPIAUCNS;2026-10-08
2024-04-01;2024;4;313.548;CPIAUCNS;Consumer Price Index for All Urban Consumers: All Items in U.S. City Average;not_seasonally_adjusted;Index 1982-1984=100;https://fred.stlouisfed.org/graph/fredgraph.csv?id=CPIAUCNS;2026-10-08
2024-05-01;2024;5;314.069;CPIAUCNS;Consumer Price Index for All Urban Consumers: All Items in U.S. City Average;not_seasonally_adjusted;Index 1982-1984=100;https://fred.stlouisfed.org/graph/fredgraph.csv?id=CPIAUCNS;2026-10-08
2024-06-01;2024;6;314.175;CPIAUCNS;Consumer Price Index for All Urban Consumers: All Items in U.S. City Average;not_seasonally_adjusted;Index 1982-1984=100;https://fred.stlouisfed.org/graph/fredgraph.csv?id=CPIAUCNS;2026-10-08
2024-07-01;2024;7;314.540;CPIAUCNS;Consumer Price Index for All Urban Consumers: All Items in U.S. City Average;not_seasonally_adjusted;Index 1982-1984=100;https://fred.stlouisfed.org/graph/fredgraph.csv?id=CPIAUCNS;2026-10-08
2024-08-01;2024;8;314.796;CPIAUCNS;Consumer Price Index for All Urban Consumers: All Items in U.S. City Average;not_seasonally_adjusted;Index 1982-1984=100;https://fred.stlouisfed.org/graph/fredgraph.csv?id=CPIAUCNS;2026-10-08
2024-09-01;2024;9;315.301;CPIAUCNS;Consumer Price Index for All Urban Consumers: All Items in U.S. City Average;not_seasonally_adjusted;Index 1982-1984=100;https://fred.stlouisfed.org/graph/fredgraph.csv?id=CPIAUCNS;2026-10-08
2024-10-01;2024;10;315.664;CPIAUCNS;Consumer Price Index for All Urban Consumers: All Items in U.S. City Average;not_seasonally_adjusted;Index 1982-1984=100;https://fred.stlouisfed.org/graph/fredgraph.csv?id=CPIAUCNS;2026-10-08
2024-11-01;2024;11;315.493;CPIAUCNS;Consumer Price Index for All Urban Consumers: All Items in U.S. City Average;not_seasonally_adjusted;Index 1982-1984=100;https://fred.stlouisfed.org/graph/fredgraph.csv?id=CPIAUCNS;2026-10-08
2024-12-01;2024;12;315.605;CPIAUCNS;Consumer Price Index for All Urban Consumers: All Items in U.S. City Average;not_seasonally_adjusted;Index 1982-1984=100;https://fred.stlouisfed.org/graph/fredgraph.csv?id=CPIAUCNS;2026-10-08
2025-01-01;2025;1;317.671;CPIAUCNS;Consumer Price Index for All Urban Consumers: All Items in U.S. City Average;not_seasonally_adjusted;Index 1982-1984=100;https://fred.stlouisfed.org/graph/fredgraph.csv?id=CPIAUCNS;2026-10-08
2025-02-01;2025;2;319.082;CPIAUCNS;Consumer Price Index for All Urban Consumers: All Items in U.S. City Average;not_seasonally_adjusted;Index 1982-1984=100;https://fred.stlouisfed.org/graph/fredgraph.csv?id=CPIAUCNS;2026-10-08
2025-03-01;2025;3;319.799;CPIAUCNS;Consumer Price Index for All Urban Consumers: All Items in U.S. City Average;not_seasonally_adjusted;Index 1982-1984=100;https://fred.stlouisfed.org/graph/fredgraph.csv?id=CPIAUCNS;2026-10-08
2025-04-01;2025;4;320.795;CPIAUCNS;Consumer Price Index for All Urban Consumers: All Items in U.S. City Average;not_seasonally_adjusted;Index 1982-1984=100;https://fred.stlouisfed.org/graph/fredgraph.csv?id=CPIAUCNS;2026-10-08
2025-05-01;2025;5;321.465;CPIAUCNS;Consumer Price Index for All Urban Consumers: All Items in U.S. City Average;not_seasonally_adjusted;Index 1982-1984=100;https://fred.stlouisfed.org/graph/fredgraph.csv?id=CPIAUCNS;2026-10-08
2025-06-01;2025;6;322.561;CPIAUCNS;Consumer Price Index for All Urban Consumers: All Items in U.S. City Average;not_seasonally_adjusted;Index 1982-1984=100;https://fred.stlouisfed.org/graph/fredgraph.csv?id=CPIAUCNS;2026-10-08
2025-07-01;2025;7;323.048;CPIAUCNS;Consumer Price Index for All Urban Consumers: All Items in U.S. City Average;not_seasonally_adjusted;Index 1982-1984=100;https://fred.stlouisfed.org/graph/fredgraph.csv?id=CPIAUCNS;2026-10-08
2025-08-01;2025;8;323.976;CPIAUCNS;Consumer Price Index for All Urban Consumers: All Items in U.S. City Average;not_seasonally_adjusted;Index 1982-1984=100;https://fred.stlouisfed.org/graph/fredgraph.csv?id=CPIAUCNS;2026-10-08
2025-09-01;2025;9;324.800;CPIAUCNS;Consumer Price Index for All Urban Consumers: All Items in U.S. City Average;not_seasonally_adjusted;Index 1982-1984=100;https://fred.stlouisfed.org/graph/fredgraph.csv?id=CPIAUCNS;2026-10-08
2025-11-01;2025;11;324.122;CPIAUCNS;Consumer Price Index for All Urban Consumers: All Items in U.S. City Average;not_seasonally_adjusted;Index 1982-1984=100;https://fred.stlouisfed.org/graph/fredgraph.csv?id=CPIAUCNS;2026-10-08
2025-12-01;2025;12;324.054;CPIAUCNS;Consumer Price Index for All Urban Consumers: All Items in U.S. City Average;not_seasonally_adjusted;Index 1982-1984=100;https://fred.stlouisfed.org/graph/fredgraph.csv?id=CPIAUCNS;2026-10-08
2026-01-01;2026;1;325.252;CPIAUCNS;Consumer Price Index for All Urban Consumers: All Items in U.S. City Average;not_seasonally_adjusted;Index 1982-1984=100;https://fred.stlouisfed.org/graph/fredgraph.csv?id=CPIAUCNS;2026-10-08
2026-02-01;2026;2;326.785;CPIAUCNS;Consumer Price Index for All Urban Consumers: All Items in U.S. City Average;not_seasonally_adjusted;Index 1982-1984=100;https://fred.stlouisfed.org/graph/fredgraph.csv?id=CPIAUCNS;2026-10-08
2026-03-01;2026;3;330.213;CPIAUCNS;Consumer Price Index for All Urban Consumers: All Items in U.S. City Average;not_seasonally_adjusted;Index 1982-1984=100;https://fred.stlouisfed.org/graph/fredgraph.csv?id=CPIAUCNS;2026-10-08
2026-04-01;2026;4;333.020;CPIAUCNS;Consumer Price Index for All Urban Consumers: All Items in U.S. City Average;not_seasonally_adjusted;Index 1982-1984=100;https://fred.stlouisfed.org/graph/fredgraph.csv?id=CPIAUCNS;2026-10-08
2026-05-01;2026;5;335.123;CPIAUCNS;Consumer Price Index for All Urban Consumers: All Items in U.S. City Average;not_seasonally_adjusted;Index 1982-1984=100;https://fred.stlouisfed.org/graph/fredgraph.csv?id=CPIAUCNS;2026-10-08
2026-06-01;2026;6;333.952;CPIAUCNS;Consumer Price Index for All Urban Consumers: All Items in U.S. City Average;not_seasonally_adjusted;Index 1982-1984=100;https://fred.stlouisfed.org/graph/fredgraph.csv?id=CPIAUCNS;2026-10-08
2026-07-01;2026;7;333.918;CPIAUCNS;Consumer Price Index for All Urban Consumers: All Items in U.S. City Average;not_seasonally_adjusted;Index 1982-1984=100;https://fred.stlouisfed.org/graph/fredgraph.csv?id=CPIAUCNS;2026-10-08
2026-08-01;2026;8;334.980;CPIAUCNS;Consumer Price Index for All Urban Consumers: All Items in U.S. City Average;not_seasonally_adjusted;Index 1982-1984=100;https://fred.stlouisfed.org/graph/fredgraph.csv?id=CPIAUCNS;2026-10-08
