dataset_kind;source_table_id;source_file;table_kind;source_row_number;calendar_year;tax_return_year;geographic_scope;source_block;moeda;unidade_monetaria_agregados;unidade_limites_faixa;tipo_rendimento;tipo_rendimento_faixa;fonte;url_fonte;arquivo_fonte;pagina_pdf;pagina_impressa;quadro;observacao;field_name;field_value_original;field_unit_multiplier_to_domestic_currency;field_value_domestic_currency_units;exchange_rate_domestic_currency_per_usd;exchange_rate_reported_value;exchange_rate_reported_unit;exchange_rate_unit_adjustment_multiplier;exchange_rate_unit_adjustment_note;exchange_rate_series_id;exchange_rate_series_name;exchange_rate_timing;exchange_rate_source;cpi_series_id;cpi_series_name;cpi_seasonal_adjustment;cpi_source_year_avg;cpi_source_month_count;cpi_target_year;cpi_target_year_avg;cpi_target_month_count;cpi_target_status;usd_inflation_factor_to_target_year;field_value_usd_nominal;field_value_usd_2026;conversion_method;conversion_status;conversion_note;income_concept_subset;compatibility_scope;compatibility_note
total;irpf_souza_reis_1930_df_1927_1928_totais;irpf_souza_reis_1930_df_1927_1928_totais.csv;total;1;1927;1928;Distrito Federal;souza_reis_1930_distrito_federal_1927_1928;reis;mil-reis;mil-reis;renda global liquida;;Souza Reis, F. T. de. O imposto de renda em seis annos de adaptacao no Brasil, 1924-1929. Rio de Janeiro, 1930, p. 33, Quadro n. 12.;https://archive.org/details/impostrenda1924souz;local-desktop:/Dados de Imposto de Renda/impostrenda1924souz.pdf;38;33;Quadro n. 12;"Serie do Distrito Federal; nao comparar diretamente com Brasil. Exercicio 1928 corresponde ao ano-calendario 1927; exercicio 1929 corresponde ao ano-calendario 1928. A errata do livro corrige o Quadro 12, coluna 3, linha 17, de 8.659:361$000 para 8.659:361$200. Soma das pessoas por faixa fecha com o total publicado (49571). A soma da renda das faixas difere do total publicado em 2:990$900; foram preservados os valores por faixa e o total publicado em campos separados.";renda_liquida_mil_total;583204270.7;1000.000000;583204270700.000000;8457.000000;8.457000;1 mil-reis/US$;1000.000000;"BCB SGS 3690 reports mil-reis per US dollar; applied exchange rate was multiplied by 1000 because this row is stored in reis.";3690;Taxa de cambio - Livre - Dolar americano - Fim de periodo;annual_end_period;https://api.bcb.gov.br/dados/serie/bcdata.sgs.3690/dados?formato=json&dataInicial=01%2F01%2F1901&dataFinal=31%2F12%2F1941;CPIAUCNS;Consumer Price Index for All Urban Consumers: All Items in U.S. City Average;not_seasonally_adjusted;17.358333;12;2026;331.655375;8;partial;19.106407;68961129.324820;1317599404.059640;bcb_3690_end_period_cpiaucns;partial_cpi_target_year;"Converted from nominal domestic currency to nominal USD with the listed exchange rate, then to target-year USD with CPIAUCNS. Exchange rate is end-of-period rather than annual average. BCB SGS 3690 is reported in mil-reis per US dollar; rows stored in reis are adjusted by 1000 during conversion. Target-year CPI uses the months available so far.";strict_renda_liquida;regional;"renda liquida publicada em faixas compativeis; serie regional/local, nao comparar diretamente com Brasil"
total;irpf_souza_reis_1930_df_1927_1928_totais;irpf_souza_reis_1930_df_1927_1928_totais.csv;total;1;1927;1928;Distrito Federal;souza_reis_1930_distrito_federal_1927_1928;reis;mil-reis;mil-reis;renda global liquida;;Souza Reis, F. T. de. O imposto de renda em seis annos de adaptacao no Brasil, 1924-1929. Rio de Janeiro, 1930, p. 33, Quadro n. 12.;https://archive.org/details/impostrenda1924souz;local-desktop:/Dados de Imposto de Renda/impostrenda1924souz.pdf;38;33;Quadro n. 12;"Serie do Distrito Federal; nao comparar diretamente com Brasil. Exercicio 1928 corresponde ao ano-calendario 1927; exercicio 1929 corresponde ao ano-calendario 1928. A errata do livro corrige o Quadro 12, coluna 3, linha 17, de 8.659:361$000 para 8.659:361$200. Soma das pessoas por faixa fecha com o total publicado (49571). A soma da renda das faixas difere do total publicado em 2:990$900; foram preservados os valores por faixa e o total publicado em campos separados.";renda_liquida_mil_soma_faixas;583207261.6;1000.000000;583207261600.000000;8457.000000;8.457000;1 mil-reis/US$;1000.000000;"BCB SGS 3690 reports mil-reis per US dollar; applied exchange rate was multiplied by 1000 because this row is stored in reis.";3690;Taxa de cambio - Livre - Dolar americano - Fim de periodo;annual_end_period;https://api.bcb.gov.br/dados/serie/bcdata.sgs.3690/dados?formato=json&dataInicial=01%2F01%2F1901&dataFinal=31%2F12%2F1941;CPIAUCNS;Consumer Price Index for All Urban Consumers: All Items in U.S. City Average;not_seasonally_adjusted;17.358333;12;2026;331.655375;8;partial;19.106407;68961482.984510;1317606161.225620;bcb_3690_end_period_cpiaucns;partial_cpi_target_year;"Converted from nominal domestic currency to nominal USD with the listed exchange rate, then to target-year USD with CPIAUCNS. Exchange rate is end-of-period rather than annual average. BCB SGS 3690 is reported in mil-reis per US dollar; rows stored in reis are adjusted by 1000 during conversion. Target-year CPI uses the months available so far.";strict_renda_liquida;regional;"renda liquida publicada em faixas compativeis; serie regional/local, nao comparar diretamente com Brasil"
total;irpf_souza_reis_1930_df_1927_1928_totais;irpf_souza_reis_1930_df_1927_1928_totais.csv;total;1;1927;1928;Distrito Federal;souza_reis_1930_distrito_federal_1927_1928;reis;mil-reis;mil-reis;renda global liquida;;Souza Reis, F. T. de. O imposto de renda em seis annos de adaptacao no Brasil, 1924-1929. Rio de Janeiro, 1930, p. 33, Quadro n. 12.;https://archive.org/details/impostrenda1924souz;local-desktop:/Dados de Imposto de Renda/impostrenda1924souz.pdf;38;33;Quadro n. 12;"Serie do Distrito Federal; nao comparar diretamente com Brasil. Exercicio 1928 corresponde ao ano-calendario 1927; exercicio 1929 corresponde ao ano-calendario 1928. A errata do livro corrige o Quadro 12, coluna 3, linha 17, de 8.659:361$000 para 8.659:361$200. Soma das pessoas por faixa fecha com o total publicado (49571). A soma da renda das faixas difere do total publicado em 2:990$900; foram preservados os valores por faixa e o total publicado em campos separados.";renda_liquida_media;11765029.36596;1.000000;11765029.365960;8457.000000;8.457000;1 mil-reis/US$;1000.000000;"BCB SGS 3690 reports mil-reis per US dollar; applied exchange rate was multiplied by 1000 because this row is stored in reis.";3690;Taxa de cambio - Livre - Dolar americano - Fim de periodo;annual_end_period;https://api.bcb.gov.br/dados/serie/bcdata.sgs.3690/dados?formato=json&dataInicial=01%2F01%2F1901&dataFinal=31%2F12%2F1941;CPIAUCNS;Consumer Price Index for All Urban Consumers: All Items in U.S. City Average;not_seasonally_adjusted;17.358333;12;2026;331.655375;8;partial;19.106407;1391.158728;26580.044866;bcb_3690_end_period_cpiaucns;partial_cpi_target_year;"Converted from nominal domestic currency to nominal USD with the listed exchange rate, then to target-year USD with CPIAUCNS. Exchange rate is end-of-period rather than annual average. BCB SGS 3690 is reported in mil-reis per US dollar; rows stored in reis are adjusted by 1000 during conversion. Target-year CPI uses the months available so far.";strict_renda_liquida;regional;"renda liquida publicada em faixas compativeis; serie regional/local, nao comparar diretamente com Brasil"
total;irpf_souza_reis_1930_df_1927_1928_totais;irpf_souza_reis_1930_df_1927_1928_totais.csv;total;2;1928;1929;Distrito Federal;souza_reis_1930_distrito_federal_1927_1928;reis;mil-reis;mil-reis;renda global liquida;;Souza Reis, F. T. de. O imposto de renda em seis annos de adaptacao no Brasil, 1924-1929. Rio de Janeiro, 1930, p. 33, Quadro n. 12.;https://archive.org/details/impostrenda1924souz;local-desktop:/Dados de Imposto de Renda/impostrenda1924souz.pdf;38;33;Quadro n. 12;"Serie do Distrito Federal; nao comparar diretamente com Brasil. Exercicio 1928 corresponde ao ano-calendario 1927; exercicio 1929 corresponde ao ano-calendario 1928. A errata do livro corrige o Quadro 12, coluna 3, linha 17, de 8.659:361$000 para 8.659:361$200. A propria fonte observa que a estatistica de 1929 cobre apenas a renda de 1928 lancada/tributada ate 31 de dezembro; tratar como serie parcial ou preliminar. Soma das pessoas por faixa fecha com o total publicado (26099). A soma da renda das faixas difere do total publicado em 0:556$000; foram preservados os valores por faixa e o total publicado em campos separados.";renda_liquida_mil_total;398416345.4;1000.000000;398416345400.000000;8365.000000;8.365000;1 mil-reis/US$;1000.000000;"BCB SGS 3690 reports mil-reis per US dollar; applied exchange rate was multiplied by 1000 because this row is stored in reis.";3690;Taxa de cambio - Livre - Dolar americano - Fim de periodo;annual_end_period;https://api.bcb.gov.br/dados/serie/bcdata.sgs.3690/dados?formato=json&dataInicial=01%2F01%2F1901&dataFinal=31%2F12%2F1941;CPIAUCNS;Consumer Price Index for All Urban Consumers: All Items in U.S. City Average;not_seasonally_adjusted;17.158333;12;2026;331.655375;8;partial;19.329114;47628971.356844;920625817.059172;bcb_3690_end_period_cpiaucns;partial_cpi_target_year;"Converted from nominal domestic currency to nominal USD with the listed exchange rate, then to target-year USD with CPIAUCNS. Exchange rate is end-of-period rather than annual average. BCB SGS 3690 is reported in mil-reis per US dollar; rows stored in reis are adjusted by 1000 during conversion. Target-year CPI uses the months available so far.";strict_renda_liquida;regional;"renda liquida publicada em faixas compativeis; serie regional/local, nao comparar diretamente com Brasil"
total;irpf_souza_reis_1930_df_1927_1928_totais;irpf_souza_reis_1930_df_1927_1928_totais.csv;total;2;1928;1929;Distrito Federal;souza_reis_1930_distrito_federal_1927_1928;reis;mil-reis;mil-reis;renda global liquida;;Souza Reis, F. T. de. O imposto de renda em seis annos de adaptacao no Brasil, 1924-1929. Rio de Janeiro, 1930, p. 33, Quadro n. 12.;https://archive.org/details/impostrenda1924souz;local-desktop:/Dados de Imposto de Renda/impostrenda1924souz.pdf;38;33;Quadro n. 12;"Serie do Distrito Federal; nao comparar diretamente com Brasil. Exercicio 1928 corresponde ao ano-calendario 1927; exercicio 1929 corresponde ao ano-calendario 1928. A errata do livro corrige o Quadro 12, coluna 3, linha 17, de 8.659:361$000 para 8.659:361$200. A propria fonte observa que a estatistica de 1929 cobre apenas a renda de 1928 lancada/tributada ate 31 de dezembro; tratar como serie parcial ou preliminar. Soma das pessoas por faixa fecha com o total publicado (26099). A soma da renda das faixas difere do total publicado em 0:556$000; foram preservados os valores por faixa e o total publicado em campos separados.";renda_liquida_mil_soma_faixas;398416901.4;1000.000000;398416901400.000000;8365.000000;8.365000;1 mil-reis/US$;1000.000000;"BCB SGS 3690 reports mil-reis per US dollar; applied exchange rate was multiplied by 1000 because this row is stored in reis.";3690;Taxa de cambio - Livre - Dolar americano - Fim de periodo;annual_end_period;https://api.bcb.gov.br/dados/serie/bcdata.sgs.3690/dados?formato=json&dataInicial=01%2F01%2F1901&dataFinal=31%2F12%2F1941;CPIAUCNS;Consumer Price Index for All Urban Consumers: All Items in U.S. City Average;not_seasonally_adjusted;17.158333;12;2026;331.655375;8;partial;19.329114;47629037.824268;920627101.815584;bcb_3690_end_period_cpiaucns;partial_cpi_target_year;"Converted from nominal domestic currency to nominal USD with the listed exchange rate, then to target-year USD with CPIAUCNS. Exchange rate is end-of-period rather than annual average. BCB SGS 3690 is reported in mil-reis per US dollar; rows stored in reis are adjusted by 1000 during conversion. Target-year CPI uses the months available so far.";strict_renda_liquida;regional;"renda liquida publicada em faixas compativeis; serie regional/local, nao comparar diretamente com Brasil"
total;irpf_souza_reis_1930_df_1927_1928_totais;irpf_souza_reis_1930_df_1927_1928_totais.csv;total;2;1928;1929;Distrito Federal;souza_reis_1930_distrito_federal_1927_1928;reis;mil-reis;mil-reis;renda global liquida;;Souza Reis, F. T. de. O imposto de renda em seis annos de adaptacao no Brasil, 1924-1929. Rio de Janeiro, 1930, p. 33, Quadro n. 12.;https://archive.org/details/impostrenda1924souz;local-desktop:/Dados de Imposto de Renda/impostrenda1924souz.pdf;38;33;Quadro n. 12;"Serie do Distrito Federal; nao comparar diretamente com Brasil. Exercicio 1928 corresponde ao ano-calendario 1927; exercicio 1929 corresponde ao ano-calendario 1928. A errata do livro corrige o Quadro 12, coluna 3, linha 17, de 8.659:361$000 para 8.659:361$200. A propria fonte observa que a estatistica de 1929 cobre apenas a renda de 1928 lancada/tributada ate 31 de dezembro; tratar como serie parcial ou preliminar. Soma das pessoas por faixa fecha com o total publicado (26099). A soma da renda das faixas difere do total publicado em 0:556$000; foram preservados os valores por faixa e o total publicado em campos separados.";renda_liquida_media;15265578.964711;1.000000;15265578.964711;8365.000000;8.365000;1 mil-reis/US$;1000.000000;"BCB SGS 3690 reports mil-reis per US dollar; applied exchange rate was multiplied by 1000 because this row is stored in reis.";3690;Taxa de cambio - Livre - Dolar americano - Fim de periodo;annual_end_period;https://api.bcb.gov.br/dados/serie/bcdata.sgs.3690/dados?formato=json&dataInicial=01%2F01%2F1901&dataFinal=31%2F12%2F1941;CPIAUCNS;Consumer Price Index for All Urban Consumers: All Items in U.S. City Average;not_seasonally_adjusted;17.158333;12;2026;331.655375;8;partial;19.329114;1824.934724;35274.371319;bcb_3690_end_period_cpiaucns;partial_cpi_target_year;"Converted from nominal domestic currency to nominal USD with the listed exchange rate, then to target-year USD with CPIAUCNS. Exchange rate is end-of-period rather than annual average. BCB SGS 3690 is reported in mil-reis per US dollar; rows stored in reis are adjusted by 1000 during conversion. Target-year CPI uses the months available so far.";strict_renda_liquida;regional;"renda liquida publicada em faixas compativeis; serie regional/local, nao comparar diretamente com Brasil"
total;irpf_aeb1941_1945_df_1933_1943_totais;irpf_aeb1941_1945_df_1933_1943_totais.csv;total;1;1933;1934;Distrito Federal;irpf_aeb1941_1945_df_1933_1943_totais;Cr$;Cr$ 1.000;Cr$ 1.000;renda liquida;;Brasil. Instituto Brasileiro de Geografia e Estatistica. Anuario Estatistico do Brasil 1941-1945. Rio de Janeiro: IBGE, 1946, p. 496-497, tabela beta.;https://biblioteca.ibge.gov.br/visualizacao/periodicos/20/aeb_1941_1945.pdf;outputs/fontes-pedro-souza-irpf/aeb_1941_1945.pdf;501-502;496-497;Tabela beta - Contribuintes no Distrito Federal e sua renda liquida por classes de renda - 1934/44;"Serie do Distrito Federal; nao comparar diretamente com a serie nacional. A tabela traz anos impressos 1934-1944; seguindo a regra dos Anuarios Estatisticos do Brasil usada no projeto, ano_calendario = ano_exercicio - 1.";renda_liquida_total_cr_mil_publicada;356408;1000.000000;356408000.000000;12.700000;12.700000;1 mil-reis/US$;1.000000;;3690;Taxa de cambio - Livre - Dolar americano - Fim de periodo;annual_end_period;https://api.bcb.gov.br/dados/serie/bcdata.sgs.3690/dados?formato=json&dataInicial=01%2F01%2F1901&dataFinal=31%2F12%2F1941;CPIAUCNS;Consumer Price Index for All Urban Consumers: All Items in U.S. City Average;not_seasonally_adjusted;12.933333;12;2026;331.655375;8;partial;25.643457;28063622.047244;719648285.232756;bcb_3690_end_period_cpiaucns;partial_cpi_target_year;"Converted from nominal domestic currency to nominal USD with the listed exchange rate, then to target-year USD with CPIAUCNS. Exchange rate is end-of-period rather than annual average. BCB SGS 3690 is reported in mil-reis per US dollar; rows stored in reis are adjusted by 1000 during conversion. Target-year CPI uses the months available so far.";strict_renda_liquida;regional;"renda liquida publicada em faixas compativeis; serie regional/local, nao comparar diretamente com Brasil"
total;irpf_aeb1941_1945_df_1933_1943_totais;irpf_aeb1941_1945_df_1933_1943_totais.csv;total;1;1933;1934;Distrito Federal;irpf_aeb1941_1945_df_1933_1943_totais;Cr$;Cr$ 1.000;Cr$ 1.000;renda liquida;;Brasil. Instituto Brasileiro de Geografia e Estatistica. Anuario Estatistico do Brasil 1941-1945. Rio de Janeiro: IBGE, 1946, p. 496-497, tabela beta.;https://biblioteca.ibge.gov.br/visualizacao/periodicos/20/aeb_1941_1945.pdf;outputs/fontes-pedro-souza-irpf/aeb_1941_1945.pdf;501-502;496-497;Tabela beta - Contribuintes no Distrito Federal e sua renda liquida por classes de renda - 1934/44;"Serie do Distrito Federal; nao comparar diretamente com a serie nacional. A tabela traz anos impressos 1934-1944; seguindo a regra dos Anuarios Estatisticos do Brasil usada no projeto, ano_calendario = ano_exercicio - 1.";renda_liquida_total_cr_mil_soma_faixas;356408;1000.000000;356408000.000000;12.700000;12.700000;1 mil-reis/US$;1.000000;;3690;Taxa de cambio - Livre - Dolar americano - Fim de periodo;annual_end_period;https://api.bcb.gov.br/dados/serie/bcdata.sgs.3690/dados?formato=json&dataInicial=01%2F01%2F1901&dataFinal=31%2F12%2F1941;CPIAUCNS;Consumer Price Index for All Urban Consumers: All Items in U.S. City Average;not_seasonally_adjusted;12.933333;12;2026;331.655375;8;partial;25.643457;28063622.047244;719648285.232756;bcb_3690_end_period_cpiaucns;partial_cpi_target_year;"Converted from nominal domestic currency to nominal USD with the listed exchange rate, then to target-year USD with CPIAUCNS. Exchange rate is end-of-period rather than annual average. BCB SGS 3690 is reported in mil-reis per US dollar; rows stored in reis are adjusted by 1000 during conversion. Target-year CPI uses the months available so far.";strict_renda_liquida;regional;"renda liquida publicada em faixas compativeis; serie regional/local, nao comparar diretamente com Brasil"
total;irpf_aeb1941_1945_df_1933_1943_totais;irpf_aeb1941_1945_df_1933_1943_totais.csv;total;1;1933;1934;Distrito Federal;irpf_aeb1941_1945_df_1933_1943_totais;Cr$;Cr$ 1.000;Cr$ 1.000;renda liquida;;Brasil. Instituto Brasileiro de Geografia e Estatistica. Anuario Estatistico do Brasil 1941-1945. Rio de Janeiro: IBGE, 1946, p. 496-497, tabela beta.;https://biblioteca.ibge.gov.br/visualizacao/periodicos/20/aeb_1941_1945.pdf;outputs/fontes-pedro-souza-irpf/aeb_1941_1945.pdf;501-502;496-497;Tabela beta - Contribuintes no Distrito Federal e sua renda liquida por classes de renda - 1934/44;"Serie do Distrito Federal; nao comparar diretamente com a serie nacional. A tabela traz anos impressos 1934-1944; seguindo a regra dos Anuarios Estatisticos do Brasil usada no projeto, ano_calendario = ano_exercicio - 1.";renda_liquida_media_cr_publicada;33303;1.000000;33303.000000;12.700000;12.700000;1 mil-reis/US$;1.000000;;3690;Taxa de cambio - Livre - Dolar americano - Fim de periodo;annual_end_period;https://api.bcb.gov.br/dados/serie/bcdata.sgs.3690/dados?formato=json&dataInicial=01%2F01%2F1901&dataFinal=31%2F12%2F1941;CPIAUCNS;Consumer Price Index for All Urban Consumers: All Items in U.S. City Average;not_seasonally_adjusted;12.933333;12;2026;331.655375;8;partial;25.643457;2622.283465;67244.413265;bcb_3690_end_period_cpiaucns;partial_cpi_target_year;"Converted from nominal domestic currency to nominal USD with the listed exchange rate, then to target-year USD with CPIAUCNS. Exchange rate is end-of-period rather than annual average. BCB SGS 3690 is reported in mil-reis per US dollar; rows stored in reis are adjusted by 1000 during conversion. Target-year CPI uses the months available so far.";strict_renda_liquida;regional;"renda liquida publicada em faixas compativeis; serie regional/local, nao comparar diretamente com Brasil"
total;irpf_aeb1941_1945_df_1933_1943_totais;irpf_aeb1941_1945_df_1933_1943_totais.csv;total;2;1934;1935;Distrito Federal;irpf_aeb1941_1945_df_1933_1943_totais;Cr$;Cr$ 1.000;Cr$ 1.000;renda liquida;;Brasil. Instituto Brasileiro de Geografia e Estatistica. Anuario Estatistico do Brasil 1941-1945. Rio de Janeiro: IBGE, 1946, p. 496-497, tabela beta.;https://biblioteca.ibge.gov.br/visualizacao/periodicos/20/aeb_1941_1945.pdf;outputs/fontes-pedro-souza-irpf/aeb_1941_1945.pdf;501-502;496-497;Tabela beta - Contribuintes no Distrito Federal e sua renda liquida por classes de renda - 1934/44;"Serie do Distrito Federal; nao comparar diretamente com a serie nacional. A tabela traz anos impressos 1934-1944; seguindo a regra dos Anuarios Estatisticos do Brasil usada no projeto, ano_calendario = ano_exercicio - 1.";renda_liquida_total_cr_mil_publicada;424461;1000.000000;424461000.000000;12.078000;12.078000;1 mil-reis/US$;1.000000;;3690;Taxa de cambio - Livre - Dolar americano - Fim de periodo;annual_end_period;https://api.bcb.gov.br/dados/serie/bcdata.sgs.3690/dados?formato=json&dataInicial=01%2F01%2F1901&dataFinal=31%2F12%2F1941;CPIAUCNS;Consumer Price Index for All Urban Consumers: All Items in U.S. City Average;not_seasonally_adjusted;13.383333;12;2026;331.655375;8;partial;24.781224;35143318.430204;870894446.122206;bcb_3690_end_period_cpiaucns;partial_cpi_target_year;"Converted from nominal domestic currency to nominal USD with the listed exchange rate, then to target-year USD with CPIAUCNS. Exchange rate is end-of-period rather than annual average. BCB SGS 3690 is reported in mil-reis per US dollar; rows stored in reis are adjusted by 1000 during conversion. Target-year CPI uses the months available so far.";strict_renda_liquida;regional;"renda liquida publicada em faixas compativeis; serie regional/local, nao comparar diretamente com Brasil"
total;irpf_aeb1941_1945_df_1933_1943_totais;irpf_aeb1941_1945_df_1933_1943_totais.csv;total;2;1934;1935;Distrito Federal;irpf_aeb1941_1945_df_1933_1943_totais;Cr$;Cr$ 1.000;Cr$ 1.000;renda liquida;;Brasil. Instituto Brasileiro de Geografia e Estatistica. Anuario Estatistico do Brasil 1941-1945. Rio de Janeiro: IBGE, 1946, p. 496-497, tabela beta.;https://biblioteca.ibge.gov.br/visualizacao/periodicos/20/aeb_1941_1945.pdf;outputs/fontes-pedro-souza-irpf/aeb_1941_1945.pdf;501-502;496-497;Tabela beta - Contribuintes no Distrito Federal e sua renda liquida por classes de renda - 1934/44;"Serie do Distrito Federal; nao comparar diretamente com a serie nacional. A tabela traz anos impressos 1934-1944; seguindo a regra dos Anuarios Estatisticos do Brasil usada no projeto, ano_calendario = ano_exercicio - 1.";renda_liquida_total_cr_mil_soma_faixas;424461;1000.000000;424461000.000000;12.078000;12.078000;1 mil-reis/US$;1.000000;;3690;Taxa de cambio - Livre - Dolar americano - Fim de periodo;annual_end_period;https://api.bcb.gov.br/dados/serie/bcdata.sgs.3690/dados?formato=json&dataInicial=01%2F01%2F1901&dataFinal=31%2F12%2F1941;CPIAUCNS;Consumer Price Index for All Urban Consumers: All Items in U.S. City Average;not_seasonally_adjusted;13.383333;12;2026;331.655375;8;partial;24.781224;35143318.430204;870894446.122206;bcb_3690_end_period_cpiaucns;partial_cpi_target_year;"Converted from nominal domestic currency to nominal USD with the listed exchange rate, then to target-year USD with CPIAUCNS. Exchange rate is end-of-period rather than annual average. BCB SGS 3690 is reported in mil-reis per US dollar; rows stored in reis are adjusted by 1000 during conversion. Target-year CPI uses the months available so far.";strict_renda_liquida;regional;"renda liquida publicada em faixas compativeis; serie regional/local, nao comparar diretamente com Brasil"
total;irpf_aeb1941_1945_df_1933_1943_totais;irpf_aeb1941_1945_df_1933_1943_totais.csv;total;2;1934;1935;Distrito Federal;irpf_aeb1941_1945_df_1933_1943_totais;Cr$;Cr$ 1.000;Cr$ 1.000;renda liquida;;Brasil. Instituto Brasileiro de Geografia e Estatistica. Anuario Estatistico do Brasil 1941-1945. Rio de Janeiro: IBGE, 1946, p. 496-497, tabela beta.;https://biblioteca.ibge.gov.br/visualizacao/periodicos/20/aeb_1941_1945.pdf;outputs/fontes-pedro-souza-irpf/aeb_1941_1945.pdf;501-502;496-497;Tabela beta - Contribuintes no Distrito Federal e sua renda liquida por classes de renda - 1934/44;"Serie do Distrito Federal; nao comparar diretamente com a serie nacional. A tabela traz anos impressos 1934-1944; seguindo a regra dos Anuarios Estatisticos do Brasil usada no projeto, ano_calendario = ano_exercicio - 1.";renda_liquida_media_cr_publicada;35199;1.000000;35199.000000;12.078000;12.078000;1 mil-reis/US$;1.000000;;3690;Taxa de cambio - Livre - Dolar americano - Fim de periodo;annual_end_period;https://api.bcb.gov.br/dados/serie/bcdata.sgs.3690/dados?formato=json&dataInicial=01%2F01%2F1901&dataFinal=31%2F12%2F1941;CPIAUCNS;Consumer Price Index for All Urban Consumers: All Items in U.S. City Average;not_seasonally_adjusted;13.383333;12;2026;331.655375;8;partial;24.781224;2914.307004;72220.094683;bcb_3690_end_period_cpiaucns;partial_cpi_target_year;"Converted from nominal domestic currency to nominal USD with the listed exchange rate, then to target-year USD with CPIAUCNS. Exchange rate is end-of-period rather than annual average. BCB SGS 3690 is reported in mil-reis per US dollar; rows stored in reis are adjusted by 1000 during conversion. Target-year CPI uses the months available so far.";strict_renda_liquida;regional;"renda liquida publicada em faixas compativeis; serie regional/local, nao comparar diretamente com Brasil"
total;irpf_aeb1941_1945_df_1933_1943_totais;irpf_aeb1941_1945_df_1933_1943_totais.csv;total;3;1935;1936;Distrito Federal;irpf_aeb1941_1945_df_1933_1943_totais;Cr$;Cr$ 1.000;Cr$ 1.000;renda liquida;;Brasil. Instituto Brasileiro de Geografia e Estatistica. Anuario Estatistico do Brasil 1941-1945. Rio de Janeiro: IBGE, 1946, p. 496-497, tabela beta.;https://biblioteca.ibge.gov.br/visualizacao/periodicos/20/aeb_1941_1945.pdf;outputs/fontes-pedro-souza-irpf/aeb_1941_1945.pdf;501-502;496-497;Tabela beta - Contribuintes no Distrito Federal e sua renda liquida por classes de renda - 1934/44;"Serie do Distrito Federal; nao comparar diretamente com a serie nacional. A tabela traz anos impressos 1934-1944; seguindo a regra dos Anuarios Estatisticos do Brasil usada no projeto, ano_calendario = ano_exercicio - 1.";renda_liquida_total_cr_mil_publicada;523111;1000.000000;523111000.000000;11.903000;11.903000;1 mil-reis/US$;1.000000;;3690;Taxa de cambio - Livre - Dolar americano - Fim de periodo;annual_end_period;https://api.bcb.gov.br/dados/serie/bcdata.sgs.3690/dados?formato=json&dataInicial=01%2F01%2F1901&dataFinal=31%2F12%2F1941;CPIAUCNS;Consumer Price Index for All Urban Consumers: All Items in U.S. City Average;not_seasonally_adjusted;13.725000;12;2026;331.655375;8;partial;24.164326;43947828.278585;1061969649.515752;bcb_3690_end_period_cpiaucns;partial_cpi_target_year;"Converted from nominal domestic currency to nominal USD with the listed exchange rate, then to target-year USD with CPIAUCNS. Exchange rate is end-of-period rather than annual average. BCB SGS 3690 is reported in mil-reis per US dollar; rows stored in reis are adjusted by 1000 during conversion. Target-year CPI uses the months available so far.";strict_renda_liquida;regional;"renda liquida publicada em faixas compativeis; serie regional/local, nao comparar diretamente com Brasil"
total;irpf_aeb1941_1945_df_1933_1943_totais;irpf_aeb1941_1945_df_1933_1943_totais.csv;total;3;1935;1936;Distrito Federal;irpf_aeb1941_1945_df_1933_1943_totais;Cr$;Cr$ 1.000;Cr$ 1.000;renda liquida;;Brasil. Instituto Brasileiro de Geografia e Estatistica. Anuario Estatistico do Brasil 1941-1945. Rio de Janeiro: IBGE, 1946, p. 496-497, tabela beta.;https://biblioteca.ibge.gov.br/visualizacao/periodicos/20/aeb_1941_1945.pdf;outputs/fontes-pedro-souza-irpf/aeb_1941_1945.pdf;501-502;496-497;Tabela beta - Contribuintes no Distrito Federal e sua renda liquida por classes de renda - 1934/44;"Serie do Distrito Federal; nao comparar diretamente com a serie nacional. A tabela traz anos impressos 1934-1944; seguindo a regra dos Anuarios Estatisticos do Brasil usada no projeto, ano_calendario = ano_exercicio - 1.";renda_liquida_total_cr_mil_soma_faixas;523111;1000.000000;523111000.000000;11.903000;11.903000;1 mil-reis/US$;1.000000;;3690;Taxa de cambio - Livre - Dolar americano - Fim de periodo;annual_end_period;https://api.bcb.gov.br/dados/serie/bcdata.sgs.3690/dados?formato=json&dataInicial=01%2F01%2F1901&dataFinal=31%2F12%2F1941;CPIAUCNS;Consumer Price Index for All Urban Consumers: All Items in U.S. City Average;not_seasonally_adjusted;13.725000;12;2026;331.655375;8;partial;24.164326;43947828.278585;1061969649.515752;bcb_3690_end_period_cpiaucns;partial_cpi_target_year;"Converted from nominal domestic currency to nominal USD with the listed exchange rate, then to target-year USD with CPIAUCNS. Exchange rate is end-of-period rather than annual average. BCB SGS 3690 is reported in mil-reis per US dollar; rows stored in reis are adjusted by 1000 during conversion. Target-year CPI uses the months available so far.";strict_renda_liquida;regional;"renda liquida publicada em faixas compativeis; serie regional/local, nao comparar diretamente com Brasil"
total;irpf_aeb1941_1945_df_1933_1943_totais;irpf_aeb1941_1945_df_1933_1943_totais.csv;total;3;1935;1936;Distrito Federal;irpf_aeb1941_1945_df_1933_1943_totais;Cr$;Cr$ 1.000;Cr$ 1.000;renda liquida;;Brasil. Instituto Brasileiro de Geografia e Estatistica. Anuario Estatistico do Brasil 1941-1945. Rio de Janeiro: IBGE, 1946, p. 496-497, tabela beta.;https://biblioteca.ibge.gov.br/visualizacao/periodicos/20/aeb_1941_1945.pdf;outputs/fontes-pedro-souza-irpf/aeb_1941_1945.pdf;501-502;496-497;Tabela beta - Contribuintes no Distrito Federal e sua renda liquida por classes de renda - 1934/44;"Serie do Distrito Federal; nao comparar diretamente com a serie nacional. A tabela traz anos impressos 1934-1944; seguindo a regra dos Anuarios Estatisticos do Brasil usada no projeto, ano_calendario = ano_exercicio - 1.";renda_liquida_media_cr_publicada;36733;1.000000;36733.000000;11.903000;11.903000;1 mil-reis/US$;1.000000;;3690;Taxa de cambio - Livre - Dolar americano - Fim de periodo;annual_end_period;https://api.bcb.gov.br/dados/serie/bcdata.sgs.3690/dados?formato=json&dataInicial=01%2F01%2F1901&dataFinal=31%2F12%2F1941;CPIAUCNS;Consumer Price Index for All Urban Consumers: All Items in U.S. City Average;not_seasonally_adjusted;13.725000;12;2026;331.655375;8;partial;24.164326;3086.028732;74571.804332;bcb_3690_end_period_cpiaucns;partial_cpi_target_year;"Converted from nominal domestic currency to nominal USD with the listed exchange rate, then to target-year USD with CPIAUCNS. Exchange rate is end-of-period rather than annual average. BCB SGS 3690 is reported in mil-reis per US dollar; rows stored in reis are adjusted by 1000 during conversion. Target-year CPI uses the months available so far.";strict_renda_liquida;regional;"renda liquida publicada em faixas compativeis; serie regional/local, nao comparar diretamente com Brasil"
total;irpf_aeb1941_1945_df_1933_1943_totais;irpf_aeb1941_1945_df_1933_1943_totais.csv;total;4;1936;1937;Distrito Federal;irpf_aeb1941_1945_df_1933_1943_totais;Cr$;Cr$ 1.000;Cr$ 1.000;renda liquida;;Brasil. Instituto Brasileiro de Geografia e Estatistica. Anuario Estatistico do Brasil 1941-1945. Rio de Janeiro: IBGE, 1946, p. 496-497, tabela beta.;https://biblioteca.ibge.gov.br/visualizacao/periodicos/20/aeb_1941_1945.pdf;outputs/fontes-pedro-souza-irpf/aeb_1941_1945.pdf;501-502;496-497;Tabela beta - Contribuintes no Distrito Federal e sua renda liquida por classes de renda - 1934/44;"Serie do Distrito Federal; nao comparar diretamente com a serie nacional. A tabela traz anos impressos 1934-1944; seguindo a regra dos Anuarios Estatisticos do Brasil usada no projeto, ano_calendario = ano_exercicio - 1.";renda_liquida_total_cr_mil_publicada;560669;1000.000000;560669000.000000;11.791000;11.791000;1 mil-reis/US$;1.000000;;3690;Taxa de cambio - Livre - Dolar americano - Fim de periodo;annual_end_period;https://api.bcb.gov.br/dados/serie/bcdata.sgs.3690/dados?formato=json&dataInicial=01%2F01%2F1901&dataFinal=31%2F12%2F1941;CPIAUCNS;Consumer Price Index for All Urban Consumers: All Items in U.S. City Average;not_seasonally_adjusted;13.866667;12;2026;331.655375;8;partial;23.917455;47550589.432618;1137289082.978119;bcb_3690_end_period_cpiaucns;partial_cpi_target_year;"Converted from nominal domestic currency to nominal USD with the listed exchange rate, then to target-year USD with CPIAUCNS. Exchange rate is end-of-period rather than annual average. BCB SGS 3690 is reported in mil-reis per US dollar; rows stored in reis are adjusted by 1000 during conversion. Target-year CPI uses the months available so far.";strict_renda_liquida;regional;"renda liquida publicada em faixas compativeis; serie regional/local, nao comparar diretamente com Brasil"
total;irpf_aeb1941_1945_df_1933_1943_totais;irpf_aeb1941_1945_df_1933_1943_totais.csv;total;4;1936;1937;Distrito Federal;irpf_aeb1941_1945_df_1933_1943_totais;Cr$;Cr$ 1.000;Cr$ 1.000;renda liquida;;Brasil. Instituto Brasileiro de Geografia e Estatistica. Anuario Estatistico do Brasil 1941-1945. Rio de Janeiro: IBGE, 1946, p. 496-497, tabela beta.;https://biblioteca.ibge.gov.br/visualizacao/periodicos/20/aeb_1941_1945.pdf;outputs/fontes-pedro-souza-irpf/aeb_1941_1945.pdf;501-502;496-497;Tabela beta - Contribuintes no Distrito Federal e sua renda liquida por classes de renda - 1934/44;"Serie do Distrito Federal; nao comparar diretamente com a serie nacional. A tabela traz anos impressos 1934-1944; seguindo a regra dos Anuarios Estatisticos do Brasil usada no projeto, ano_calendario = ano_exercicio - 1.";renda_liquida_total_cr_mil_soma_faixas;560669;1000.000000;560669000.000000;11.791000;11.791000;1 mil-reis/US$;1.000000;;3690;Taxa de cambio - Livre - Dolar americano - Fim de periodo;annual_end_period;https://api.bcb.gov.br/dados/serie/bcdata.sgs.3690/dados?formato=json&dataInicial=01%2F01%2F1901&dataFinal=31%2F12%2F1941;CPIAUCNS;Consumer Price Index for All Urban Consumers: All Items in U.S. City Average;not_seasonally_adjusted;13.866667;12;2026;331.655375;8;partial;23.917455;47550589.432618;1137289082.978119;bcb_3690_end_period_cpiaucns;partial_cpi_target_year;"Converted from nominal domestic currency to nominal USD with the listed exchange rate, then to target-year USD with CPIAUCNS. Exchange rate is end-of-period rather than annual average. BCB SGS 3690 is reported in mil-reis per US dollar; rows stored in reis are adjusted by 1000 during conversion. Target-year CPI uses the months available so far.";strict_renda_liquida;regional;"renda liquida publicada em faixas compativeis; serie regional/local, nao comparar diretamente com Brasil"
total;irpf_aeb1941_1945_df_1933_1943_totais;irpf_aeb1941_1945_df_1933_1943_totais.csv;total;4;1936;1937;Distrito Federal;irpf_aeb1941_1945_df_1933_1943_totais;Cr$;Cr$ 1.000;Cr$ 1.000;renda liquida;;Brasil. Instituto Brasileiro de Geografia e Estatistica. Anuario Estatistico do Brasil 1941-1945. Rio de Janeiro: IBGE, 1946, p. 496-497, tabela beta.;https://biblioteca.ibge.gov.br/visualizacao/periodicos/20/aeb_1941_1945.pdf;outputs/fontes-pedro-souza-irpf/aeb_1941_1945.pdf;501-502;496-497;Tabela beta - Contribuintes no Distrito Federal e sua renda liquida por classes de renda - 1934/44;"Serie do Distrito Federal; nao comparar diretamente com a serie nacional. A tabela traz anos impressos 1934-1944; seguindo a regra dos Anuarios Estatisticos do Brasil usada no projeto, ano_calendario = ano_exercicio - 1.";renda_liquida_media_cr_publicada;34744;1.000000;34744.000000;11.791000;11.791000;1 mil-reis/US$;1.000000;;3690;Taxa de cambio - Livre - Dolar americano - Fim de periodo;annual_end_period;https://api.bcb.gov.br/dados/serie/bcdata.sgs.3690/dados?formato=json&dataInicial=01%2F01%2F1901&dataFinal=31%2F12%2F1941;CPIAUCNS;Consumer Price Index for All Urban Consumers: All Items in U.S. City Average;not_seasonally_adjusted;13.866667;12;2026;331.655375;8;partial;23.917455;2946.654228;70476.469894;bcb_3690_end_period_cpiaucns;partial_cpi_target_year;"Converted from nominal domestic currency to nominal USD with the listed exchange rate, then to target-year USD with CPIAUCNS. Exchange rate is end-of-period rather than annual average. BCB SGS 3690 is reported in mil-reis per US dollar; rows stored in reis are adjusted by 1000 during conversion. Target-year CPI uses the months available so far.";strict_renda_liquida;regional;"renda liquida publicada em faixas compativeis; serie regional/local, nao comparar diretamente com Brasil"
total;irpf_aeb1941_1945_df_1933_1943_totais;irpf_aeb1941_1945_df_1933_1943_totais.csv;total;5;1937;1938;Distrito Federal;irpf_aeb1941_1945_df_1933_1943_totais;Cr$;Cr$ 1.000;Cr$ 1.000;renda liquida;;Brasil. Instituto Brasileiro de Geografia e Estatistica. Anuario Estatistico do Brasil 1941-1945. Rio de Janeiro: IBGE, 1946, p. 496-497, tabela beta.;https://biblioteca.ibge.gov.br/visualizacao/periodicos/20/aeb_1941_1945.pdf;outputs/fontes-pedro-souza-irpf/aeb_1941_1945.pdf;501-502;496-497;Tabela beta - Contribuintes no Distrito Federal e sua renda liquida por classes de renda - 1934/44;"Serie do Distrito Federal; nao comparar diretamente com a serie nacional. A tabela traz anos impressos 1934-1944; seguindo a regra dos Anuarios Estatisticos do Brasil usada no projeto, ano_calendario = ano_exercicio - 1.";renda_liquida_total_cr_mil_publicada;750059;1000.000000;750059000.000000;11.397000;11.397000;1 mil-reis/US$;1.000000;;3690;Taxa de cambio - Livre - Dolar americano - Fim de periodo;annual_end_period;https://api.bcb.gov.br/dados/serie/bcdata.sgs.3690/dados?formato=json&dataInicial=01%2F01%2F1901&dataFinal=31%2F12%2F1941;CPIAUCNS;Consumer Price Index for All Urban Consumers: All Items in U.S. City Average;not_seasonally_adjusted;14.383333;12;2026;331.655375;8;partial;23.058311;65811968.061771;1517512827.090375;bcb_3690_end_period_cpiaucns;partial_cpi_target_year;"Converted from nominal domestic currency to nominal USD with the listed exchange rate, then to target-year USD with CPIAUCNS. Exchange rate is end-of-period rather than annual average. BCB SGS 3690 is reported in mil-reis per US dollar; rows stored in reis are adjusted by 1000 during conversion. Target-year CPI uses the months available so far.";strict_renda_liquida;regional;"renda liquida publicada em faixas compativeis; serie regional/local, nao comparar diretamente com Brasil"
total;irpf_aeb1941_1945_df_1933_1943_totais;irpf_aeb1941_1945_df_1933_1943_totais.csv;total;5;1937;1938;Distrito Federal;irpf_aeb1941_1945_df_1933_1943_totais;Cr$;Cr$ 1.000;Cr$ 1.000;renda liquida;;Brasil. Instituto Brasileiro de Geografia e Estatistica. Anuario Estatistico do Brasil 1941-1945. Rio de Janeiro: IBGE, 1946, p. 496-497, tabela beta.;https://biblioteca.ibge.gov.br/visualizacao/periodicos/20/aeb_1941_1945.pdf;outputs/fontes-pedro-souza-irpf/aeb_1941_1945.pdf;501-502;496-497;Tabela beta - Contribuintes no Distrito Federal e sua renda liquida por classes de renda - 1934/44;"Serie do Distrito Federal; nao comparar diretamente com a serie nacional. A tabela traz anos impressos 1934-1944; seguindo a regra dos Anuarios Estatisticos do Brasil usada no projeto, ano_calendario = ano_exercicio - 1.";renda_liquida_total_cr_mil_soma_faixas;750059;1000.000000;750059000.000000;11.397000;11.397000;1 mil-reis/US$;1.000000;;3690;Taxa de cambio - Livre - Dolar americano - Fim de periodo;annual_end_period;https://api.bcb.gov.br/dados/serie/bcdata.sgs.3690/dados?formato=json&dataInicial=01%2F01%2F1901&dataFinal=31%2F12%2F1941;CPIAUCNS;Consumer Price Index for All Urban Consumers: All Items in U.S. City Average;not_seasonally_adjusted;14.383333;12;2026;331.655375;8;partial;23.058311;65811968.061771;1517512827.090375;bcb_3690_end_period_cpiaucns;partial_cpi_target_year;"Converted from nominal domestic currency to nominal USD with the listed exchange rate, then to target-year USD with CPIAUCNS. Exchange rate is end-of-period rather than annual average. BCB SGS 3690 is reported in mil-reis per US dollar; rows stored in reis are adjusted by 1000 during conversion. Target-year CPI uses the months available so far.";strict_renda_liquida;regional;"renda liquida publicada em faixas compativeis; serie regional/local, nao comparar diretamente com Brasil"
total;irpf_aeb1941_1945_df_1933_1943_totais;irpf_aeb1941_1945_df_1933_1943_totais.csv;total;5;1937;1938;Distrito Federal;irpf_aeb1941_1945_df_1933_1943_totais;Cr$;Cr$ 1.000;Cr$ 1.000;renda liquida;;Brasil. Instituto Brasileiro de Geografia e Estatistica. Anuario Estatistico do Brasil 1941-1945. Rio de Janeiro: IBGE, 1946, p. 496-497, tabela beta.;https://biblioteca.ibge.gov.br/visualizacao/periodicos/20/aeb_1941_1945.pdf;outputs/fontes-pedro-souza-irpf/aeb_1941_1945.pdf;501-502;496-497;Tabela beta - Contribuintes no Distrito Federal e sua renda liquida por classes de renda - 1934/44;"Serie do Distrito Federal; nao comparar diretamente com a serie nacional. A tabela traz anos impressos 1934-1944; seguindo a regra dos Anuarios Estatisticos do Brasil usada no projeto, ano_calendario = ano_exercicio - 1.";renda_liquida_media_cr_publicada;38325;1.000000;38325.000000;11.397000;11.397000;1 mil-reis/US$;1.000000;;3690;Taxa de cambio - Livre - Dolar americano - Fim de periodo;annual_end_period;https://api.bcb.gov.br/dados/serie/bcdata.sgs.3690/dados?formato=json&dataInicial=01%2F01%2F1901&dataFinal=31%2F12%2F1941;CPIAUCNS;Consumer Price Index for All Urban Consumers: All Items in U.S. City Average;not_seasonally_adjusted;14.383333;12;2026;331.655375;8;partial;23.058311;3362.727033;77538.805745;bcb_3690_end_period_cpiaucns;partial_cpi_target_year;"Converted from nominal domestic currency to nominal USD with the listed exchange rate, then to target-year USD with CPIAUCNS. Exchange rate is end-of-period rather than annual average. BCB SGS 3690 is reported in mil-reis per US dollar; rows stored in reis are adjusted by 1000 during conversion. Target-year CPI uses the months available so far.";strict_renda_liquida;regional;"renda liquida publicada em faixas compativeis; serie regional/local, nao comparar diretamente com Brasil"
total;irpf_aeb1941_1945_df_1933_1943_totais;irpf_aeb1941_1945_df_1933_1943_totais.csv;total;6;1938;1939;Distrito Federal;irpf_aeb1941_1945_df_1933_1943_totais;Cr$;Cr$ 1.000;Cr$ 1.000;renda liquida;;Brasil. Instituto Brasileiro de Geografia e Estatistica. Anuario Estatistico do Brasil 1941-1945. Rio de Janeiro: IBGE, 1946, p. 496-497, tabela beta.;https://biblioteca.ibge.gov.br/visualizacao/periodicos/20/aeb_1941_1945.pdf;outputs/fontes-pedro-souza-irpf/aeb_1941_1945.pdf;501-502;496-497;Tabela beta - Contribuintes no Distrito Federal e sua renda liquida por classes de renda - 1934/44;"Serie do Distrito Federal; nao comparar diretamente com a serie nacional. A tabela traz anos impressos 1934-1944; seguindo a regra dos Anuarios Estatisticos do Brasil usada no projeto, ano_calendario = ano_exercicio - 1.";renda_liquida_total_cr_mil_publicada;1005003;1000.000000;1005003000.000000;17.620000;17.620000;1 mil-reis/US$;1.000000;;3690;Taxa de cambio - Livre - Dolar americano - Fim de periodo;annual_end_period;https://api.bcb.gov.br/dados/serie/bcdata.sgs.3690/dados?formato=json&dataInicial=01%2F01%2F1901&dataFinal=31%2F12%2F1941;CPIAUCNS;Consumer Price Index for All Urban Consumers: All Items in U.S. City Average;not_seasonally_adjusted;14.091667;12;2026;331.655375;8;partial;23.535568;57037627.695800;1342412965.193190;bcb_3690_end_period_cpiaucns;partial_cpi_target_year;"Converted from nominal domestic currency to nominal USD with the listed exchange rate, then to target-year USD with CPIAUCNS. Exchange rate is end-of-period rather than annual average. BCB SGS 3690 is reported in mil-reis per US dollar; rows stored in reis are adjusted by 1000 during conversion. Target-year CPI uses the months available so far.";strict_renda_liquida;regional;"renda liquida publicada em faixas compativeis; serie regional/local, nao comparar diretamente com Brasil"
total;irpf_aeb1941_1945_df_1933_1943_totais;irpf_aeb1941_1945_df_1933_1943_totais.csv;total;6;1938;1939;Distrito Federal;irpf_aeb1941_1945_df_1933_1943_totais;Cr$;Cr$ 1.000;Cr$ 1.000;renda liquida;;Brasil. Instituto Brasileiro de Geografia e Estatistica. Anuario Estatistico do Brasil 1941-1945. Rio de Janeiro: IBGE, 1946, p. 496-497, tabela beta.;https://biblioteca.ibge.gov.br/visualizacao/periodicos/20/aeb_1941_1945.pdf;outputs/fontes-pedro-souza-irpf/aeb_1941_1945.pdf;501-502;496-497;Tabela beta - Contribuintes no Distrito Federal e sua renda liquida por classes de renda - 1934/44;"Serie do Distrito Federal; nao comparar diretamente com a serie nacional. A tabela traz anos impressos 1934-1944; seguindo a regra dos Anuarios Estatisticos do Brasil usada no projeto, ano_calendario = ano_exercicio - 1.";renda_liquida_total_cr_mil_soma_faixas;1005003;1000.000000;1005003000.000000;17.620000;17.620000;1 mil-reis/US$;1.000000;;3690;Taxa de cambio - Livre - Dolar americano - Fim de periodo;annual_end_period;https://api.bcb.gov.br/dados/serie/bcdata.sgs.3690/dados?formato=json&dataInicial=01%2F01%2F1901&dataFinal=31%2F12%2F1941;CPIAUCNS;Consumer Price Index for All Urban Consumers: All Items in U.S. City Average;not_seasonally_adjusted;14.091667;12;2026;331.655375;8;partial;23.535568;57037627.695800;1342412965.193190;bcb_3690_end_period_cpiaucns;partial_cpi_target_year;"Converted from nominal domestic currency to nominal USD with the listed exchange rate, then to target-year USD with CPIAUCNS. Exchange rate is end-of-period rather than annual average. BCB SGS 3690 is reported in mil-reis per US dollar; rows stored in reis are adjusted by 1000 during conversion. Target-year CPI uses the months available so far.";strict_renda_liquida;regional;"renda liquida publicada em faixas compativeis; serie regional/local, nao comparar diretamente com Brasil"
total;irpf_aeb1941_1945_df_1933_1943_totais;irpf_aeb1941_1945_df_1933_1943_totais.csv;total;6;1938;1939;Distrito Federal;irpf_aeb1941_1945_df_1933_1943_totais;Cr$;Cr$ 1.000;Cr$ 1.000;renda liquida;;Brasil. Instituto Brasileiro de Geografia e Estatistica. Anuario Estatistico do Brasil 1941-1945. Rio de Janeiro: IBGE, 1946, p. 496-497, tabela beta.;https://biblioteca.ibge.gov.br/visualizacao/periodicos/20/aeb_1941_1945.pdf;outputs/fontes-pedro-souza-irpf/aeb_1941_1945.pdf;501-502;496-497;Tabela beta - Contribuintes no Distrito Federal e sua renda liquida por classes de renda - 1934/44;"Serie do Distrito Federal; nao comparar diretamente com a serie nacional. A tabela traz anos impressos 1934-1944; seguindo a regra dos Anuarios Estatisticos do Brasil usada no projeto, ano_calendario = ano_exercicio - 1.";renda_liquida_media_cr_publicada;36930;1.000000;36930.000000;17.620000;17.620000;1 mil-reis/US$;1.000000;;3690;Taxa de cambio - Livre - Dolar americano - Fim de periodo;annual_end_period;https://api.bcb.gov.br/dados/serie/bcdata.sgs.3690/dados?formato=json&dataInicial=01%2F01%2F1901&dataFinal=31%2F12%2F1941;CPIAUCNS;Consumer Price Index for All Urban Consumers: All Items in U.S. City Average;not_seasonally_adjusted;14.091667;12;2026;331.655375;8;partial;23.535568;2095.913734;49328.520218;bcb_3690_end_period_cpiaucns;partial_cpi_target_year;"Converted from nominal domestic currency to nominal USD with the listed exchange rate, then to target-year USD with CPIAUCNS. Exchange rate is end-of-period rather than annual average. BCB SGS 3690 is reported in mil-reis per US dollar; rows stored in reis are adjusted by 1000 during conversion. Target-year CPI uses the months available so far.";strict_renda_liquida;regional;"renda liquida publicada em faixas compativeis; serie regional/local, nao comparar diretamente com Brasil"
total;irpf_aeb1941_1945_df_1933_1943_totais;irpf_aeb1941_1945_df_1933_1943_totais.csv;total;7;1939;1940;Distrito Federal;irpf_aeb1941_1945_df_1933_1943_totais;Cr$;Cr$ 1.000;Cr$ 1.000;renda liquida;;Brasil. Instituto Brasileiro de Geografia e Estatistica. Anuario Estatistico do Brasil 1941-1945. Rio de Janeiro: IBGE, 1946, p. 496-497, tabela beta.;https://biblioteca.ibge.gov.br/visualizacao/periodicos/20/aeb_1941_1945.pdf;outputs/fontes-pedro-souza-irpf/aeb_1941_1945.pdf;501-502;496-497;Tabela beta - Contribuintes no Distrito Federal e sua renda liquida por classes de renda - 1934/44;"Serie do Distrito Federal; nao comparar diretamente com a serie nacional. A tabela traz anos impressos 1934-1944; seguindo a regra dos Anuarios Estatisticos do Brasil usada no projeto, ano_calendario = ano_exercicio - 1.";renda_liquida_total_cr_mil_publicada;1223622;1000.000000;1223622000.000000;16.645000;16.645000;1 mil-reis/US$;1.000000;;3690;Taxa de cambio - Livre - Dolar americano - Fim de periodo;annual_end_period;https://api.bcb.gov.br/dados/serie/bcdata.sgs.3690/dados?formato=json&dataInicial=01%2F01%2F1901&dataFinal=31%2F12%2F1941;CPIAUCNS;Consumer Price Index for All Urban Consumers: All Items in U.S. City Average;not_seasonally_adjusted;13.908333;12;2026;331.655375;8;partial;23.845803;73512886.752779;1752973815.468068;bcb_3690_end_period_cpiaucns;partial_cpi_target_year;"Converted from nominal domestic currency to nominal USD with the listed exchange rate, then to target-year USD with CPIAUCNS. Exchange rate is end-of-period rather than annual average. BCB SGS 3690 is reported in mil-reis per US dollar; rows stored in reis are adjusted by 1000 during conversion. Target-year CPI uses the months available so far.";strict_renda_liquida;regional;"renda liquida publicada em faixas compativeis; serie regional/local, nao comparar diretamente com Brasil"
total;irpf_aeb1941_1945_df_1933_1943_totais;irpf_aeb1941_1945_df_1933_1943_totais.csv;total;7;1939;1940;Distrito Federal;irpf_aeb1941_1945_df_1933_1943_totais;Cr$;Cr$ 1.000;Cr$ 1.000;renda liquida;;Brasil. Instituto Brasileiro de Geografia e Estatistica. Anuario Estatistico do Brasil 1941-1945. Rio de Janeiro: IBGE, 1946, p. 496-497, tabela beta.;https://biblioteca.ibge.gov.br/visualizacao/periodicos/20/aeb_1941_1945.pdf;outputs/fontes-pedro-souza-irpf/aeb_1941_1945.pdf;501-502;496-497;Tabela beta - Contribuintes no Distrito Federal e sua renda liquida por classes de renda - 1934/44;"Serie do Distrito Federal; nao comparar diretamente com a serie nacional. A tabela traz anos impressos 1934-1944; seguindo a regra dos Anuarios Estatisticos do Brasil usada no projeto, ano_calendario = ano_exercicio - 1.";renda_liquida_total_cr_mil_soma_faixas;1223622;1000.000000;1223622000.000000;16.645000;16.645000;1 mil-reis/US$;1.000000;;3690;Taxa de cambio - Livre - Dolar americano - Fim de periodo;annual_end_period;https://api.bcb.gov.br/dados/serie/bcdata.sgs.3690/dados?formato=json&dataInicial=01%2F01%2F1901&dataFinal=31%2F12%2F1941;CPIAUCNS;Consumer Price Index for All Urban Consumers: All Items in U.S. City Average;not_seasonally_adjusted;13.908333;12;2026;331.655375;8;partial;23.845803;73512886.752779;1752973815.468068;bcb_3690_end_period_cpiaucns;partial_cpi_target_year;"Converted from nominal domestic currency to nominal USD with the listed exchange rate, then to target-year USD with CPIAUCNS. Exchange rate is end-of-period rather than annual average. BCB SGS 3690 is reported in mil-reis per US dollar; rows stored in reis are adjusted by 1000 during conversion. Target-year CPI uses the months available so far.";strict_renda_liquida;regional;"renda liquida publicada em faixas compativeis; serie regional/local, nao comparar diretamente com Brasil"
total;irpf_aeb1941_1945_df_1933_1943_totais;irpf_aeb1941_1945_df_1933_1943_totais.csv;total;7;1939;1940;Distrito Federal;irpf_aeb1941_1945_df_1933_1943_totais;Cr$;Cr$ 1.000;Cr$ 1.000;renda liquida;;Brasil. Instituto Brasileiro de Geografia e Estatistica. Anuario Estatistico do Brasil 1941-1945. Rio de Janeiro: IBGE, 1946, p. 496-497, tabela beta.;https://biblioteca.ibge.gov.br/visualizacao/periodicos/20/aeb_1941_1945.pdf;outputs/fontes-pedro-souza-irpf/aeb_1941_1945.pdf;501-502;496-497;Tabela beta - Contribuintes no Distrito Federal e sua renda liquida por classes de renda - 1934/44;"Serie do Distrito Federal; nao comparar diretamente com a serie nacional. A tabela traz anos impressos 1934-1944; seguindo a regra dos Anuarios Estatisticos do Brasil usada no projeto, ano_calendario = ano_exercicio - 1.";renda_liquida_media_cr_publicada;38522;1.000000;38522.000000;16.645000;16.645000;1 mil-reis/US$;1.000000;;3690;Taxa de cambio - Livre - Dolar americano - Fim de periodo;annual_end_period;https://api.bcb.gov.br/dados/serie/bcdata.sgs.3690/dados?formato=json&dataInicial=01%2F01%2F1901&dataFinal=31%2F12%2F1941;CPIAUCNS;Consumer Price Index for All Urban Consumers: All Items in U.S. City Average;not_seasonally_adjusted;13.908333;12;2026;331.655375;8;partial;23.845803;2314.328627;55187.024522;bcb_3690_end_period_cpiaucns;partial_cpi_target_year;"Converted from nominal domestic currency to nominal USD with the listed exchange rate, then to target-year USD with CPIAUCNS. Exchange rate is end-of-period rather than annual average. BCB SGS 3690 is reported in mil-reis per US dollar; rows stored in reis are adjusted by 1000 during conversion. Target-year CPI uses the months available so far.";strict_renda_liquida;regional;"renda liquida publicada em faixas compativeis; serie regional/local, nao comparar diretamente com Brasil"
total;irpf_aeb1941_1945_df_1933_1943_totais;irpf_aeb1941_1945_df_1933_1943_totais.csv;total;8;1940;1941;Distrito Federal;irpf_aeb1941_1945_df_1933_1943_totais;Cr$;Cr$ 1.000;Cr$ 1.000;renda liquida;;Brasil. Instituto Brasileiro de Geografia e Estatistica. Anuario Estatistico do Brasil 1941-1945. Rio de Janeiro: IBGE, 1946, p. 496-497, tabela beta.;https://biblioteca.ibge.gov.br/visualizacao/periodicos/20/aeb_1941_1945.pdf;outputs/fontes-pedro-souza-irpf/aeb_1941_1945.pdf;501-502;496-497;Tabela beta - Contribuintes no Distrito Federal e sua renda liquida por classes de renda - 1934/44;"Serie do Distrito Federal; nao comparar diretamente com a serie nacional. A tabela traz anos impressos 1934-1944; seguindo a regra dos Anuarios Estatisticos do Brasil usada no projeto, ano_calendario = ano_exercicio - 1.";renda_liquida_total_cr_mil_publicada;1462738;1000.000000;1462738000.000000;16.632000;16.632000;1 mil-reis/US$;1.000000;;3690;Taxa de cambio - Livre - Dolar americano - Fim de periodo;annual_end_period;https://api.bcb.gov.br/dados/serie/bcdata.sgs.3690/dados?formato=json&dataInicial=01%2F01%2F1901&dataFinal=31%2F12%2F1941;CPIAUCNS;Consumer Price Index for All Urban Consumers: All Items in U.S. City Average;not_seasonally_adjusted;14.008333;12;2026;331.655375;8;partial;23.675577;87947210.197210;2082200946.959235;bcb_3690_end_period_cpiaucns;partial_cpi_target_year;"Converted from nominal domestic currency to nominal USD with the listed exchange rate, then to target-year USD with CPIAUCNS. Exchange rate is end-of-period rather than annual average. BCB SGS 3690 is reported in mil-reis per US dollar; rows stored in reis are adjusted by 1000 during conversion. Target-year CPI uses the months available so far.";strict_renda_liquida;regional;"renda liquida publicada em faixas compativeis; serie regional/local, nao comparar diretamente com Brasil"
total;irpf_aeb1941_1945_df_1933_1943_totais;irpf_aeb1941_1945_df_1933_1943_totais.csv;total;8;1940;1941;Distrito Federal;irpf_aeb1941_1945_df_1933_1943_totais;Cr$;Cr$ 1.000;Cr$ 1.000;renda liquida;;Brasil. Instituto Brasileiro de Geografia e Estatistica. Anuario Estatistico do Brasil 1941-1945. Rio de Janeiro: IBGE, 1946, p. 496-497, tabela beta.;https://biblioteca.ibge.gov.br/visualizacao/periodicos/20/aeb_1941_1945.pdf;outputs/fontes-pedro-souza-irpf/aeb_1941_1945.pdf;501-502;496-497;Tabela beta - Contribuintes no Distrito Federal e sua renda liquida por classes de renda - 1934/44;"Serie do Distrito Federal; nao comparar diretamente com a serie nacional. A tabela traz anos impressos 1934-1944; seguindo a regra dos Anuarios Estatisticos do Brasil usada no projeto, ano_calendario = ano_exercicio - 1.";renda_liquida_total_cr_mil_soma_faixas;1462738;1000.000000;1462738000.000000;16.632000;16.632000;1 mil-reis/US$;1.000000;;3690;Taxa de cambio - Livre - Dolar americano - Fim de periodo;annual_end_period;https://api.bcb.gov.br/dados/serie/bcdata.sgs.3690/dados?formato=json&dataInicial=01%2F01%2F1901&dataFinal=31%2F12%2F1941;CPIAUCNS;Consumer Price Index for All Urban Consumers: All Items in U.S. City Average;not_seasonally_adjusted;14.008333;12;2026;331.655375;8;partial;23.675577;87947210.197210;2082200946.959235;bcb_3690_end_period_cpiaucns;partial_cpi_target_year;"Converted from nominal domestic currency to nominal USD with the listed exchange rate, then to target-year USD with CPIAUCNS. Exchange rate is end-of-period rather than annual average. BCB SGS 3690 is reported in mil-reis per US dollar; rows stored in reis are adjusted by 1000 during conversion. Target-year CPI uses the months available so far.";strict_renda_liquida;regional;"renda liquida publicada em faixas compativeis; serie regional/local, nao comparar diretamente com Brasil"
total;irpf_aeb1941_1945_df_1933_1943_totais;irpf_aeb1941_1945_df_1933_1943_totais.csv;total;8;1940;1941;Distrito Federal;irpf_aeb1941_1945_df_1933_1943_totais;Cr$;Cr$ 1.000;Cr$ 1.000;renda liquida;;Brasil. Instituto Brasileiro de Geografia e Estatistica. Anuario Estatistico do Brasil 1941-1945. Rio de Janeiro: IBGE, 1946, p. 496-497, tabela beta.;https://biblioteca.ibge.gov.br/visualizacao/periodicos/20/aeb_1941_1945.pdf;outputs/fontes-pedro-souza-irpf/aeb_1941_1945.pdf;501-502;496-497;Tabela beta - Contribuintes no Distrito Federal e sua renda liquida por classes de renda - 1934/44;"Serie do Distrito Federal; nao comparar diretamente com a serie nacional. A tabela traz anos impressos 1934-1944; seguindo a regra dos Anuarios Estatisticos do Brasil usada no projeto, ano_calendario = ano_exercicio - 1.";renda_liquida_media_cr_publicada;40703;1.000000;40703.000000;16.632000;16.632000;1 mil-reis/US$;1.000000;;3690;Taxa de cambio - Livre - Dolar americano - Fim de periodo;annual_end_period;https://api.bcb.gov.br/dados/serie/bcdata.sgs.3690/dados?formato=json&dataInicial=01%2F01%2F1901&dataFinal=31%2F12%2F1941;CPIAUCNS;Consumer Price Index for All Urban Consumers: All Items in U.S. City Average;not_seasonally_adjusted;14.008333;12;2026;331.655375;8;partial;23.675577;2447.270322;57940.536955;bcb_3690_end_period_cpiaucns;partial_cpi_target_year;"Converted from nominal domestic currency to nominal USD with the listed exchange rate, then to target-year USD with CPIAUCNS. Exchange rate is end-of-period rather than annual average. BCB SGS 3690 is reported in mil-reis per US dollar; rows stored in reis are adjusted by 1000 during conversion. Target-year CPI uses the months available so far.";strict_renda_liquida;regional;"renda liquida publicada em faixas compativeis; serie regional/local, nao comparar diretamente com Brasil"
total;irpf_aeb1941_1945_df_1933_1943_totais;irpf_aeb1941_1945_df_1933_1943_totais.csv;total;9;1941;1942;Distrito Federal;irpf_aeb1941_1945_df_1933_1943_totais;Cr$;Cr$ 1.000;Cr$ 1.000;renda liquida;;Brasil. Instituto Brasileiro de Geografia e Estatistica. Anuario Estatistico do Brasil 1941-1945. Rio de Janeiro: IBGE, 1946, p. 496-497, tabela beta.;https://biblioteca.ibge.gov.br/visualizacao/periodicos/20/aeb_1941_1945.pdf;outputs/fontes-pedro-souza-irpf/aeb_1941_1945.pdf;501-502;496-497;Tabela beta - Contribuintes no Distrito Federal e sua renda liquida por classes de renda - 1934/44;"Serie do Distrito Federal; nao comparar diretamente com a serie nacional. A tabela traz anos impressos 1934-1944; seguindo a regra dos Anuarios Estatisticos do Brasil usada no projeto, ano_calendario = ano_exercicio - 1.";renda_liquida_total_cr_mil_publicada;1951315;1000.000000;1951315000.000000;16.599000;16.599000;1 mil-reis/US$;1.000000;;3690;Taxa de cambio - Livre - Dolar americano - Fim de periodo;annual_end_period;https://api.bcb.gov.br/dados/serie/bcdata.sgs.3690/dados?formato=json&dataInicial=01%2F01%2F1901&dataFinal=31%2F12%2F1941;CPIAUCNS;Consumer Price Index for All Urban Consumers: All Items in U.S. City Average;not_seasonally_adjusted;14.725000;12;2026;331.655375;8;partial;22.523285;117556178.083017;2647751302.474547;bcb_3690_end_period_cpiaucns;partial_cpi_target_year;"Converted from nominal domestic currency to nominal USD with the listed exchange rate, then to target-year USD with CPIAUCNS. Exchange rate is end-of-period rather than annual average. BCB SGS 3690 is reported in mil-reis per US dollar; rows stored in reis are adjusted by 1000 during conversion. Target-year CPI uses the months available so far.";strict_renda_liquida;regional;"renda liquida publicada em faixas compativeis; serie regional/local, nao comparar diretamente com Brasil"
total;irpf_aeb1941_1945_df_1933_1943_totais;irpf_aeb1941_1945_df_1933_1943_totais.csv;total;9;1941;1942;Distrito Federal;irpf_aeb1941_1945_df_1933_1943_totais;Cr$;Cr$ 1.000;Cr$ 1.000;renda liquida;;Brasil. Instituto Brasileiro de Geografia e Estatistica. Anuario Estatistico do Brasil 1941-1945. Rio de Janeiro: IBGE, 1946, p. 496-497, tabela beta.;https://biblioteca.ibge.gov.br/visualizacao/periodicos/20/aeb_1941_1945.pdf;outputs/fontes-pedro-souza-irpf/aeb_1941_1945.pdf;501-502;496-497;Tabela beta - Contribuintes no Distrito Federal e sua renda liquida por classes de renda - 1934/44;"Serie do Distrito Federal; nao comparar diretamente com a serie nacional. A tabela traz anos impressos 1934-1944; seguindo a regra dos Anuarios Estatisticos do Brasil usada no projeto, ano_calendario = ano_exercicio - 1.";renda_liquida_total_cr_mil_soma_faixas;1951315;1000.000000;1951315000.000000;16.599000;16.599000;1 mil-reis/US$;1.000000;;3690;Taxa de cambio - Livre - Dolar americano - Fim de periodo;annual_end_period;https://api.bcb.gov.br/dados/serie/bcdata.sgs.3690/dados?formato=json&dataInicial=01%2F01%2F1901&dataFinal=31%2F12%2F1941;CPIAUCNS;Consumer Price Index for All Urban Consumers: All Items in U.S. City Average;not_seasonally_adjusted;14.725000;12;2026;331.655375;8;partial;22.523285;117556178.083017;2647751302.474547;bcb_3690_end_period_cpiaucns;partial_cpi_target_year;"Converted from nominal domestic currency to nominal USD with the listed exchange rate, then to target-year USD with CPIAUCNS. Exchange rate is end-of-period rather than annual average. BCB SGS 3690 is reported in mil-reis per US dollar; rows stored in reis are adjusted by 1000 during conversion. Target-year CPI uses the months available so far.";strict_renda_liquida;regional;"renda liquida publicada em faixas compativeis; serie regional/local, nao comparar diretamente com Brasil"
total;irpf_aeb1941_1945_df_1933_1943_totais;irpf_aeb1941_1945_df_1933_1943_totais.csv;total;9;1941;1942;Distrito Federal;irpf_aeb1941_1945_df_1933_1943_totais;Cr$;Cr$ 1.000;Cr$ 1.000;renda liquida;;Brasil. Instituto Brasileiro de Geografia e Estatistica. Anuario Estatistico do Brasil 1941-1945. Rio de Janeiro: IBGE, 1946, p. 496-497, tabela beta.;https://biblioteca.ibge.gov.br/visualizacao/periodicos/20/aeb_1941_1945.pdf;outputs/fontes-pedro-souza-irpf/aeb_1941_1945.pdf;501-502;496-497;Tabela beta - Contribuintes no Distrito Federal e sua renda liquida por classes de renda - 1934/44;"Serie do Distrito Federal; nao comparar diretamente com a serie nacional. A tabela traz anos impressos 1934-1944; seguindo a regra dos Anuarios Estatisticos do Brasil usada no projeto, ano_calendario = ano_exercicio - 1.";renda_liquida_media_cr_publicada;51052;1.000000;51052.000000;16.599000;16.599000;1 mil-reis/US$;1.000000;;3690;Taxa de cambio - Livre - Dolar americano - Fim de periodo;annual_end_period;https://api.bcb.gov.br/dados/serie/bcdata.sgs.3690/dados?formato=json&dataInicial=01%2F01%2F1901&dataFinal=31%2F12%2F1941;CPIAUCNS;Consumer Price Index for All Urban Consumers: All Items in U.S. City Average;not_seasonally_adjusted;14.725000;12;2026;331.655375;8;partial;22.523285;3075.606964;69272.772204;bcb_3690_end_period_cpiaucns;partial_cpi_target_year;"Converted from nominal domestic currency to nominal USD with the listed exchange rate, then to target-year USD with CPIAUCNS. Exchange rate is end-of-period rather than annual average. BCB SGS 3690 is reported in mil-reis per US dollar; rows stored in reis are adjusted by 1000 during conversion. Target-year CPI uses the months available so far.";strict_renda_liquida;regional;"renda liquida publicada em faixas compativeis; serie regional/local, nao comparar diretamente com Brasil"
total;irpf_aeb1941_1945_df_1933_1943_totais;irpf_aeb1941_1945_df_1933_1943_totais.csv;total;10;1942;1943;Distrito Federal;irpf_aeb1941_1945_df_1933_1943_totais;Cr$;Cr$ 1.000;Cr$ 1.000;renda liquida;;Brasil. Instituto Brasileiro de Geografia e Estatistica. Anuario Estatistico do Brasil 1941-1945. Rio de Janeiro: IBGE, 1946, p. 496-497, tabela beta.;https://biblioteca.ibge.gov.br/visualizacao/periodicos/20/aeb_1941_1945.pdf;outputs/fontes-pedro-souza-irpf/aeb_1941_1945.pdf;501-502;496-497;Tabela beta - Contribuintes no Distrito Federal e sua renda liquida por classes de renda - 1934/44;"Serie do Distrito Federal; nao comparar diretamente com a serie nacional. A tabela traz anos impressos 1934-1944; seguindo a regra dos Anuarios Estatisticos do Brasil usada no projeto, ano_calendario = ano_exercicio - 1.";renda_liquida_total_cr_mil_publicada;2666951;1000.000000;2666951000.000000;;;;1.000000;;;;;;CPIAUCNS;Consumer Price Index for All Urban Consumers: All Items in U.S. City Average;not_seasonally_adjusted;16.333333;12;2026;331.655375;8;partial;20.305431;;;missing_exchange_cpiaucns;missing_exchange_rate | partial_cpi_target_year;No exchange-rate series is available for the source year under the current method. Target-year CPI uses the months available so far.;strict_renda_liquida;regional;"renda liquida publicada em faixas compativeis; serie regional/local, nao comparar diretamente com Brasil"
total;irpf_aeb1941_1945_df_1933_1943_totais;irpf_aeb1941_1945_df_1933_1943_totais.csv;total;10;1942;1943;Distrito Federal;irpf_aeb1941_1945_df_1933_1943_totais;Cr$;Cr$ 1.000;Cr$ 1.000;renda liquida;;Brasil. Instituto Brasileiro de Geografia e Estatistica. Anuario Estatistico do Brasil 1941-1945. Rio de Janeiro: IBGE, 1946, p. 496-497, tabela beta.;https://biblioteca.ibge.gov.br/visualizacao/periodicos/20/aeb_1941_1945.pdf;outputs/fontes-pedro-souza-irpf/aeb_1941_1945.pdf;501-502;496-497;Tabela beta - Contribuintes no Distrito Federal e sua renda liquida por classes de renda - 1934/44;"Serie do Distrito Federal; nao comparar diretamente com a serie nacional. A tabela traz anos impressos 1934-1944; seguindo a regra dos Anuarios Estatisticos do Brasil usada no projeto, ano_calendario = ano_exercicio - 1.";renda_liquida_total_cr_mil_soma_faixas;2666951;1000.000000;2666951000.000000;;;;1.000000;;;;;;CPIAUCNS;Consumer Price Index for All Urban Consumers: All Items in U.S. City Average;not_seasonally_adjusted;16.333333;12;2026;331.655375;8;partial;20.305431;;;missing_exchange_cpiaucns;missing_exchange_rate | partial_cpi_target_year;No exchange-rate series is available for the source year under the current method. Target-year CPI uses the months available so far.;strict_renda_liquida;regional;"renda liquida publicada em faixas compativeis; serie regional/local, nao comparar diretamente com Brasil"
total;irpf_aeb1941_1945_df_1933_1943_totais;irpf_aeb1941_1945_df_1933_1943_totais.csv;total;10;1942;1943;Distrito Federal;irpf_aeb1941_1945_df_1933_1943_totais;Cr$;Cr$ 1.000;Cr$ 1.000;renda liquida;;Brasil. Instituto Brasileiro de Geografia e Estatistica. Anuario Estatistico do Brasil 1941-1945. Rio de Janeiro: IBGE, 1946, p. 496-497, tabela beta.;https://biblioteca.ibge.gov.br/visualizacao/periodicos/20/aeb_1941_1945.pdf;outputs/fontes-pedro-souza-irpf/aeb_1941_1945.pdf;501-502;496-497;Tabela beta - Contribuintes no Distrito Federal e sua renda liquida por classes de renda - 1934/44;"Serie do Distrito Federal; nao comparar diretamente com a serie nacional. A tabela traz anos impressos 1934-1944; seguindo a regra dos Anuarios Estatisticos do Brasil usada no projeto, ano_calendario = ano_exercicio - 1.";renda_liquida_media_cr_publicada;60983;1.000000;60983.000000;;;;1.000000;;;;;;CPIAUCNS;Consumer Price Index for All Urban Consumers: All Items in U.S. City Average;not_seasonally_adjusted;16.333333;12;2026;331.655375;8;partial;20.305431;;;missing_exchange_cpiaucns;missing_exchange_rate | partial_cpi_target_year;No exchange-rate series is available for the source year under the current method. Target-year CPI uses the months available so far.;strict_renda_liquida;regional;"renda liquida publicada em faixas compativeis; serie regional/local, nao comparar diretamente com Brasil"
total;irpf_aeb1941_1945_df_1933_1943_totais;irpf_aeb1941_1945_df_1933_1943_totais.csv;total;11;1943;1944;Distrito Federal;irpf_aeb1941_1945_df_1933_1943_totais;Cr$;Cr$ 1.000;Cr$ 1.000;renda liquida;;Brasil. Instituto Brasileiro de Geografia e Estatistica. Anuario Estatistico do Brasil 1941-1945. Rio de Janeiro: IBGE, 1946, p. 496-497, tabela beta.;https://biblioteca.ibge.gov.br/visualizacao/periodicos/20/aeb_1941_1945.pdf;outputs/fontes-pedro-souza-irpf/aeb_1941_1945.pdf;501-502;496-497;Tabela beta - Contribuintes no Distrito Federal e sua renda liquida por classes de renda - 1934/44;"Serie do Distrito Federal; nao comparar diretamente com a serie nacional. A tabela traz anos impressos 1934-1944; seguindo a regra dos Anuarios Estatisticos do Brasil usada no projeto, ano_calendario = ano_exercicio - 1.";renda_liquida_total_cr_mil_publicada;2864285;1000.000000;2864285000.000000;19.630000;19.630000;unidade monetaria corrente por US$;1.000000;;3694;Taxa de cambio - Livre - Dolar americano (venda) - Media de periodo - anual;annual_period_average;https://api.bcb.gov.br/dados/serie/bcdata.sgs.3694/dados?formato=json&dataInicial=01%2F01%2F1943&dataFinal=31%2F12%2F2025;CPIAUCNS;Consumer Price Index for All Urban Consumers: All Items in U.S. City Average;not_seasonally_adjusted;17.308333;12;2026;331.655375;8;partial;19.161601;145913652.572593;2795939191.048650;bcb_3694_cpiaucns;partial_cpi_target_year;Converted from nominal domestic currency to nominal USD with the listed exchange rate, then to target-year USD with CPIAUCNS. Target-year CPI uses the months available so far.;strict_renda_liquida;regional;"renda liquida publicada em faixas compativeis; serie regional/local, nao comparar diretamente com Brasil"
total;irpf_aeb1941_1945_df_1933_1943_totais;irpf_aeb1941_1945_df_1933_1943_totais.csv;total;11;1943;1944;Distrito Federal;irpf_aeb1941_1945_df_1933_1943_totais;Cr$;Cr$ 1.000;Cr$ 1.000;renda liquida;;Brasil. Instituto Brasileiro de Geografia e Estatistica. Anuario Estatistico do Brasil 1941-1945. Rio de Janeiro: IBGE, 1946, p. 496-497, tabela beta.;https://biblioteca.ibge.gov.br/visualizacao/periodicos/20/aeb_1941_1945.pdf;outputs/fontes-pedro-souza-irpf/aeb_1941_1945.pdf;501-502;496-497;Tabela beta - Contribuintes no Distrito Federal e sua renda liquida por classes de renda - 1934/44;"Serie do Distrito Federal; nao comparar diretamente com a serie nacional. A tabela traz anos impressos 1934-1944; seguindo a regra dos Anuarios Estatisticos do Brasil usada no projeto, ano_calendario = ano_exercicio - 1.";renda_liquida_total_cr_mil_soma_faixas;2864285;1000.000000;2864285000.000000;19.630000;19.630000;unidade monetaria corrente por US$;1.000000;;3694;Taxa de cambio - Livre - Dolar americano (venda) - Media de periodo - anual;annual_period_average;https://api.bcb.gov.br/dados/serie/bcdata.sgs.3694/dados?formato=json&dataInicial=01%2F01%2F1943&dataFinal=31%2F12%2F2025;CPIAUCNS;Consumer Price Index for All Urban Consumers: All Items in U.S. City Average;not_seasonally_adjusted;17.308333;12;2026;331.655375;8;partial;19.161601;145913652.572593;2795939191.048650;bcb_3694_cpiaucns;partial_cpi_target_year;Converted from nominal domestic currency to nominal USD with the listed exchange rate, then to target-year USD with CPIAUCNS. Target-year CPI uses the months available so far.;strict_renda_liquida;regional;"renda liquida publicada em faixas compativeis; serie regional/local, nao comparar diretamente com Brasil"
total;irpf_aeb1941_1945_df_1933_1943_totais;irpf_aeb1941_1945_df_1933_1943_totais.csv;total;11;1943;1944;Distrito Federal;irpf_aeb1941_1945_df_1933_1943_totais;Cr$;Cr$ 1.000;Cr$ 1.000;renda liquida;;Brasil. Instituto Brasileiro de Geografia e Estatistica. Anuario Estatistico do Brasil 1941-1945. Rio de Janeiro: IBGE, 1946, p. 496-497, tabela beta.;https://biblioteca.ibge.gov.br/visualizacao/periodicos/20/aeb_1941_1945.pdf;outputs/fontes-pedro-souza-irpf/aeb_1941_1945.pdf;501-502;496-497;Tabela beta - Contribuintes no Distrito Federal e sua renda liquida por classes de renda - 1934/44;"Serie do Distrito Federal; nao comparar diretamente com a serie nacional. A tabela traz anos impressos 1934-1944; seguindo a regra dos Anuarios Estatisticos do Brasil usada no projeto, ano_calendario = ano_exercicio - 1.";renda_liquida_media_cr_publicada;62490;1.000000;62490.000000;19.630000;19.630000;unidade monetaria corrente por US$;1.000000;;3694;Taxa de cambio - Livre - Dolar americano (venda) - Media de periodo - anual;annual_period_average;https://api.bcb.gov.br/dados/serie/bcdata.sgs.3694/dados?formato=json&dataInicial=01%2F01%2F1943&dataFinal=31%2F12%2F2025;CPIAUCNS;Consumer Price Index for All Urban Consumers: All Items in U.S. City Average;not_seasonally_adjusted;17.308333;12;2026;331.655375;8;partial;19.161601;3183.392766;60998.902012;bcb_3694_cpiaucns;partial_cpi_target_year;Converted from nominal domestic currency to nominal USD with the listed exchange rate, then to target-year USD with CPIAUCNS. Target-year CPI uses the months available so far.;strict_renda_liquida;regional;"renda liquida publicada em faixas compativeis; serie regional/local, nao comparar diretamente com Brasil"
total;irpf_aeb_brasil_1946_1960_totais;irpf_aeb_brasil_1946_1960_totais.csv;total;1;1946;1947;Brasil;irpf_aeb_brasil_1946_1960_totais;;;;renda liquida;;IBGE, Anuario Estatistico do Brasil 1949, p. 570, Tabela b;https://biblioteca.ibge.gov.br/visualizacao/periodicos/20/aeb_1949.pdf;outputs/fontes-pedro-souza-irpf/aeb_1949.pdf;603;570;;;renda_liquida_declarada_cr_mil_total;14901666;1000.000000;14901666000.000000;19.410000;19.410000;unidade monetaria corrente por US$;1.000000;;3694;Taxa de cambio - Livre - Dolar americano (venda) - Media de periodo - anual;annual_period_average;https://api.bcb.gov.br/dados/serie/bcdata.sgs.3694/dados?formato=json&dataInicial=01%2F01%2F1943&dataFinal=31%2F12%2F2025;CPIAUCNS;Consumer Price Index for All Urban Consumers: All Items in U.S. City Average;not_seasonally_adjusted;19.516667;12;2026;331.655375;8;partial;16.993444;767731375.579598;13046400137.954869;bcb_3694_cpiaucns;partial_cpi_target_year;Converted from nominal domestic currency to nominal USD with the listed exchange rate, then to target-year USD with CPIAUCNS. Target-year CPI uses the months available so far.;strict_renda_liquida;national;renda liquida publicada em faixas compativeis
total;irpf_aeb_brasil_1946_1960_totais;irpf_aeb_brasil_1946_1960_totais.csv;total;1;1946;1947;Brasil;irpf_aeb_brasil_1946_1960_totais;;;;renda liquida;;IBGE, Anuario Estatistico do Brasil 1949, p. 570, Tabela b;https://biblioteca.ibge.gov.br/visualizacao/periodicos/20/aeb_1949.pdf;outputs/fontes-pedro-souza-irpf/aeb_1949.pdf;603;570;;;renda_liquida_declarada_cr_mil_soma_faixas;14901666;1000.000000;14901666000.000000;19.410000;19.410000;unidade monetaria corrente por US$;1.000000;;3694;Taxa de cambio - Livre - Dolar americano (venda) - Media de periodo - anual;annual_period_average;https://api.bcb.gov.br/dados/serie/bcdata.sgs.3694/dados?formato=json&dataInicial=01%2F01%2F1943&dataFinal=31%2F12%2F2025;CPIAUCNS;Consumer Price Index for All Urban Consumers: All Items in U.S. City Average;not_seasonally_adjusted;19.516667;12;2026;331.655375;8;partial;16.993444;767731375.579598;13046400137.954869;bcb_3694_cpiaucns;partial_cpi_target_year;Converted from nominal domestic currency to nominal USD with the listed exchange rate, then to target-year USD with CPIAUCNS. Target-year CPI uses the months available so far.;strict_renda_liquida;national;renda liquida publicada em faixas compativeis
total;irpf_aeb_brasil_1946_1960_totais;irpf_aeb_brasil_1946_1960_totais.csv;total;1;1946;1947;Brasil;irpf_aeb_brasil_1946_1960_totais;;;;renda liquida;;IBGE, Anuario Estatistico do Brasil 1949, p. 570, Tabela b;https://biblioteca.ibge.gov.br/visualizacao/periodicos/20/aeb_1949.pdf;outputs/fontes-pedro-souza-irpf/aeb_1949.pdf;603;570;;;renda_liquida_media_cr;87238.115867;1.000000;87238.115867;19.410000;19.410000;unidade monetaria corrente por US$;1.000000;;3694;Taxa de cambio - Livre - Dolar americano (venda) - Media de periodo - anual;annual_period_average;https://api.bcb.gov.br/dados/serie/bcdata.sgs.3694/dados?formato=json&dataInicial=01%2F01%2F1943&dataFinal=31%2F12%2F2025;CPIAUCNS;Consumer Price Index for All Urban Consumers: All Items in U.S. City Average;not_seasonally_adjusted;19.516667;12;2026;331.655375;8;partial;16.993444;4494.493347;76376.921002;bcb_3694_cpiaucns;partial_cpi_target_year;Converted from nominal domestic currency to nominal USD with the listed exchange rate, then to target-year USD with CPIAUCNS. Target-year CPI uses the months available so far.;strict_renda_liquida;national;renda liquida publicada em faixas compativeis
total;irpf_aeb_brasil_1946_1960_totais;irpf_aeb_brasil_1946_1960_totais.csv;total;2;1947;1948;Brasil;irpf_aeb_brasil_1946_1960_totais;;;;renda liquida;;IBGE, Anuario Estatistico do Brasil 1949, p. 570, Tabela b;https://biblioteca.ibge.gov.br/visualizacao/periodicos/20/aeb_1949.pdf;outputs/fontes-pedro-souza-irpf/aeb_1949.pdf;603;570;;;renda_liquida_declarada_cr_mil_total;14365817;1000.000000;14365817000.000000;18.720000;18.720000;unidade monetaria corrente por US$;1.000000;;3694;Taxa de cambio - Livre - Dolar americano (venda) - Media de periodo - anual;annual_period_average;https://api.bcb.gov.br/dados/serie/bcdata.sgs.3694/dados?formato=json&dataInicial=01%2F01%2F1943&dataFinal=31%2F12%2F2025;CPIAUCSL;Consumer Price Index for All Urban Consumers: All Items in U.S. City Average;seasonally_adjusted;22.331667;12;2026;331.279875;8;partial;14.834534;767404754.273504;11384091919.031944;bcb_3694_cpiaucsl;partial_cpi_target_year;Converted from nominal domestic currency to nominal USD with the listed exchange rate, then to target-year USD with CPIAUCSL. Target-year CPI uses the months available so far.;strict_renda_liquida;national;renda liquida publicada em faixas compativeis
total;irpf_aeb_brasil_1946_1960_totais;irpf_aeb_brasil_1946_1960_totais.csv;total;2;1947;1948;Brasil;irpf_aeb_brasil_1946_1960_totais;;;;renda liquida;;IBGE, Anuario Estatistico do Brasil 1949, p. 570, Tabela b;https://biblioteca.ibge.gov.br/visualizacao/periodicos/20/aeb_1949.pdf;outputs/fontes-pedro-souza-irpf/aeb_1949.pdf;603;570;;;renda_liquida_declarada_cr_mil_soma_faixas;14365817;1000.000000;14365817000.000000;18.720000;18.720000;unidade monetaria corrente por US$;1.000000;;3694;Taxa de cambio - Livre - Dolar americano (venda) - Media de periodo - anual;annual_period_average;https://api.bcb.gov.br/dados/serie/bcdata.sgs.3694/dados?formato=json&dataInicial=01%2F01%2F1943&dataFinal=31%2F12%2F2025;CPIAUCSL;Consumer Price Index for All Urban Consumers: All Items in U.S. City Average;seasonally_adjusted;22.331667;12;2026;331.279875;8;partial;14.834534;767404754.273504;11384091919.031944;bcb_3694_cpiaucsl;partial_cpi_target_year;Converted from nominal domestic currency to nominal USD with the listed exchange rate, then to target-year USD with CPIAUCSL. Target-year CPI uses the months available so far.;strict_renda_liquida;national;renda liquida publicada em faixas compativeis
total;irpf_aeb_brasil_1946_1960_totais;irpf_aeb_brasil_1946_1960_totais.csv;total;2;1947;1948;Brasil;irpf_aeb_brasil_1946_1960_totais;;;;renda liquida;;IBGE, Anuario Estatistico do Brasil 1949, p. 570, Tabela b;https://biblioteca.ibge.gov.br/visualizacao/periodicos/20/aeb_1949.pdf;outputs/fontes-pedro-souza-irpf/aeb_1949.pdf;603;570;;;renda_liquida_media_cr;83609.203764;1.000000;83609.203764;18.720000;18.720000;unidade monetaria corrente por US$;1.000000;;3694;Taxa de cambio - Livre - Dolar americano (venda) - Media de periodo - anual;annual_period_average;https://api.bcb.gov.br/dados/serie/bcdata.sgs.3694/dados?formato=json&dataInicial=01%2F01%2F1943&dataFinal=31%2F12%2F2025;CPIAUCSL;Consumer Price Index for All Urban Consumers: All Items in U.S. City Average;seasonally_adjusted;22.331667;12;2026;331.279875;8;partial;14.834534;4466.303620;66255.532903;bcb_3694_cpiaucsl;partial_cpi_target_year;Converted from nominal domestic currency to nominal USD with the listed exchange rate, then to target-year USD with CPIAUCSL. Target-year CPI uses the months available so far.;strict_renda_liquida;national;renda liquida publicada em faixas compativeis
total;irpf_aeb_brasil_1946_1960_totais;irpf_aeb_brasil_1946_1960_totais.csv;total;2;1947;1948;Brasil;irpf_aeb_brasil_1946_1960_totais;;;;renda liquida;;IBGE, Anuario Estatistico do Brasil 1949, p. 570, Tabela b;https://biblioteca.ibge.gov.br/visualizacao/periodicos/20/aeb_1949.pdf;outputs/fontes-pedro-souza-irpf/aeb_1949.pdf;603;570;;;imposto_notificado_cr_mil_total;1203327;1000.000000;1203327000.000000;18.720000;18.720000;unidade monetaria corrente por US$;1.000000;;3694;Taxa de cambio - Livre - Dolar americano (venda) - Media de periodo - anual;annual_period_average;https://api.bcb.gov.br/dados/serie/bcdata.sgs.3694/dados?formato=json&dataInicial=01%2F01%2F1943&dataFinal=31%2F12%2F2025;CPIAUCSL;Consumer Price Index for All Urban Consumers: All Items in U.S. City Average;seasonally_adjusted;22.331667;12;2026;331.279875;8;partial;14.834534;64280288.461538;953568124.712500;bcb_3694_cpiaucsl;partial_cpi_target_year;Converted from nominal domestic currency to nominal USD with the listed exchange rate, then to target-year USD with CPIAUCSL. Target-year CPI uses the months available so far.;strict_renda_liquida;national;renda liquida publicada em faixas compativeis
total;irpf_aeb_brasil_1946_1960_totais;irpf_aeb_brasil_1946_1960_totais.csv;total;2;1947;1948;Brasil;irpf_aeb_brasil_1946_1960_totais;;;;renda liquida;;IBGE, Anuario Estatistico do Brasil 1949, p. 570, Tabela b;https://biblioteca.ibge.gov.br/visualizacao/periodicos/20/aeb_1949.pdf;outputs/fontes-pedro-souza-irpf/aeb_1949.pdf;603;570;;;imposto_notificado_cr_mil_soma_faixas;1203327;1000.000000;1203327000.000000;18.720000;18.720000;unidade monetaria corrente por US$;1.000000;;3694;Taxa de cambio - Livre - Dolar americano (venda) - Media de periodo - anual;annual_period_average;https://api.bcb.gov.br/dados/serie/bcdata.sgs.3694/dados?formato=json&dataInicial=01%2F01%2F1943&dataFinal=31%2F12%2F2025;CPIAUCSL;Consumer Price Index for All Urban Consumers: All Items in U.S. City Average;seasonally_adjusted;22.331667;12;2026;331.279875;8;partial;14.834534;64280288.461538;953568124.712500;bcb_3694_cpiaucsl;partial_cpi_target_year;Converted from nominal domestic currency to nominal USD with the listed exchange rate, then to target-year USD with CPIAUCSL. Target-year CPI uses the months available so far.;strict_renda_liquida;national;renda liquida publicada em faixas compativeis
total;irpf_aeb_brasil_1946_1960_totais;irpf_aeb_brasil_1946_1960_totais.csv;total;3;1948;1949;Brasil;irpf_aeb_brasil_1946_1960_totais;;;;renda liquida;;IBGE, Anuario Estatistico do Brasil 1950, p. 496, Tabela b;https://biblioteca.ibge.gov.br/visualizacao/periodicos/20/aeb_1950.pdf;outputs/fontes-pedro-souza-irpf/aeb_1950.pdf;512;496;;;renda_liquida_declarada_cr_mil_total;16210152;1000.000000;16210152000.000000;18.720000;18.720000;unidade monetaria corrente por US$;1.000000;;3694;Taxa de cambio - Livre - Dolar americano (venda) - Media de periodo - anual;annual_period_average;https://api.bcb.gov.br/dados/serie/bcdata.sgs.3694/dados?formato=json&dataInicial=01%2F01%2F1943&dataFinal=31%2F12%2F2025;CPIAUCSL;Consumer Price Index for All Urban Consumers: All Items in U.S. City Average;seasonally_adjusted;24.045000;12;2026;331.279875;8;partial;13.777495;865926923.076923;11930303853.057692;bcb_3694_cpiaucsl;partial_cpi_target_year;Converted from nominal domestic currency to nominal USD with the listed exchange rate, then to target-year USD with CPIAUCSL. Target-year CPI uses the months available so far.;strict_renda_liquida;national;renda liquida publicada em faixas compativeis
total;irpf_aeb_brasil_1946_1960_totais;irpf_aeb_brasil_1946_1960_totais.csv;total;3;1948;1949;Brasil;irpf_aeb_brasil_1946_1960_totais;;;;renda liquida;;IBGE, Anuario Estatistico do Brasil 1950, p. 496, Tabela b;https://biblioteca.ibge.gov.br/visualizacao/periodicos/20/aeb_1950.pdf;outputs/fontes-pedro-souza-irpf/aeb_1950.pdf;512;496;;;renda_liquida_declarada_cr_mil_soma_faixas;16210152;1000.000000;16210152000.000000;18.720000;18.720000;unidade monetaria corrente por US$;1.000000;;3694;Taxa de cambio - Livre - Dolar americano (venda) - Media de periodo - anual;annual_period_average;https://api.bcb.gov.br/dados/serie/bcdata.sgs.3694/dados?formato=json&dataInicial=01%2F01%2F1943&dataFinal=31%2F12%2F2025;CPIAUCSL;Consumer Price Index for All Urban Consumers: All Items in U.S. City Average;seasonally_adjusted;24.045000;12;2026;331.279875;8;partial;13.777495;865926923.076923;11930303853.057692;bcb_3694_cpiaucsl;partial_cpi_target_year;Converted from nominal domestic currency to nominal USD with the listed exchange rate, then to target-year USD with CPIAUCSL. Target-year CPI uses the months available so far.;strict_renda_liquida;national;renda liquida publicada em faixas compativeis
total;irpf_aeb_brasil_1946_1960_totais;irpf_aeb_brasil_1946_1960_totais.csv;total;3;1948;1949;Brasil;irpf_aeb_brasil_1946_1960_totais;;;;renda liquida;;IBGE, Anuario Estatistico do Brasil 1950, p. 496, Tabela b;https://biblioteca.ibge.gov.br/visualizacao/periodicos/20/aeb_1950.pdf;outputs/fontes-pedro-souza-irpf/aeb_1950.pdf;512;496;;;renda_liquida_media_cr;80808.334995;1.000000;80808.334995;18.720000;18.720000;unidade monetaria corrente por US$;1.000000;;3694;Taxa de cambio - Livre - Dolar americano (venda) - Media de periodo - anual;annual_period_average;https://api.bcb.gov.br/dados/serie/bcdata.sgs.3694/dados?formato=json&dataInicial=01%2F01%2F1943&dataFinal=31%2F12%2F2025;CPIAUCSL;Consumer Price Index for All Urban Consumers: All Items in U.S. City Average;seasonally_adjusted;24.045000;12;2026;331.279875;8;partial;13.777495;4316.684562;59473.099965;bcb_3694_cpiaucsl;partial_cpi_target_year;Converted from nominal domestic currency to nominal USD with the listed exchange rate, then to target-year USD with CPIAUCSL. Target-year CPI uses the months available so far.;strict_renda_liquida;national;renda liquida publicada em faixas compativeis
total;irpf_aeb_brasil_1946_1960_totais;irpf_aeb_brasil_1946_1960_totais.csv;total;3;1948;1949;Brasil;irpf_aeb_brasil_1946_1960_totais;;;;renda liquida;;IBGE, Anuario Estatistico do Brasil 1950, p. 496, Tabela b;https://biblioteca.ibge.gov.br/visualizacao/periodicos/20/aeb_1950.pdf;outputs/fontes-pedro-souza-irpf/aeb_1950.pdf;512;496;;;imposto_notificado_cr_mil_total;1311926;1000.000000;1311926000.000000;18.720000;18.720000;unidade monetaria corrente por US$;1.000000;;3694;Taxa de cambio - Livre - Dolar americano (venda) - Media de periodo - anual;annual_period_average;https://api.bcb.gov.br/dados/serie/bcdata.sgs.3694/dados?formato=json&dataInicial=01%2F01%2F1943&dataFinal=31%2F12%2F2025;CPIAUCSL;Consumer Price Index for All Urban Consumers: All Items in U.S. City Average;seasonally_adjusted;24.045000;12;2026;331.279875;8;partial;13.777495;70081517.094017;965547751.355235;bcb_3694_cpiaucsl;partial_cpi_target_year;Converted from nominal domestic currency to nominal USD with the listed exchange rate, then to target-year USD with CPIAUCSL. Target-year CPI uses the months available so far.;strict_renda_liquida;national;renda liquida publicada em faixas compativeis
total;irpf_aeb_brasil_1946_1960_totais;irpf_aeb_brasil_1946_1960_totais.csv;total;3;1948;1949;Brasil;irpf_aeb_brasil_1946_1960_totais;;;;renda liquida;;IBGE, Anuario Estatistico do Brasil 1950, p. 496, Tabela b;https://biblioteca.ibge.gov.br/visualizacao/periodicos/20/aeb_1950.pdf;outputs/fontes-pedro-souza-irpf/aeb_1950.pdf;512;496;;;imposto_notificado_cr_mil_soma_faixas;1311926;1000.000000;1311926000.000000;18.720000;18.720000;unidade monetaria corrente por US$;1.000000;;3694;Taxa de cambio - Livre - Dolar americano (venda) - Media de periodo - anual;annual_period_average;https://api.bcb.gov.br/dados/serie/bcdata.sgs.3694/dados?formato=json&dataInicial=01%2F01%2F1943&dataFinal=31%2F12%2F2025;CPIAUCSL;Consumer Price Index for All Urban Consumers: All Items in U.S. City Average;seasonally_adjusted;24.045000;12;2026;331.279875;8;partial;13.777495;70081517.094017;965547751.355235;bcb_3694_cpiaucsl;partial_cpi_target_year;Converted from nominal domestic currency to nominal USD with the listed exchange rate, then to target-year USD with CPIAUCSL. Target-year CPI uses the months available so far.;strict_renda_liquida;national;renda liquida publicada em faixas compativeis
total;irpf_aeb_brasil_1946_1960_totais;irpf_aeb_brasil_1946_1960_totais.csv;total;4;1949;1950;Brasil;irpf_aeb_brasil_1946_1960_totais;;;;renda liquida;;IBGE, Anuario Estatistico do Brasil 1951, p. 506, Tabela b;https://biblioteca.ibge.gov.br/visualizacao/periodicos/20/aeb_1951.pdf;outputs/fontes-pedro-souza-irpf/aeb_1951.pdf;529;506;;;renda_liquida_declarada_cr_mil_total;18664242;1000.000000;18664242000.000000;18.720000;18.720000;unidade monetaria corrente por US$;1.000000;;3694;Taxa de cambio - Livre - Dolar americano (venda) - Media de periodo - anual;annual_period_average;https://api.bcb.gov.br/dados/serie/bcdata.sgs.3694/dados?formato=json&dataInicial=01%2F01%2F1943&dataFinal=31%2F12%2F2025;CPIAUCSL;Consumer Price Index for All Urban Consumers: All Items in U.S. City Average;seasonally_adjusted;23.809167;12;2026;331.279875;8;partial;13.913963;997021474.358974;13872519904.436218;bcb_3694_cpiaucsl;partial_cpi_target_year;Converted from nominal domestic currency to nominal USD with the listed exchange rate, then to target-year USD with CPIAUCSL. Target-year CPI uses the months available so far.;strict_renda_liquida;national;renda liquida publicada em faixas compativeis
total;irpf_aeb_brasil_1946_1960_totais;irpf_aeb_brasil_1946_1960_totais.csv;total;4;1949;1950;Brasil;irpf_aeb_brasil_1946_1960_totais;;;;renda liquida;;IBGE, Anuario Estatistico do Brasil 1951, p. 506, Tabela b;https://biblioteca.ibge.gov.br/visualizacao/periodicos/20/aeb_1951.pdf;outputs/fontes-pedro-souza-irpf/aeb_1951.pdf;529;506;;;renda_liquida_declarada_cr_mil_soma_faixas;18664242;1000.000000;18664242000.000000;18.720000;18.720000;unidade monetaria corrente por US$;1.000000;;3694;Taxa de cambio - Livre - Dolar americano (venda) - Media de periodo - anual;annual_period_average;https://api.bcb.gov.br/dados/serie/bcdata.sgs.3694/dados?formato=json&dataInicial=01%2F01%2F1943&dataFinal=31%2F12%2F2025;CPIAUCSL;Consumer Price Index for All Urban Consumers: All Items in U.S. City Average;seasonally_adjusted;23.809167;12;2026;331.279875;8;partial;13.913963;997021474.358974;13872519904.436218;bcb_3694_cpiaucsl;partial_cpi_target_year;Converted from nominal domestic currency to nominal USD with the listed exchange rate, then to target-year USD with CPIAUCSL. Target-year CPI uses the months available so far.;strict_renda_liquida;national;renda liquida publicada em faixas compativeis
total;irpf_aeb_brasil_1946_1960_totais;irpf_aeb_brasil_1946_1960_totais.csv;total;4;1949;1950;Brasil;irpf_aeb_brasil_1946_1960_totais;;;;renda liquida;;IBGE, Anuario Estatistico do Brasil 1951, p. 506, Tabela b;https://biblioteca.ibge.gov.br/visualizacao/periodicos/20/aeb_1951.pdf;outputs/fontes-pedro-souza-irpf/aeb_1951.pdf;529;506;;;renda_liquida_media_cr;79212.309494;1.000000;79212.309494;18.720000;18.720000;unidade monetaria corrente por US$;1.000000;;3694;Taxa de cambio - Livre - Dolar americano (venda) - Media de periodo - anual;annual_period_average;https://api.bcb.gov.br/dados/serie/bcdata.sgs.3694/dados?formato=json&dataInicial=01%2F01%2F1943&dataFinal=31%2F12%2F2025;CPIAUCSL;Consumer Price Index for All Urban Consumers: All Items in U.S. City Average;seasonally_adjusted;23.809167;12;2026;331.279875;8;partial;13.913963;4231.426789;58875.915782;bcb_3694_cpiaucsl;partial_cpi_target_year;Converted from nominal domestic currency to nominal USD with the listed exchange rate, then to target-year USD with CPIAUCSL. Target-year CPI uses the months available so far.;strict_renda_liquida;national;renda liquida publicada em faixas compativeis
total;irpf_aeb_brasil_1946_1960_totais;irpf_aeb_brasil_1946_1960_totais.csv;total;4;1949;1950;Brasil;irpf_aeb_brasil_1946_1960_totais;;;;renda liquida;;IBGE, Anuario Estatistico do Brasil 1951, p. 506, Tabela b;https://biblioteca.ibge.gov.br/visualizacao/periodicos/20/aeb_1951.pdf;outputs/fontes-pedro-souza-irpf/aeb_1951.pdf;529;506;;;imposto_notificado_cr_mil_total;1469321;1000.000000;1469321000.000000;18.720000;18.720000;unidade monetaria corrente por US$;1.000000;;3694;Taxa de cambio - Livre - Dolar americano (venda) - Media de periodo - anual;annual_period_average;https://api.bcb.gov.br/dados/serie/bcdata.sgs.3694/dados?formato=json&dataInicial=01%2F01%2F1943&dataFinal=31%2F12%2F2025;CPIAUCSL;Consumer Price Index for All Urban Consumers: All Items in U.S. City Average;seasonally_adjusted;23.809167;12;2026;331.279875;8;partial;13.913963;78489369.658120;1092098185.316400;bcb_3694_cpiaucsl;partial_cpi_target_year;Converted from nominal domestic currency to nominal USD with the listed exchange rate, then to target-year USD with CPIAUCSL. Target-year CPI uses the months available so far.;strict_renda_liquida;national;renda liquida publicada em faixas compativeis
total;irpf_aeb_brasil_1946_1960_totais;irpf_aeb_brasil_1946_1960_totais.csv;total;4;1949;1950;Brasil;irpf_aeb_brasil_1946_1960_totais;;;;renda liquida;;IBGE, Anuario Estatistico do Brasil 1951, p. 506, Tabela b;https://biblioteca.ibge.gov.br/visualizacao/periodicos/20/aeb_1951.pdf;outputs/fontes-pedro-souza-irpf/aeb_1951.pdf;529;506;;;imposto_notificado_cr_mil_soma_faixas;1469321;1000.000000;1469321000.000000;18.720000;18.720000;unidade monetaria corrente por US$;1.000000;;3694;Taxa de cambio - Livre - Dolar americano (venda) - Media de periodo - anual;annual_period_average;https://api.bcb.gov.br/dados/serie/bcdata.sgs.3694/dados?formato=json&dataInicial=01%2F01%2F1943&dataFinal=31%2F12%2F2025;CPIAUCSL;Consumer Price Index for All Urban Consumers: All Items in U.S. City Average;seasonally_adjusted;23.809167;12;2026;331.279875;8;partial;13.913963;78489369.658120;1092098185.316400;bcb_3694_cpiaucsl;partial_cpi_target_year;Converted from nominal domestic currency to nominal USD with the listed exchange rate, then to target-year USD with CPIAUCSL. Target-year CPI uses the months available so far.;strict_renda_liquida;national;renda liquida publicada em faixas compativeis
total;irpf_aeb_brasil_1946_1960_totais;irpf_aeb_brasil_1946_1960_totais.csv;total;5;1950;1951;Brasil;irpf_aeb_brasil_1946_1960_totais;;;;renda liquida;;IBGE, Anuario Estatistico do Brasil 1952, p. 515, Tabela d;https://biblioteca.ibge.gov.br/visualizacao/periodicos/20/aeb_1952.pdf;outputs/fontes-pedro-souza-irpf/aeb_1952.pdf;530;515;;;renda_liquida_declarada_cr_mil_total;23637494;1000.000000;23637494000.000000;18.720000;18.720000;unidade monetaria corrente por US$;1.000000;;3694;Taxa de cambio - Livre - Dolar americano (venda) - Media de periodo - anual;annual_period_average;https://api.bcb.gov.br/dados/serie/bcdata.sgs.3694/dados?formato=json&dataInicial=01%2F01%2F1943&dataFinal=31%2F12%2F2025;CPIAUCSL;Consumer Price Index for All Urban Consumers: All Items in U.S. City Average;seasonally_adjusted;24.062500;12;2026;331.279875;8;partial;13.767475;1262686645.299145;17384006821.989850;bcb_3694_cpiaucsl;partial_cpi_target_year;Converted from nominal domestic currency to nominal USD with the listed exchange rate, then to target-year USD with CPIAUCSL. Target-year CPI uses the months available so far.;strict_renda_liquida;national;renda liquida publicada em faixas compativeis
total;irpf_aeb_brasil_1946_1960_totais;irpf_aeb_brasil_1946_1960_totais.csv;total;5;1950;1951;Brasil;irpf_aeb_brasil_1946_1960_totais;;;;renda liquida;;IBGE, Anuario Estatistico do Brasil 1952, p. 515, Tabela d;https://biblioteca.ibge.gov.br/visualizacao/periodicos/20/aeb_1952.pdf;outputs/fontes-pedro-souza-irpf/aeb_1952.pdf;530;515;;;renda_liquida_declarada_cr_mil_soma_faixas;23637494;1000.000000;23637494000.000000;18.720000;18.720000;unidade monetaria corrente por US$;1.000000;;3694;Taxa de cambio - Livre - Dolar americano (venda) - Media de periodo - anual;annual_period_average;https://api.bcb.gov.br/dados/serie/bcdata.sgs.3694/dados?formato=json&dataInicial=01%2F01%2F1943&dataFinal=31%2F12%2F2025;CPIAUCSL;Consumer Price Index for All Urban Consumers: All Items in U.S. City Average;seasonally_adjusted;24.062500;12;2026;331.279875;8;partial;13.767475;1262686645.299145;17384006821.989850;bcb_3694_cpiaucsl;partial_cpi_target_year;Converted from nominal domestic currency to nominal USD with the listed exchange rate, then to target-year USD with CPIAUCSL. Target-year CPI uses the months available so far.;strict_renda_liquida;national;renda liquida publicada em faixas compativeis
total;irpf_aeb_brasil_1946_1960_totais;irpf_aeb_brasil_1946_1960_totais.csv;total;5;1950;1951;Brasil;irpf_aeb_brasil_1946_1960_totais;;;;renda liquida;;IBGE, Anuario Estatistico do Brasil 1952, p. 515, Tabela d;https://biblioteca.ibge.gov.br/visualizacao/periodicos/20/aeb_1952.pdf;outputs/fontes-pedro-souza-irpf/aeb_1952.pdf;530;515;;;renda_liquida_media_cr;85872.086433;1.000000;85872.086433;18.720000;18.720000;unidade monetaria corrente por US$;1.000000;;3694;Taxa de cambio - Livre - Dolar americano (venda) - Media de periodo - anual;annual_period_average;https://api.bcb.gov.br/dados/serie/bcdata.sgs.3694/dados?formato=json&dataInicial=01%2F01%2F1943&dataFinal=31%2F12%2F2025;CPIAUCSL;Consumer Price Index for All Urban Consumers: All Items in U.S. City Average;seasonally_adjusted;24.062500;12;2026;331.279875;8;partial;13.767475;4587.184104;63153.942477;bcb_3694_cpiaucsl;partial_cpi_target_year;Converted from nominal domestic currency to nominal USD with the listed exchange rate, then to target-year USD with CPIAUCSL. Target-year CPI uses the months available so far.;strict_renda_liquida;national;renda liquida publicada em faixas compativeis
total;irpf_aeb_brasil_1946_1960_totais;irpf_aeb_brasil_1946_1960_totais.csv;total;5;1950;1951;Brasil;irpf_aeb_brasil_1946_1960_totais;;;;renda liquida;;IBGE, Anuario Estatistico do Brasil 1952, p. 515, Tabela d;https://biblioteca.ibge.gov.br/visualizacao/periodicos/20/aeb_1952.pdf;outputs/fontes-pedro-souza-irpf/aeb_1952.pdf;530;515;;;imposto_notificado_cr_mil_total;1968684;1000.000000;1968684000.000000;18.720000;18.720000;unidade monetaria corrente por US$;1.000000;;3694;Taxa de cambio - Livre - Dolar americano (venda) - Media de periodo - anual;annual_period_average;https://api.bcb.gov.br/dados/serie/bcdata.sgs.3694/dados?formato=json&dataInicial=01%2F01%2F1943&dataFinal=31%2F12%2F2025;CPIAUCSL;Consumer Price Index for All Urban Consumers: All Items in U.S. City Average;seasonally_adjusted;24.062500;12;2026;331.279875;8;partial;13.767475;105164743.589744;1447852978.253205;bcb_3694_cpiaucsl;partial_cpi_target_year;Converted from nominal domestic currency to nominal USD with the listed exchange rate, then to target-year USD with CPIAUCSL. Target-year CPI uses the months available so far.;strict_renda_liquida;national;renda liquida publicada em faixas compativeis
total;irpf_aeb_brasil_1946_1960_totais;irpf_aeb_brasil_1946_1960_totais.csv;total;5;1950;1951;Brasil;irpf_aeb_brasil_1946_1960_totais;;;;renda liquida;;IBGE, Anuario Estatistico do Brasil 1952, p. 515, Tabela d;https://biblioteca.ibge.gov.br/visualizacao/periodicos/20/aeb_1952.pdf;outputs/fontes-pedro-souza-irpf/aeb_1952.pdf;530;515;;;imposto_notificado_cr_mil_soma_faixas;1968684;1000.000000;1968684000.000000;18.720000;18.720000;unidade monetaria corrente por US$;1.000000;;3694;Taxa de cambio - Livre - Dolar americano (venda) - Media de periodo - anual;annual_period_average;https://api.bcb.gov.br/dados/serie/bcdata.sgs.3694/dados?formato=json&dataInicial=01%2F01%2F1943&dataFinal=31%2F12%2F2025;CPIAUCSL;Consumer Price Index for All Urban Consumers: All Items in U.S. City Average;seasonally_adjusted;24.062500;12;2026;331.279875;8;partial;13.767475;105164743.589744;1447852978.253205;bcb_3694_cpiaucsl;partial_cpi_target_year;Converted from nominal domestic currency to nominal USD with the listed exchange rate, then to target-year USD with CPIAUCSL. Target-year CPI uses the months available so far.;strict_renda_liquida;national;renda liquida publicada em faixas compativeis
total;irpf_aeb_brasil_1946_1960_totais;irpf_aeb_brasil_1946_1960_totais.csv;total;6;1951;1952;Brasil;irpf_aeb_brasil_1946_1960_totais;;;;renda liquida;;IBGE, Anuario Estatistico do Brasil 1953, p. 444, Tabela c;https://biblioteca.ibge.gov.br/visualizacao/periodicos/20/aeb_1953.pdf;outputs/fontes-pedro-souza-irpf/aeb_1953.pdf;469;444;;"A soma das classes publicadas tem 246017 contribuintes; o total publicado e 249017.";renda_liquida_declarada_cr_mil_total;27566002;1000.000000;27566002000.000000;18.720000;18.720000;unidade monetaria corrente por US$;1.000000;;3694;Taxa de cambio - Livre - Dolar americano (venda) - Media de periodo - anual;annual_period_average;https://api.bcb.gov.br/dados/serie/bcdata.sgs.3694/dados?formato=json&dataInicial=01%2F01%2F1943&dataFinal=31%2F12%2F2025;CPIAUCSL;Consumer Price Index for All Urban Consumers: All Items in U.S. City Average;seasonally_adjusted;25.973333;12;2026;331.279875;8;partial;12.754615;1472542841.880342;18781717019.189637;bcb_3694_cpiaucsl;partial_cpi_target_year;Converted from nominal domestic currency to nominal USD with the listed exchange rate, then to target-year USD with CPIAUCSL. Target-year CPI uses the months available so far.;strict_renda_liquida;national;renda liquida publicada em faixas compativeis
total;irpf_aeb_brasil_1946_1960_totais;irpf_aeb_brasil_1946_1960_totais.csv;total;6;1951;1952;Brasil;irpf_aeb_brasil_1946_1960_totais;;;;renda liquida;;IBGE, Anuario Estatistico do Brasil 1953, p. 444, Tabela c;https://biblioteca.ibge.gov.br/visualizacao/periodicos/20/aeb_1953.pdf;outputs/fontes-pedro-souza-irpf/aeb_1953.pdf;469;444;;"A soma das classes publicadas tem 246017 contribuintes; o total publicado e 249017.";renda_liquida_declarada_cr_mil_soma_faixas;27566002;1000.000000;27566002000.000000;18.720000;18.720000;unidade monetaria corrente por US$;1.000000;;3694;Taxa de cambio - Livre - Dolar americano (venda) - Media de periodo - anual;annual_period_average;https://api.bcb.gov.br/dados/serie/bcdata.sgs.3694/dados?formato=json&dataInicial=01%2F01%2F1943&dataFinal=31%2F12%2F2025;CPIAUCSL;Consumer Price Index for All Urban Consumers: All Items in U.S. City Average;seasonally_adjusted;25.973333;12;2026;331.279875;8;partial;12.754615;1472542841.880342;18781717019.189637;bcb_3694_cpiaucsl;partial_cpi_target_year;Converted from nominal domestic currency to nominal USD with the listed exchange rate, then to target-year USD with CPIAUCSL. Target-year CPI uses the months available so far.;strict_renda_liquida;national;renda liquida publicada em faixas compativeis
total;irpf_aeb_brasil_1946_1960_totais;irpf_aeb_brasil_1946_1960_totais.csv;total;6;1951;1952;Brasil;irpf_aeb_brasil_1946_1960_totais;;;;renda liquida;;IBGE, Anuario Estatistico do Brasil 1953, p. 444, Tabela c;https://biblioteca.ibge.gov.br/visualizacao/periodicos/20/aeb_1953.pdf;outputs/fontes-pedro-souza-irpf/aeb_1953.pdf;469;444;;"A soma das classes publicadas tem 246017 contribuintes; o total publicado e 249017.";renda_liquida_media_cr;110699.277559;1.000000;110699.277559;18.720000;18.720000;unidade monetaria corrente por US$;1.000000;;3694;Taxa de cambio - Livre - Dolar americano (venda) - Media de periodo - anual;annual_period_average;https://api.bcb.gov.br/dados/serie/bcdata.sgs.3694/dados?formato=json&dataInicial=01%2F01%2F1943&dataFinal=31%2F12%2F2025;CPIAUCSL;Consumer Price Index for All Urban Consumers: All Items in U.S. City Average;seasonally_adjusted;25.973333;12;2026;331.279875;8;partial;12.754615;5913.422947;75423.433015;bcb_3694_cpiaucsl;partial_cpi_target_year;Converted from nominal domestic currency to nominal USD with the listed exchange rate, then to target-year USD with CPIAUCSL. Target-year CPI uses the months available so far.;strict_renda_liquida;national;renda liquida publicada em faixas compativeis
total;irpf_aeb_brasil_1946_1960_totais;irpf_aeb_brasil_1946_1960_totais.csv;total;7;1952;1953;Brasil;irpf_aeb_brasil_1946_1960_totais;;;;renda liquida;;IBGE, Anuario Estatistico do Brasil 1954, p. 482, Tabela c;https://biblioteca.ibge.gov.br/visualizacao/periodicos/20/aeb_1954.pdf;outputs/fontes-pedro-souza-irpf/aeb_1954.pdf;517;482;;;renda_liquida_declarada_cr_mil_total;30963056;1000.000000;30963056000.000000;18.720000;18.720000;unidade monetaria corrente por US$;1.000000;;3694;Taxa de cambio - Livre - Dolar americano (venda) - Media de periodo - anual;annual_period_average;https://api.bcb.gov.br/dados/serie/bcdata.sgs.3694/dados?formato=json&dataInicial=01%2F01%2F1943&dataFinal=31%2F12%2F2025;CPIAUCSL;Consumer Price Index for All Urban Consumers: All Items in U.S. City Average;seasonally_adjusted;26.566667;12;2026;331.279875;8;partial;12.469757;1654009401.709402;20625095315.031624;bcb_3694_cpiaucsl;partial_cpi_target_year;Converted from nominal domestic currency to nominal USD with the listed exchange rate, then to target-year USD with CPIAUCSL. Target-year CPI uses the months available so far.;strict_renda_liquida;national;renda liquida publicada em faixas compativeis
total;irpf_aeb_brasil_1946_1960_totais;irpf_aeb_brasil_1946_1960_totais.csv;total;7;1952;1953;Brasil;irpf_aeb_brasil_1946_1960_totais;;;;renda liquida;;IBGE, Anuario Estatistico do Brasil 1954, p. 482, Tabela c;https://biblioteca.ibge.gov.br/visualizacao/periodicos/20/aeb_1954.pdf;outputs/fontes-pedro-souza-irpf/aeb_1954.pdf;517;482;;;renda_liquida_declarada_cr_mil_soma_faixas;30963056;1000.000000;30963056000.000000;18.720000;18.720000;unidade monetaria corrente por US$;1.000000;;3694;Taxa de cambio - Livre - Dolar americano (venda) - Media de periodo - anual;annual_period_average;https://api.bcb.gov.br/dados/serie/bcdata.sgs.3694/dados?formato=json&dataInicial=01%2F01%2F1943&dataFinal=31%2F12%2F2025;CPIAUCSL;Consumer Price Index for All Urban Consumers: All Items in U.S. City Average;seasonally_adjusted;26.566667;12;2026;331.279875;8;partial;12.469757;1654009401.709402;20625095315.031624;bcb_3694_cpiaucsl;partial_cpi_target_year;Converted from nominal domestic currency to nominal USD with the listed exchange rate, then to target-year USD with CPIAUCSL. Target-year CPI uses the months available so far.;strict_renda_liquida;national;renda liquida publicada em faixas compativeis
total;irpf_aeb_brasil_1946_1960_totais;irpf_aeb_brasil_1946_1960_totais.csv;total;7;1952;1953;Brasil;irpf_aeb_brasil_1946_1960_totais;;;;renda liquida;;IBGE, Anuario Estatistico do Brasil 1954, p. 482, Tabela c;https://biblioteca.ibge.gov.br/visualizacao/periodicos/20/aeb_1954.pdf;outputs/fontes-pedro-souza-irpf/aeb_1954.pdf;517;482;;;renda_liquida_media_cr;111802.184549;1.000000;111802.184549;18.720000;18.720000;unidade monetaria corrente por US$;1.000000;;3694;Taxa de cambio - Livre - Dolar americano (venda) - Media de periodo - anual;annual_period_average;https://api.bcb.gov.br/dados/serie/bcdata.sgs.3694/dados?formato=json&dataInicial=01%2F01%2F1943&dataFinal=31%2F12%2F2025;CPIAUCSL;Consumer Price Index for All Urban Consumers: All Items in U.S. City Average;seasonally_adjusted;26.566667;12;2026;331.279875;8;partial;12.469757;5972.338918;74473.615032;bcb_3694_cpiaucsl;partial_cpi_target_year;Converted from nominal domestic currency to nominal USD with the listed exchange rate, then to target-year USD with CPIAUCSL. Target-year CPI uses the months available so far.;strict_renda_liquida;national;renda liquida publicada em faixas compativeis
total;irpf_aeb_brasil_1946_1960_totais;irpf_aeb_brasil_1946_1960_totais.csv;total;8;1953;1954;Brasil;irpf_aeb_brasil_1946_1960_totais;;;;renda liquida;;IBGE, Anuario Estatistico do Brasil 1955, p. 531, Tabela c;https://biblioteca.ibge.gov.br/visualizacao/periodicos/20/aeb_1955.pdf;outputs/fontes-pedro-souza-irpf/aeb_1955.pdf;552;531;;;renda_liquida_declarada_cr_mil_total;35515255;1000.000000;35515255000.000000;39.547300;39.547300;unidade monetaria corrente por US$;1.000000;;3694;Taxa de cambio - Livre - Dolar americano (venda) - Media de periodo - anual;annual_period_average;https://api.bcb.gov.br/dados/serie/bcdata.sgs.3694/dados?formato=json&dataInicial=01%2F01%2F1943&dataFinal=31%2F12%2F2025;CPIAUCSL;Consumer Price Index for All Urban Consumers: All Items in U.S. City Average;seasonally_adjusted;26.768333;12;2026;331.279875;8;partial;12.375813;898044999.279344;11114036976.666296;bcb_3694_cpiaucsl;partial_cpi_target_year;Converted from nominal domestic currency to nominal USD with the listed exchange rate, then to target-year USD with CPIAUCSL. Target-year CPI uses the months available so far.;strict_renda_liquida;national;renda liquida publicada em faixas compativeis
total;irpf_aeb_brasil_1946_1960_totais;irpf_aeb_brasil_1946_1960_totais.csv;total;8;1953;1954;Brasil;irpf_aeb_brasil_1946_1960_totais;;;;renda liquida;;IBGE, Anuario Estatistico do Brasil 1955, p. 531, Tabela c;https://biblioteca.ibge.gov.br/visualizacao/periodicos/20/aeb_1955.pdf;outputs/fontes-pedro-souza-irpf/aeb_1955.pdf;552;531;;;renda_liquida_declarada_cr_mil_soma_faixas;35515255;1000.000000;35515255000.000000;39.547300;39.547300;unidade monetaria corrente por US$;1.000000;;3694;Taxa de cambio - Livre - Dolar americano (venda) - Media de periodo - anual;annual_period_average;https://api.bcb.gov.br/dados/serie/bcdata.sgs.3694/dados?formato=json&dataInicial=01%2F01%2F1943&dataFinal=31%2F12%2F2025;CPIAUCSL;Consumer Price Index for All Urban Consumers: All Items in U.S. City Average;seasonally_adjusted;26.768333;12;2026;331.279875;8;partial;12.375813;898044999.279344;11114036976.666296;bcb_3694_cpiaucsl;partial_cpi_target_year;Converted from nominal domestic currency to nominal USD with the listed exchange rate, then to target-year USD with CPIAUCSL. Target-year CPI uses the months available so far.;strict_renda_liquida;national;renda liquida publicada em faixas compativeis
total;irpf_aeb_brasil_1946_1960_totais;irpf_aeb_brasil_1946_1960_totais.csv;total;8;1953;1954;Brasil;irpf_aeb_brasil_1946_1960_totais;;;;renda liquida;;IBGE, Anuario Estatistico do Brasil 1955, p. 531, Tabela c;https://biblioteca.ibge.gov.br/visualizacao/periodicos/20/aeb_1955.pdf;outputs/fontes-pedro-souza-irpf/aeb_1955.pdf;552;531;;;renda_liquida_media_cr;114929.03349;1.000000;114929.033490;39.547300;39.547300;unidade monetaria corrente por US$;1.000000;;3694;Taxa de cambio - Livre - Dolar americano (venda) - Media de periodo - anual;annual_period_average;https://api.bcb.gov.br/dados/serie/bcdata.sgs.3694/dados?formato=json&dataInicial=01%2F01%2F1943&dataFinal=31%2F12%2F2025;CPIAUCSL;Consumer Price Index for All Urban Consumers: All Items in U.S. City Average;seasonally_adjusted;26.768333;12;2026;331.279875;8;partial;12.375813;2906.115803;35965.545732;bcb_3694_cpiaucsl;partial_cpi_target_year;Converted from nominal domestic currency to nominal USD with the listed exchange rate, then to target-year USD with CPIAUCSL. Target-year CPI uses the months available so far.;strict_renda_liquida;national;renda liquida publicada em faixas compativeis
total;irpf_aeb_brasil_1946_1960_totais;irpf_aeb_brasil_1946_1960_totais.csv;total;9;1954;1955;Brasil;irpf_aeb_brasil_1946_1960_totais;;;;renda liquida;;IBGE, Anuario Estatistico do Brasil 1956, p. 404, Tabela 2a;https://biblioteca.ibge.gov.br/visualizacao/periodicos/20/aeb_1956.pdf;outputs/fontes-pedro-souza-irpf/aeb_1956.pdf;400;404;;;renda_liquida_declarada_cr_mil_total;38429004;1000.000000;38429004000.000000;59.783700;59.783700;unidade monetaria corrente por US$;1.000000;;3694;Taxa de cambio - Livre - Dolar americano (venda) - Media de periodo - anual;annual_period_average;https://api.bcb.gov.br/dados/serie/bcdata.sgs.3694/dados?formato=json&dataInicial=01%2F01%2F1943&dataFinal=31%2F12%2F2025;CPIAUCSL;Consumer Price Index for All Urban Consumers: All Items in U.S. City Average;seasonally_adjusted;26.865000;12;2026;331.279875;8;partial;12.331281;642800696.510922;7926556015.671897;bcb_3694_cpiaucsl;partial_cpi_target_year;Converted from nominal domestic currency to nominal USD with the listed exchange rate, then to target-year USD with CPIAUCSL. Target-year CPI uses the months available so far.;strict_renda_liquida;national;renda liquida publicada em faixas compativeis
total;irpf_aeb_brasil_1946_1960_totais;irpf_aeb_brasil_1946_1960_totais.csv;total;9;1954;1955;Brasil;irpf_aeb_brasil_1946_1960_totais;;;;renda liquida;;IBGE, Anuario Estatistico do Brasil 1956, p. 404, Tabela 2a;https://biblioteca.ibge.gov.br/visualizacao/periodicos/20/aeb_1956.pdf;outputs/fontes-pedro-souza-irpf/aeb_1956.pdf;400;404;;;renda_liquida_declarada_cr_mil_soma_faixas;38429004;1000.000000;38429004000.000000;59.783700;59.783700;unidade monetaria corrente por US$;1.000000;;3694;Taxa de cambio - Livre - Dolar americano (venda) - Media de periodo - anual;annual_period_average;https://api.bcb.gov.br/dados/serie/bcdata.sgs.3694/dados?formato=json&dataInicial=01%2F01%2F1943&dataFinal=31%2F12%2F2025;CPIAUCSL;Consumer Price Index for All Urban Consumers: All Items in U.S. City Average;seasonally_adjusted;26.865000;12;2026;331.279875;8;partial;12.331281;642800696.510922;7926556015.671897;bcb_3694_cpiaucsl;partial_cpi_target_year;Converted from nominal domestic currency to nominal USD with the listed exchange rate, then to target-year USD with CPIAUCSL. Target-year CPI uses the months available so far.;strict_renda_liquida;national;renda liquida publicada em faixas compativeis
total;irpf_aeb_brasil_1946_1960_totais;irpf_aeb_brasil_1946_1960_totais.csv;total;9;1954;1955;Brasil;irpf_aeb_brasil_1946_1960_totais;;;;renda liquida;;IBGE, Anuario Estatistico do Brasil 1956, p. 404, Tabela 2a;https://biblioteca.ibge.gov.br/visualizacao/periodicos/20/aeb_1956.pdf;outputs/fontes-pedro-souza-irpf/aeb_1956.pdf;400;404;;;renda_liquida_media_cr;199883.510093;1.000000;199883.510093;59.783700;59.783700;unidade monetaria corrente por US$;1.000000;;3694;Taxa de cambio - Livre - Dolar americano (venda) - Media de periodo - anual;annual_period_average;https://api.bcb.gov.br/dados/serie/bcdata.sgs.3694/dados?formato=json&dataInicial=01%2F01%2F1943&dataFinal=31%2F12%2F2025;CPIAUCSL;Consumer Price Index for All Urban Consumers: All Items in U.S. City Average;seasonally_adjusted;26.865000;12;2026;331.279875;8;partial;12.331281;3343.444954;41228.959235;bcb_3694_cpiaucsl;partial_cpi_target_year;Converted from nominal domestic currency to nominal USD with the listed exchange rate, then to target-year USD with CPIAUCSL. Target-year CPI uses the months available so far.;strict_renda_liquida;national;renda liquida publicada em faixas compativeis
total;irpf_aeb_brasil_1946_1960_totais;irpf_aeb_brasil_1946_1960_totais.csv;total;9;1954;1955;Brasil;irpf_aeb_brasil_1946_1960_totais;;;;renda liquida;;IBGE, Anuario Estatistico do Brasil 1956, p. 404, Tabela 2a;https://biblioteca.ibge.gov.br/visualizacao/periodicos/20/aeb_1956.pdf;outputs/fontes-pedro-souza-irpf/aeb_1956.pdf;400;404;;;imposto_notificado_cr_mil_total;5147683;1000.000000;5147683000.000000;59.783700;59.783700;unidade monetaria corrente por US$;1.000000;;3694;Taxa de cambio - Livre - Dolar americano (venda) - Media de periodo - anual;annual_period_average;https://api.bcb.gov.br/dados/serie/bcdata.sgs.3694/dados?formato=json&dataInicial=01%2F01%2F1943&dataFinal=31%2F12%2F2025;CPIAUCSL;Consumer Price Index for All Urban Consumers: All Items in U.S. City Average;seasonally_adjusted;26.865000;12;2026;331.279875;8;partial;12.331281;86105125.644616;1061786499.864060;bcb_3694_cpiaucsl;partial_cpi_target_year;Converted from nominal domestic currency to nominal USD with the listed exchange rate, then to target-year USD with CPIAUCSL. Target-year CPI uses the months available so far.;strict_renda_liquida;national;renda liquida publicada em faixas compativeis
total;irpf_aeb_brasil_1946_1960_totais;irpf_aeb_brasil_1946_1960_totais.csv;total;9;1954;1955;Brasil;irpf_aeb_brasil_1946_1960_totais;;;;renda liquida;;IBGE, Anuario Estatistico do Brasil 1956, p. 404, Tabela 2a;https://biblioteca.ibge.gov.br/visualizacao/periodicos/20/aeb_1956.pdf;outputs/fontes-pedro-souza-irpf/aeb_1956.pdf;400;404;;;imposto_notificado_cr_mil_soma_faixas;5147683;1000.000000;5147683000.000000;59.783700;59.783700;unidade monetaria corrente por US$;1.000000;;3694;Taxa de cambio - Livre - Dolar americano (venda) - Media de periodo - anual;annual_period_average;https://api.bcb.gov.br/dados/serie/bcdata.sgs.3694/dados?formato=json&dataInicial=01%2F01%2F1943&dataFinal=31%2F12%2F2025;CPIAUCSL;Consumer Price Index for All Urban Consumers: All Items in U.S. City Average;seasonally_adjusted;26.865000;12;2026;331.279875;8;partial;12.331281;86105125.644616;1061786499.864060;bcb_3694_cpiaucsl;partial_cpi_target_year;Converted from nominal domestic currency to nominal USD with the listed exchange rate, then to target-year USD with CPIAUCSL. Target-year CPI uses the months available so far.;strict_renda_liquida;national;renda liquida publicada em faixas compativeis
total;irpf_aeb_brasil_1946_1960_totais;irpf_aeb_brasil_1946_1960_totais.csv;total;10;1955;1956;Brasil;irpf_aeb_brasil_1946_1960_totais;;;;renda liquida;;IBGE, Anuario Estatistico do Brasil 1957, p. 452, Tabela 3e/2ba;https://biblioteca.ibge.gov.br/visualizacao/periodicos/20/aeb_1957.pdf;outputs/fontes-pedro-souza-irpf/aeb_1957.pdf;474;452;;;renda_liquida_declarada_cr_mil_total;49225054;1000.000000;49225054000.000000;71.427500;71.427500;unidade monetaria corrente por US$;1.000000;;3694;Taxa de cambio - Livre - Dolar americano (venda) - Media de periodo - anual;annual_period_average;https://api.bcb.gov.br/dados/serie/bcdata.sgs.3694/dados?formato=json&dataInicial=01%2F01%2F1943&dataFinal=31%2F12%2F2025;CPIAUCSL;Consumer Price Index for All Urban Consumers: All Items in U.S. City Average;seasonally_adjusted;26.795833;12;2026;331.279875;8;partial;12.363111;689161093.416401;8520175094.788338;bcb_3694_cpiaucsl;partial_cpi_target_year;Converted from nominal domestic currency to nominal USD with the listed exchange rate, then to target-year USD with CPIAUCSL. Target-year CPI uses the months available so far.;strict_renda_liquida;national;renda liquida publicada em faixas compativeis
total;irpf_aeb_brasil_1946_1960_totais;irpf_aeb_brasil_1946_1960_totais.csv;total;10;1955;1956;Brasil;irpf_aeb_brasil_1946_1960_totais;;;;renda liquida;;IBGE, Anuario Estatistico do Brasil 1957, p. 452, Tabela 3e/2ba;https://biblioteca.ibge.gov.br/visualizacao/periodicos/20/aeb_1957.pdf;outputs/fontes-pedro-souza-irpf/aeb_1957.pdf;474;452;;;renda_liquida_declarada_cr_mil_soma_faixas;49225054;1000.000000;49225054000.000000;71.427500;71.427500;unidade monetaria corrente por US$;1.000000;;3694;Taxa de cambio - Livre - Dolar americano (venda) - Media de periodo - anual;annual_period_average;https://api.bcb.gov.br/dados/serie/bcdata.sgs.3694/dados?formato=json&dataInicial=01%2F01%2F1943&dataFinal=31%2F12%2F2025;CPIAUCSL;Consumer Price Index for All Urban Consumers: All Items in U.S. City Average;seasonally_adjusted;26.795833;12;2026;331.279875;8;partial;12.363111;689161093.416401;8520175094.788338;bcb_3694_cpiaucsl;partial_cpi_target_year;Converted from nominal domestic currency to nominal USD with the listed exchange rate, then to target-year USD with CPIAUCSL. Target-year CPI uses the months available so far.;strict_renda_liquida;national;renda liquida publicada em faixas compativeis
total;irpf_aeb_brasil_1946_1960_totais;irpf_aeb_brasil_1946_1960_totais.csv;total;10;1955;1956;Brasil;irpf_aeb_brasil_1946_1960_totais;;;;renda liquida;;IBGE, Anuario Estatistico do Brasil 1957, p. 452, Tabela 3e/2ba;https://biblioteca.ibge.gov.br/visualizacao/periodicos/20/aeb_1957.pdf;outputs/fontes-pedro-souza-irpf/aeb_1957.pdf;474;452;;;renda_liquida_media_cr;187589.046107;1.000000;187589.046107;71.427500;71.427500;unidade monetaria corrente por US$;1.000000;;3694;Taxa de cambio - Livre - Dolar americano (venda) - Media de periodo - anual;annual_period_average;https://api.bcb.gov.br/dados/serie/bcdata.sgs.3694/dados?formato=json&dataInicial=01%2F01%2F1943&dataFinal=31%2F12%2F2025;CPIAUCSL;Consumer Price Index for All Urban Consumers: All Items in U.S. City Average;seasonally_adjusted;26.795833;12;2026;331.279875;8;partial;12.363111;2626.286040;32469.065828;bcb_3694_cpiaucsl;partial_cpi_target_year;Converted from nominal domestic currency to nominal USD with the listed exchange rate, then to target-year USD with CPIAUCSL. Target-year CPI uses the months available so far.;strict_renda_liquida;national;renda liquida publicada em faixas compativeis
total;irpf_aeb_brasil_1946_1960_totais;irpf_aeb_brasil_1946_1960_totais.csv;total;10;1955;1956;Brasil;irpf_aeb_brasil_1946_1960_totais;;;;renda liquida;;IBGE, Anuario Estatistico do Brasil 1957, p. 452, Tabela 3e/2ba;https://biblioteca.ibge.gov.br/visualizacao/periodicos/20/aeb_1957.pdf;outputs/fontes-pedro-souza-irpf/aeb_1957.pdf;474;452;;;imposto_notificado_cr_mil_total;6178093;1000.000000;6178093000.000000;71.427500;71.427500;unidade monetaria corrente por US$;1.000000;;3694;Taxa de cambio - Livre - Dolar americano (venda) - Media de periodo - anual;annual_period_average;https://api.bcb.gov.br/dados/serie/bcdata.sgs.3694/dados?formato=json&dataInicial=01%2F01%2F1943&dataFinal=31%2F12%2F2025;CPIAUCSL;Consumer Price Index for All Urban Consumers: All Items in U.S. City Average;seasonally_adjusted;26.795833;12;2026;331.279875;8;partial;12.363111;86494599.418991;1069342333.517525;bcb_3694_cpiaucsl;partial_cpi_target_year;Converted from nominal domestic currency to nominal USD with the listed exchange rate, then to target-year USD with CPIAUCSL. Target-year CPI uses the months available so far.;strict_renda_liquida;national;renda liquida publicada em faixas compativeis
total;irpf_aeb_brasil_1946_1960_totais;irpf_aeb_brasil_1946_1960_totais.csv;total;10;1955;1956;Brasil;irpf_aeb_brasil_1946_1960_totais;;;;renda liquida;;IBGE, Anuario Estatistico do Brasil 1957, p. 452, Tabela 3e/2ba;https://biblioteca.ibge.gov.br/visualizacao/periodicos/20/aeb_1957.pdf;outputs/fontes-pedro-souza-irpf/aeb_1957.pdf;474;452;;;imposto_notificado_cr_mil_soma_faixas;6178093;1000.000000;6178093000.000000;71.427500;71.427500;unidade monetaria corrente por US$;1.000000;;3694;Taxa de cambio - Livre - Dolar americano (venda) - Media de periodo - anual;annual_period_average;https://api.bcb.gov.br/dados/serie/bcdata.sgs.3694/dados?formato=json&dataInicial=01%2F01%2F1943&dataFinal=31%2F12%2F2025;CPIAUCSL;Consumer Price Index for All Urban Consumers: All Items in U.S. City Average;seasonally_adjusted;26.795833;12;2026;331.279875;8;partial;12.363111;86494599.418991;1069342333.517525;bcb_3694_cpiaucsl;partial_cpi_target_year;Converted from nominal domestic currency to nominal USD with the listed exchange rate, then to target-year USD with CPIAUCSL. Target-year CPI uses the months available so far.;strict_renda_liquida;national;renda liquida publicada em faixas compativeis
total;irpf_aeb_brasil_1946_1960_totais;irpf_aeb_brasil_1946_1960_totais.csv;total;11;1956;1957;Brasil;irpf_aeb_brasil_1946_1960_totais;;;;renda liquida;;IBGE, Anuario Estatistico do Brasil 1958, p. 450, Tabela 3d/1ba;https://biblioteca.ibge.gov.br/visualizacao/periodicos/20/aeb_1958.pdf;outputs/fontes-pedro-souza-irpf/aeb_1958.pdf;476;450;;"A soma da coluna de renda liquida das classes publicadas e 55.440.318; o total publicado e 55.420.323.";renda_liquida_declarada_cr_mil_total;55420323;1000.000000;55420323000.000000;70.401800;70.401800;unidade monetaria corrente por US$;1.000000;;3694;Taxa de cambio - Livre - Dolar americano (venda) - Media de periodo - anual;annual_period_average;https://api.bcb.gov.br/dados/serie/bcdata.sgs.3694/dados?formato=json&dataInicial=01%2F01%2F1943&dataFinal=31%2F12%2F2025;CPIAUCSL;Consumer Price Index for All Urban Consumers: All Items in U.S. City Average;seasonally_adjusted;27.190833;12;2026;331.279875;8;partial;12.183513;787200369.876907;9590865940.000099;bcb_3694_cpiaucsl;partial_cpi_target_year;Converted from nominal domestic currency to nominal USD with the listed exchange rate, then to target-year USD with CPIAUCSL. Target-year CPI uses the months available so far.;strict_renda_liquida;national;renda liquida publicada em faixas compativeis
total;irpf_aeb_brasil_1946_1960_totais;irpf_aeb_brasil_1946_1960_totais.csv;total;11;1956;1957;Brasil;irpf_aeb_brasil_1946_1960_totais;;;;renda liquida;;IBGE, Anuario Estatistico do Brasil 1958, p. 450, Tabela 3d/1ba;https://biblioteca.ibge.gov.br/visualizacao/periodicos/20/aeb_1958.pdf;outputs/fontes-pedro-souza-irpf/aeb_1958.pdf;476;450;;"A soma da coluna de renda liquida das classes publicadas e 55.440.318; o total publicado e 55.420.323.";renda_liquida_declarada_cr_mil_soma_faixas;55440318;1000.000000;55440318000.000000;70.401800;70.401800;unidade monetaria corrente por US$;1.000000;;3694;Taxa de cambio - Livre - Dolar americano (venda) - Media de periodo - anual;annual_period_average;https://api.bcb.gov.br/dados/serie/bcdata.sgs.3694/dados?formato=json&dataInicial=01%2F01%2F1943&dataFinal=31%2F12%2F2025;CPIAUCSL;Consumer Price Index for All Urban Consumers: All Items in U.S. City Average;seasonally_adjusted;27.190833;12;2026;331.279875;8;partial;12.183513;787484382.501584;9594326211.505018;bcb_3694_cpiaucsl;partial_cpi_target_year;Converted from nominal domestic currency to nominal USD with the listed exchange rate, then to target-year USD with CPIAUCSL. Target-year CPI uses the months available so far.;strict_renda_liquida;national;renda liquida publicada em faixas compativeis
total;irpf_aeb_brasil_1946_1960_totais;irpf_aeb_brasil_1946_1960_totais.csv;total;11;1956;1957;Brasil;irpf_aeb_brasil_1946_1960_totais;;;;renda liquida;;IBGE, Anuario Estatistico do Brasil 1958, p. 450, Tabela 3d/1ba;https://biblioteca.ibge.gov.br/visualizacao/periodicos/20/aeb_1958.pdf;outputs/fontes-pedro-souza-irpf/aeb_1958.pdf;476;450;;"A soma da coluna de renda liquida das classes publicadas e 55.440.318; o total publicado e 55.420.323.";renda_liquida_media_cr;192186.772412;1.000000;192186.772412;70.401800;70.401800;unidade monetaria corrente por US$;1.000000;;3694;Taxa de cambio - Livre - Dolar americano (venda) - Media de periodo - anual;annual_period_average;https://api.bcb.gov.br/dados/serie/bcdata.sgs.3694/dados?formato=json&dataInicial=01%2F01%2F1943&dataFinal=31%2F12%2F2025;CPIAUCSL;Consumer Price Index for All Urban Consumers: All Items in U.S. City Average;seasonally_adjusted;27.190833;12;2026;331.279875;8;partial;12.183513;2729.855947;33259.235419;bcb_3694_cpiaucsl;partial_cpi_target_year;Converted from nominal domestic currency to nominal USD with the listed exchange rate, then to target-year USD with CPIAUCSL. Target-year CPI uses the months available so far.;strict_renda_liquida;national;renda liquida publicada em faixas compativeis
total;irpf_aeb_brasil_1946_1960_totais;irpf_aeb_brasil_1946_1960_totais.csv;total;11;1956;1957;Brasil;irpf_aeb_brasil_1946_1960_totais;;;;renda liquida;;IBGE, Anuario Estatistico do Brasil 1958, p. 450, Tabela 3d/1ba;https://biblioteca.ibge.gov.br/visualizacao/periodicos/20/aeb_1958.pdf;outputs/fontes-pedro-souza-irpf/aeb_1958.pdf;476;450;;"A soma da coluna de renda liquida das classes publicadas e 55.440.318; o total publicado e 55.420.323.";imposto_notificado_cr_mil_total;6668362;1000.000000;6668362000.000000;70.401800;70.401800;unidade monetaria corrente por US$;1.000000;;3694;Taxa de cambio - Livre - Dolar americano (venda) - Media de periodo - anual;annual_period_average;https://api.bcb.gov.br/dados/serie/bcdata.sgs.3694/dados?formato=json&dataInicial=01%2F01%2F1943&dataFinal=31%2F12%2F2025;CPIAUCSL;Consumer Price Index for All Urban Consumers: All Items in U.S. City Average;seasonally_adjusted;27.190833;12;2026;331.279875;8;partial;12.183513;94718629.353227;1154005652.067220;bcb_3694_cpiaucsl;partial_cpi_target_year;Converted from nominal domestic currency to nominal USD with the listed exchange rate, then to target-year USD with CPIAUCSL. Target-year CPI uses the months available so far.;strict_renda_liquida;national;renda liquida publicada em faixas compativeis
total;irpf_aeb_brasil_1946_1960_totais;irpf_aeb_brasil_1946_1960_totais.csv;total;11;1956;1957;Brasil;irpf_aeb_brasil_1946_1960_totais;;;;renda liquida;;IBGE, Anuario Estatistico do Brasil 1958, p. 450, Tabela 3d/1ba;https://biblioteca.ibge.gov.br/visualizacao/periodicos/20/aeb_1958.pdf;outputs/fontes-pedro-souza-irpf/aeb_1958.pdf;476;450;;"A soma da coluna de renda liquida das classes publicadas e 55.440.318; o total publicado e 55.420.323.";imposto_notificado_cr_mil_soma_faixas;6668362;1000.000000;6668362000.000000;70.401800;70.401800;unidade monetaria corrente por US$;1.000000;;3694;Taxa de cambio - Livre - Dolar americano (venda) - Media de periodo - anual;annual_period_average;https://api.bcb.gov.br/dados/serie/bcdata.sgs.3694/dados?formato=json&dataInicial=01%2F01%2F1943&dataFinal=31%2F12%2F2025;CPIAUCSL;Consumer Price Index for All Urban Consumers: All Items in U.S. City Average;seasonally_adjusted;27.190833;12;2026;331.279875;8;partial;12.183513;94718629.353227;1154005652.067220;bcb_3694_cpiaucsl;partial_cpi_target_year;Converted from nominal domestic currency to nominal USD with the listed exchange rate, then to target-year USD with CPIAUCSL. Target-year CPI uses the months available so far.;strict_renda_liquida;national;renda liquida publicada em faixas compativeis
total;irpf_aeb_brasil_1946_1960_totais;irpf_aeb_brasil_1946_1960_totais.csv;total;12;1957;1958;Brasil;irpf_aeb_brasil_1946_1960_totais;;;;renda liquida;;IBGE, Anuario Estatistico do Brasil 1959, p. 436, Tabela 3d/ba;https://biblioteca.ibge.gov.br/visualizacao/periodicos/20/aeb_1959.pdf;outputs/fontes-pedro-souza-irpf/aeb_1959.pdf;440;436;;;renda_liquida_declarada_cr_mil_total;71294429;1000.000000;71294429000.000000;74.228600;74.228600;unidade monetaria corrente por US$;1.000000;;3694;Taxa de cambio - Livre - Dolar americano (venda) - Media de periodo - anual;annual_period_average;https://api.bcb.gov.br/dados/serie/bcdata.sgs.3694/dados?formato=json&dataInicial=01%2F01%2F1943&dataFinal=31%2F12%2F2025;CPIAUCSL;Consumer Price Index for All Urban Consumers: All Items in U.S. City Average;seasonally_adjusted;28.113333;12;2026;331.279875;8;partial;11.783728;960471152.628502;11317930814.420749;bcb_3694_cpiaucsl;partial_cpi_target_year;Converted from nominal domestic currency to nominal USD with the listed exchange rate, then to target-year USD with CPIAUCSL. Target-year CPI uses the months available so far.;strict_renda_liquida;national;renda liquida publicada em faixas compativeis
total;irpf_aeb_brasil_1946_1960_totais;irpf_aeb_brasil_1946_1960_totais.csv;total;12;1957;1958;Brasil;irpf_aeb_brasil_1946_1960_totais;;;;renda liquida;;IBGE, Anuario Estatistico do Brasil 1959, p. 436, Tabela 3d/ba;https://biblioteca.ibge.gov.br/visualizacao/periodicos/20/aeb_1959.pdf;outputs/fontes-pedro-souza-irpf/aeb_1959.pdf;440;436;;;renda_liquida_declarada_cr_mil_soma_faixas;71294429;1000.000000;71294429000.000000;74.228600;74.228600;unidade monetaria corrente por US$;1.000000;;3694;Taxa de cambio - Livre - Dolar americano (venda) - Media de periodo - anual;annual_period_average;https://api.bcb.gov.br/dados/serie/bcdata.sgs.3694/dados?formato=json&dataInicial=01%2F01%2F1943&dataFinal=31%2F12%2F2025;CPIAUCSL;Consumer Price Index for All Urban Consumers: All Items in U.S. City Average;seasonally_adjusted;28.113333;12;2026;331.279875;8;partial;11.783728;960471152.628502;11317930814.420749;bcb_3694_cpiaucsl;partial_cpi_target_year;Converted from nominal domestic currency to nominal USD with the listed exchange rate, then to target-year USD with CPIAUCSL. Target-year CPI uses the months available so far.;strict_renda_liquida;national;renda liquida publicada em faixas compativeis
total;irpf_aeb_brasil_1946_1960_totais;irpf_aeb_brasil_1946_1960_totais.csv;total;12;1957;1958;Brasil;irpf_aeb_brasil_1946_1960_totais;;;;renda liquida;;IBGE, Anuario Estatistico do Brasil 1959, p. 436, Tabela 3d/ba;https://biblioteca.ibge.gov.br/visualizacao/periodicos/20/aeb_1959.pdf;outputs/fontes-pedro-souza-irpf/aeb_1959.pdf;440;436;;;renda_liquida_media_cr;209627.225442;1.000000;209627.225442;74.228600;74.228600;unidade monetaria corrente por US$;1.000000;;3694;Taxa de cambio - Livre - Dolar americano (venda) - Media de periodo - anual;annual_period_average;https://api.bcb.gov.br/dados/serie/bcdata.sgs.3694/dados?formato=json&dataInicial=01%2F01%2F1943&dataFinal=31%2F12%2F2025;CPIAUCSL;Consumer Price Index for All Urban Consumers: All Items in U.S. City Average;seasonally_adjusted;28.113333;12;2026;331.279875;8;partial;11.783728;2824.076238;33278.146240;bcb_3694_cpiaucsl;partial_cpi_target_year;Converted from nominal domestic currency to nominal USD with the listed exchange rate, then to target-year USD with CPIAUCSL. Target-year CPI uses the months available so far.;strict_renda_liquida;national;renda liquida publicada em faixas compativeis
total;irpf_aeb_brasil_1946_1960_totais;irpf_aeb_brasil_1946_1960_totais.csv;total;12;1957;1958;Brasil;irpf_aeb_brasil_1946_1960_totais;;;;renda liquida;;IBGE, Anuario Estatistico do Brasil 1959, p. 436, Tabela 3d/ba;https://biblioteca.ibge.gov.br/visualizacao/periodicos/20/aeb_1959.pdf;outputs/fontes-pedro-souza-irpf/aeb_1959.pdf;440;436;;;imposto_notificado_cr_mil_total;8936565;1000.000000;8936565000.000000;74.228600;74.228600;unidade monetaria corrente por US$;1.000000;;3694;Taxa de cambio - Livre - Dolar americano (venda) - Media de periodo - anual;annual_period_average;https://api.bcb.gov.br/dados/serie/bcdata.sgs.3694/dados?formato=json&dataInicial=01%2F01%2F1943&dataFinal=31%2F12%2F2025;CPIAUCSL;Consumer Price Index for All Urban Consumers: All Items in U.S. City Average;seasonally_adjusted;28.113333;12;2026;331.279875;8;partial;11.783728;120392476.754243;1418672199.318322;bcb_3694_cpiaucsl;partial_cpi_target_year;Converted from nominal domestic currency to nominal USD with the listed exchange rate, then to target-year USD with CPIAUCSL. Target-year CPI uses the months available so far.;strict_renda_liquida;national;renda liquida publicada em faixas compativeis
total;irpf_aeb_brasil_1946_1960_totais;irpf_aeb_brasil_1946_1960_totais.csv;total;12;1957;1958;Brasil;irpf_aeb_brasil_1946_1960_totais;;;;renda liquida;;IBGE, Anuario Estatistico do Brasil 1959, p. 436, Tabela 3d/ba;https://biblioteca.ibge.gov.br/visualizacao/periodicos/20/aeb_1959.pdf;outputs/fontes-pedro-souza-irpf/aeb_1959.pdf;440;436;;;imposto_notificado_cr_mil_soma_faixas;8936565;1000.000000;8936565000.000000;74.228600;74.228600;unidade monetaria corrente por US$;1.000000;;3694;Taxa de cambio - Livre - Dolar americano (venda) - Media de periodo - anual;annual_period_average;https://api.bcb.gov.br/dados/serie/bcdata.sgs.3694/dados?formato=json&dataInicial=01%2F01%2F1943&dataFinal=31%2F12%2F2025;CPIAUCSL;Consumer Price Index for All Urban Consumers: All Items in U.S. City Average;seasonally_adjusted;28.113333;12;2026;331.279875;8;partial;11.783728;120392476.754243;1418672199.318322;bcb_3694_cpiaucsl;partial_cpi_target_year;Converted from nominal domestic currency to nominal USD with the listed exchange rate, then to target-year USD with CPIAUCSL. Target-year CPI uses the months available so far.;strict_renda_liquida;national;renda liquida publicada em faixas compativeis
total;irpf_aeb_brasil_1946_1960_totais;irpf_aeb_brasil_1946_1960_totais.csv;total;13;1958;1959;Brasil;irpf_aeb_brasil_1946_1960_totais;;;;renda liquida;;IBGE, Anuario Estatistico do Brasil 1960, p. 377, Tabela 2a;https://biblioteca.ibge.gov.br/visualizacao/periodicos/20/aeb_1960.pdf;outputs/fontes-pedro-souza-irpf/aeb_1960.pdf;383;377;;"A soma da coluna de imposto notificado das classes publicadas e 9.414.506; o total publicado e 9.414.566.";renda_liquida_declarada_cr_mil_total;70698125;1000.000000;70698125000.000000;127.360400;127.360400;unidade monetaria corrente por US$;1.000000;;3694;Taxa de cambio - Livre - Dolar americano (venda) - Media de periodo - anual;annual_period_average;https://api.bcb.gov.br/dados/serie/bcdata.sgs.3694/dados?formato=json&dataInicial=01%2F01%2F1943&dataFinal=31%2F12%2F2025;CPIAUCSL;Consumer Price Index for All Urban Consumers: All Items in U.S. City Average;seasonally_adjusted;28.880833;12;2026;331.279875;8;partial;11.470579;555102881.272358;6367351452.762201;bcb_3694_cpiaucsl;partial_cpi_target_year;Converted from nominal domestic currency to nominal USD with the listed exchange rate, then to target-year USD with CPIAUCSL. Target-year CPI uses the months available so far.;strict_renda_liquida;national;renda liquida publicada em faixas compativeis
total;irpf_aeb_brasil_1946_1960_totais;irpf_aeb_brasil_1946_1960_totais.csv;total;13;1958;1959;Brasil;irpf_aeb_brasil_1946_1960_totais;;;;renda liquida;;IBGE, Anuario Estatistico do Brasil 1960, p. 377, Tabela 2a;https://biblioteca.ibge.gov.br/visualizacao/periodicos/20/aeb_1960.pdf;outputs/fontes-pedro-souza-irpf/aeb_1960.pdf;383;377;;"A soma da coluna de imposto notificado das classes publicadas e 9.414.506; o total publicado e 9.414.566.";renda_liquida_declarada_cr_mil_soma_faixas;70698125;1000.000000;70698125000.000000;127.360400;127.360400;unidade monetaria corrente por US$;1.000000;;3694;Taxa de cambio - Livre - Dolar americano (venda) - Media de periodo - anual;annual_period_average;https://api.bcb.gov.br/dados/serie/bcdata.sgs.3694/dados?formato=json&dataInicial=01%2F01%2F1943&dataFinal=31%2F12%2F2025;CPIAUCSL;Consumer Price Index for All Urban Consumers: All Items in U.S. City Average;seasonally_adjusted;28.880833;12;2026;331.279875;8;partial;11.470579;555102881.272358;6367351452.762201;bcb_3694_cpiaucsl;partial_cpi_target_year;Converted from nominal domestic currency to nominal USD with the listed exchange rate, then to target-year USD with CPIAUCSL. Target-year CPI uses the months available so far.;strict_renda_liquida;national;renda liquida publicada em faixas compativeis
total;irpf_aeb_brasil_1946_1960_totais;irpf_aeb_brasil_1946_1960_totais.csv;total;13;1958;1959;Brasil;irpf_aeb_brasil_1946_1960_totais;;;;renda liquida;;IBGE, Anuario Estatistico do Brasil 1960, p. 377, Tabela 2a;https://biblioteca.ibge.gov.br/visualizacao/periodicos/20/aeb_1960.pdf;outputs/fontes-pedro-souza-irpf/aeb_1960.pdf;383;377;;"A soma da coluna de imposto notificado das classes publicadas e 9.414.506; o total publicado e 9.414.566.";renda_liquida_media_cr;267735.079149;1.000000;267735.079149;127.360400;127.360400;unidade monetaria corrente por US$;1.000000;;3694;Taxa de cambio - Livre - Dolar americano (venda) - Media de periodo - anual;annual_period_average;https://api.bcb.gov.br/dados/serie/bcdata.sgs.3694/dados?formato=json&dataInicial=01%2F01%2F1943&dataFinal=31%2F12%2F2025;CPIAUCSL;Consumer Price Index for All Urban Consumers: All Items in U.S. City Average;seasonally_adjusted;28.880833;12;2026;331.279875;8;partial;11.470579;2102.184660;24113.275213;bcb_3694_cpiaucsl;partial_cpi_target_year;Converted from nominal domestic currency to nominal USD with the listed exchange rate, then to target-year USD with CPIAUCSL. Target-year CPI uses the months available so far.;strict_renda_liquida;national;renda liquida publicada em faixas compativeis
total;irpf_aeb_brasil_1946_1960_totais;irpf_aeb_brasil_1946_1960_totais.csv;total;13;1958;1959;Brasil;irpf_aeb_brasil_1946_1960_totais;;;;renda liquida;;IBGE, Anuario Estatistico do Brasil 1960, p. 377, Tabela 2a;https://biblioteca.ibge.gov.br/visualizacao/periodicos/20/aeb_1960.pdf;outputs/fontes-pedro-souza-irpf/aeb_1960.pdf;383;377;;"A soma da coluna de imposto notificado das classes publicadas e 9.414.506; o total publicado e 9.414.566.";imposto_notificado_cr_mil_total;9414566;1000.000000;9414566000.000000;127.360400;127.360400;unidade monetaria corrente por US$;1.000000;;3694;Taxa de cambio - Livre - Dolar americano (venda) - Media de periodo - anual;annual_period_average;https://api.bcb.gov.br/dados/serie/bcdata.sgs.3694/dados?formato=json&dataInicial=01%2F01%2F1943&dataFinal=31%2F12%2F2025;CPIAUCSL;Consumer Price Index for All Urban Consumers: All Items in U.S. City Average;seasonally_adjusted;28.880833;12;2026;331.279875;8;partial;11.470579;73920669.219004;847912876.009450;bcb_3694_cpiaucsl;partial_cpi_target_year;Converted from nominal domestic currency to nominal USD with the listed exchange rate, then to target-year USD with CPIAUCSL. Target-year CPI uses the months available so far.;strict_renda_liquida;national;renda liquida publicada em faixas compativeis
total;irpf_aeb_brasil_1946_1960_totais;irpf_aeb_brasil_1946_1960_totais.csv;total;13;1958;1959;Brasil;irpf_aeb_brasil_1946_1960_totais;;;;renda liquida;;IBGE, Anuario Estatistico do Brasil 1960, p. 377, Tabela 2a;https://biblioteca.ibge.gov.br/visualizacao/periodicos/20/aeb_1960.pdf;outputs/fontes-pedro-souza-irpf/aeb_1960.pdf;383;377;;"A soma da coluna de imposto notificado das classes publicadas e 9.414.506; o total publicado e 9.414.566.";imposto_notificado_cr_mil_soma_faixas;9414506;1000.000000;9414506000.000000;127.360400;127.360400;unidade monetaria corrente por US$;1.000000;;3694;Taxa de cambio - Livre - Dolar americano (venda) - Media de periodo - anual;annual_period_average;https://api.bcb.gov.br/dados/serie/bcdata.sgs.3694/dados?formato=json&dataInicial=01%2F01%2F1943&dataFinal=31%2F12%2F2025;CPIAUCSL;Consumer Price Index for All Urban Consumers: All Items in U.S. City Average;seasonally_adjusted;28.880833;12;2026;331.279875;8;partial;11.470579;73920198.114956;847907472.173250;bcb_3694_cpiaucsl;partial_cpi_target_year;Converted from nominal domestic currency to nominal USD with the listed exchange rate, then to target-year USD with CPIAUCSL. Target-year CPI uses the months available so far.;strict_renda_liquida;national;renda liquida publicada em faixas compativeis
total;irpf_aeb_brasil_1946_1960_totais;irpf_aeb_brasil_1946_1960_totais.csv;total;14;1959;1960;Brasil;irpf_aeb_brasil_1946_1960_totais;;;;renda liquida;;IBGE, Anuario Estatistico do Brasil 1961, p. 423, Tabela 2a;https://biblioteca.ibge.gov.br/visualizacao/periodicos/20/aeb_1961.pdf;outputs/fontes-pedro-souza-irpf/aeb_1961.pdf;420;423;;;renda_liquida_declarada_cr_mil_total;102888243;1000.000000;102888243000.000000;151.349600;151.349600;unidade monetaria corrente por US$;1.000000;;3694;Taxa de cambio - Livre - Dolar americano (venda) - Media de periodo - anual;annual_period_average;https://api.bcb.gov.br/dados/serie/bcdata.sgs.3694/dados?formato=json&dataInicial=01%2F01%2F1943&dataFinal=31%2F12%2F2025;CPIAUCSL;Consumer Price Index for All Urban Consumers: All Items in U.S. City Average;seasonally_adjusted;29.150000;12;2026;331.279875;8;partial;11.364661;679805186.138582;7725755486.506889;bcb_3694_cpiaucsl;partial_cpi_target_year;Converted from nominal domestic currency to nominal USD with the listed exchange rate, then to target-year USD with CPIAUCSL. Target-year CPI uses the months available so far.;strict_renda_liquida;national;renda liquida publicada em faixas compativeis
total;irpf_aeb_brasil_1946_1960_totais;irpf_aeb_brasil_1946_1960_totais.csv;total;14;1959;1960;Brasil;irpf_aeb_brasil_1946_1960_totais;;;;renda liquida;;IBGE, Anuario Estatistico do Brasil 1961, p. 423, Tabela 2a;https://biblioteca.ibge.gov.br/visualizacao/periodicos/20/aeb_1961.pdf;outputs/fontes-pedro-souza-irpf/aeb_1961.pdf;420;423;;;renda_liquida_declarada_cr_mil_soma_faixas;102888243;1000.000000;102888243000.000000;151.349600;151.349600;unidade monetaria corrente por US$;1.000000;;3694;Taxa de cambio - Livre - Dolar americano (venda) - Media de periodo - anual;annual_period_average;https://api.bcb.gov.br/dados/serie/bcdata.sgs.3694/dados?formato=json&dataInicial=01%2F01%2F1943&dataFinal=31%2F12%2F2025;CPIAUCSL;Consumer Price Index for All Urban Consumers: All Items in U.S. City Average;seasonally_adjusted;29.150000;12;2026;331.279875;8;partial;11.364661;679805186.138582;7725755486.506889;bcb_3694_cpiaucsl;partial_cpi_target_year;Converted from nominal domestic currency to nominal USD with the listed exchange rate, then to target-year USD with CPIAUCSL. Target-year CPI uses the months available so far.;strict_renda_liquida;national;renda liquida publicada em faixas compativeis
total;irpf_aeb_brasil_1946_1960_totais;irpf_aeb_brasil_1946_1960_totais.csv;total;14;1959;1960;Brasil;irpf_aeb_brasil_1946_1960_totais;;;;renda liquida;;IBGE, Anuario Estatistico do Brasil 1961, p. 423, Tabela 2a;https://biblioteca.ibge.gov.br/visualizacao/periodicos/20/aeb_1961.pdf;outputs/fontes-pedro-souza-irpf/aeb_1961.pdf;420;423;;;renda_liquida_media_cr;287203.183881;1.000000;287203.183881;151.349600;151.349600;unidade monetaria corrente por US$;1.000000;;3694;Taxa de cambio - Livre - Dolar americano (venda) - Media de periodo - anual;annual_period_average;https://api.bcb.gov.br/dados/serie/bcdata.sgs.3694/dados?formato=json&dataInicial=01%2F01%2F1943&dataFinal=31%2F12%2F2025;CPIAUCSL;Consumer Price Index for All Urban Consumers: All Items in U.S. City Average;seasonally_adjusted;29.150000;12;2026;331.279875;8;partial;11.364661;1897.614423;21565.744627;bcb_3694_cpiaucsl;partial_cpi_target_year;Converted from nominal domestic currency to nominal USD with the listed exchange rate, then to target-year USD with CPIAUCSL. Target-year CPI uses the months available so far.;strict_renda_liquida;national;renda liquida publicada em faixas compativeis
total;irpf_aeb_brasil_1946_1960_totais;irpf_aeb_brasil_1946_1960_totais.csv;total;14;1959;1960;Brasil;irpf_aeb_brasil_1946_1960_totais;;;;renda liquida;;IBGE, Anuario Estatistico do Brasil 1961, p. 423, Tabela 2a;https://biblioteca.ibge.gov.br/visualizacao/periodicos/20/aeb_1961.pdf;outputs/fontes-pedro-souza-irpf/aeb_1961.pdf;420;423;;;imposto_notificado_cr_mil_total;11658348;1000.000000;11658348000.000000;151.349600;151.349600;unidade monetaria corrente por US$;1.000000;;3694;Taxa de cambio - Livre - Dolar americano (venda) - Media de periodo - anual;annual_period_average;https://api.bcb.gov.br/dados/serie/bcdata.sgs.3694/dados?formato=json&dataInicial=01%2F01%2F1943&dataFinal=31%2F12%2F2025;CPIAUCSL;Consumer Price Index for All Urban Consumers: All Items in U.S. City Average;seasonally_adjusted;29.150000;12;2026;331.279875;8;partial;11.364661;77029262.052889;875411450.311253;bcb_3694_cpiaucsl;partial_cpi_target_year;Converted from nominal domestic currency to nominal USD with the listed exchange rate, then to target-year USD with CPIAUCSL. Target-year CPI uses the months available so far.;strict_renda_liquida;national;renda liquida publicada em faixas compativeis
total;irpf_aeb_brasil_1946_1960_totais;irpf_aeb_brasil_1946_1960_totais.csv;total;14;1959;1960;Brasil;irpf_aeb_brasil_1946_1960_totais;;;;renda liquida;;IBGE, Anuario Estatistico do Brasil 1961, p. 423, Tabela 2a;https://biblioteca.ibge.gov.br/visualizacao/periodicos/20/aeb_1961.pdf;outputs/fontes-pedro-souza-irpf/aeb_1961.pdf;420;423;;;imposto_notificado_cr_mil_soma_faixas;11658348;1000.000000;11658348000.000000;151.349600;151.349600;unidade monetaria corrente por US$;1.000000;;3694;Taxa de cambio - Livre - Dolar americano (venda) - Media de periodo - anual;annual_period_average;https://api.bcb.gov.br/dados/serie/bcdata.sgs.3694/dados?formato=json&dataInicial=01%2F01%2F1943&dataFinal=31%2F12%2F2025;CPIAUCSL;Consumer Price Index for All Urban Consumers: All Items in U.S. City Average;seasonally_adjusted;29.150000;12;2026;331.279875;8;partial;11.364661;77029262.052889;875411450.311253;bcb_3694_cpiaucsl;partial_cpi_target_year;Converted from nominal domestic currency to nominal USD with the listed exchange rate, then to target-year USD with CPIAUCSL. Target-year CPI uses the months available so far.;strict_renda_liquida;national;renda liquida publicada em faixas compativeis
total;irpf_dir_1961_totais;irpf_dir_1961_totais.csv;total;1;1960;1961;Brasil;irpf_dir_1961_totais;Cr$;Cr$ 1.000;Cr$ 1.000;;;Brasil. Ministerio da Fazenda. Divisao de Imposto de Renda. Relatorio do ano de 1961, apresentado ao Excelentissimo Senhor Ministro da Fazenda Nacional pelo Diretor da Divisao do Imposto de Renda. Rio de Janeiro: Ministerio da Fazenda, 1967.;;outputs/fontes-pedro-souza-irpf/relatorio_irpf_ano_1961_publicado_1967.pdf;50;46;Quadro XII;"Ano-calendario inferido como 1960 pela regra usual de exercicio do IR. Os totais de contribuintes, renda bruta, renda liquida, imposto complementar, imposto cedular, imposto total e abatimentos totais fecham com a linha TOTAL. Nas subcolunas de abatimentos, a soma das faixas fica abaixo dos totais publicados em 60 para esposas, 180 para dependentes e 8.910 para demais abatimentos (valores em Cr$ 1.000). Nas linhas F06 e F08, a soma dos subtipos tambem fica abaixo do total de abatimentos da propria faixa. O texto narrativo da pagina 16 inclui ainda o Adicional de Protecao a Familia, nao detalhado por faixa no Quadro XII; por isso o imposto narrativo total e maior que o imposto notificado total do quadro.";renda_bruta_cr_mil_total_publicado;97618267;1000.000000;97618267000.000000;186.468500;186.468500;unidade monetaria corrente por US$;1.000000;;3694;Taxa de cambio - Livre - Dolar americano (venda) - Media de periodo - anual;annual_period_average;https://api.bcb.gov.br/dados/serie/bcdata.sgs.3694/dados?formato=json&dataInicial=01%2F01%2F1943&dataFinal=31%2F12%2F2025;CPIAUCSL;Consumer Price Index for All Urban Consumers: All Items in U.S. City Average;seasonally_adjusted;29.585000;12;2026;331.279875;8;partial;11.197562;523510764.552726;5862044243.746552;bcb_3694_cpiaucsl;partial_cpi_target_year;Converted from nominal domestic currency to nominal USD with the listed exchange rate, then to target-year USD with CPIAUCSL. Target-year CPI uses the months available so far.;strict_renda_liquida;national;renda liquida publicada em faixas compativeis
total;irpf_dir_1961_totais;irpf_dir_1961_totais.csv;total;1;1960;1961;Brasil;irpf_dir_1961_totais;Cr$;Cr$ 1.000;Cr$ 1.000;;;Brasil. Ministerio da Fazenda. Divisao de Imposto de Renda. Relatorio do ano de 1961, apresentado ao Excelentissimo Senhor Ministro da Fazenda Nacional pelo Diretor da Divisao do Imposto de Renda. Rio de Janeiro: Ministerio da Fazenda, 1967.;;outputs/fontes-pedro-souza-irpf/relatorio_irpf_ano_1961_publicado_1967.pdf;50;46;Quadro XII;"Ano-calendario inferido como 1960 pela regra usual de exercicio do IR. Os totais de contribuintes, renda bruta, renda liquida, imposto complementar, imposto cedular, imposto total e abatimentos totais fecham com a linha TOTAL. Nas subcolunas de abatimentos, a soma das faixas fica abaixo dos totais publicados em 60 para esposas, 180 para dependentes e 8.910 para demais abatimentos (valores em Cr$ 1.000). Nas linhas F06 e F08, a soma dos subtipos tambem fica abaixo do total de abatimentos da propria faixa. O texto narrativo da pagina 16 inclui ainda o Adicional de Protecao a Familia, nao detalhado por faixa no Quadro XII; por isso o imposto narrativo total e maior que o imposto notificado total do quadro.";renda_bruta_cr_mil_soma_faixas;97618267;1000.000000;97618267000.000000;186.468500;186.468500;unidade monetaria corrente por US$;1.000000;;3694;Taxa de cambio - Livre - Dolar americano (venda) - Media de periodo - anual;annual_period_average;https://api.bcb.gov.br/dados/serie/bcdata.sgs.3694/dados?formato=json&dataInicial=01%2F01%2F1943&dataFinal=31%2F12%2F2025;CPIAUCSL;Consumer Price Index for All Urban Consumers: All Items in U.S. City Average;seasonally_adjusted;29.585000;12;2026;331.279875;8;partial;11.197562;523510764.552726;5862044243.746552;bcb_3694_cpiaucsl;partial_cpi_target_year;Converted from nominal domestic currency to nominal USD with the listed exchange rate, then to target-year USD with CPIAUCSL. Target-year CPI uses the months available so far.;strict_renda_liquida;national;renda liquida publicada em faixas compativeis
total;irpf_dir_1961_totais;irpf_dir_1961_totais.csv;total;1;1960;1961;Brasil;irpf_dir_1961_totais;Cr$;Cr$ 1.000;Cr$ 1.000;;;Brasil. Ministerio da Fazenda. Divisao de Imposto de Renda. Relatorio do ano de 1961, apresentado ao Excelentissimo Senhor Ministro da Fazenda Nacional pelo Diretor da Divisao do Imposto de Renda. Rio de Janeiro: Ministerio da Fazenda, 1967.;;outputs/fontes-pedro-souza-irpf/relatorio_irpf_ano_1961_publicado_1967.pdf;50;46;Quadro XII;"Ano-calendario inferido como 1960 pela regra usual de exercicio do IR. Os totais de contribuintes, renda bruta, renda liquida, imposto complementar, imposto cedular, imposto total e abatimentos totais fecham com a linha TOTAL. Nas subcolunas de abatimentos, a soma das faixas fica abaixo dos totais publicados em 60 para esposas, 180 para dependentes e 8.910 para demais abatimentos (valores em Cr$ 1.000). Nas linhas F06 e F08, a soma dos subtipos tambem fica abaixo do total de abatimentos da propria faixa. O texto narrativo da pagina 16 inclui ainda o Adicional de Protecao a Familia, nao detalhado por faixa no Quadro XII; por isso o imposto narrativo total e maior que o imposto notificado total do quadro.";renda_bruta_cr_mil_diferenca_total_menos_faixas;0;1000.000000;0.000000;186.468500;186.468500;unidade monetaria corrente por US$;1.000000;;3694;Taxa de cambio - Livre - Dolar americano (venda) - Media de periodo - anual;annual_period_average;https://api.bcb.gov.br/dados/serie/bcdata.sgs.3694/dados?formato=json&dataInicial=01%2F01%2F1943&dataFinal=31%2F12%2F2025;CPIAUCSL;Consumer Price Index for All Urban Consumers: All Items in U.S. City Average;seasonally_adjusted;29.585000;12;2026;331.279875;8;partial;11.197562;0.000000;0.000000;bcb_3694_cpiaucsl;partial_cpi_target_year;Converted from nominal domestic currency to nominal USD with the listed exchange rate, then to target-year USD with CPIAUCSL. Target-year CPI uses the months available so far.;strict_renda_liquida;national;renda liquida publicada em faixas compativeis
total;irpf_dir_1961_totais;irpf_dir_1961_totais.csv;total;1;1960;1961;Brasil;irpf_dir_1961_totais;Cr$;Cr$ 1.000;Cr$ 1.000;;;Brasil. Ministerio da Fazenda. Divisao de Imposto de Renda. Relatorio do ano de 1961, apresentado ao Excelentissimo Senhor Ministro da Fazenda Nacional pelo Diretor da Divisao do Imposto de Renda. Rio de Janeiro: Ministerio da Fazenda, 1967.;;outputs/fontes-pedro-souza-irpf/relatorio_irpf_ano_1961_publicado_1967.pdf;50;46;Quadro XII;"Ano-calendario inferido como 1960 pela regra usual de exercicio do IR. Os totais de contribuintes, renda bruta, renda liquida, imposto complementar, imposto cedular, imposto total e abatimentos totais fecham com a linha TOTAL. Nas subcolunas de abatimentos, a soma das faixas fica abaixo dos totais publicados em 60 para esposas, 180 para dependentes e 8.910 para demais abatimentos (valores em Cr$ 1.000). Nas linhas F06 e F08, a soma dos subtipos tambem fica abaixo do total de abatimentos da propria faixa. O texto narrativo da pagina 16 inclui ainda o Adicional de Protecao a Familia, nao detalhado por faixa no Quadro XII; por isso o imposto narrativo total e maior que o imposto notificado total do quadro.";renda_liquida_cr_mil_total_publicado;68707263;1000.000000;68707263000.000000;186.468500;186.468500;unidade monetaria corrente por US$;1.000000;;3694;Taxa de cambio - Livre - Dolar americano (venda) - Media de periodo - anual;annual_period_average;https://api.bcb.gov.br/dados/serie/bcdata.sgs.3694/dados?formato=json&dataInicial=01%2F01%2F1943&dataFinal=31%2F12%2F2025;CPIAUCSL;Consumer Price Index for All Urban Consumers: All Items in U.S. City Average;seasonally_adjusted;29.585000;12;2026;331.279875;8;partial;11.197562;368465789.127922;4125918518.638837;bcb_3694_cpiaucsl;partial_cpi_target_year;Converted from nominal domestic currency to nominal USD with the listed exchange rate, then to target-year USD with CPIAUCSL. Target-year CPI uses the months available so far.;strict_renda_liquida;national;renda liquida publicada em faixas compativeis
total;irpf_dir_1961_totais;irpf_dir_1961_totais.csv;total;1;1960;1961;Brasil;irpf_dir_1961_totais;Cr$;Cr$ 1.000;Cr$ 1.000;;;Brasil. Ministerio da Fazenda. Divisao de Imposto de Renda. Relatorio do ano de 1961, apresentado ao Excelentissimo Senhor Ministro da Fazenda Nacional pelo Diretor da Divisao do Imposto de Renda. Rio de Janeiro: Ministerio da Fazenda, 1967.;;outputs/fontes-pedro-souza-irpf/relatorio_irpf_ano_1961_publicado_1967.pdf;50;46;Quadro XII;"Ano-calendario inferido como 1960 pela regra usual de exercicio do IR. Os totais de contribuintes, renda bruta, renda liquida, imposto complementar, imposto cedular, imposto total e abatimentos totais fecham com a linha TOTAL. Nas subcolunas de abatimentos, a soma das faixas fica abaixo dos totais publicados em 60 para esposas, 180 para dependentes e 8.910 para demais abatimentos (valores em Cr$ 1.000). Nas linhas F06 e F08, a soma dos subtipos tambem fica abaixo do total de abatimentos da propria faixa. O texto narrativo da pagina 16 inclui ainda o Adicional de Protecao a Familia, nao detalhado por faixa no Quadro XII; por isso o imposto narrativo total e maior que o imposto notificado total do quadro.";renda_liquida_cr_mil_soma_faixas;68707263;1000.000000;68707263000.000000;186.468500;186.468500;unidade monetaria corrente por US$;1.000000;;3694;Taxa de cambio - Livre - Dolar americano (venda) - Media de periodo - anual;annual_period_average;https://api.bcb.gov.br/dados/serie/bcdata.sgs.3694/dados?formato=json&dataInicial=01%2F01%2F1943&dataFinal=31%2F12%2F2025;CPIAUCSL;Consumer Price Index for All Urban Consumers: All Items in U.S. City Average;seasonally_adjusted;29.585000;12;2026;331.279875;8;partial;11.197562;368465789.127922;4125918518.638837;bcb_3694_cpiaucsl;partial_cpi_target_year;Converted from nominal domestic currency to nominal USD with the listed exchange rate, then to target-year USD with CPIAUCSL. Target-year CPI uses the months available so far.;strict_renda_liquida;national;renda liquida publicada em faixas compativeis
total;irpf_dir_1961_totais;irpf_dir_1961_totais.csv;total;1;1960;1961;Brasil;irpf_dir_1961_totais;Cr$;Cr$ 1.000;Cr$ 1.000;;;Brasil. Ministerio da Fazenda. Divisao de Imposto de Renda. Relatorio do ano de 1961, apresentado ao Excelentissimo Senhor Ministro da Fazenda Nacional pelo Diretor da Divisao do Imposto de Renda. Rio de Janeiro: Ministerio da Fazenda, 1967.;;outputs/fontes-pedro-souza-irpf/relatorio_irpf_ano_1961_publicado_1967.pdf;50;46;Quadro XII;"Ano-calendario inferido como 1960 pela regra usual de exercicio do IR. Os totais de contribuintes, renda bruta, renda liquida, imposto complementar, imposto cedular, imposto total e abatimentos totais fecham com a linha TOTAL. Nas subcolunas de abatimentos, a soma das faixas fica abaixo dos totais publicados em 60 para esposas, 180 para dependentes e 8.910 para demais abatimentos (valores em Cr$ 1.000). Nas linhas F06 e F08, a soma dos subtipos tambem fica abaixo do total de abatimentos da propria faixa. O texto narrativo da pagina 16 inclui ainda o Adicional de Protecao a Familia, nao detalhado por faixa no Quadro XII; por isso o imposto narrativo total e maior que o imposto notificado total do quadro.";renda_liquida_cr_mil_diferenca_total_menos_faixas;0;1000.000000;0.000000;186.468500;186.468500;unidade monetaria corrente por US$;1.000000;;3694;Taxa de cambio - Livre - Dolar americano (venda) - Media de periodo - anual;annual_period_average;https://api.bcb.gov.br/dados/serie/bcdata.sgs.3694/dados?formato=json&dataInicial=01%2F01%2F1943&dataFinal=31%2F12%2F2025;CPIAUCSL;Consumer Price Index for All Urban Consumers: All Items in U.S. City Average;seasonally_adjusted;29.585000;12;2026;331.279875;8;partial;11.197562;0.000000;0.000000;bcb_3694_cpiaucsl;partial_cpi_target_year;Converted from nominal domestic currency to nominal USD with the listed exchange rate, then to target-year USD with CPIAUCSL. Target-year CPI uses the months available so far.;strict_renda_liquida;national;renda liquida publicada em faixas compativeis
total;irpf_dir_1961_totais;irpf_dir_1961_totais.csv;total;1;1960;1961;Brasil;irpf_dir_1961_totais;Cr$;Cr$ 1.000;Cr$ 1.000;;;Brasil. Ministerio da Fazenda. Divisao de Imposto de Renda. Relatorio do ano de 1961, apresentado ao Excelentissimo Senhor Ministro da Fazenda Nacional pelo Diretor da Divisao do Imposto de Renda. Rio de Janeiro: Ministerio da Fazenda, 1967.;;outputs/fontes-pedro-souza-irpf/relatorio_irpf_ano_1961_publicado_1967.pdf;50;46;Quadro XII;"Ano-calendario inferido como 1960 pela regra usual de exercicio do IR. Os totais de contribuintes, renda bruta, renda liquida, imposto complementar, imposto cedular, imposto total e abatimentos totais fecham com a linha TOTAL. Nas subcolunas de abatimentos, a soma das faixas fica abaixo dos totais publicados em 60 para esposas, 180 para dependentes e 8.910 para demais abatimentos (valores em Cr$ 1.000). Nas linhas F06 e F08, a soma dos subtipos tambem fica abaixo do total de abatimentos da propria faixa. O texto narrativo da pagina 16 inclui ainda o Adicional de Protecao a Familia, nao detalhado por faixa no Quadro XII; por isso o imposto narrativo total e maior que o imposto notificado total do quadro.";abatimentos_diferenca_subtipos_agregada_cr_mil;9150;1000.000000;9150000.000000;186.468500;186.468500;unidade monetaria corrente por US$;1.000000;;3694;Taxa de cambio - Livre - Dolar americano (venda) - Media de periodo - anual;annual_period_average;https://api.bcb.gov.br/dados/serie/bcdata.sgs.3694/dados?formato=json&dataInicial=01%2F01%2F1943&dataFinal=31%2F12%2F2025;CPIAUCSL;Consumer Price Index for All Urban Consumers: All Items in U.S. City Average;seasonally_adjusted;29.585000;12;2026;331.279875;8;partial;11.197562;49069.950152;549463.809169;bcb_3694_cpiaucsl;partial_cpi_target_year;Converted from nominal domestic currency to nominal USD with the listed exchange rate, then to target-year USD with CPIAUCSL. Target-year CPI uses the months available so far.;strict_renda_liquida;national;renda liquida publicada em faixas compativeis
total;irpf_dir_1961_totais;irpf_dir_1961_totais.csv;total;1;1960;1961;Brasil;irpf_dir_1961_totais;Cr$;Cr$ 1.000;Cr$ 1.000;;;Brasil. Ministerio da Fazenda. Divisao de Imposto de Renda. Relatorio do ano de 1961, apresentado ao Excelentissimo Senhor Ministro da Fazenda Nacional pelo Diretor da Divisao do Imposto de Renda. Rio de Janeiro: Ministerio da Fazenda, 1967.;;outputs/fontes-pedro-souza-irpf/relatorio_irpf_ano_1961_publicado_1967.pdf;50;46;Quadro XII;"Ano-calendario inferido como 1960 pela regra usual de exercicio do IR. Os totais de contribuintes, renda bruta, renda liquida, imposto complementar, imposto cedular, imposto total e abatimentos totais fecham com a linha TOTAL. Nas subcolunas de abatimentos, a soma das faixas fica abaixo dos totais publicados em 60 para esposas, 180 para dependentes e 8.910 para demais abatimentos (valores em Cr$ 1.000). Nas linhas F06 e F08, a soma dos subtipos tambem fica abaixo do total de abatimentos da propria faixa. O texto narrativo da pagina 16 inclui ainda o Adicional de Protecao a Familia, nao detalhado por faixa no Quadro XII; por isso o imposto narrativo total e maior que o imposto notificado total do quadro.";imposto_total_com_adicional_narrativo_cr_mil_aprox;9282506;1000.000000;9282506000.000000;186.468500;186.468500;unidade monetaria corrente por US$;1.000000;;3694;Taxa de cambio - Livre - Dolar americano (venda) - Media de periodo - anual;annual_period_average;https://api.bcb.gov.br/dados/serie/bcdata.sgs.3694/dados?formato=json&dataInicial=01%2F01%2F1943&dataFinal=31%2F12%2F2025;CPIAUCSL;Consumer Price Index for All Urban Consumers: All Items in U.S. City Average;seasonally_adjusted;29.585000;12;2026;331.279875;8;partial;11.197562;49780558.110351;557420885.835259;bcb_3694_cpiaucsl;partial_cpi_target_year;Converted from nominal domestic currency to nominal USD with the listed exchange rate, then to target-year USD with CPIAUCSL. Target-year CPI uses the months available so far.;strict_renda_liquida;national;renda liquida publicada em faixas compativeis
total;irpf_dir_1961_totais;irpf_dir_1961_totais.csv;total;1;1960;1961;Brasil;irpf_dir_1961_totais;Cr$;Cr$ 1.000;Cr$ 1.000;;;Brasil. Ministerio da Fazenda. Divisao de Imposto de Renda. Relatorio do ano de 1961, apresentado ao Excelentissimo Senhor Ministro da Fazenda Nacional pelo Diretor da Divisao do Imposto de Renda. Rio de Janeiro: Ministerio da Fazenda, 1967.;;outputs/fontes-pedro-souza-irpf/relatorio_irpf_ano_1961_publicado_1967.pdf;50;46;Quadro XII;"Ano-calendario inferido como 1960 pela regra usual de exercicio do IR. Os totais de contribuintes, renda bruta, renda liquida, imposto complementar, imposto cedular, imposto total e abatimentos totais fecham com a linha TOTAL. Nas subcolunas de abatimentos, a soma das faixas fica abaixo dos totais publicados em 60 para esposas, 180 para dependentes e 8.910 para demais abatimentos (valores em Cr$ 1.000). Nas linhas F06 e F08, a soma dos subtipos tambem fica abaixo do total de abatimentos da propria faixa. O texto narrativo da pagina 16 inclui ainda o Adicional de Protecao a Familia, nao detalhado por faixa no Quadro XII; por isso o imposto narrativo total e maior que o imposto notificado total do quadro.";imposto_notificado_complementar_cr_mil_total_publicado;7704478;1000.000000;7704478000.000000;186.468500;186.468500;unidade monetaria corrente por US$;1.000000;;3694;Taxa de cambio - Livre - Dolar americano (venda) - Media de periodo - anual;annual_period_average;https://api.bcb.gov.br/dados/serie/bcdata.sgs.3694/dados?formato=json&dataInicial=01%2F01%2F1943&dataFinal=31%2F12%2F2025;CPIAUCSL;Consumer Price Index for All Urban Consumers: All Items in U.S. City Average;seasonally_adjusted;29.585000;12;2026;331.279875;8;partial;11.197562;41317852.613176;462659216.342900;bcb_3694_cpiaucsl;partial_cpi_target_year;Converted from nominal domestic currency to nominal USD with the listed exchange rate, then to target-year USD with CPIAUCSL. Target-year CPI uses the months available so far.;strict_renda_liquida;national;renda liquida publicada em faixas compativeis
total;irpf_dir_1961_totais;irpf_dir_1961_totais.csv;total;1;1960;1961;Brasil;irpf_dir_1961_totais;Cr$;Cr$ 1.000;Cr$ 1.000;;;Brasil. Ministerio da Fazenda. Divisao de Imposto de Renda. Relatorio do ano de 1961, apresentado ao Excelentissimo Senhor Ministro da Fazenda Nacional pelo Diretor da Divisao do Imposto de Renda. Rio de Janeiro: Ministerio da Fazenda, 1967.;;outputs/fontes-pedro-souza-irpf/relatorio_irpf_ano_1961_publicado_1967.pdf;50;46;Quadro XII;"Ano-calendario inferido como 1960 pela regra usual de exercicio do IR. Os totais de contribuintes, renda bruta, renda liquida, imposto complementar, imposto cedular, imposto total e abatimentos totais fecham com a linha TOTAL. Nas subcolunas de abatimentos, a soma das faixas fica abaixo dos totais publicados em 60 para esposas, 180 para dependentes e 8.910 para demais abatimentos (valores em Cr$ 1.000). Nas linhas F06 e F08, a soma dos subtipos tambem fica abaixo do total de abatimentos da propria faixa. O texto narrativo da pagina 16 inclui ainda o Adicional de Protecao a Familia, nao detalhado por faixa no Quadro XII; por isso o imposto narrativo total e maior que o imposto notificado total do quadro.";imposto_notificado_complementar_cr_mil_soma_faixas;7704478;1000.000000;7704478000.000000;186.468500;186.468500;unidade monetaria corrente por US$;1.000000;;3694;Taxa de cambio - Livre - Dolar americano (venda) - Media de periodo - anual;annual_period_average;https://api.bcb.gov.br/dados/serie/bcdata.sgs.3694/dados?formato=json&dataInicial=01%2F01%2F1943&dataFinal=31%2F12%2F2025;CPIAUCSL;Consumer Price Index for All Urban Consumers: All Items in U.S. City Average;seasonally_adjusted;29.585000;12;2026;331.279875;8;partial;11.197562;41317852.613176;462659216.342900;bcb_3694_cpiaucsl;partial_cpi_target_year;Converted from nominal domestic currency to nominal USD with the listed exchange rate, then to target-year USD with CPIAUCSL. Target-year CPI uses the months available so far.;strict_renda_liquida;national;renda liquida publicada em faixas compativeis
total;irpf_dir_1961_totais;irpf_dir_1961_totais.csv;total;1;1960;1961;Brasil;irpf_dir_1961_totais;Cr$;Cr$ 1.000;Cr$ 1.000;;;Brasil. Ministerio da Fazenda. Divisao de Imposto de Renda. Relatorio do ano de 1961, apresentado ao Excelentissimo Senhor Ministro da Fazenda Nacional pelo Diretor da Divisao do Imposto de Renda. Rio de Janeiro: Ministerio da Fazenda, 1967.;;outputs/fontes-pedro-souza-irpf/relatorio_irpf_ano_1961_publicado_1967.pdf;50;46;Quadro XII;"Ano-calendario inferido como 1960 pela regra usual de exercicio do IR. Os totais de contribuintes, renda bruta, renda liquida, imposto complementar, imposto cedular, imposto total e abatimentos totais fecham com a linha TOTAL. Nas subcolunas de abatimentos, a soma das faixas fica abaixo dos totais publicados em 60 para esposas, 180 para dependentes e 8.910 para demais abatimentos (valores em Cr$ 1.000). Nas linhas F06 e F08, a soma dos subtipos tambem fica abaixo do total de abatimentos da propria faixa. O texto narrativo da pagina 16 inclui ainda o Adicional de Protecao a Familia, nao detalhado por faixa no Quadro XII; por isso o imposto narrativo total e maior que o imposto notificado total do quadro.";imposto_notificado_complementar_cr_mil_diferenca_total_menos_faixas;0;1000.000000;0.000000;186.468500;186.468500;unidade monetaria corrente por US$;1.000000;;3694;Taxa de cambio - Livre - Dolar americano (venda) - Media de periodo - anual;annual_period_average;https://api.bcb.gov.br/dados/serie/bcdata.sgs.3694/dados?formato=json&dataInicial=01%2F01%2F1943&dataFinal=31%2F12%2F2025;CPIAUCSL;Consumer Price Index for All Urban Consumers: All Items in U.S. City Average;seasonally_adjusted;29.585000;12;2026;331.279875;8;partial;11.197562;0.000000;0.000000;bcb_3694_cpiaucsl;partial_cpi_target_year;Converted from nominal domestic currency to nominal USD with the listed exchange rate, then to target-year USD with CPIAUCSL. Target-year CPI uses the months available so far.;strict_renda_liquida;national;renda liquida publicada em faixas compativeis
total;irpf_dir_1961_totais;irpf_dir_1961_totais.csv;total;1;1960;1961;Brasil;irpf_dir_1961_totais;Cr$;Cr$ 1.000;Cr$ 1.000;;;Brasil. Ministerio da Fazenda. Divisao de Imposto de Renda. Relatorio do ano de 1961, apresentado ao Excelentissimo Senhor Ministro da Fazenda Nacional pelo Diretor da Divisao do Imposto de Renda. Rio de Janeiro: Ministerio da Fazenda, 1967.;;outputs/fontes-pedro-souza-irpf/relatorio_irpf_ano_1961_publicado_1967.pdf;50;46;Quadro XII;"Ano-calendario inferido como 1960 pela regra usual de exercicio do IR. Os totais de contribuintes, renda bruta, renda liquida, imposto complementar, imposto cedular, imposto total e abatimentos totais fecham com a linha TOTAL. Nas subcolunas de abatimentos, a soma das faixas fica abaixo dos totais publicados em 60 para esposas, 180 para dependentes e 8.910 para demais abatimentos (valores em Cr$ 1.000). Nas linhas F06 e F08, a soma dos subtipos tambem fica abaixo do total de abatimentos da propria faixa. O texto narrativo da pagina 16 inclui ainda o Adicional de Protecao a Familia, nao detalhado por faixa no Quadro XII; por isso o imposto narrativo total e maior que o imposto notificado total do quadro.";imposto_notificado_cedular_cr_mil_total_publicado;1318458;1000.000000;1318458000.000000;186.468500;186.468500;unidade monetaria corrente por US$;1.000000;;3694;Taxa de cambio - Livre - Dolar americano (venda) - Media de periodo - anual;annual_period_average;https://api.bcb.gov.br/dados/serie/bcdata.sgs.3694/dados?formato=json&dataInicial=01%2F01%2F1943&dataFinal=31%2F12%2F2025;CPIAUCSL;Consumer Price Index for All Urban Consumers: All Items in U.S. City Average;seasonally_adjusted;29.585000;12;2026;331.279875;8;partial;11.197562;7070674.135310;79174312.011927;bcb_3694_cpiaucsl;partial_cpi_target_year;Converted from nominal domestic currency to nominal USD with the listed exchange rate, then to target-year USD with CPIAUCSL. Target-year CPI uses the months available so far.;strict_renda_liquida;national;renda liquida publicada em faixas compativeis
total;irpf_dir_1961_totais;irpf_dir_1961_totais.csv;total;1;1960;1961;Brasil;irpf_dir_1961_totais;Cr$;Cr$ 1.000;Cr$ 1.000;;;Brasil. Ministerio da Fazenda. Divisao de Imposto de Renda. Relatorio do ano de 1961, apresentado ao Excelentissimo Senhor Ministro da Fazenda Nacional pelo Diretor da Divisao do Imposto de Renda. Rio de Janeiro: Ministerio da Fazenda, 1967.;;outputs/fontes-pedro-souza-irpf/relatorio_irpf_ano_1961_publicado_1967.pdf;50;46;Quadro XII;"Ano-calendario inferido como 1960 pela regra usual de exercicio do IR. Os totais de contribuintes, renda bruta, renda liquida, imposto complementar, imposto cedular, imposto total e abatimentos totais fecham com a linha TOTAL. Nas subcolunas de abatimentos, a soma das faixas fica abaixo dos totais publicados em 60 para esposas, 180 para dependentes e 8.910 para demais abatimentos (valores em Cr$ 1.000). Nas linhas F06 e F08, a soma dos subtipos tambem fica abaixo do total de abatimentos da propria faixa. O texto narrativo da pagina 16 inclui ainda o Adicional de Protecao a Familia, nao detalhado por faixa no Quadro XII; por isso o imposto narrativo total e maior que o imposto notificado total do quadro.";imposto_notificado_cedular_cr_mil_soma_faixas;1318458;1000.000000;1318458000.000000;186.468500;186.468500;unidade monetaria corrente por US$;1.000000;;3694;Taxa de cambio - Livre - Dolar americano (venda) - Media de periodo - anual;annual_period_average;https://api.bcb.gov.br/dados/serie/bcdata.sgs.3694/dados?formato=json&dataInicial=01%2F01%2F1943&dataFinal=31%2F12%2F2025;CPIAUCSL;Consumer Price Index for All Urban Consumers: All Items in U.S. City Average;seasonally_adjusted;29.585000;12;2026;331.279875;8;partial;11.197562;7070674.135310;79174312.011927;bcb_3694_cpiaucsl;partial_cpi_target_year;Converted from nominal domestic currency to nominal USD with the listed exchange rate, then to target-year USD with CPIAUCSL. Target-year CPI uses the months available so far.;strict_renda_liquida;national;renda liquida publicada em faixas compativeis
total;irpf_dir_1961_totais;irpf_dir_1961_totais.csv;total;1;1960;1961;Brasil;irpf_dir_1961_totais;Cr$;Cr$ 1.000;Cr$ 1.000;;;Brasil. Ministerio da Fazenda. Divisao de Imposto de Renda. Relatorio do ano de 1961, apresentado ao Excelentissimo Senhor Ministro da Fazenda Nacional pelo Diretor da Divisao do Imposto de Renda. Rio de Janeiro: Ministerio da Fazenda, 1967.;;outputs/fontes-pedro-souza-irpf/relatorio_irpf_ano_1961_publicado_1967.pdf;50;46;Quadro XII;"Ano-calendario inferido como 1960 pela regra usual de exercicio do IR. Os totais de contribuintes, renda bruta, renda liquida, imposto complementar, imposto cedular, imposto total e abatimentos totais fecham com a linha TOTAL. Nas subcolunas de abatimentos, a soma das faixas fica abaixo dos totais publicados em 60 para esposas, 180 para dependentes e 8.910 para demais abatimentos (valores em Cr$ 1.000). Nas linhas F06 e F08, a soma dos subtipos tambem fica abaixo do total de abatimentos da propria faixa. O texto narrativo da pagina 16 inclui ainda o Adicional de Protecao a Familia, nao detalhado por faixa no Quadro XII; por isso o imposto narrativo total e maior que o imposto notificado total do quadro.";imposto_notificado_cedular_cr_mil_diferenca_total_menos_faixas;0;1000.000000;0.000000;186.468500;186.468500;unidade monetaria corrente por US$;1.000000;;3694;Taxa de cambio - Livre - Dolar americano (venda) - Media de periodo - anual;annual_period_average;https://api.bcb.gov.br/dados/serie/bcdata.sgs.3694/dados?formato=json&dataInicial=01%2F01%2F1943&dataFinal=31%2F12%2F2025;CPIAUCSL;Consumer Price Index for All Urban Consumers: All Items in U.S. City Average;seasonally_adjusted;29.585000;12;2026;331.279875;8;partial;11.197562;0.000000;0.000000;bcb_3694_cpiaucsl;partial_cpi_target_year;Converted from nominal domestic currency to nominal USD with the listed exchange rate, then to target-year USD with CPIAUCSL. Target-year CPI uses the months available so far.;strict_renda_liquida;national;renda liquida publicada em faixas compativeis
total;irpf_dir_1961_totais;irpf_dir_1961_totais.csv;total;1;1960;1961;Brasil;irpf_dir_1961_totais;Cr$;Cr$ 1.000;Cr$ 1.000;;;Brasil. Ministerio da Fazenda. Divisao de Imposto de Renda. Relatorio do ano de 1961, apresentado ao Excelentissimo Senhor Ministro da Fazenda Nacional pelo Diretor da Divisao do Imposto de Renda. Rio de Janeiro: Ministerio da Fazenda, 1967.;;outputs/fontes-pedro-souza-irpf/relatorio_irpf_ano_1961_publicado_1967.pdf;50;46;Quadro XII;"Ano-calendario inferido como 1960 pela regra usual de exercicio do IR. Os totais de contribuintes, renda bruta, renda liquida, imposto complementar, imposto cedular, imposto total e abatimentos totais fecham com a linha TOTAL. Nas subcolunas de abatimentos, a soma das faixas fica abaixo dos totais publicados em 60 para esposas, 180 para dependentes e 8.910 para demais abatimentos (valores em Cr$ 1.000). Nas linhas F06 e F08, a soma dos subtipos tambem fica abaixo do total de abatimentos da propria faixa. O texto narrativo da pagina 16 inclui ainda o Adicional de Protecao a Familia, nao detalhado por faixa no Quadro XII; por isso o imposto narrativo total e maior que o imposto notificado total do quadro.";imposto_notificado_total_cr_mil_total_publicado;9022936;1000.000000;9022936000.000000;186.468500;186.468500;unidade monetaria corrente por US$;1.000000;;3694;Taxa de cambio - Livre - Dolar americano (venda) - Media de periodo - anual;annual_period_average;https://api.bcb.gov.br/dados/serie/bcdata.sgs.3694/dados?formato=json&dataInicial=01%2F01%2F1943&dataFinal=31%2F12%2F2025;CPIAUCSL;Consumer Price Index for All Urban Consumers: All Items in U.S. City Average;seasonally_adjusted;29.585000;12;2026;331.279875;8;partial;11.197562;48388526.748486;541833528.354827;bcb_3694_cpiaucsl;partial_cpi_target_year;Converted from nominal domestic currency to nominal USD with the listed exchange rate, then to target-year USD with CPIAUCSL. Target-year CPI uses the months available so far.;strict_renda_liquida;national;renda liquida publicada em faixas compativeis
total;irpf_dir_1961_totais;irpf_dir_1961_totais.csv;total;1;1960;1961;Brasil;irpf_dir_1961_totais;Cr$;Cr$ 1.000;Cr$ 1.000;;;Brasil. Ministerio da Fazenda. Divisao de Imposto de Renda. Relatorio do ano de 1961, apresentado ao Excelentissimo Senhor Ministro da Fazenda Nacional pelo Diretor da Divisao do Imposto de Renda. Rio de Janeiro: Ministerio da Fazenda, 1967.;;outputs/fontes-pedro-souza-irpf/relatorio_irpf_ano_1961_publicado_1967.pdf;50;46;Quadro XII;"Ano-calendario inferido como 1960 pela regra usual de exercicio do IR. Os totais de contribuintes, renda bruta, renda liquida, imposto complementar, imposto cedular, imposto total e abatimentos totais fecham com a linha TOTAL. Nas subcolunas de abatimentos, a soma das faixas fica abaixo dos totais publicados em 60 para esposas, 180 para dependentes e 8.910 para demais abatimentos (valores em Cr$ 1.000). Nas linhas F06 e F08, a soma dos subtipos tambem fica abaixo do total de abatimentos da propria faixa. O texto narrativo da pagina 16 inclui ainda o Adicional de Protecao a Familia, nao detalhado por faixa no Quadro XII; por isso o imposto narrativo total e maior que o imposto notificado total do quadro.";imposto_notificado_total_cr_mil_soma_faixas;9022936;1000.000000;9022936000.000000;186.468500;186.468500;unidade monetaria corrente por US$;1.000000;;3694;Taxa de cambio - Livre - Dolar americano (venda) - Media de periodo - anual;annual_period_average;https://api.bcb.gov.br/dados/serie/bcdata.sgs.3694/dados?formato=json&dataInicial=01%2F01%2F1943&dataFinal=31%2F12%2F2025;CPIAUCSL;Consumer Price Index for All Urban Consumers: All Items in U.S. City Average;seasonally_adjusted;29.585000;12;2026;331.279875;8;partial;11.197562;48388526.748486;541833528.354827;bcb_3694_cpiaucsl;partial_cpi_target_year;Converted from nominal domestic currency to nominal USD with the listed exchange rate, then to target-year USD with CPIAUCSL. Target-year CPI uses the months available so far.;strict_renda_liquida;national;renda liquida publicada em faixas compativeis
total;irpf_dir_1961_totais;irpf_dir_1961_totais.csv;total;1;1960;1961;Brasil;irpf_dir_1961_totais;Cr$;Cr$ 1.000;Cr$ 1.000;;;Brasil. Ministerio da Fazenda. Divisao de Imposto de Renda. Relatorio do ano de 1961, apresentado ao Excelentissimo Senhor Ministro da Fazenda Nacional pelo Diretor da Divisao do Imposto de Renda. Rio de Janeiro: Ministerio da Fazenda, 1967.;;outputs/fontes-pedro-souza-irpf/relatorio_irpf_ano_1961_publicado_1967.pdf;50;46;Quadro XII;"Ano-calendario inferido como 1960 pela regra usual de exercicio do IR. Os totais de contribuintes, renda bruta, renda liquida, imposto complementar, imposto cedular, imposto total e abatimentos totais fecham com a linha TOTAL. Nas subcolunas de abatimentos, a soma das faixas fica abaixo dos totais publicados em 60 para esposas, 180 para dependentes e 8.910 para demais abatimentos (valores em Cr$ 1.000). Nas linhas F06 e F08, a soma dos subtipos tambem fica abaixo do total de abatimentos da propria faixa. O texto narrativo da pagina 16 inclui ainda o Adicional de Protecao a Familia, nao detalhado por faixa no Quadro XII; por isso o imposto narrativo total e maior que o imposto notificado total do quadro.";imposto_notificado_total_cr_mil_diferenca_total_menos_faixas;0;1000.000000;0.000000;186.468500;186.468500;unidade monetaria corrente por US$;1.000000;;3694;Taxa de cambio - Livre - Dolar americano (venda) - Media de periodo - anual;annual_period_average;https://api.bcb.gov.br/dados/serie/bcdata.sgs.3694/dados?formato=json&dataInicial=01%2F01%2F1943&dataFinal=31%2F12%2F2025;CPIAUCSL;Consumer Price Index for All Urban Consumers: All Items in U.S. City Average;seasonally_adjusted;29.585000;12;2026;331.279875;8;partial;11.197562;0.000000;0.000000;bcb_3694_cpiaucsl;partial_cpi_target_year;Converted from nominal domestic currency to nominal USD with the listed exchange rate, then to target-year USD with CPIAUCSL. Target-year CPI uses the months available so far.;strict_renda_liquida;national;renda liquida publicada em faixas compativeis
total;irpf_dir_1961_totais;irpf_dir_1961_totais.csv;total;1;1960;1961;Brasil;irpf_dir_1961_totais;Cr$;Cr$ 1.000;Cr$ 1.000;;;Brasil. Ministerio da Fazenda. Divisao de Imposto de Renda. Relatorio do ano de 1961, apresentado ao Excelentissimo Senhor Ministro da Fazenda Nacional pelo Diretor da Divisao do Imposto de Renda. Rio de Janeiro: Ministerio da Fazenda, 1967.;;outputs/fontes-pedro-souza-irpf/relatorio_irpf_ano_1961_publicado_1967.pdf;50;46;Quadro XII;"Ano-calendario inferido como 1960 pela regra usual de exercicio do IR. Os totais de contribuintes, renda bruta, renda liquida, imposto complementar, imposto cedular, imposto total e abatimentos totais fecham com a linha TOTAL. Nas subcolunas de abatimentos, a soma das faixas fica abaixo dos totais publicados em 60 para esposas, 180 para dependentes e 8.910 para demais abatimentos (valores em Cr$ 1.000). Nas linhas F06 e F08, a soma dos subtipos tambem fica abaixo do total de abatimentos da propria faixa. O texto narrativo da pagina 16 inclui ainda o Adicional de Protecao a Familia, nao detalhado por faixa no Quadro XII; por isso o imposto narrativo total e maior que o imposto notificado total do quadro.";abatimentos_esposas_cr_mil_total_publicado;9211680;1000.000000;9211680000.000000;186.468500;186.468500;unidade monetaria corrente por US$;1.000000;;3694;Taxa de cambio - Livre - Dolar americano (venda) - Media de periodo - anual;annual_period_average;https://api.bcb.gov.br/dados/serie/bcdata.sgs.3694/dados?formato=json&dataInicial=01%2F01%2F1943&dataFinal=31%2F12%2F2025;CPIAUCSL;Consumer Price Index for All Urban Consumers: All Items in U.S. City Average;seasonally_adjusted;29.585000;12;2026;331.279875;8;partial;11.197562;49400729.881991;553167735.698845;bcb_3694_cpiaucsl;partial_cpi_target_year;Converted from nominal domestic currency to nominal USD with the listed exchange rate, then to target-year USD with CPIAUCSL. Target-year CPI uses the months available so far.;strict_renda_liquida;national;renda liquida publicada em faixas compativeis
total;irpf_dir_1961_totais;irpf_dir_1961_totais.csv;total;1;1960;1961;Brasil;irpf_dir_1961_totais;Cr$;Cr$ 1.000;Cr$ 1.000;;;Brasil. Ministerio da Fazenda. Divisao de Imposto de Renda. Relatorio do ano de 1961, apresentado ao Excelentissimo Senhor Ministro da Fazenda Nacional pelo Diretor da Divisao do Imposto de Renda. Rio de Janeiro: Ministerio da Fazenda, 1967.;;outputs/fontes-pedro-souza-irpf/relatorio_irpf_ano_1961_publicado_1967.pdf;50;46;Quadro XII;"Ano-calendario inferido como 1960 pela regra usual de exercicio do IR. Os totais de contribuintes, renda bruta, renda liquida, imposto complementar, imposto cedular, imposto total e abatimentos totais fecham com a linha TOTAL. Nas subcolunas de abatimentos, a soma das faixas fica abaixo dos totais publicados em 60 para esposas, 180 para dependentes e 8.910 para demais abatimentos (valores em Cr$ 1.000). Nas linhas F06 e F08, a soma dos subtipos tambem fica abaixo do total de abatimentos da propria faixa. O texto narrativo da pagina 16 inclui ainda o Adicional de Protecao a Familia, nao detalhado por faixa no Quadro XII; por isso o imposto narrativo total e maior que o imposto notificado total do quadro.";abatimentos_esposas_cr_mil_soma_faixas;9211620;1000.000000;9211620000.000000;186.468500;186.468500;unidade monetaria corrente por US$;1.000000;;3694;Taxa de cambio - Livre - Dolar americano (venda) - Media de periodo - anual;annual_period_average;https://api.bcb.gov.br/dados/serie/bcdata.sgs.3694/dados?formato=json&dataInicial=01%2F01%2F1943&dataFinal=31%2F12%2F2025;CPIAUCSL;Consumer Price Index for All Urban Consumers: All Items in U.S. City Average;seasonally_adjusted;29.585000;12;2026;331.279875;8;partial;11.197562;49400408.111826;553164132.657473;bcb_3694_cpiaucsl;partial_cpi_target_year;Converted from nominal domestic currency to nominal USD with the listed exchange rate, then to target-year USD with CPIAUCSL. Target-year CPI uses the months available so far.;strict_renda_liquida;national;renda liquida publicada em faixas compativeis
total;irpf_dir_1961_totais;irpf_dir_1961_totais.csv;total;1;1960;1961;Brasil;irpf_dir_1961_totais;Cr$;Cr$ 1.000;Cr$ 1.000;;;Brasil. Ministerio da Fazenda. Divisao de Imposto de Renda. Relatorio do ano de 1961, apresentado ao Excelentissimo Senhor Ministro da Fazenda Nacional pelo Diretor da Divisao do Imposto de Renda. Rio de Janeiro: Ministerio da Fazenda, 1967.;;outputs/fontes-pedro-souza-irpf/relatorio_irpf_ano_1961_publicado_1967.pdf;50;46;Quadro XII;"Ano-calendario inferido como 1960 pela regra usual de exercicio do IR. Os totais de contribuintes, renda bruta, renda liquida, imposto complementar, imposto cedular, imposto total e abatimentos totais fecham com a linha TOTAL. Nas subcolunas de abatimentos, a soma das faixas fica abaixo dos totais publicados em 60 para esposas, 180 para dependentes e 8.910 para demais abatimentos (valores em Cr$ 1.000). Nas linhas F06 e F08, a soma dos subtipos tambem fica abaixo do total de abatimentos da propria faixa. O texto narrativo da pagina 16 inclui ainda o Adicional de Protecao a Familia, nao detalhado por faixa no Quadro XII; por isso o imposto narrativo total e maior que o imposto notificado total do quadro.";abatimentos_esposas_cr_mil_diferenca_total_menos_faixas;60;1000.000000;60000.000000;186.468500;186.468500;unidade monetaria corrente por US$;1.000000;;3694;Taxa de cambio - Livre - Dolar americano (venda) - Media de periodo - anual;annual_period_average;https://api.bcb.gov.br/dados/serie/bcdata.sgs.3694/dados?formato=json&dataInicial=01%2F01%2F1943&dataFinal=31%2F12%2F2025;CPIAUCSL;Consumer Price Index for All Urban Consumers: All Items in U.S. City Average;seasonally_adjusted;29.585000;12;2026;331.279875;8;partial;11.197562;321.770165;3603.041372;bcb_3694_cpiaucsl;partial_cpi_target_year;Converted from nominal domestic currency to nominal USD with the listed exchange rate, then to target-year USD with CPIAUCSL. Target-year CPI uses the months available so far.;strict_renda_liquida;national;renda liquida publicada em faixas compativeis
total;irpf_dir_1961_totais;irpf_dir_1961_totais.csv;total;1;1960;1961;Brasil;irpf_dir_1961_totais;Cr$;Cr$ 1.000;Cr$ 1.000;;;Brasil. Ministerio da Fazenda. Divisao de Imposto de Renda. Relatorio do ano de 1961, apresentado ao Excelentissimo Senhor Ministro da Fazenda Nacional pelo Diretor da Divisao do Imposto de Renda. Rio de Janeiro: Ministerio da Fazenda, 1967.;;outputs/fontes-pedro-souza-irpf/relatorio_irpf_ano_1961_publicado_1967.pdf;50;46;Quadro XII;"Ano-calendario inferido como 1960 pela regra usual de exercicio do IR. Os totais de contribuintes, renda bruta, renda liquida, imposto complementar, imposto cedular, imposto total e abatimentos totais fecham com a linha TOTAL. Nas subcolunas de abatimentos, a soma das faixas fica abaixo dos totais publicados em 60 para esposas, 180 para dependentes e 8.910 para demais abatimentos (valores em Cr$ 1.000). Nas linhas F06 e F08, a soma dos subtipos tambem fica abaixo do total de abatimentos da propria faixa. O texto narrativo da pagina 16 inclui ainda o Adicional de Protecao a Familia, nao detalhado por faixa no Quadro XII; por isso o imposto narrativo total e maior que o imposto notificado total do quadro.";demais_abatimentos_cr_mil_total_publicado;10996594;1000.000000;10996594000.000000;186.468500;186.468500;unidade monetaria corrente por US$;1.000000;;3694;Taxa de cambio - Livre - Dolar americano (venda) - Media de periodo - anual;annual_period_average;https://api.bcb.gov.br/dados/serie/bcdata.sgs.3694/dados?formato=json&dataInicial=01%2F01%2F1943&dataFinal=31%2F12%2F2025;CPIAUCSL;Consumer Price Index for All Urban Consumers: All Items in U.S. City Average;seasonally_adjusted;29.585000;12;2026;331.279875;8;partial;11.197562;58972931.084875;660353052.144614;bcb_3694_cpiaucsl;partial_cpi_target_year;Converted from nominal domestic currency to nominal USD with the listed exchange rate, then to target-year USD with CPIAUCSL. Target-year CPI uses the months available so far.;strict_renda_liquida;national;renda liquida publicada em faixas compativeis
total;irpf_dir_1961_totais;irpf_dir_1961_totais.csv;total;1;1960;1961;Brasil;irpf_dir_1961_totais;Cr$;Cr$ 1.000;Cr$ 1.000;;;Brasil. Ministerio da Fazenda. Divisao de Imposto de Renda. Relatorio do ano de 1961, apresentado ao Excelentissimo Senhor Ministro da Fazenda Nacional pelo Diretor da Divisao do Imposto de Renda. Rio de Janeiro: Ministerio da Fazenda, 1967.;;outputs/fontes-pedro-souza-irpf/relatorio_irpf_ano_1961_publicado_1967.pdf;50;46;Quadro XII;"Ano-calendario inferido como 1960 pela regra usual de exercicio do IR. Os totais de contribuintes, renda bruta, renda liquida, imposto complementar, imposto cedular, imposto total e abatimentos totais fecham com a linha TOTAL. Nas subcolunas de abatimentos, a soma das faixas fica abaixo dos totais publicados em 60 para esposas, 180 para dependentes e 8.910 para demais abatimentos (valores em Cr$ 1.000). Nas linhas F06 e F08, a soma dos subtipos tambem fica abaixo do total de abatimentos da propria faixa. O texto narrativo da pagina 16 inclui ainda o Adicional de Protecao a Familia, nao detalhado por faixa no Quadro XII; por isso o imposto narrativo total e maior que o imposto notificado total do quadro.";demais_abatimentos_cr_mil_soma_faixas;10987684;1000.000000;10987684000.000000;186.468500;186.468500;unidade monetaria corrente por US$;1.000000;;3694;Taxa de cambio - Livre - Dolar americano (venda) - Media de periodo - anual;annual_period_average;https://api.bcb.gov.br/dados/serie/bcdata.sgs.3694/dados?formato=json&dataInicial=01%2F01%2F1943&dataFinal=31%2F12%2F2025;CPIAUCSL;Consumer Price Index for All Urban Consumers: All Items in U.S. City Average;seasonally_adjusted;29.585000;12;2026;331.279875;8;partial;11.197562;58925148.215382;659818000.500932;bcb_3694_cpiaucsl;partial_cpi_target_year;Converted from nominal domestic currency to nominal USD with the listed exchange rate, then to target-year USD with CPIAUCSL. Target-year CPI uses the months available so far.;strict_renda_liquida;national;renda liquida publicada em faixas compativeis
total;irpf_dir_1961_totais;irpf_dir_1961_totais.csv;total;1;1960;1961;Brasil;irpf_dir_1961_totais;Cr$;Cr$ 1.000;Cr$ 1.000;;;Brasil. Ministerio da Fazenda. Divisao de Imposto de Renda. Relatorio do ano de 1961, apresentado ao Excelentissimo Senhor Ministro da Fazenda Nacional pelo Diretor da Divisao do Imposto de Renda. Rio de Janeiro: Ministerio da Fazenda, 1967.;;outputs/fontes-pedro-souza-irpf/relatorio_irpf_ano_1961_publicado_1967.pdf;50;46;Quadro XII;"Ano-calendario inferido como 1960 pela regra usual de exercicio do IR. Os totais de contribuintes, renda bruta, renda liquida, imposto complementar, imposto cedular, imposto total e abatimentos totais fecham com a linha TOTAL. Nas subcolunas de abatimentos, a soma das faixas fica abaixo dos totais publicados em 60 para esposas, 180 para dependentes e 8.910 para demais abatimentos (valores em Cr$ 1.000). Nas linhas F06 e F08, a soma dos subtipos tambem fica abaixo do total de abatimentos da propria faixa. O texto narrativo da pagina 16 inclui ainda o Adicional de Protecao a Familia, nao detalhado por faixa no Quadro XII; por isso o imposto narrativo total e maior que o imposto notificado total do quadro.";demais_abatimentos_cr_mil_diferenca_total_menos_faixas;8910;1000.000000;8910000.000000;186.468500;186.468500;unidade monetaria corrente por US$;1.000000;;3694;Taxa de cambio - Livre - Dolar americano (venda) - Media de periodo - anual;annual_period_average;https://api.bcb.gov.br/dados/serie/bcdata.sgs.3694/dados?formato=json&dataInicial=01%2F01%2F1943&dataFinal=31%2F12%2F2025;CPIAUCSL;Consumer Price Index for All Urban Consumers: All Items in U.S. City Average;seasonally_adjusted;29.585000;12;2026;331.279875;8;partial;11.197562;47782.869493;535051.643682;bcb_3694_cpiaucsl;partial_cpi_target_year;Converted from nominal domestic currency to nominal USD with the listed exchange rate, then to target-year USD with CPIAUCSL. Target-year CPI uses the months available so far.;strict_renda_liquida;national;renda liquida publicada em faixas compativeis
total;irpf_dir_1961_totais;irpf_dir_1961_totais.csv;total;1;1960;1961;Brasil;irpf_dir_1961_totais;Cr$;Cr$ 1.000;Cr$ 1.000;;;Brasil. Ministerio da Fazenda. Divisao de Imposto de Renda. Relatorio do ano de 1961, apresentado ao Excelentissimo Senhor Ministro da Fazenda Nacional pelo Diretor da Divisao do Imposto de Renda. Rio de Janeiro: Ministerio da Fazenda, 1967.;;outputs/fontes-pedro-souza-irpf/relatorio_irpf_ano_1961_publicado_1967.pdf;50;46;Quadro XII;"Ano-calendario inferido como 1960 pela regra usual de exercicio do IR. Os totais de contribuintes, renda bruta, renda liquida, imposto complementar, imposto cedular, imposto total e abatimentos totais fecham com a linha TOTAL. Nas subcolunas de abatimentos, a soma das faixas fica abaixo dos totais publicados em 60 para esposas, 180 para dependentes e 8.910 para demais abatimentos (valores em Cr$ 1.000). Nas linhas F06 e F08, a soma dos subtipos tambem fica abaixo do total de abatimentos da propria faixa. O texto narrativo da pagina 16 inclui ainda o Adicional de Protecao a Familia, nao detalhado por faixa no Quadro XII; por isso o imposto narrativo total e maior que o imposto notificado total do quadro.";abatimentos_total_cr_mil_total_publicado;28911004;1000.000000;28911004000.000000;186.468500;186.468500;unidade monetaria corrente por US$;1.000000;;3694;Taxa de cambio - Livre - Dolar americano (venda) - Media de periodo - anual;annual_period_average;https://api.bcb.gov.br/dados/serie/bcdata.sgs.3694/dados?formato=json&dataInicial=01%2F01%2F1943&dataFinal=31%2F12%2F2025;CPIAUCSL;Consumer Price Index for All Urban Consumers: All Items in U.S. City Average;seasonally_adjusted;29.585000;12;2026;331.279875;8;partial;11.197562;155044975.424804;1736125725.107715;bcb_3694_cpiaucsl;partial_cpi_target_year;Converted from nominal domestic currency to nominal USD with the listed exchange rate, then to target-year USD with CPIAUCSL. Target-year CPI uses the months available so far.;strict_renda_liquida;national;renda liquida publicada em faixas compativeis
total;irpf_dir_1961_totais;irpf_dir_1961_totais.csv;total;1;1960;1961;Brasil;irpf_dir_1961_totais;Cr$;Cr$ 1.000;Cr$ 1.000;;;Brasil. Ministerio da Fazenda. Divisao de Imposto de Renda. Relatorio do ano de 1961, apresentado ao Excelentissimo Senhor Ministro da Fazenda Nacional pelo Diretor da Divisao do Imposto de Renda. Rio de Janeiro: Ministerio da Fazenda, 1967.;;outputs/fontes-pedro-souza-irpf/relatorio_irpf_ano_1961_publicado_1967.pdf;50;46;Quadro XII;"Ano-calendario inferido como 1960 pela regra usual de exercicio do IR. Os totais de contribuintes, renda bruta, renda liquida, imposto complementar, imposto cedular, imposto total e abatimentos totais fecham com a linha TOTAL. Nas subcolunas de abatimentos, a soma das faixas fica abaixo dos totais publicados em 60 para esposas, 180 para dependentes e 8.910 para demais abatimentos (valores em Cr$ 1.000). Nas linhas F06 e F08, a soma dos subtipos tambem fica abaixo do total de abatimentos da propria faixa. O texto narrativo da pagina 16 inclui ainda o Adicional de Protecao a Familia, nao detalhado por faixa no Quadro XII; por isso o imposto narrativo total e maior que o imposto notificado total do quadro.";abatimentos_total_cr_mil_soma_faixas;28911004;1000.000000;28911004000.000000;186.468500;186.468500;unidade monetaria corrente por US$;1.000000;;3694;Taxa de cambio - Livre - Dolar americano (venda) - Media de periodo - anual;annual_period_average;https://api.bcb.gov.br/dados/serie/bcdata.sgs.3694/dados?formato=json&dataInicial=01%2F01%2F1943&dataFinal=31%2F12%2F2025;CPIAUCSL;Consumer Price Index for All Urban Consumers: All Items in U.S. City Average;seasonally_adjusted;29.585000;12;2026;331.279875;8;partial;11.197562;155044975.424804;1736125725.107715;bcb_3694_cpiaucsl;partial_cpi_target_year;Converted from nominal domestic currency to nominal USD with the listed exchange rate, then to target-year USD with CPIAUCSL. Target-year CPI uses the months available so far.;strict_renda_liquida;national;renda liquida publicada em faixas compativeis
total;irpf_dir_1961_totais;irpf_dir_1961_totais.csv;total;1;1960;1961;Brasil;irpf_dir_1961_totais;Cr$;Cr$ 1.000;Cr$ 1.000;;;Brasil. Ministerio da Fazenda. Divisao de Imposto de Renda. Relatorio do ano de 1961, apresentado ao Excelentissimo Senhor Ministro da Fazenda Nacional pelo Diretor da Divisao do Imposto de Renda. Rio de Janeiro: Ministerio da Fazenda, 1967.;;outputs/fontes-pedro-souza-irpf/relatorio_irpf_ano_1961_publicado_1967.pdf;50;46;Quadro XII;"Ano-calendario inferido como 1960 pela regra usual de exercicio do IR. Os totais de contribuintes, renda bruta, renda liquida, imposto complementar, imposto cedular, imposto total e abatimentos totais fecham com a linha TOTAL. Nas subcolunas de abatimentos, a soma das faixas fica abaixo dos totais publicados em 60 para esposas, 180 para dependentes e 8.910 para demais abatimentos (valores em Cr$ 1.000). Nas linhas F06 e F08, a soma dos subtipos tambem fica abaixo do total de abatimentos da propria faixa. O texto narrativo da pagina 16 inclui ainda o Adicional de Protecao a Familia, nao detalhado por faixa no Quadro XII; por isso o imposto narrativo total e maior que o imposto notificado total do quadro.";abatimentos_total_cr_mil_diferenca_total_menos_faixas;0;1000.000000;0.000000;186.468500;186.468500;unidade monetaria corrente por US$;1.000000;;3694;Taxa de cambio - Livre - Dolar americano (venda) - Media de periodo - anual;annual_period_average;https://api.bcb.gov.br/dados/serie/bcdata.sgs.3694/dados?formato=json&dataInicial=01%2F01%2F1943&dataFinal=31%2F12%2F2025;CPIAUCSL;Consumer Price Index for All Urban Consumers: All Items in U.S. City Average;seasonally_adjusted;29.585000;12;2026;331.279875;8;partial;11.197562;0.000000;0.000000;bcb_3694_cpiaucsl;partial_cpi_target_year;Converted from nominal domestic currency to nominal USD with the listed exchange rate, then to target-year USD with CPIAUCSL. Target-year CPI uses the months available so far.;strict_renda_liquida;national;renda liquida publicada em faixas compativeis
total;irpf_dir_1964_totais;irpf_dir_1964_totais.csv;total;1;1963;1964;Brasil;irpf_dir_1964_totais;Cr$;Cr$ 1.000;Cr$ 1.000;;;Brasil. Ministerio da Fazenda. Divisao de Imposto de Renda. Relatorio das atividades do exercicio ano de 1964. Rio de Janeiro: Imprensa Nacional, 1964.;;outputs/fontes-pedro-souza-irpf/relatorio_irpf_ano_1964.pdf;;;Tabelas sem numero das paginas 71 e 77;"Ano-calendario inferido como 1963 pela regra usual de exercicio do IR; confirmar antes da emenda definitiva com a serie. A fonte de 1964 separa a informacao em duas tabelas: pagina 71 para renda/imposto e pagina 77 para contribuintes/dependentes. Todos os totais publicados fecham com as somas por faixa.";renda_bruta_cr_mil_total_publicado;924341030;1000.000000;924341030000.000000;575.000000;575.000000;unidade monetaria corrente por US$;1.000000;;3694;Taxa de cambio - Livre - Dolar americano (venda) - Media de periodo - anual;annual_period_average;https://api.bcb.gov.br/dados/serie/bcdata.sgs.3694/dados?formato=json&dataInicial=01%2F01%2F1943&dataFinal=31%2F12%2F2025;CPIAUCSL;Consumer Price Index for All Urban Consumers: All Items in U.S. City Average;seasonally_adjusted;30.633333;12;2026;331.279875;8;partial;10.814359;1607549617.391304;17384618672.782209;bcb_3694_cpiaucsl;partial_cpi_target_year;Converted from nominal domestic currency to nominal USD with the listed exchange rate, then to target-year USD with CPIAUCSL. Target-year CPI uses the months available so far.;strict_renda_liquida;national;renda liquida publicada em faixas compativeis
total;irpf_dir_1964_totais;irpf_dir_1964_totais.csv;total;1;1963;1964;Brasil;irpf_dir_1964_totais;Cr$;Cr$ 1.000;Cr$ 1.000;;;Brasil. Ministerio da Fazenda. Divisao de Imposto de Renda. Relatorio das atividades do exercicio ano de 1964. Rio de Janeiro: Imprensa Nacional, 1964.;;outputs/fontes-pedro-souza-irpf/relatorio_irpf_ano_1964.pdf;;;Tabelas sem numero das paginas 71 e 77;"Ano-calendario inferido como 1963 pela regra usual de exercicio do IR; confirmar antes da emenda definitiva com a serie. A fonte de 1964 separa a informacao em duas tabelas: pagina 71 para renda/imposto e pagina 77 para contribuintes/dependentes. Todos os totais publicados fecham com as somas por faixa.";renda_bruta_cr_mil_soma_faixas;924341030;1000.000000;924341030000.000000;575.000000;575.000000;unidade monetaria corrente por US$;1.000000;;3694;Taxa de cambio - Livre - Dolar americano (venda) - Media de periodo - anual;annual_period_average;https://api.bcb.gov.br/dados/serie/bcdata.sgs.3694/dados?formato=json&dataInicial=01%2F01%2F1943&dataFinal=31%2F12%2F2025;CPIAUCSL;Consumer Price Index for All Urban Consumers: All Items in U.S. City Average;seasonally_adjusted;30.633333;12;2026;331.279875;8;partial;10.814359;1607549617.391304;17384618672.782209;bcb_3694_cpiaucsl;partial_cpi_target_year;Converted from nominal domestic currency to nominal USD with the listed exchange rate, then to target-year USD with CPIAUCSL. Target-year CPI uses the months available so far.;strict_renda_liquida;national;renda liquida publicada em faixas compativeis
total;irpf_dir_1964_totais;irpf_dir_1964_totais.csv;total;1;1963;1964;Brasil;irpf_dir_1964_totais;Cr$;Cr$ 1.000;Cr$ 1.000;;;Brasil. Ministerio da Fazenda. Divisao de Imposto de Renda. Relatorio das atividades do exercicio ano de 1964. Rio de Janeiro: Imprensa Nacional, 1964.;;outputs/fontes-pedro-souza-irpf/relatorio_irpf_ano_1964.pdf;;;Tabelas sem numero das paginas 71 e 77;"Ano-calendario inferido como 1963 pela regra usual de exercicio do IR; confirmar antes da emenda definitiva com a serie. A fonte de 1964 separa a informacao em duas tabelas: pagina 71 para renda/imposto e pagina 77 para contribuintes/dependentes. Todos os totais publicados fecham com as somas por faixa.";renda_bruta_cr_mil_diferenca_total_menos_faixas;0;1000.000000;0.000000;575.000000;575.000000;unidade monetaria corrente por US$;1.000000;;3694;Taxa de cambio - Livre - Dolar americano (venda) - Media de periodo - anual;annual_period_average;https://api.bcb.gov.br/dados/serie/bcdata.sgs.3694/dados?formato=json&dataInicial=01%2F01%2F1943&dataFinal=31%2F12%2F2025;CPIAUCSL;Consumer Price Index for All Urban Consumers: All Items in U.S. City Average;seasonally_adjusted;30.633333;12;2026;331.279875;8;partial;10.814359;0.000000;0.000000;bcb_3694_cpiaucsl;partial_cpi_target_year;Converted from nominal domestic currency to nominal USD with the listed exchange rate, then to target-year USD with CPIAUCSL. Target-year CPI uses the months available so far.;strict_renda_liquida;national;renda liquida publicada em faixas compativeis
total;irpf_dir_1964_totais;irpf_dir_1964_totais.csv;total;1;1963;1964;Brasil;irpf_dir_1964_totais;Cr$;Cr$ 1.000;Cr$ 1.000;;;Brasil. Ministerio da Fazenda. Divisao de Imposto de Renda. Relatorio das atividades do exercicio ano de 1964. Rio de Janeiro: Imprensa Nacional, 1964.;;outputs/fontes-pedro-souza-irpf/relatorio_irpf_ano_1964.pdf;;;Tabelas sem numero das paginas 71 e 77;"Ano-calendario inferido como 1963 pela regra usual de exercicio do IR; confirmar antes da emenda definitiva com a serie. A fonte de 1964 separa a informacao em duas tabelas: pagina 71 para renda/imposto e pagina 77 para contribuintes/dependentes. Todos os totais publicados fecham com as somas por faixa.";renda_liquida_cr_mil_total_publicado;641817954;1000.000000;641817954000.000000;575.000000;575.000000;unidade monetaria corrente por US$;1.000000;;3694;Taxa de cambio - Livre - Dolar americano (venda) - Media de periodo - anual;annual_period_average;https://api.bcb.gov.br/dados/serie/bcdata.sgs.3694/dados?formato=json&dataInicial=01%2F01%2F1943&dataFinal=31%2F12%2F2025;CPIAUCSL;Consumer Price Index for All Urban Consumers: All Items in U.S. City Average;seasonally_adjusted;30.633333;12;2026;331.279875;8;partial;10.814359;1116205137.391304;12071043073.393889;bcb_3694_cpiaucsl;partial_cpi_target_year;Converted from nominal domestic currency to nominal USD with the listed exchange rate, then to target-year USD with CPIAUCSL. Target-year CPI uses the months available so far.;strict_renda_liquida;national;renda liquida publicada em faixas compativeis
total;irpf_dir_1964_totais;irpf_dir_1964_totais.csv;total;1;1963;1964;Brasil;irpf_dir_1964_totais;Cr$;Cr$ 1.000;Cr$ 1.000;;;Brasil. Ministerio da Fazenda. Divisao de Imposto de Renda. Relatorio das atividades do exercicio ano de 1964. Rio de Janeiro: Imprensa Nacional, 1964.;;outputs/fontes-pedro-souza-irpf/relatorio_irpf_ano_1964.pdf;;;Tabelas sem numero das paginas 71 e 77;"Ano-calendario inferido como 1963 pela regra usual de exercicio do IR; confirmar antes da emenda definitiva com a serie. A fonte de 1964 separa a informacao em duas tabelas: pagina 71 para renda/imposto e pagina 77 para contribuintes/dependentes. Todos os totais publicados fecham com as somas por faixa.";renda_liquida_cr_mil_soma_faixas;641817954;1000.000000;641817954000.000000;575.000000;575.000000;unidade monetaria corrente por US$;1.000000;;3694;Taxa de cambio - Livre - Dolar americano (venda) - Media de periodo - anual;annual_period_average;https://api.bcb.gov.br/dados/serie/bcdata.sgs.3694/dados?formato=json&dataInicial=01%2F01%2F1943&dataFinal=31%2F12%2F2025;CPIAUCSL;Consumer Price Index for All Urban Consumers: All Items in U.S. City Average;seasonally_adjusted;30.633333;12;2026;331.279875;8;partial;10.814359;1116205137.391304;12071043073.393889;bcb_3694_cpiaucsl;partial_cpi_target_year;Converted from nominal domestic currency to nominal USD with the listed exchange rate, then to target-year USD with CPIAUCSL. Target-year CPI uses the months available so far.;strict_renda_liquida;national;renda liquida publicada em faixas compativeis
total;irpf_dir_1964_totais;irpf_dir_1964_totais.csv;total;1;1963;1964;Brasil;irpf_dir_1964_totais;Cr$;Cr$ 1.000;Cr$ 1.000;;;Brasil. Ministerio da Fazenda. Divisao de Imposto de Renda. Relatorio das atividades do exercicio ano de 1964. Rio de Janeiro: Imprensa Nacional, 1964.;;outputs/fontes-pedro-souza-irpf/relatorio_irpf_ano_1964.pdf;;;Tabelas sem numero das paginas 71 e 77;"Ano-calendario inferido como 1963 pela regra usual de exercicio do IR; confirmar antes da emenda definitiva com a serie. A fonte de 1964 separa a informacao em duas tabelas: pagina 71 para renda/imposto e pagina 77 para contribuintes/dependentes. Todos os totais publicados fecham com as somas por faixa.";renda_liquida_cr_mil_diferenca_total_menos_faixas;0;1000.000000;0.000000;575.000000;575.000000;unidade monetaria corrente por US$;1.000000;;3694;Taxa de cambio - Livre - Dolar americano (venda) - Media de periodo - anual;annual_period_average;https://api.bcb.gov.br/dados/serie/bcdata.sgs.3694/dados?formato=json&dataInicial=01%2F01%2F1943&dataFinal=31%2F12%2F2025;CPIAUCSL;Consumer Price Index for All Urban Consumers: All Items in U.S. City Average;seasonally_adjusted;30.633333;12;2026;331.279875;8;partial;10.814359;0.000000;0.000000;bcb_3694_cpiaucsl;partial_cpi_target_year;Converted from nominal domestic currency to nominal USD with the listed exchange rate, then to target-year USD with CPIAUCSL. Target-year CPI uses the months available so far.;strict_renda_liquida;national;renda liquida publicada em faixas compativeis
total;irpf_dir_1964_totais;irpf_dir_1964_totais.csv;total;1;1963;1964;Brasil;irpf_dir_1964_totais;Cr$;Cr$ 1.000;Cr$ 1.000;;;Brasil. Ministerio da Fazenda. Divisao de Imposto de Renda. Relatorio das atividades do exercicio ano de 1964. Rio de Janeiro: Imprensa Nacional, 1964.;;outputs/fontes-pedro-souza-irpf/relatorio_irpf_ano_1964.pdf;;;Tabelas sem numero das paginas 71 e 77;"Ano-calendario inferido como 1963 pela regra usual de exercicio do IR; confirmar antes da emenda definitiva com a serie. A fonte de 1964 separa a informacao em duas tabelas: pagina 71 para renda/imposto e pagina 77 para contribuintes/dependentes. Todos os totais publicados fecham com as somas por faixa.";imposto_notificado_complementar_cr_mil_total_publicado;54898308;1000.000000;54898308000.000000;575.000000;575.000000;unidade monetaria corrente por US$;1.000000;;3694;Taxa de cambio - Livre - Dolar americano (venda) - Media de periodo - anual;annual_period_average;https://api.bcb.gov.br/dados/serie/bcdata.sgs.3694/dados?formato=json&dataInicial=01%2F01%2F1943&dataFinal=31%2F12%2F2025;CPIAUCSL;Consumer Price Index for All Urban Consumers: All Items in U.S. City Average;seasonally_adjusted;30.633333;12;2026;331.279875;8;partial;10.814359;95475318.260870;1032504367.312299;bcb_3694_cpiaucsl;partial_cpi_target_year;Converted from nominal domestic currency to nominal USD with the listed exchange rate, then to target-year USD with CPIAUCSL. Target-year CPI uses the months available so far.;strict_renda_liquida;national;renda liquida publicada em faixas compativeis
total;irpf_dir_1964_totais;irpf_dir_1964_totais.csv;total;1;1963;1964;Brasil;irpf_dir_1964_totais;Cr$;Cr$ 1.000;Cr$ 1.000;;;Brasil. Ministerio da Fazenda. Divisao de Imposto de Renda. Relatorio das atividades do exercicio ano de 1964. Rio de Janeiro: Imprensa Nacional, 1964.;;outputs/fontes-pedro-souza-irpf/relatorio_irpf_ano_1964.pdf;;;Tabelas sem numero das paginas 71 e 77;"Ano-calendario inferido como 1963 pela regra usual de exercicio do IR; confirmar antes da emenda definitiva com a serie. A fonte de 1964 separa a informacao em duas tabelas: pagina 71 para renda/imposto e pagina 77 para contribuintes/dependentes. Todos os totais publicados fecham com as somas por faixa.";imposto_notificado_complementar_cr_mil_soma_faixas;54898308;1000.000000;54898308000.000000;575.000000;575.000000;unidade monetaria corrente por US$;1.000000;;3694;Taxa de cambio - Livre - Dolar americano (venda) - Media de periodo - anual;annual_period_average;https://api.bcb.gov.br/dados/serie/bcdata.sgs.3694/dados?formato=json&dataInicial=01%2F01%2F1943&dataFinal=31%2F12%2F2025;CPIAUCSL;Consumer Price Index for All Urban Consumers: All Items in U.S. City Average;seasonally_adjusted;30.633333;12;2026;331.279875;8;partial;10.814359;95475318.260870;1032504367.312299;bcb_3694_cpiaucsl;partial_cpi_target_year;Converted from nominal domestic currency to nominal USD with the listed exchange rate, then to target-year USD with CPIAUCSL. Target-year CPI uses the months available so far.;strict_renda_liquida;national;renda liquida publicada em faixas compativeis
total;irpf_dir_1964_totais;irpf_dir_1964_totais.csv;total;1;1963;1964;Brasil;irpf_dir_1964_totais;Cr$;Cr$ 1.000;Cr$ 1.000;;;Brasil. Ministerio da Fazenda. Divisao de Imposto de Renda. Relatorio das atividades do exercicio ano de 1964. Rio de Janeiro: Imprensa Nacional, 1964.;;outputs/fontes-pedro-souza-irpf/relatorio_irpf_ano_1964.pdf;;;Tabelas sem numero das paginas 71 e 77;"Ano-calendario inferido como 1963 pela regra usual de exercicio do IR; confirmar antes da emenda definitiva com a serie. A fonte de 1964 separa a informacao em duas tabelas: pagina 71 para renda/imposto e pagina 77 para contribuintes/dependentes. Todos os totais publicados fecham com as somas por faixa.";imposto_notificado_complementar_cr_mil_diferenca_total_menos_faixas;0;1000.000000;0.000000;575.000000;575.000000;unidade monetaria corrente por US$;1.000000;;3694;Taxa de cambio - Livre - Dolar americano (venda) - Media de periodo - anual;annual_period_average;https://api.bcb.gov.br/dados/serie/bcdata.sgs.3694/dados?formato=json&dataInicial=01%2F01%2F1943&dataFinal=31%2F12%2F2025;CPIAUCSL;Consumer Price Index for All Urban Consumers: All Items in U.S. City Average;seasonally_adjusted;30.633333;12;2026;331.279875;8;partial;10.814359;0.000000;0.000000;bcb_3694_cpiaucsl;partial_cpi_target_year;Converted from nominal domestic currency to nominal USD with the listed exchange rate, then to target-year USD with CPIAUCSL. Target-year CPI uses the months available so far.;strict_renda_liquida;national;renda liquida publicada em faixas compativeis
total;irpf_dir_1964_totais;irpf_dir_1964_totais.csv;total;1;1963;1964;Brasil;irpf_dir_1964_totais;Cr$;Cr$ 1.000;Cr$ 1.000;;;Brasil. Ministerio da Fazenda. Divisao de Imposto de Renda. Relatorio das atividades do exercicio ano de 1964. Rio de Janeiro: Imprensa Nacional, 1964.;;outputs/fontes-pedro-souza-irpf/relatorio_irpf_ano_1964.pdf;;;Tabelas sem numero das paginas 71 e 77;"Ano-calendario inferido como 1963 pela regra usual de exercicio do IR; confirmar antes da emenda definitiva com a serie. A fonte de 1964 separa a informacao em duas tabelas: pagina 71 para renda/imposto e pagina 77 para contribuintes/dependentes. Todos os totais publicados fecham com as somas por faixa.";imposto_notificado_cedular_cr_mil_total_publicado;10607984;1000.000000;10607984000.000000;575.000000;575.000000;unidade monetaria corrente por US$;1.000000;;3694;Taxa de cambio - Livre - Dolar americano (venda) - Media de periodo - anual;annual_period_average;https://api.bcb.gov.br/dados/serie/bcdata.sgs.3694/dados?formato=json&dataInicial=01%2F01%2F1943&dataFinal=31%2F12%2F2025;CPIAUCSL;Consumer Price Index for All Urban Consumers: All Items in U.S. City Average;seasonally_adjusted;30.633333;12;2026;331.279875;8;partial;10.814359;18448667.826087;199510516.943054;bcb_3694_cpiaucsl;partial_cpi_target_year;Converted from nominal domestic currency to nominal USD with the listed exchange rate, then to target-year USD with CPIAUCSL. Target-year CPI uses the months available so far.;strict_renda_liquida;national;renda liquida publicada em faixas compativeis
total;irpf_dir_1964_totais;irpf_dir_1964_totais.csv;total;1;1963;1964;Brasil;irpf_dir_1964_totais;Cr$;Cr$ 1.000;Cr$ 1.000;;;Brasil. Ministerio da Fazenda. Divisao de Imposto de Renda. Relatorio das atividades do exercicio ano de 1964. Rio de Janeiro: Imprensa Nacional, 1964.;;outputs/fontes-pedro-souza-irpf/relatorio_irpf_ano_1964.pdf;;;Tabelas sem numero das paginas 71 e 77;"Ano-calendario inferido como 1963 pela regra usual de exercicio do IR; confirmar antes da emenda definitiva com a serie. A fonte de 1964 separa a informacao em duas tabelas: pagina 71 para renda/imposto e pagina 77 para contribuintes/dependentes. Todos os totais publicados fecham com as somas por faixa.";imposto_notificado_cedular_cr_mil_soma_faixas;10607984;1000.000000;10607984000.000000;575.000000;575.000000;unidade monetaria corrente por US$;1.000000;;3694;Taxa de cambio - Livre - Dolar americano (venda) - Media de periodo - anual;annual_period_average;https://api.bcb.gov.br/dados/serie/bcdata.sgs.3694/dados?formato=json&dataInicial=01%2F01%2F1943&dataFinal=31%2F12%2F2025;CPIAUCSL;Consumer Price Index for All Urban Consumers: All Items in U.S. City Average;seasonally_adjusted;30.633333;12;2026;331.279875;8;partial;10.814359;18448667.826087;199510516.943054;bcb_3694_cpiaucsl;partial_cpi_target_year;Converted from nominal domestic currency to nominal USD with the listed exchange rate, then to target-year USD with CPIAUCSL. Target-year CPI uses the months available so far.;strict_renda_liquida;national;renda liquida publicada em faixas compativeis
total;irpf_dir_1964_totais;irpf_dir_1964_totais.csv;total;1;1963;1964;Brasil;irpf_dir_1964_totais;Cr$;Cr$ 1.000;Cr$ 1.000;;;Brasil. Ministerio da Fazenda. Divisao de Imposto de Renda. Relatorio das atividades do exercicio ano de 1964. Rio de Janeiro: Imprensa Nacional, 1964.;;outputs/fontes-pedro-souza-irpf/relatorio_irpf_ano_1964.pdf;;;Tabelas sem numero das paginas 71 e 77;"Ano-calendario inferido como 1963 pela regra usual de exercicio do IR; confirmar antes da emenda definitiva com a serie. A fonte de 1964 separa a informacao em duas tabelas: pagina 71 para renda/imposto e pagina 77 para contribuintes/dependentes. Todos os totais publicados fecham com as somas por faixa.";imposto_notificado_cedular_cr_mil_diferenca_total_menos_faixas;0;1000.000000;0.000000;575.000000;575.000000;unidade monetaria corrente por US$;1.000000;;3694;Taxa de cambio - Livre - Dolar americano (venda) - Media de periodo - anual;annual_period_average;https://api.bcb.gov.br/dados/serie/bcdata.sgs.3694/dados?formato=json&dataInicial=01%2F01%2F1943&dataFinal=31%2F12%2F2025;CPIAUCSL;Consumer Price Index for All Urban Consumers: All Items in U.S. City Average;seasonally_adjusted;30.633333;12;2026;331.279875;8;partial;10.814359;0.000000;0.000000;bcb_3694_cpiaucsl;partial_cpi_target_year;Converted from nominal domestic currency to nominal USD with the listed exchange rate, then to target-year USD with CPIAUCSL. Target-year CPI uses the months available so far.;strict_renda_liquida;national;renda liquida publicada em faixas compativeis
total;irpf_dir_1964_totais;irpf_dir_1964_totais.csv;total;1;1963;1964;Brasil;irpf_dir_1964_totais;Cr$;Cr$ 1.000;Cr$ 1.000;;;Brasil. Ministerio da Fazenda. Divisao de Imposto de Renda. Relatorio das atividades do exercicio ano de 1964. Rio de Janeiro: Imprensa Nacional, 1964.;;outputs/fontes-pedro-souza-irpf/relatorio_irpf_ano_1964.pdf;;;Tabelas sem numero das paginas 71 e 77;"Ano-calendario inferido como 1963 pela regra usual de exercicio do IR; confirmar antes da emenda definitiva com a serie. A fonte de 1964 separa a informacao em duas tabelas: pagina 71 para renda/imposto e pagina 77 para contribuintes/dependentes. Todos os totais publicados fecham com as somas por faixa.";imposto_notificado_total_cr_mil_total_publicado;65506292;1000.000000;65506292000.000000;575.000000;575.000000;unidade monetaria corrente por US$;1.000000;;3694;Taxa de cambio - Livre - Dolar americano (venda) - Media de periodo - anual;annual_period_average;https://api.bcb.gov.br/dados/serie/bcdata.sgs.3694/dados?formato=json&dataInicial=01%2F01%2F1943&dataFinal=31%2F12%2F2025;CPIAUCSL;Consumer Price Index for All Urban Consumers: All Items in U.S. City Average;seasonally_adjusted;30.633333;12;2026;331.279875;8;partial;10.814359;113923986.086957;1232014884.255353;bcb_3694_cpiaucsl;partial_cpi_target_year;Converted from nominal domestic currency to nominal USD with the listed exchange rate, then to target-year USD with CPIAUCSL. Target-year CPI uses the months available so far.;strict_renda_liquida;national;renda liquida publicada em faixas compativeis
total;irpf_dir_1964_totais;irpf_dir_1964_totais.csv;total;1;1963;1964;Brasil;irpf_dir_1964_totais;Cr$;Cr$ 1.000;Cr$ 1.000;;;Brasil. Ministerio da Fazenda. Divisao de Imposto de Renda. Relatorio das atividades do exercicio ano de 1964. Rio de Janeiro: Imprensa Nacional, 1964.;;outputs/fontes-pedro-souza-irpf/relatorio_irpf_ano_1964.pdf;;;Tabelas sem numero das paginas 71 e 77;"Ano-calendario inferido como 1963 pela regra usual de exercicio do IR; confirmar antes da emenda definitiva com a serie. A fonte de 1964 separa a informacao em duas tabelas: pagina 71 para renda/imposto e pagina 77 para contribuintes/dependentes. Todos os totais publicados fecham com as somas por faixa.";imposto_notificado_total_cr_mil_soma_faixas;65506292;1000.000000;65506292000.000000;575.000000;575.000000;unidade monetaria corrente por US$;1.000000;;3694;Taxa de cambio - Livre - Dolar americano (venda) - Media de periodo - anual;annual_period_average;https://api.bcb.gov.br/dados/serie/bcdata.sgs.3694/dados?formato=json&dataInicial=01%2F01%2F1943&dataFinal=31%2F12%2F2025;CPIAUCSL;Consumer Price Index for All Urban Consumers: All Items in U.S. City Average;seasonally_adjusted;30.633333;12;2026;331.279875;8;partial;10.814359;113923986.086957;1232014884.255353;bcb_3694_cpiaucsl;partial_cpi_target_year;Converted from nominal domestic currency to nominal USD with the listed exchange rate, then to target-year USD with CPIAUCSL. Target-year CPI uses the months available so far.;strict_renda_liquida;national;renda liquida publicada em faixas compativeis
total;irpf_dir_1964_totais;irpf_dir_1964_totais.csv;total;1;1963;1964;Brasil;irpf_dir_1964_totais;Cr$;Cr$ 1.000;Cr$ 1.000;;;Brasil. Ministerio da Fazenda. Divisao de Imposto de Renda. Relatorio das atividades do exercicio ano de 1964. Rio de Janeiro: Imprensa Nacional, 1964.;;outputs/fontes-pedro-souza-irpf/relatorio_irpf_ano_1964.pdf;;;Tabelas sem numero das paginas 71 e 77;"Ano-calendario inferido como 1963 pela regra usual de exercicio do IR; confirmar antes da emenda definitiva com a serie. A fonte de 1964 separa a informacao em duas tabelas: pagina 71 para renda/imposto e pagina 77 para contribuintes/dependentes. Todos os totais publicados fecham com as somas por faixa.";imposto_notificado_total_cr_mil_diferenca_total_menos_faixas;0;1000.000000;0.000000;575.000000;575.000000;unidade monetaria corrente por US$;1.000000;;3694;Taxa de cambio - Livre - Dolar americano (venda) - Media de periodo - anual;annual_period_average;https://api.bcb.gov.br/dados/serie/bcdata.sgs.3694/dados?formato=json&dataInicial=01%2F01%2F1943&dataFinal=31%2F12%2F2025;CPIAUCSL;Consumer Price Index for All Urban Consumers: All Items in U.S. City Average;seasonally_adjusted;30.633333;12;2026;331.279875;8;partial;10.814359;0.000000;0.000000;bcb_3694_cpiaucsl;partial_cpi_target_year;Converted from nominal domestic currency to nominal USD with the listed exchange rate, then to target-year USD with CPIAUCSL. Target-year CPI uses the months available so far.;strict_renda_liquida;national;renda liquida publicada em faixas compativeis
total;irpf_dir_1964_totais;irpf_dir_1964_totais.csv;total;1;1963;1964;Brasil;irpf_dir_1964_totais;Cr$;Cr$ 1.000;Cr$ 1.000;;;Brasil. Ministerio da Fazenda. Divisao de Imposto de Renda. Relatorio das atividades do exercicio ano de 1964. Rio de Janeiro: Imprensa Nacional, 1964.;;outputs/fontes-pedro-souza-irpf/relatorio_irpf_ano_1964.pdf;;;Tabelas sem numero das paginas 71 e 77;"Ano-calendario inferido como 1963 pela regra usual de exercicio do IR; confirmar antes da emenda definitiva com a serie. A fonte de 1964 separa a informacao em duas tabelas: pagina 71 para renda/imposto e pagina 77 para contribuintes/dependentes. Todos os totais publicados fecham com as somas por faixa.";abatimentos_cr_mil_total_publicado;282523076;1000.000000;282523076000.000000;575.000000;575.000000;unidade monetaria corrente por US$;1.000000;;3694;Taxa de cambio - Livre - Dolar americano (venda) - Media de periodo - anual;annual_period_average;https://api.bcb.gov.br/dados/serie/bcdata.sgs.3694/dados?formato=json&dataInicial=01%2F01%2F1943&dataFinal=31%2F12%2F2025;CPIAUCSL;Consumer Price Index for All Urban Consumers: All Items in U.S. City Average;seasonally_adjusted;30.633333;12;2026;331.279875;8;partial;10.814359;491344480.000000;5313575599.388320;bcb_3694_cpiaucsl;partial_cpi_target_year;Converted from nominal domestic currency to nominal USD with the listed exchange rate, then to target-year USD with CPIAUCSL. Target-year CPI uses the months available so far.;strict_renda_liquida;national;renda liquida publicada em faixas compativeis
total;irpf_dir_1964_totais;irpf_dir_1964_totais.csv;total;1;1963;1964;Brasil;irpf_dir_1964_totais;Cr$;Cr$ 1.000;Cr$ 1.000;;;Brasil. Ministerio da Fazenda. Divisao de Imposto de Renda. Relatorio das atividades do exercicio ano de 1964. Rio de Janeiro: Imprensa Nacional, 1964.;;outputs/fontes-pedro-souza-irpf/relatorio_irpf_ano_1964.pdf;;;Tabelas sem numero das paginas 71 e 77;"Ano-calendario inferido como 1963 pela regra usual de exercicio do IR; confirmar antes da emenda definitiva com a serie. A fonte de 1964 separa a informacao em duas tabelas: pagina 71 para renda/imposto e pagina 77 para contribuintes/dependentes. Todos os totais publicados fecham com as somas por faixa.";abatimentos_cr_mil_soma_faixas;282523076;1000.000000;282523076000.000000;575.000000;575.000000;unidade monetaria corrente por US$;1.000000;;3694;Taxa de cambio - Livre - Dolar americano (venda) - Media de periodo - anual;annual_period_average;https://api.bcb.gov.br/dados/serie/bcdata.sgs.3694/dados?formato=json&dataInicial=01%2F01%2F1943&dataFinal=31%2F12%2F2025;CPIAUCSL;Consumer Price Index for All Urban Consumers: All Items in U.S. City Average;seasonally_adjusted;30.633333;12;2026;331.279875;8;partial;10.814359;491344480.000000;5313575599.388320;bcb_3694_cpiaucsl;partial_cpi_target_year;Converted from nominal domestic currency to nominal USD with the listed exchange rate, then to target-year USD with CPIAUCSL. Target-year CPI uses the months available so far.;strict_renda_liquida;national;renda liquida publicada em faixas compativeis
total;irpf_dir_1964_totais;irpf_dir_1964_totais.csv;total;1;1963;1964;Brasil;irpf_dir_1964_totais;Cr$;Cr$ 1.000;Cr$ 1.000;;;Brasil. Ministerio da Fazenda. Divisao de Imposto de Renda. Relatorio das atividades do exercicio ano de 1964. Rio de Janeiro: Imprensa Nacional, 1964.;;outputs/fontes-pedro-souza-irpf/relatorio_irpf_ano_1964.pdf;;;Tabelas sem numero das paginas 71 e 77;"Ano-calendario inferido como 1963 pela regra usual de exercicio do IR; confirmar antes da emenda definitiva com a serie. A fonte de 1964 separa a informacao em duas tabelas: pagina 71 para renda/imposto e pagina 77 para contribuintes/dependentes. Todos os totais publicados fecham com as somas por faixa.";abatimentos_cr_mil_diferenca_total_menos_faixas;0;1000.000000;0.000000;575.000000;575.000000;unidade monetaria corrente por US$;1.000000;;3694;Taxa de cambio - Livre - Dolar americano (venda) - Media de periodo - anual;annual_period_average;https://api.bcb.gov.br/dados/serie/bcdata.sgs.3694/dados?formato=json&dataInicial=01%2F01%2F1943&dataFinal=31%2F12%2F2025;CPIAUCSL;Consumer Price Index for All Urban Consumers: All Items in U.S. City Average;seasonally_adjusted;30.633333;12;2026;331.279875;8;partial;10.814359;0.000000;0.000000;bcb_3694_cpiaucsl;partial_cpi_target_year;Converted from nominal domestic currency to nominal USD with the listed exchange rate, then to target-year USD with CPIAUCSL. Target-year CPI uses the months available so far.;strict_renda_liquida;national;renda liquida publicada em faixas compativeis
total;irpf_dir_1965_totais;irpf_dir_1965_totais.csv;total;1;1964;1965;Brasil;irpf_dir_1965_totais;Cr$;Cr$ 1.000;Cr$ 1.000;;;Brasil. Ministerio da Fazenda. Departamento do Imposto de Renda. Relatorio das atividades do ano de 1965, apresentado ao Excelentissimo Senhor Diretor-Geral da Fazenda Nacional pelo Diretor do Departamento do Imposto de Renda, Sr. Orlando Travancas. Rio de Janeiro: Departamento de Imprensa Nacional, 1969.;;outputs/fontes-pedro-souza-irpf/relatorio_irpf_ano_1965_publicado_1969.pdf;57;53;Quadro IV;"Ano-calendario inferido como 1964 pela regra usual de exercicio do IR; confirmar antes da emenda definitiva com a serie. Os totais de coluna fecham com a linha TOTAL. Em duas faixas, a soma das subcategorias de contribuintes difere do total da propria faixa: F03 tem diferenca +100 e F07 tem diferenca -100; no agregado, as diferencas se cancelam.";renda_bruta_cr_mil_total_publicado;963066840;1000.000000;963066840000.000000;1253.000000;1253.000000;unidade monetaria corrente por US$;1.000000;;3694;Taxa de cambio - Livre - Dolar americano (venda) - Media de periodo - anual;annual_period_average;https://api.bcb.gov.br/dados/serie/bcdata.sgs.3694/dados?formato=json&dataInicial=01%2F01%2F1943&dataFinal=31%2F12%2F2025;CPIAUCSL;Consumer Price Index for All Urban Consumers: All Items in U.S. City Average;seasonally_adjusted;31.038333;12;2026;331.279875;8;partial;10.673249;768608810.853951;8203553221.838117;bcb_3694_cpiaucsl;partial_cpi_target_year;Converted from nominal domestic currency to nominal USD with the listed exchange rate, then to target-year USD with CPIAUCSL. Target-year CPI uses the months available so far.;strict_renda_liquida;national;renda liquida publicada em faixas compativeis
total;irpf_dir_1965_totais;irpf_dir_1965_totais.csv;total;1;1964;1965;Brasil;irpf_dir_1965_totais;Cr$;Cr$ 1.000;Cr$ 1.000;;;Brasil. Ministerio da Fazenda. Departamento do Imposto de Renda. Relatorio das atividades do ano de 1965, apresentado ao Excelentissimo Senhor Diretor-Geral da Fazenda Nacional pelo Diretor do Departamento do Imposto de Renda, Sr. Orlando Travancas. Rio de Janeiro: Departamento de Imprensa Nacional, 1969.;;outputs/fontes-pedro-souza-irpf/relatorio_irpf_ano_1965_publicado_1969.pdf;57;53;Quadro IV;"Ano-calendario inferido como 1964 pela regra usual de exercicio do IR; confirmar antes da emenda definitiva com a serie. Os totais de coluna fecham com a linha TOTAL. Em duas faixas, a soma das subcategorias de contribuintes difere do total da propria faixa: F03 tem diferenca +100 e F07 tem diferenca -100; no agregado, as diferencas se cancelam.";renda_bruta_cr_mil_soma_faixas;963066840;1000.000000;963066840000.000000;1253.000000;1253.000000;unidade monetaria corrente por US$;1.000000;;3694;Taxa de cambio - Livre - Dolar americano (venda) - Media de periodo - anual;annual_period_average;https://api.bcb.gov.br/dados/serie/bcdata.sgs.3694/dados?formato=json&dataInicial=01%2F01%2F1943&dataFinal=31%2F12%2F2025;CPIAUCSL;Consumer Price Index for All Urban Consumers: All Items in U.S. City Average;seasonally_adjusted;31.038333;12;2026;331.279875;8;partial;10.673249;768608810.853951;8203553221.838117;bcb_3694_cpiaucsl;partial_cpi_target_year;Converted from nominal domestic currency to nominal USD with the listed exchange rate, then to target-year USD with CPIAUCSL. Target-year CPI uses the months available so far.;strict_renda_liquida;national;renda liquida publicada em faixas compativeis
total;irpf_dir_1965_totais;irpf_dir_1965_totais.csv;total;1;1964;1965;Brasil;irpf_dir_1965_totais;Cr$;Cr$ 1.000;Cr$ 1.000;;;Brasil. Ministerio da Fazenda. Departamento do Imposto de Renda. Relatorio das atividades do ano de 1965, apresentado ao Excelentissimo Senhor Diretor-Geral da Fazenda Nacional pelo Diretor do Departamento do Imposto de Renda, Sr. Orlando Travancas. Rio de Janeiro: Departamento de Imprensa Nacional, 1969.;;outputs/fontes-pedro-souza-irpf/relatorio_irpf_ano_1965_publicado_1969.pdf;57;53;Quadro IV;"Ano-calendario inferido como 1964 pela regra usual de exercicio do IR; confirmar antes da emenda definitiva com a serie. Os totais de coluna fecham com a linha TOTAL. Em duas faixas, a soma das subcategorias de contribuintes difere do total da propria faixa: F03 tem diferenca +100 e F07 tem diferenca -100; no agregado, as diferencas se cancelam.";renda_bruta_cr_mil_diferenca_total_menos_faixas;0;1000.000000;0.000000;1253.000000;1253.000000;unidade monetaria corrente por US$;1.000000;;3694;Taxa de cambio - Livre - Dolar americano (venda) - Media de periodo - anual;annual_period_average;https://api.bcb.gov.br/dados/serie/bcdata.sgs.3694/dados?formato=json&dataInicial=01%2F01%2F1943&dataFinal=31%2F12%2F2025;CPIAUCSL;Consumer Price Index for All Urban Consumers: All Items in U.S. City Average;seasonally_adjusted;31.038333;12;2026;331.279875;8;partial;10.673249;0.000000;0.000000;bcb_3694_cpiaucsl;partial_cpi_target_year;Converted from nominal domestic currency to nominal USD with the listed exchange rate, then to target-year USD with CPIAUCSL. Target-year CPI uses the months available so far.;strict_renda_liquida;national;renda liquida publicada em faixas compativeis
total;irpf_dir_1965_totais;irpf_dir_1965_totais.csv;total;1;1964;1965;Brasil;irpf_dir_1965_totais;Cr$;Cr$ 1.000;Cr$ 1.000;;;Brasil. Ministerio da Fazenda. Departamento do Imposto de Renda. Relatorio das atividades do ano de 1965, apresentado ao Excelentissimo Senhor Diretor-Geral da Fazenda Nacional pelo Diretor do Departamento do Imposto de Renda, Sr. Orlando Travancas. Rio de Janeiro: Departamento de Imprensa Nacional, 1969.;;outputs/fontes-pedro-souza-irpf/relatorio_irpf_ano_1965_publicado_1969.pdf;57;53;Quadro IV;"Ano-calendario inferido como 1964 pela regra usual de exercicio do IR; confirmar antes da emenda definitiva com a serie. Os totais de coluna fecham com a linha TOTAL. Em duas faixas, a soma das subcategorias de contribuintes difere do total da propria faixa: F03 tem diferenca +100 e F07 tem diferenca -100; no agregado, as diferencas se cancelam.";renda_liquida_cr_mil_total_publicado;720601106;1000.000000;720601106000.000000;1253.000000;1253.000000;unidade monetaria corrente por US$;1.000000;;3694;Taxa de cambio - Livre - Dolar americano (venda) - Media de periodo - anual;annual_period_average;https://api.bcb.gov.br/dados/serie/bcdata.sgs.3694/dados?formato=json&dataInicial=01%2F01%2F1943&dataFinal=31%2F12%2F2025;CPIAUCSL;Consumer Price Index for All Urban Consumers: All Items in U.S. City Average;seasonally_adjusted;31.038333;12;2026;331.279875;8;partial;10.673249;575100643.256185;6138192365.533435;bcb_3694_cpiaucsl;partial_cpi_target_year;Converted from nominal domestic currency to nominal USD with the listed exchange rate, then to target-year USD with CPIAUCSL. Target-year CPI uses the months available so far.;strict_renda_liquida;national;renda liquida publicada em faixas compativeis
total;irpf_dir_1965_totais;irpf_dir_1965_totais.csv;total;1;1964;1965;Brasil;irpf_dir_1965_totais;Cr$;Cr$ 1.000;Cr$ 1.000;;;Brasil. Ministerio da Fazenda. Departamento do Imposto de Renda. Relatorio das atividades do ano de 1965, apresentado ao Excelentissimo Senhor Diretor-Geral da Fazenda Nacional pelo Diretor do Departamento do Imposto de Renda, Sr. Orlando Travancas. Rio de Janeiro: Departamento de Imprensa Nacional, 1969.;;outputs/fontes-pedro-souza-irpf/relatorio_irpf_ano_1965_publicado_1969.pdf;57;53;Quadro IV;"Ano-calendario inferido como 1964 pela regra usual de exercicio do IR; confirmar antes da emenda definitiva com a serie. Os totais de coluna fecham com a linha TOTAL. Em duas faixas, a soma das subcategorias de contribuintes difere do total da propria faixa: F03 tem diferenca +100 e F07 tem diferenca -100; no agregado, as diferencas se cancelam.";renda_liquida_cr_mil_soma_faixas;720601106;1000.000000;720601106000.000000;1253.000000;1253.000000;unidade monetaria corrente por US$;1.000000;;3694;Taxa de cambio - Livre - Dolar americano (venda) - Media de periodo - anual;annual_period_average;https://api.bcb.gov.br/dados/serie/bcdata.sgs.3694/dados?formato=json&dataInicial=01%2F01%2F1943&dataFinal=31%2F12%2F2025;CPIAUCSL;Consumer Price Index for All Urban Consumers: All Items in U.S. City Average;seasonally_adjusted;31.038333;12;2026;331.279875;8;partial;10.673249;575100643.256185;6138192365.533435;bcb_3694_cpiaucsl;partial_cpi_target_year;Converted from nominal domestic currency to nominal USD with the listed exchange rate, then to target-year USD with CPIAUCSL. Target-year CPI uses the months available so far.;strict_renda_liquida;national;renda liquida publicada em faixas compativeis
total;irpf_dir_1965_totais;irpf_dir_1965_totais.csv;total;1;1964;1965;Brasil;irpf_dir_1965_totais;Cr$;Cr$ 1.000;Cr$ 1.000;;;Brasil. Ministerio da Fazenda. Departamento do Imposto de Renda. Relatorio das atividades do ano de 1965, apresentado ao Excelentissimo Senhor Diretor-Geral da Fazenda Nacional pelo Diretor do Departamento do Imposto de Renda, Sr. Orlando Travancas. Rio de Janeiro: Departamento de Imprensa Nacional, 1969.;;outputs/fontes-pedro-souza-irpf/relatorio_irpf_ano_1965_publicado_1969.pdf;57;53;Quadro IV;"Ano-calendario inferido como 1964 pela regra usual de exercicio do IR; confirmar antes da emenda definitiva com a serie. Os totais de coluna fecham com a linha TOTAL. Em duas faixas, a soma das subcategorias de contribuintes difere do total da propria faixa: F03 tem diferenca +100 e F07 tem diferenca -100; no agregado, as diferencas se cancelam.";renda_liquida_cr_mil_diferenca_total_menos_faixas;0;1000.000000;0.000000;1253.000000;1253.000000;unidade monetaria corrente por US$;1.000000;;3694;Taxa de cambio - Livre - Dolar americano (venda) - Media de periodo - anual;annual_period_average;https://api.bcb.gov.br/dados/serie/bcdata.sgs.3694/dados?formato=json&dataInicial=01%2F01%2F1943&dataFinal=31%2F12%2F2025;CPIAUCSL;Consumer Price Index for All Urban Consumers: All Items in U.S. City Average;seasonally_adjusted;31.038333;12;2026;331.279875;8;partial;10.673249;0.000000;0.000000;bcb_3694_cpiaucsl;partial_cpi_target_year;Converted from nominal domestic currency to nominal USD with the listed exchange rate, then to target-year USD with CPIAUCSL. Target-year CPI uses the months available so far.;strict_renda_liquida;national;renda liquida publicada em faixas compativeis
total;irpf_dir_1965_totais;irpf_dir_1965_totais.csv;total;1;1964;1965;Brasil;irpf_dir_1965_totais;Cr$;Cr$ 1.000;Cr$ 1.000;;;Brasil. Ministerio da Fazenda. Departamento do Imposto de Renda. Relatorio das atividades do ano de 1965, apresentado ao Excelentissimo Senhor Diretor-Geral da Fazenda Nacional pelo Diretor do Departamento do Imposto de Renda, Sr. Orlando Travancas. Rio de Janeiro: Departamento de Imprensa Nacional, 1969.;;outputs/fontes-pedro-souza-irpf/relatorio_irpf_ano_1965_publicado_1969.pdf;57;53;Quadro IV;"Ano-calendario inferido como 1964 pela regra usual de exercicio do IR; confirmar antes da emenda definitiva com a serie. Os totais de coluna fecham com a linha TOTAL. Em duas faixas, a soma das subcategorias de contribuintes difere do total da propria faixa: F03 tem diferenca +100 e F07 tem diferenca -100; no agregado, as diferencas se cancelam.";abatimentos_cr_mil_total_publicado;242465734;1000.000000;242465734000.000000;1253.000000;1253.000000;unidade monetaria corrente por US$;1.000000;;3694;Taxa de cambio - Livre - Dolar americano (venda) - Media de periodo - anual;annual_period_average;https://api.bcb.gov.br/dados/serie/bcdata.sgs.3694/dados?formato=json&dataInicial=01%2F01%2F1943&dataFinal=31%2F12%2F2025;CPIAUCSL;Consumer Price Index for All Urban Consumers: All Items in U.S. City Average;seasonally_adjusted;31.038333;12;2026;331.279875;8;partial;10.673249;193508167.597765;2065360856.304682;bcb_3694_cpiaucsl;partial_cpi_target_year;Converted from nominal domestic currency to nominal USD with the listed exchange rate, then to target-year USD with CPIAUCSL. Target-year CPI uses the months available so far.;strict_renda_liquida;national;renda liquida publicada em faixas compativeis
total;irpf_dir_1965_totais;irpf_dir_1965_totais.csv;total;1;1964;1965;Brasil;irpf_dir_1965_totais;Cr$;Cr$ 1.000;Cr$ 1.000;;;Brasil. Ministerio da Fazenda. Departamento do Imposto de Renda. Relatorio das atividades do ano de 1965, apresentado ao Excelentissimo Senhor Diretor-Geral da Fazenda Nacional pelo Diretor do Departamento do Imposto de Renda, Sr. Orlando Travancas. Rio de Janeiro: Departamento de Imprensa Nacional, 1969.;;outputs/fontes-pedro-souza-irpf/relatorio_irpf_ano_1965_publicado_1969.pdf;57;53;Quadro IV;"Ano-calendario inferido como 1964 pela regra usual de exercicio do IR; confirmar antes da emenda definitiva com a serie. Os totais de coluna fecham com a linha TOTAL. Em duas faixas, a soma das subcategorias de contribuintes difere do total da propria faixa: F03 tem diferenca +100 e F07 tem diferenca -100; no agregado, as diferencas se cancelam.";abatimentos_cr_mil_soma_faixas;242465734;1000.000000;242465734000.000000;1253.000000;1253.000000;unidade monetaria corrente por US$;1.000000;;3694;Taxa de cambio - Livre - Dolar americano (venda) - Media de periodo - anual;annual_period_average;https://api.bcb.gov.br/dados/serie/bcdata.sgs.3694/dados?formato=json&dataInicial=01%2F01%2F1943&dataFinal=31%2F12%2F2025;CPIAUCSL;Consumer Price Index for All Urban Consumers: All Items in U.S. City Average;seasonally_adjusted;31.038333;12;2026;331.279875;8;partial;10.673249;193508167.597765;2065360856.304682;bcb_3694_cpiaucsl;partial_cpi_target_year;Converted from nominal domestic currency to nominal USD with the listed exchange rate, then to target-year USD with CPIAUCSL. Target-year CPI uses the months available so far.;strict_renda_liquida;national;renda liquida publicada em faixas compativeis
total;irpf_dir_1965_totais;irpf_dir_1965_totais.csv;total;1;1964;1965;Brasil;irpf_dir_1965_totais;Cr$;Cr$ 1.000;Cr$ 1.000;;;Brasil. Ministerio da Fazenda. Departamento do Imposto de Renda. Relatorio das atividades do ano de 1965, apresentado ao Excelentissimo Senhor Diretor-Geral da Fazenda Nacional pelo Diretor do Departamento do Imposto de Renda, Sr. Orlando Travancas. Rio de Janeiro: Departamento de Imprensa Nacional, 1969.;;outputs/fontes-pedro-souza-irpf/relatorio_irpf_ano_1965_publicado_1969.pdf;57;53;Quadro IV;"Ano-calendario inferido como 1964 pela regra usual de exercicio do IR; confirmar antes da emenda definitiva com a serie. Os totais de coluna fecham com a linha TOTAL. Em duas faixas, a soma das subcategorias de contribuintes difere do total da propria faixa: F03 tem diferenca +100 e F07 tem diferenca -100; no agregado, as diferencas se cancelam.";abatimentos_cr_mil_diferenca_total_menos_faixas;0;1000.000000;0.000000;1253.000000;1253.000000;unidade monetaria corrente por US$;1.000000;;3694;Taxa de cambio - Livre - Dolar americano (venda) - Media de periodo - anual;annual_period_average;https://api.bcb.gov.br/dados/serie/bcdata.sgs.3694/dados?formato=json&dataInicial=01%2F01%2F1943&dataFinal=31%2F12%2F2025;CPIAUCSL;Consumer Price Index for All Urban Consumers: All Items in U.S. City Average;seasonally_adjusted;31.038333;12;2026;331.279875;8;partial;10.673249;0.000000;0.000000;bcb_3694_cpiaucsl;partial_cpi_target_year;Converted from nominal domestic currency to nominal USD with the listed exchange rate, then to target-year USD with CPIAUCSL. Target-year CPI uses the months available so far.;strict_renda_liquida;national;renda liquida publicada em faixas compativeis
total;irpf_dir_1965_totais;irpf_dir_1965_totais.csv;total;1;1964;1965;Brasil;irpf_dir_1965_totais;Cr$;Cr$ 1.000;Cr$ 1.000;;;Brasil. Ministerio da Fazenda. Departamento do Imposto de Renda. Relatorio das atividades do ano de 1965, apresentado ao Excelentissimo Senhor Diretor-Geral da Fazenda Nacional pelo Diretor do Departamento do Imposto de Renda, Sr. Orlando Travancas. Rio de Janeiro: Departamento de Imprensa Nacional, 1969.;;outputs/fontes-pedro-souza-irpf/relatorio_irpf_ano_1965_publicado_1969.pdf;57;53;Quadro IV;"Ano-calendario inferido como 1964 pela regra usual de exercicio do IR; confirmar antes da emenda definitiva com a serie. Os totais de coluna fecham com a linha TOTAL. Em duas faixas, a soma das subcategorias de contribuintes difere do total da propria faixa: F03 tem diferenca +100 e F07 tem diferenca -100; no agregado, as diferencas se cancelam.";imposto_progressivo_cr_mil_total_publicado;93524413;1000.000000;93524413000.000000;1253.000000;1253.000000;unidade monetaria corrente por US$;1.000000;;3694;Taxa de cambio - Livre - Dolar americano (venda) - Media de periodo - anual;annual_period_average;https://api.bcb.gov.br/dados/serie/bcdata.sgs.3694/dados?formato=json&dataInicial=01%2F01%2F1943&dataFinal=31%2F12%2F2025;CPIAUCSL;Consumer Price Index for All Urban Consumers: All Items in U.S. City Average;seasonally_adjusted;31.038333;12;2026;331.279875;8;partial;10.673249;74640393.455706;796655504.810724;bcb_3694_cpiaucsl;partial_cpi_target_year;Converted from nominal domestic currency to nominal USD with the listed exchange rate, then to target-year USD with CPIAUCSL. Target-year CPI uses the months available so far.;strict_renda_liquida;national;renda liquida publicada em faixas compativeis
total;irpf_dir_1965_totais;irpf_dir_1965_totais.csv;total;1;1964;1965;Brasil;irpf_dir_1965_totais;Cr$;Cr$ 1.000;Cr$ 1.000;;;Brasil. Ministerio da Fazenda. Departamento do Imposto de Renda. Relatorio das atividades do ano de 1965, apresentado ao Excelentissimo Senhor Diretor-Geral da Fazenda Nacional pelo Diretor do Departamento do Imposto de Renda, Sr. Orlando Travancas. Rio de Janeiro: Departamento de Imprensa Nacional, 1969.;;outputs/fontes-pedro-souza-irpf/relatorio_irpf_ano_1965_publicado_1969.pdf;57;53;Quadro IV;"Ano-calendario inferido como 1964 pela regra usual de exercicio do IR; confirmar antes da emenda definitiva com a serie. Os totais de coluna fecham com a linha TOTAL. Em duas faixas, a soma das subcategorias de contribuintes difere do total da propria faixa: F03 tem diferenca +100 e F07 tem diferenca -100; no agregado, as diferencas se cancelam.";imposto_progressivo_cr_mil_soma_faixas;93524413;1000.000000;93524413000.000000;1253.000000;1253.000000;unidade monetaria corrente por US$;1.000000;;3694;Taxa de cambio - Livre - Dolar americano (venda) - Media de periodo - anual;annual_period_average;https://api.bcb.gov.br/dados/serie/bcdata.sgs.3694/dados?formato=json&dataInicial=01%2F01%2F1943&dataFinal=31%2F12%2F2025;CPIAUCSL;Consumer Price Index for All Urban Consumers: All Items in U.S. City Average;seasonally_adjusted;31.038333;12;2026;331.279875;8;partial;10.673249;74640393.455706;796655504.810724;bcb_3694_cpiaucsl;partial_cpi_target_year;Converted from nominal domestic currency to nominal USD with the listed exchange rate, then to target-year USD with CPIAUCSL. Target-year CPI uses the months available so far.;strict_renda_liquida;national;renda liquida publicada em faixas compativeis
total;irpf_dir_1965_totais;irpf_dir_1965_totais.csv;total;1;1964;1965;Brasil;irpf_dir_1965_totais;Cr$;Cr$ 1.000;Cr$ 1.000;;;Brasil. Ministerio da Fazenda. Departamento do Imposto de Renda. Relatorio das atividades do ano de 1965, apresentado ao Excelentissimo Senhor Diretor-Geral da Fazenda Nacional pelo Diretor do Departamento do Imposto de Renda, Sr. Orlando Travancas. Rio de Janeiro: Departamento de Imprensa Nacional, 1969.;;outputs/fontes-pedro-souza-irpf/relatorio_irpf_ano_1965_publicado_1969.pdf;57;53;Quadro IV;"Ano-calendario inferido como 1964 pela regra usual de exercicio do IR; confirmar antes da emenda definitiva com a serie. Os totais de coluna fecham com a linha TOTAL. Em duas faixas, a soma das subcategorias de contribuintes difere do total da propria faixa: F03 tem diferenca +100 e F07 tem diferenca -100; no agregado, as diferencas se cancelam.";imposto_progressivo_cr_mil_diferenca_total_menos_faixas;0;1000.000000;0.000000;1253.000000;1253.000000;unidade monetaria corrente por US$;1.000000;;3694;Taxa de cambio - Livre - Dolar americano (venda) - Media de periodo - anual;annual_period_average;https://api.bcb.gov.br/dados/serie/bcdata.sgs.3694/dados?formato=json&dataInicial=01%2F01%2F1943&dataFinal=31%2F12%2F2025;CPIAUCSL;Consumer Price Index for All Urban Consumers: All Items in U.S. City Average;seasonally_adjusted;31.038333;12;2026;331.279875;8;partial;10.673249;0.000000;0.000000;bcb_3694_cpiaucsl;partial_cpi_target_year;Converted from nominal domestic currency to nominal USD with the listed exchange rate, then to target-year USD with CPIAUCSL. Target-year CPI uses the months available so far.;strict_renda_liquida;national;renda liquida publicada em faixas compativeis
total;irpf_boletim_estatistico_28_1968_totais;irpf_boletim_estatistico_28_1968_totais.csv;total;1;1965;1966;Brasil;irpf_boletim_estatistico_28_1968_totais;NCr$;NCr$ 1.000;NCr$ 1,00;;;Brasil. Ministerio da Fazenda. Departamento do Imposto de Renda. Boletim Estatistico, n. 28. [S.l.]: Ministerio da Fazenda, 1968.;;outputs/fontes-pedro-souza-irpf/boletim_estatistico_n28_1968.pdf;77;36;Tabela sem numero;Ano-calendario inferido como 1965 pela regra usual de exercicio do IR. A tabela do Boletim Estatistico n. 28 traz exercicio 1966, Brasil, por classes de renda liquida. Os totais de renda, imposto, desconto e contribuintes por categoria fecham exatamente com a linha TOTAL. O total geral de dependentes e legivel (789.949), mas os valores por faixa nao foram transcritos porque a coluna esta parcialmente cortada no limite direito do scan.;renda_bruta_ncr_mil_total_publicado;2437999;1000.000000;2437999000.000000;1899.000000;1899.000000;unidade monetaria corrente por US$;1.000000;;3694;Taxa de cambio - Livre - Dolar americano (venda) - Media de periodo - anual;annual_period_average;https://api.bcb.gov.br/dados/serie/bcdata.sgs.3694/dados?formato=json&dataInicial=01%2F01%2F1943&dataFinal=31%2F12%2F2025;CPIAUCSL;Consumer Price Index for All Urban Consumers: All Items in U.S. City Average;seasonally_adjusted;31.528333;12;2026;331.279875;8;partial;10.507370;1283833.070037;13489709.085113;bcb_3694_cpiaucsl;partial_cpi_target_year;Converted from nominal domestic currency to nominal USD with the listed exchange rate, then to target-year USD with CPIAUCSL. Target-year CPI uses the months available so far.;strict_renda_liquida;national;renda liquida publicada em faixas compativeis
total;irpf_boletim_estatistico_28_1968_totais;irpf_boletim_estatistico_28_1968_totais.csv;total;1;1965;1966;Brasil;irpf_boletim_estatistico_28_1968_totais;NCr$;NCr$ 1.000;NCr$ 1,00;;;Brasil. Ministerio da Fazenda. Departamento do Imposto de Renda. Boletim Estatistico, n. 28. [S.l.]: Ministerio da Fazenda, 1968.;;outputs/fontes-pedro-souza-irpf/boletim_estatistico_n28_1968.pdf;77;36;Tabela sem numero;Ano-calendario inferido como 1965 pela regra usual de exercicio do IR. A tabela do Boletim Estatistico n. 28 traz exercicio 1966, Brasil, por classes de renda liquida. Os totais de renda, imposto, desconto e contribuintes por categoria fecham exatamente com a linha TOTAL. O total geral de dependentes e legivel (789.949), mas os valores por faixa nao foram transcritos porque a coluna esta parcialmente cortada no limite direito do scan.;renda_bruta_ncr_mil_soma_faixas;2437999;1000.000000;2437999000.000000;1899.000000;1899.000000;unidade monetaria corrente por US$;1.000000;;3694;Taxa de cambio - Livre - Dolar americano (venda) - Media de periodo - anual;annual_period_average;https://api.bcb.gov.br/dados/serie/bcdata.sgs.3694/dados?formato=json&dataInicial=01%2F01%2F1943&dataFinal=31%2F12%2F2025;CPIAUCSL;Consumer Price Index for All Urban Consumers: All Items in U.S. City Average;seasonally_adjusted;31.528333;12;2026;331.279875;8;partial;10.507370;1283833.070037;13489709.085113;bcb_3694_cpiaucsl;partial_cpi_target_year;Converted from nominal domestic currency to nominal USD with the listed exchange rate, then to target-year USD with CPIAUCSL. Target-year CPI uses the months available so far.;strict_renda_liquida;national;renda liquida publicada em faixas compativeis
total;irpf_boletim_estatistico_28_1968_totais;irpf_boletim_estatistico_28_1968_totais.csv;total;1;1965;1966;Brasil;irpf_boletim_estatistico_28_1968_totais;NCr$;NCr$ 1.000;NCr$ 1,00;;;Brasil. Ministerio da Fazenda. Departamento do Imposto de Renda. Boletim Estatistico, n. 28. [S.l.]: Ministerio da Fazenda, 1968.;;outputs/fontes-pedro-souza-irpf/boletim_estatistico_n28_1968.pdf;77;36;Tabela sem numero;Ano-calendario inferido como 1965 pela regra usual de exercicio do IR. A tabela do Boletim Estatistico n. 28 traz exercicio 1966, Brasil, por classes de renda liquida. Os totais de renda, imposto, desconto e contribuintes por categoria fecham exatamente com a linha TOTAL. O total geral de dependentes e legivel (789.949), mas os valores por faixa nao foram transcritos porque a coluna esta parcialmente cortada no limite direito do scan.;renda_bruta_ncr_mil_diferenca_total_menos_faixas;0;1000.000000;0.000000;1899.000000;1899.000000;unidade monetaria corrente por US$;1.000000;;3694;Taxa de cambio - Livre - Dolar americano (venda) - Media de periodo - anual;annual_period_average;https://api.bcb.gov.br/dados/serie/bcdata.sgs.3694/dados?formato=json&dataInicial=01%2F01%2F1943&dataFinal=31%2F12%2F2025;CPIAUCSL;Consumer Price Index for All Urban Consumers: All Items in U.S. City Average;seasonally_adjusted;31.528333;12;2026;331.279875;8;partial;10.507370;0.000000;0.000000;bcb_3694_cpiaucsl;partial_cpi_target_year;Converted from nominal domestic currency to nominal USD with the listed exchange rate, then to target-year USD with CPIAUCSL. Target-year CPI uses the months available so far.;strict_renda_liquida;national;renda liquida publicada em faixas compativeis
total;irpf_boletim_estatistico_28_1968_totais;irpf_boletim_estatistico_28_1968_totais.csv;total;1;1965;1966;Brasil;irpf_boletim_estatistico_28_1968_totais;NCr$;NCr$ 1.000;NCr$ 1,00;;;Brasil. Ministerio da Fazenda. Departamento do Imposto de Renda. Boletim Estatistico, n. 28. [S.l.]: Ministerio da Fazenda, 1968.;;outputs/fontes-pedro-souza-irpf/boletim_estatistico_n28_1968.pdf;77;36;Tabela sem numero;Ano-calendario inferido como 1965 pela regra usual de exercicio do IR. A tabela do Boletim Estatistico n. 28 traz exercicio 1966, Brasil, por classes de renda liquida. Os totais de renda, imposto, desconto e contribuintes por categoria fecham exatamente com a linha TOTAL. O total geral de dependentes e legivel (789.949), mas os valores por faixa nao foram transcritos porque a coluna esta parcialmente cortada no limite direito do scan.;abatimentos_ncr_mil_total_publicado;787564;1000.000000;787564000.000000;1899.000000;1899.000000;unidade monetaria corrente por US$;1.000000;;3694;Taxa de cambio - Livre - Dolar americano (venda) - Media de periodo - anual;annual_period_average;https://api.bcb.gov.br/dados/serie/bcdata.sgs.3694/dados?formato=json&dataInicial=01%2F01%2F1943&dataFinal=31%2F12%2F2025;CPIAUCSL;Consumer Price Index for All Urban Consumers: All Items in U.S. City Average;seasonally_adjusted;31.528333;12;2026;331.279875;8;partial;10.507370;414725.645076;4357675.801306;bcb_3694_cpiaucsl;partial_cpi_target_year;Converted from nominal domestic currency to nominal USD with the listed exchange rate, then to target-year USD with CPIAUCSL. Target-year CPI uses the months available so far.;strict_renda_liquida;national;renda liquida publicada em faixas compativeis
total;irpf_boletim_estatistico_28_1968_totais;irpf_boletim_estatistico_28_1968_totais.csv;total;1;1965;1966;Brasil;irpf_boletim_estatistico_28_1968_totais;NCr$;NCr$ 1.000;NCr$ 1,00;;;Brasil. Ministerio da Fazenda. Departamento do Imposto de Renda. Boletim Estatistico, n. 28. [S.l.]: Ministerio da Fazenda, 1968.;;outputs/fontes-pedro-souza-irpf/boletim_estatistico_n28_1968.pdf;77;36;Tabela sem numero;Ano-calendario inferido como 1965 pela regra usual de exercicio do IR. A tabela do Boletim Estatistico n. 28 traz exercicio 1966, Brasil, por classes de renda liquida. Os totais de renda, imposto, desconto e contribuintes por categoria fecham exatamente com a linha TOTAL. O total geral de dependentes e legivel (789.949), mas os valores por faixa nao foram transcritos porque a coluna esta parcialmente cortada no limite direito do scan.;abatimentos_ncr_mil_soma_faixas;787564;1000.000000;787564000.000000;1899.000000;1899.000000;unidade monetaria corrente por US$;1.000000;;3694;Taxa de cambio - Livre - Dolar americano (venda) - Media de periodo - anual;annual_period_average;https://api.bcb.gov.br/dados/serie/bcdata.sgs.3694/dados?formato=json&dataInicial=01%2F01%2F1943&dataFinal=31%2F12%2F2025;CPIAUCSL;Consumer Price Index for All Urban Consumers: All Items in U.S. City Average;seasonally_adjusted;31.528333;12;2026;331.279875;8;partial;10.507370;414725.645076;4357675.801306;bcb_3694_cpiaucsl;partial_cpi_target_year;Converted from nominal domestic currency to nominal USD with the listed exchange rate, then to target-year USD with CPIAUCSL. Target-year CPI uses the months available so far.;strict_renda_liquida;national;renda liquida publicada em faixas compativeis
total;irpf_boletim_estatistico_28_1968_totais;irpf_boletim_estatistico_28_1968_totais.csv;total;1;1965;1966;Brasil;irpf_boletim_estatistico_28_1968_totais;NCr$;NCr$ 1.000;NCr$ 1,00;;;Brasil. Ministerio da Fazenda. Departamento do Imposto de Renda. Boletim Estatistico, n. 28. [S.l.]: Ministerio da Fazenda, 1968.;;outputs/fontes-pedro-souza-irpf/boletim_estatistico_n28_1968.pdf;77;36;Tabela sem numero;Ano-calendario inferido como 1965 pela regra usual de exercicio do IR. A tabela do Boletim Estatistico n. 28 traz exercicio 1966, Brasil, por classes de renda liquida. Os totais de renda, imposto, desconto e contribuintes por categoria fecham exatamente com a linha TOTAL. O total geral de dependentes e legivel (789.949), mas os valores por faixa nao foram transcritos porque a coluna esta parcialmente cortada no limite direito do scan.;abatimentos_ncr_mil_diferenca_total_menos_faixas;0;1000.000000;0.000000;1899.000000;1899.000000;unidade monetaria corrente por US$;1.000000;;3694;Taxa de cambio - Livre - Dolar americano (venda) - Media de periodo - anual;annual_period_average;https://api.bcb.gov.br/dados/serie/bcdata.sgs.3694/dados?formato=json&dataInicial=01%2F01%2F1943&dataFinal=31%2F12%2F2025;CPIAUCSL;Consumer Price Index for All Urban Consumers: All Items in U.S. City Average;seasonally_adjusted;31.528333;12;2026;331.279875;8;partial;10.507370;0.000000;0.000000;bcb_3694_cpiaucsl;partial_cpi_target_year;Converted from nominal domestic currency to nominal USD with the listed exchange rate, then to target-year USD with CPIAUCSL. Target-year CPI uses the months available so far.;strict_renda_liquida;national;renda liquida publicada em faixas compativeis
total;irpf_boletim_estatistico_28_1968_totais;irpf_boletim_estatistico_28_1968_totais.csv;total;1;1965;1966;Brasil;irpf_boletim_estatistico_28_1968_totais;NCr$;NCr$ 1.000;NCr$ 1,00;;;Brasil. Ministerio da Fazenda. Departamento do Imposto de Renda. Boletim Estatistico, n. 28. [S.l.]: Ministerio da Fazenda, 1968.;;outputs/fontes-pedro-souza-irpf/boletim_estatistico_n28_1968.pdf;77;36;Tabela sem numero;Ano-calendario inferido como 1965 pela regra usual de exercicio do IR. A tabela do Boletim Estatistico n. 28 traz exercicio 1966, Brasil, por classes de renda liquida. Os totais de renda, imposto, desconto e contribuintes por categoria fecham exatamente com a linha TOTAL. O total geral de dependentes e legivel (789.949), mas os valores por faixa nao foram transcritos porque a coluna esta parcialmente cortada no limite direito do scan.;renda_liquida_ncr_mil_total_publicado;1650435;1000.000000;1650435000.000000;1899.000000;1899.000000;unidade monetaria corrente por US$;1.000000;;3694;Taxa de cambio - Livre - Dolar americano (venda) - Media de periodo - anual;annual_period_average;https://api.bcb.gov.br/dados/serie/bcdata.sgs.3694/dados?formato=json&dataInicial=01%2F01%2F1943&dataFinal=31%2F12%2F2025;CPIAUCSL;Consumer Price Index for All Urban Consumers: All Items in U.S. City Average;seasonally_adjusted;31.528333;12;2026;331.279875;8;partial;10.507370;869107.424961;9132033.283807;bcb_3694_cpiaucsl;partial_cpi_target_year;Converted from nominal domestic currency to nominal USD with the listed exchange rate, then to target-year USD with CPIAUCSL. Target-year CPI uses the months available so far.;strict_renda_liquida;national;renda liquida publicada em faixas compativeis
total;irpf_boletim_estatistico_28_1968_totais;irpf_boletim_estatistico_28_1968_totais.csv;total;1;1965;1966;Brasil;irpf_boletim_estatistico_28_1968_totais;NCr$;NCr$ 1.000;NCr$ 1,00;;;Brasil. Ministerio da Fazenda. Departamento do Imposto de Renda. Boletim Estatistico, n. 28. [S.l.]: Ministerio da Fazenda, 1968.;;outputs/fontes-pedro-souza-irpf/boletim_estatistico_n28_1968.pdf;77;36;Tabela sem numero;Ano-calendario inferido como 1965 pela regra usual de exercicio do IR. A tabela do Boletim Estatistico n. 28 traz exercicio 1966, Brasil, por classes de renda liquida. Os totais de renda, imposto, desconto e contribuintes por categoria fecham exatamente com a linha TOTAL. O total geral de dependentes e legivel (789.949), mas os valores por faixa nao foram transcritos porque a coluna esta parcialmente cortada no limite direito do scan.;renda_liquida_ncr_mil_soma_faixas;1650435;1000.000000;1650435000.000000;1899.000000;1899.000000;unidade monetaria corrente por US$;1.000000;;3694;Taxa de cambio - Livre - Dolar americano (venda) - Media de periodo - anual;annual_period_average;https://api.bcb.gov.br/dados/serie/bcdata.sgs.3694/dados?formato=json&dataInicial=01%2F01%2F1943&dataFinal=31%2F12%2F2025;CPIAUCSL;Consumer Price Index for All Urban Consumers: All Items in U.S. City Average;seasonally_adjusted;31.528333;12;2026;331.279875;8;partial;10.507370;869107.424961;9132033.283807;bcb_3694_cpiaucsl;partial_cpi_target_year;Converted from nominal domestic currency to nominal USD with the listed exchange rate, then to target-year USD with CPIAUCSL. Target-year CPI uses the months available so far.;strict_renda_liquida;national;renda liquida publicada em faixas compativeis
total;irpf_boletim_estatistico_28_1968_totais;irpf_boletim_estatistico_28_1968_totais.csv;total;1;1965;1966;Brasil;irpf_boletim_estatistico_28_1968_totais;NCr$;NCr$ 1.000;NCr$ 1,00;;;Brasil. Ministerio da Fazenda. Departamento do Imposto de Renda. Boletim Estatistico, n. 28. [S.l.]: Ministerio da Fazenda, 1968.;;outputs/fontes-pedro-souza-irpf/boletim_estatistico_n28_1968.pdf;77;36;Tabela sem numero;Ano-calendario inferido como 1965 pela regra usual de exercicio do IR. A tabela do Boletim Estatistico n. 28 traz exercicio 1966, Brasil, por classes de renda liquida. Os totais de renda, imposto, desconto e contribuintes por categoria fecham exatamente com a linha TOTAL. O total geral de dependentes e legivel (789.949), mas os valores por faixa nao foram transcritos porque a coluna esta parcialmente cortada no limite direito do scan.;renda_liquida_ncr_mil_diferenca_total_menos_faixas;0;1000.000000;0.000000;1899.000000;1899.000000;unidade monetaria corrente por US$;1.000000;;3694;Taxa de cambio - Livre - Dolar americano (venda) - Media de periodo - anual;annual_period_average;https://api.bcb.gov.br/dados/serie/bcdata.sgs.3694/dados?formato=json&dataInicial=01%2F01%2F1943&dataFinal=31%2F12%2F2025;CPIAUCSL;Consumer Price Index for All Urban Consumers: All Items in U.S. City Average;seasonally_adjusted;31.528333;12;2026;331.279875;8;partial;10.507370;0.000000;0.000000;bcb_3694_cpiaucsl;partial_cpi_target_year;Converted from nominal domestic currency to nominal USD with the listed exchange rate, then to target-year USD with CPIAUCSL. Target-year CPI uses the months available so far.;strict_renda_liquida;national;renda liquida publicada em faixas compativeis
total;irpf_boletim_estatistico_28_1968_totais;irpf_boletim_estatistico_28_1968_totais.csv;total;1;1965;1966;Brasil;irpf_boletim_estatistico_28_1968_totais;NCr$;NCr$ 1.000;NCr$ 1,00;;;Brasil. Ministerio da Fazenda. Departamento do Imposto de Renda. Boletim Estatistico, n. 28. [S.l.]: Ministerio da Fazenda, 1968.;;outputs/fontes-pedro-souza-irpf/boletim_estatistico_n28_1968.pdf;77;36;Tabela sem numero;Ano-calendario inferido como 1965 pela regra usual de exercicio do IR. A tabela do Boletim Estatistico n. 28 traz exercicio 1966, Brasil, por classes de renda liquida. Os totais de renda, imposto, desconto e contribuintes por categoria fecham exatamente com a linha TOTAL. O total geral de dependentes e legivel (789.949), mas os valores por faixa nao foram transcritos porque a coluna esta parcialmente cortada no limite direito do scan.;imposto_progressivo_ncr_mil_total_publicado;203393;1000.000000;203393000.000000;1899.000000;1899.000000;unidade monetaria corrente por US$;1.000000;;3694;Taxa de cambio - Livre - Dolar americano (venda) - Media de periodo - anual;annual_period_average;https://api.bcb.gov.br/dados/serie/bcdata.sgs.3694/dados?formato=json&dataInicial=01%2F01%2F1943&dataFinal=31%2F12%2F2025;CPIAUCSL;Consumer Price Index for All Urban Consumers: All Items in U.S. City Average;seasonally_adjusted;31.528333;12;2026;331.279875;8;partial;10.507370;107105.318589;1125395.211380;bcb_3694_cpiaucsl;partial_cpi_target_year;Converted from nominal domestic currency to nominal USD with the listed exchange rate, then to target-year USD with CPIAUCSL. Target-year CPI uses the months available so far.;strict_renda_liquida;national;renda liquida publicada em faixas compativeis
total;irpf_boletim_estatistico_28_1968_totais;irpf_boletim_estatistico_28_1968_totais.csv;total;1;1965;1966;Brasil;irpf_boletim_estatistico_28_1968_totais;NCr$;NCr$ 1.000;NCr$ 1,00;;;Brasil. Ministerio da Fazenda. Departamento do Imposto de Renda. Boletim Estatistico, n. 28. [S.l.]: Ministerio da Fazenda, 1968.;;outputs/fontes-pedro-souza-irpf/boletim_estatistico_n28_1968.pdf;77;36;Tabela sem numero;Ano-calendario inferido como 1965 pela regra usual de exercicio do IR. A tabela do Boletim Estatistico n. 28 traz exercicio 1966, Brasil, por classes de renda liquida. Os totais de renda, imposto, desconto e contribuintes por categoria fecham exatamente com a linha TOTAL. O total geral de dependentes e legivel (789.949), mas os valores por faixa nao foram transcritos porque a coluna esta parcialmente cortada no limite direito do scan.;imposto_progressivo_ncr_mil_soma_faixas;203393;1000.000000;203393000.000000;1899.000000;1899.000000;unidade monetaria corrente por US$;1.000000;;3694;Taxa de cambio - Livre - Dolar americano (venda) - Media de periodo - anual;annual_period_average;https://api.bcb.gov.br/dados/serie/bcdata.sgs.3694/dados?formato=json&dataInicial=01%2F01%2F1943&dataFinal=31%2F12%2F2025;CPIAUCSL;Consumer Price Index for All Urban Consumers: All Items in U.S. City Average;seasonally_adjusted;31.528333;12;2026;331.279875;8;partial;10.507370;107105.318589;1125395.211380;bcb_3694_cpiaucsl;partial_cpi_target_year;Converted from nominal domestic currency to nominal USD with the listed exchange rate, then to target-year USD with CPIAUCSL. Target-year CPI uses the months available so far.;strict_renda_liquida;national;renda liquida publicada em faixas compativeis
total;irpf_boletim_estatistico_28_1968_totais;irpf_boletim_estatistico_28_1968_totais.csv;total;1;1965;1966;Brasil;irpf_boletim_estatistico_28_1968_totais;NCr$;NCr$ 1.000;NCr$ 1,00;;;Brasil. Ministerio da Fazenda. Departamento do Imposto de Renda. Boletim Estatistico, n. 28. [S.l.]: Ministerio da Fazenda, 1968.;;outputs/fontes-pedro-souza-irpf/boletim_estatistico_n28_1968.pdf;77;36;Tabela sem numero;Ano-calendario inferido como 1965 pela regra usual de exercicio do IR. A tabela do Boletim Estatistico n. 28 traz exercicio 1966, Brasil, por classes de renda liquida. Os totais de renda, imposto, desconto e contribuintes por categoria fecham exatamente com a linha TOTAL. O total geral de dependentes e legivel (789.949), mas os valores por faixa nao foram transcritos porque a coluna esta parcialmente cortada no limite direito do scan.;imposto_progressivo_ncr_mil_diferenca_total_menos_faixas;0;1000.000000;0.000000;1899.000000;1899.000000;unidade monetaria corrente por US$;1.000000;;3694;Taxa de cambio - Livre - Dolar americano (venda) - Media de periodo - anual;annual_period_average;https://api.bcb.gov.br/dados/serie/bcdata.sgs.3694/dados?formato=json&dataInicial=01%2F01%2F1943&dataFinal=31%2F12%2F2025;CPIAUCSL;Consumer Price Index for All Urban Consumers: All Items in U.S. City Average;seasonally_adjusted;31.528333;12;2026;331.279875;8;partial;10.507370;0.000000;0.000000;bcb_3694_cpiaucsl;partial_cpi_target_year;Converted from nominal domestic currency to nominal USD with the listed exchange rate, then to target-year USD with CPIAUCSL. Target-year CPI uses the months available so far.;strict_renda_liquida;national;renda liquida publicada em faixas compativeis
total;irpf_boletim_estatistico_32_1968_totais;irpf_boletim_estatistico_32_1968_totais.csv;total;1;1966;1967;Guanabara;irpf_boletim_estatistico_32_1968_totais;NCr$;NCr$ 1.000;NCr$ 1.000;;;Brasil. Ministerio da Fazenda. Departamento do Imposto de Renda. Boletim Estatistico, n. 32. [S.l.]: Ministerio da Fazenda, agosto 1968.;;outputs/fontes-pedro-souza-irpf/boletim_estatistico_n32_1968.pdf;61;29;Tabela sem numero;"Ano-calendario inferido como 1966 pela regra usual de exercicio do IR. A tabela do Boletim Estatistico n. 32 traz exercicio 1967, Guanabara, por classes de renda liquida. Os totais monetarios e de contribuintes por categoria fecham exatamente com a linha TOTAL publicada. O total geral de dependentes e legivel (172.410), mas os valores por faixa nao foram incorporados porque alguns digitos finais estao degradados no limite direito do scan. Pedro indica 1966 como SP e GB; esta extracao cobre apenas o componente Guanabara e nao entra como serie Brasil.";renda_bruta_ncr_mil_total_publicado;963180.0;1000.000000;963180000.000000;2220.000000;2220.000000;unidade monetaria corrente por US$;1.000000;;3694;Taxa de cambio - Livre - Dolar americano (venda) - Media de periodo - anual;annual_period_average;https://api.bcb.gov.br/dados/serie/bcdata.sgs.3694/dados?formato=json&dataInicial=01%2F01%2F1943&dataFinal=31%2F12%2F2025;CPIAUCSL;Consumer Price Index for All Urban Consumers: All Items in U.S. City Average;seasonally_adjusted;32.470833;12;2026;331.279875;8;partial;10.202383;433864.864865;4426455.521595;bcb_3694_cpiaucsl;partial_cpi_target_year;Converted from nominal domestic currency to nominal USD with the listed exchange rate, then to target-year USD with CPIAUCSL. Target-year CPI uses the months available so far.;strict_renda_liquida;regional;"renda liquida publicada em faixas compativeis; serie regional/local, nao comparar diretamente com Brasil"
total;irpf_boletim_estatistico_32_1968_totais;irpf_boletim_estatistico_32_1968_totais.csv;total;1;1966;1967;Guanabara;irpf_boletim_estatistico_32_1968_totais;NCr$;NCr$ 1.000;NCr$ 1.000;;;Brasil. Ministerio da Fazenda. Departamento do Imposto de Renda. Boletim Estatistico, n. 32. [S.l.]: Ministerio da Fazenda, agosto 1968.;;outputs/fontes-pedro-souza-irpf/boletim_estatistico_n32_1968.pdf;61;29;Tabela sem numero;"Ano-calendario inferido como 1966 pela regra usual de exercicio do IR. A tabela do Boletim Estatistico n. 32 traz exercicio 1967, Guanabara, por classes de renda liquida. Os totais monetarios e de contribuintes por categoria fecham exatamente com a linha TOTAL publicada. O total geral de dependentes e legivel (172.410), mas os valores por faixa nao foram incorporados porque alguns digitos finais estao degradados no limite direito do scan. Pedro indica 1966 como SP e GB; esta extracao cobre apenas o componente Guanabara e nao entra como serie Brasil.";renda_bruta_ncr_mil_soma_faixas;963180.0;1000.000000;963180000.000000;2220.000000;2220.000000;unidade monetaria corrente por US$;1.000000;;3694;Taxa de cambio - Livre - Dolar americano (venda) - Media de periodo - anual;annual_period_average;https://api.bcb.gov.br/dados/serie/bcdata.sgs.3694/dados?formato=json&dataInicial=01%2F01%2F1943&dataFinal=31%2F12%2F2025;CPIAUCSL;Consumer Price Index for All Urban Consumers: All Items in U.S. City Average;seasonally_adjusted;32.470833;12;2026;331.279875;8;partial;10.202383;433864.864865;4426455.521595;bcb_3694_cpiaucsl;partial_cpi_target_year;Converted from nominal domestic currency to nominal USD with the listed exchange rate, then to target-year USD with CPIAUCSL. Target-year CPI uses the months available so far.;strict_renda_liquida;regional;"renda liquida publicada em faixas compativeis; serie regional/local, nao comparar diretamente com Brasil"
total;irpf_boletim_estatistico_32_1968_totais;irpf_boletim_estatistico_32_1968_totais.csv;total;1;1966;1967;Guanabara;irpf_boletim_estatistico_32_1968_totais;NCr$;NCr$ 1.000;NCr$ 1.000;;;Brasil. Ministerio da Fazenda. Departamento do Imposto de Renda. Boletim Estatistico, n. 32. [S.l.]: Ministerio da Fazenda, agosto 1968.;;outputs/fontes-pedro-souza-irpf/boletim_estatistico_n32_1968.pdf;61;29;Tabela sem numero;"Ano-calendario inferido como 1966 pela regra usual de exercicio do IR. A tabela do Boletim Estatistico n. 32 traz exercicio 1967, Guanabara, por classes de renda liquida. Os totais monetarios e de contribuintes por categoria fecham exatamente com a linha TOTAL publicada. O total geral de dependentes e legivel (172.410), mas os valores por faixa nao foram incorporados porque alguns digitos finais estao degradados no limite direito do scan. Pedro indica 1966 como SP e GB; esta extracao cobre apenas o componente Guanabara e nao entra como serie Brasil.";abatimentos_ncr_mil_total_publicado;254692.0;1000.000000;254692000.000000;2220.000000;2220.000000;unidade monetaria corrente por US$;1.000000;;3694;Taxa de cambio - Livre - Dolar americano (venda) - Media de periodo - anual;annual_period_average;https://api.bcb.gov.br/dados/serie/bcdata.sgs.3694/dados?formato=json&dataInicial=01%2F01%2F1943&dataFinal=31%2F12%2F2025;CPIAUCSL;Consumer Price Index for All Urban Consumers: All Items in U.S. City Average;seasonally_adjusted;32.470833;12;2026;331.279875;8;partial;10.202383;114726.126126;1170479.878845;bcb_3694_cpiaucsl;partial_cpi_target_year;Converted from nominal domestic currency to nominal USD with the listed exchange rate, then to target-year USD with CPIAUCSL. Target-year CPI uses the months available so far.;strict_renda_liquida;regional;"renda liquida publicada em faixas compativeis; serie regional/local, nao comparar diretamente com Brasil"
total;irpf_boletim_estatistico_32_1968_totais;irpf_boletim_estatistico_32_1968_totais.csv;total;1;1966;1967;Guanabara;irpf_boletim_estatistico_32_1968_totais;NCr$;NCr$ 1.000;NCr$ 1.000;;;Brasil. Ministerio da Fazenda. Departamento do Imposto de Renda. Boletim Estatistico, n. 32. [S.l.]: Ministerio da Fazenda, agosto 1968.;;outputs/fontes-pedro-souza-irpf/boletim_estatistico_n32_1968.pdf;61;29;Tabela sem numero;"Ano-calendario inferido como 1966 pela regra usual de exercicio do IR. A tabela do Boletim Estatistico n. 32 traz exercicio 1967, Guanabara, por classes de renda liquida. Os totais monetarios e de contribuintes por categoria fecham exatamente com a linha TOTAL publicada. O total geral de dependentes e legivel (172.410), mas os valores por faixa nao foram incorporados porque alguns digitos finais estao degradados no limite direito do scan. Pedro indica 1966 como SP e GB; esta extracao cobre apenas o componente Guanabara e nao entra como serie Brasil.";abatimentos_ncr_mil_soma_faixas;254692.0;1000.000000;254692000.000000;2220.000000;2220.000000;unidade monetaria corrente por US$;1.000000;;3694;Taxa de cambio - Livre - Dolar americano (venda) - Media de periodo - anual;annual_period_average;https://api.bcb.gov.br/dados/serie/bcdata.sgs.3694/dados?formato=json&dataInicial=01%2F01%2F1943&dataFinal=31%2F12%2F2025;CPIAUCSL;Consumer Price Index for All Urban Consumers: All Items in U.S. City Average;seasonally_adjusted;32.470833;12;2026;331.279875;8;partial;10.202383;114726.126126;1170479.878845;bcb_3694_cpiaucsl;partial_cpi_target_year;Converted from nominal domestic currency to nominal USD with the listed exchange rate, then to target-year USD with CPIAUCSL. Target-year CPI uses the months available so far.;strict_renda_liquida;regional;"renda liquida publicada em faixas compativeis; serie regional/local, nao comparar diretamente com Brasil"
total;irpf_boletim_estatistico_32_1968_totais;irpf_boletim_estatistico_32_1968_totais.csv;total;1;1966;1967;Guanabara;irpf_boletim_estatistico_32_1968_totais;NCr$;NCr$ 1.000;NCr$ 1.000;;;Brasil. Ministerio da Fazenda. Departamento do Imposto de Renda. Boletim Estatistico, n. 32. [S.l.]: Ministerio da Fazenda, agosto 1968.;;outputs/fontes-pedro-souza-irpf/boletim_estatistico_n32_1968.pdf;61;29;Tabela sem numero;"Ano-calendario inferido como 1966 pela regra usual de exercicio do IR. A tabela do Boletim Estatistico n. 32 traz exercicio 1967, Guanabara, por classes de renda liquida. Os totais monetarios e de contribuintes por categoria fecham exatamente com a linha TOTAL publicada. O total geral de dependentes e legivel (172.410), mas os valores por faixa nao foram incorporados porque alguns digitos finais estao degradados no limite direito do scan. Pedro indica 1966 como SP e GB; esta extracao cobre apenas o componente Guanabara e nao entra como serie Brasil.";renda_liquida_ncr_mil_total_publicado;708488.0;1000.000000;708488000.000000;2220.000000;2220.000000;unidade monetaria corrente por US$;1.000000;;3694;Taxa de cambio - Livre - Dolar americano (venda) - Media de periodo - anual;annual_period_average;https://api.bcb.gov.br/dados/serie/bcdata.sgs.3694/dados?formato=json&dataInicial=01%2F01%2F1943&dataFinal=31%2F12%2F2025;CPIAUCSL;Consumer Price Index for All Urban Consumers: All Items in U.S. City Average;seasonally_adjusted;32.470833;12;2026;331.279875;8;partial;10.202383;319138.738739;3255975.642750;bcb_3694_cpiaucsl;partial_cpi_target_year;Converted from nominal domestic currency to nominal USD with the listed exchange rate, then to target-year USD with CPIAUCSL. Target-year CPI uses the months available so far.;strict_renda_liquida;regional;"renda liquida publicada em faixas compativeis; serie regional/local, nao comparar diretamente com Brasil"
total;irpf_boletim_estatistico_32_1968_totais;irpf_boletim_estatistico_32_1968_totais.csv;total;1;1966;1967;Guanabara;irpf_boletim_estatistico_32_1968_totais;NCr$;NCr$ 1.000;NCr$ 1.000;;;Brasil. Ministerio da Fazenda. Departamento do Imposto de Renda. Boletim Estatistico, n. 32. [S.l.]: Ministerio da Fazenda, agosto 1968.;;outputs/fontes-pedro-souza-irpf/boletim_estatistico_n32_1968.pdf;61;29;Tabela sem numero;"Ano-calendario inferido como 1966 pela regra usual de exercicio do IR. A tabela do Boletim Estatistico n. 32 traz exercicio 1967, Guanabara, por classes de renda liquida. Os totais monetarios e de contribuintes por categoria fecham exatamente com a linha TOTAL publicada. O total geral de dependentes e legivel (172.410), mas os valores por faixa nao foram incorporados porque alguns digitos finais estao degradados no limite direito do scan. Pedro indica 1966 como SP e GB; esta extracao cobre apenas o componente Guanabara e nao entra como serie Brasil.";renda_liquida_ncr_mil_soma_faixas;708488.0;1000.000000;708488000.000000;2220.000000;2220.000000;unidade monetaria corrente por US$;1.000000;;3694;Taxa de cambio - Livre - Dolar americano (venda) - Media de periodo - anual;annual_period_average;https://api.bcb.gov.br/dados/serie/bcdata.sgs.3694/dados?formato=json&dataInicial=01%2F01%2F1943&dataFinal=31%2F12%2F2025;CPIAUCSL;Consumer Price Index for All Urban Consumers: All Items in U.S. City Average;seasonally_adjusted;32.470833;12;2026;331.279875;8;partial;10.202383;319138.738739;3255975.642750;bcb_3694_cpiaucsl;partial_cpi_target_year;Converted from nominal domestic currency to nominal USD with the listed exchange rate, then to target-year USD with CPIAUCSL. Target-year CPI uses the months available so far.;strict_renda_liquida;regional;"renda liquida publicada em faixas compativeis; serie regional/local, nao comparar diretamente com Brasil"
total;irpf_boletim_estatistico_32_1968_totais;irpf_boletim_estatistico_32_1968_totais.csv;total;1;1966;1967;Guanabara;irpf_boletim_estatistico_32_1968_totais;NCr$;NCr$ 1.000;NCr$ 1.000;;;Brasil. Ministerio da Fazenda. Departamento do Imposto de Renda. Boletim Estatistico, n. 32. [S.l.]: Ministerio da Fazenda, agosto 1968.;;outputs/fontes-pedro-souza-irpf/boletim_estatistico_n32_1968.pdf;61;29;Tabela sem numero;"Ano-calendario inferido como 1966 pela regra usual de exercicio do IR. A tabela do Boletim Estatistico n. 32 traz exercicio 1967, Guanabara, por classes de renda liquida. Os totais monetarios e de contribuintes por categoria fecham exatamente com a linha TOTAL publicada. O total geral de dependentes e legivel (172.410), mas os valores por faixa nao foram incorporados porque alguns digitos finais estao degradados no limite direito do scan. Pedro indica 1966 como SP e GB; esta extracao cobre apenas o componente Guanabara e nao entra como serie Brasil.";imposto_progressivo_ncr_mil_total_publicado;94506.303;1000.000000;94506303.000000;2220.000000;2220.000000;unidade monetaria corrente por US$;1.000000;;3694;Taxa de cambio - Livre - Dolar americano (venda) - Media de periodo - anual;annual_period_average;https://api.bcb.gov.br/dados/serie/bcdata.sgs.3694/dados?formato=json&dataInicial=01%2F01%2F1943&dataFinal=31%2F12%2F2025;CPIAUCSL;Consumer Price Index for All Urban Consumers: All Items in U.S. City Average;seasonally_adjusted;32.470833;12;2026;331.279875;8;partial;10.202383;42570.406757;434319.594198;bcb_3694_cpiaucsl;partial_cpi_target_year;Converted from nominal domestic currency to nominal USD with the listed exchange rate, then to target-year USD with CPIAUCSL. Target-year CPI uses the months available so far.;strict_renda_liquida;regional;"renda liquida publicada em faixas compativeis; serie regional/local, nao comparar diretamente com Brasil"
total;irpf_boletim_estatistico_32_1968_totais;irpf_boletim_estatistico_32_1968_totais.csv;total;1;1966;1967;Guanabara;irpf_boletim_estatistico_32_1968_totais;NCr$;NCr$ 1.000;NCr$ 1.000;;;Brasil. Ministerio da Fazenda. Departamento do Imposto de Renda. Boletim Estatistico, n. 32. [S.l.]: Ministerio da Fazenda, agosto 1968.;;outputs/fontes-pedro-souza-irpf/boletim_estatistico_n32_1968.pdf;61;29;Tabela sem numero;"Ano-calendario inferido como 1966 pela regra usual de exercicio do IR. A tabela do Boletim Estatistico n. 32 traz exercicio 1967, Guanabara, por classes de renda liquida. Os totais monetarios e de contribuintes por categoria fecham exatamente com a linha TOTAL publicada. O total geral de dependentes e legivel (172.410), mas os valores por faixa nao foram incorporados porque alguns digitos finais estao degradados no limite direito do scan. Pedro indica 1966 como SP e GB; esta extracao cobre apenas o componente Guanabara e nao entra como serie Brasil.";imposto_progressivo_ncr_mil_soma_faixas;94506.303;1000.000000;94506303.000000;2220.000000;2220.000000;unidade monetaria corrente por US$;1.000000;;3694;Taxa de cambio - Livre - Dolar americano (venda) - Media de periodo - anual;annual_period_average;https://api.bcb.gov.br/dados/serie/bcdata.sgs.3694/dados?formato=json&dataInicial=01%2F01%2F1943&dataFinal=31%2F12%2F2025;CPIAUCSL;Consumer Price Index for All Urban Consumers: All Items in U.S. City Average;seasonally_adjusted;32.470833;12;2026;331.279875;8;partial;10.202383;42570.406757;434319.594198;bcb_3694_cpiaucsl;partial_cpi_target_year;Converted from nominal domestic currency to nominal USD with the listed exchange rate, then to target-year USD with CPIAUCSL. Target-year CPI uses the months available so far.;strict_renda_liquida;regional;"renda liquida publicada em faixas compativeis; serie regional/local, nao comparar diretamente com Brasil"
total;irpf_boletim_estatistico_32_1968_totais;irpf_boletim_estatistico_32_1968_totais.csv;total;1;1966;1967;Guanabara;irpf_boletim_estatistico_32_1968_totais;NCr$;NCr$ 1.000;NCr$ 1.000;;;Brasil. Ministerio da Fazenda. Departamento do Imposto de Renda. Boletim Estatistico, n. 32. [S.l.]: Ministerio da Fazenda, agosto 1968.;;outputs/fontes-pedro-souza-irpf/boletim_estatistico_n32_1968.pdf;61;29;Tabela sem numero;"Ano-calendario inferido como 1966 pela regra usual de exercicio do IR. A tabela do Boletim Estatistico n. 32 traz exercicio 1967, Guanabara, por classes de renda liquida. Os totais monetarios e de contribuintes por categoria fecham exatamente com a linha TOTAL publicada. O total geral de dependentes e legivel (172.410), mas os valores por faixa nao foram incorporados porque alguns digitos finais estao degradados no limite direito do scan. Pedro indica 1966 como SP e GB; esta extracao cobre apenas o componente Guanabara e nao entra como serie Brasil.";renda_bruta_ncr_total_publicado;963180000;1.000000;963180000.000000;2220.000000;2220.000000;unidade monetaria corrente por US$;1.000000;;3694;Taxa de cambio - Livre - Dolar americano (venda) - Media de periodo - anual;annual_period_average;https://api.bcb.gov.br/dados/serie/bcdata.sgs.3694/dados?formato=json&dataInicial=01%2F01%2F1943&dataFinal=31%2F12%2F2025;CPIAUCSL;Consumer Price Index for All Urban Consumers: All Items in U.S. City Average;seasonally_adjusted;32.470833;12;2026;331.279875;8;partial;10.202383;433864.864865;4426455.521595;bcb_3694_cpiaucsl;partial_cpi_target_year;Converted from nominal domestic currency to nominal USD with the listed exchange rate, then to target-year USD with CPIAUCSL. Target-year CPI uses the months available so far.;strict_renda_liquida;regional;"renda liquida publicada em faixas compativeis; serie regional/local, nao comparar diretamente com Brasil"
total;irpf_boletim_estatistico_32_1968_totais;irpf_boletim_estatistico_32_1968_totais.csv;total;1;1966;1967;Guanabara;irpf_boletim_estatistico_32_1968_totais;NCr$;NCr$ 1.000;NCr$ 1.000;;;Brasil. Ministerio da Fazenda. Departamento do Imposto de Renda. Boletim Estatistico, n. 32. [S.l.]: Ministerio da Fazenda, agosto 1968.;;outputs/fontes-pedro-souza-irpf/boletim_estatistico_n32_1968.pdf;61;29;Tabela sem numero;"Ano-calendario inferido como 1966 pela regra usual de exercicio do IR. A tabela do Boletim Estatistico n. 32 traz exercicio 1967, Guanabara, por classes de renda liquida. Os totais monetarios e de contribuintes por categoria fecham exatamente com a linha TOTAL publicada. O total geral de dependentes e legivel (172.410), mas os valores por faixa nao foram incorporados porque alguns digitos finais estao degradados no limite direito do scan. Pedro indica 1966 como SP e GB; esta extracao cobre apenas o componente Guanabara e nao entra como serie Brasil.";renda_bruta_ncr_soma_faixas;963180000;1.000000;963180000.000000;2220.000000;2220.000000;unidade monetaria corrente por US$;1.000000;;3694;Taxa de cambio - Livre - Dolar americano (venda) - Media de periodo - anual;annual_period_average;https://api.bcb.gov.br/dados/serie/bcdata.sgs.3694/dados?formato=json&dataInicial=01%2F01%2F1943&dataFinal=31%2F12%2F2025;CPIAUCSL;Consumer Price Index for All Urban Consumers: All Items in U.S. City Average;seasonally_adjusted;32.470833;12;2026;331.279875;8;partial;10.202383;433864.864865;4426455.521595;bcb_3694_cpiaucsl;partial_cpi_target_year;Converted from nominal domestic currency to nominal USD with the listed exchange rate, then to target-year USD with CPIAUCSL. Target-year CPI uses the months available so far.;strict_renda_liquida;regional;"renda liquida publicada em faixas compativeis; serie regional/local, nao comparar diretamente com Brasil"
total;irpf_boletim_estatistico_32_1968_totais;irpf_boletim_estatistico_32_1968_totais.csv;total;1;1966;1967;Guanabara;irpf_boletim_estatistico_32_1968_totais;NCr$;NCr$ 1.000;NCr$ 1.000;;;Brasil. Ministerio da Fazenda. Departamento do Imposto de Renda. Boletim Estatistico, n. 32. [S.l.]: Ministerio da Fazenda, agosto 1968.;;outputs/fontes-pedro-souza-irpf/boletim_estatistico_n32_1968.pdf;61;29;Tabela sem numero;"Ano-calendario inferido como 1966 pela regra usual de exercicio do IR. A tabela do Boletim Estatistico n. 32 traz exercicio 1967, Guanabara, por classes de renda liquida. Os totais monetarios e de contribuintes por categoria fecham exatamente com a linha TOTAL publicada. O total geral de dependentes e legivel (172.410), mas os valores por faixa nao foram incorporados porque alguns digitos finais estao degradados no limite direito do scan. Pedro indica 1966 como SP e GB; esta extracao cobre apenas o componente Guanabara e nao entra como serie Brasil.";renda_bruta_ncr_diferenca_total_menos_faixas;0;1.000000;0.000000;2220.000000;2220.000000;unidade monetaria corrente por US$;1.000000;;3694;Taxa de cambio - Livre - Dolar americano (venda) - Media de periodo - anual;annual_period_average;https://api.bcb.gov.br/dados/serie/bcdata.sgs.3694/dados?formato=json&dataInicial=01%2F01%2F1943&dataFinal=31%2F12%2F2025;CPIAUCSL;Consumer Price Index for All Urban Consumers: All Items in U.S. City Average;seasonally_adjusted;32.470833;12;2026;331.279875;8;partial;10.202383;0.000000;0.000000;bcb_3694_cpiaucsl;partial_cpi_target_year;Converted from nominal domestic currency to nominal USD with the listed exchange rate, then to target-year USD with CPIAUCSL. Target-year CPI uses the months available so far.;strict_renda_liquida;regional;"renda liquida publicada em faixas compativeis; serie regional/local, nao comparar diretamente com Brasil"
total;irpf_boletim_estatistico_32_1968_totais;irpf_boletim_estatistico_32_1968_totais.csv;total;1;1966;1967;Guanabara;irpf_boletim_estatistico_32_1968_totais;NCr$;NCr$ 1.000;NCr$ 1.000;;;Brasil. Ministerio da Fazenda. Departamento do Imposto de Renda. Boletim Estatistico, n. 32. [S.l.]: Ministerio da Fazenda, agosto 1968.;;outputs/fontes-pedro-souza-irpf/boletim_estatistico_n32_1968.pdf;61;29;Tabela sem numero;"Ano-calendario inferido como 1966 pela regra usual de exercicio do IR. A tabela do Boletim Estatistico n. 32 traz exercicio 1967, Guanabara, por classes de renda liquida. Os totais monetarios e de contribuintes por categoria fecham exatamente com a linha TOTAL publicada. O total geral de dependentes e legivel (172.410), mas os valores por faixa nao foram incorporados porque alguns digitos finais estao degradados no limite direito do scan. Pedro indica 1966 como SP e GB; esta extracao cobre apenas o componente Guanabara e nao entra como serie Brasil.";abatimentos_ncr_total_publicado;254692000;1.000000;254692000.000000;2220.000000;2220.000000;unidade monetaria corrente por US$;1.000000;;3694;Taxa de cambio - Livre - Dolar americano (venda) - Media de periodo - anual;annual_period_average;https://api.bcb.gov.br/dados/serie/bcdata.sgs.3694/dados?formato=json&dataInicial=01%2F01%2F1943&dataFinal=31%2F12%2F2025;CPIAUCSL;Consumer Price Index for All Urban Consumers: All Items in U.S. City Average;seasonally_adjusted;32.470833;12;2026;331.279875;8;partial;10.202383;114726.126126;1170479.878845;bcb_3694_cpiaucsl;partial_cpi_target_year;Converted from nominal domestic currency to nominal USD with the listed exchange rate, then to target-year USD with CPIAUCSL. Target-year CPI uses the months available so far.;strict_renda_liquida;regional;"renda liquida publicada em faixas compativeis; serie regional/local, nao comparar diretamente com Brasil"
total;irpf_boletim_estatistico_32_1968_totais;irpf_boletim_estatistico_32_1968_totais.csv;total;1;1966;1967;Guanabara;irpf_boletim_estatistico_32_1968_totais;NCr$;NCr$ 1.000;NCr$ 1.000;;;Brasil. Ministerio da Fazenda. Departamento do Imposto de Renda. Boletim Estatistico, n. 32. [S.l.]: Ministerio da Fazenda, agosto 1968.;;outputs/fontes-pedro-souza-irpf/boletim_estatistico_n32_1968.pdf;61;29;Tabela sem numero;"Ano-calendario inferido como 1966 pela regra usual de exercicio do IR. A tabela do Boletim Estatistico n. 32 traz exercicio 1967, Guanabara, por classes de renda liquida. Os totais monetarios e de contribuintes por categoria fecham exatamente com a linha TOTAL publicada. O total geral de dependentes e legivel (172.410), mas os valores por faixa nao foram incorporados porque alguns digitos finais estao degradados no limite direito do scan. Pedro indica 1966 como SP e GB; esta extracao cobre apenas o componente Guanabara e nao entra como serie Brasil.";abatimentos_ncr_soma_faixas;254692000;1.000000;254692000.000000;2220.000000;2220.000000;unidade monetaria corrente por US$;1.000000;;3694;Taxa de cambio - Livre - Dolar americano (venda) - Media de periodo - anual;annual_period_average;https://api.bcb.gov.br/dados/serie/bcdata.sgs.3694/dados?formato=json&dataInicial=01%2F01%2F1943&dataFinal=31%2F12%2F2025;CPIAUCSL;Consumer Price Index for All Urban Consumers: All Items in U.S. City Average;seasonally_adjusted;32.470833;12;2026;331.279875;8;partial;10.202383;114726.126126;1170479.878845;bcb_3694_cpiaucsl;partial_cpi_target_year;Converted from nominal domestic currency to nominal USD with the listed exchange rate, then to target-year USD with CPIAUCSL. Target-year CPI uses the months available so far.;strict_renda_liquida;regional;"renda liquida publicada em faixas compativeis; serie regional/local, nao comparar diretamente com Brasil"
total;irpf_boletim_estatistico_32_1968_totais;irpf_boletim_estatistico_32_1968_totais.csv;total;1;1966;1967;Guanabara;irpf_boletim_estatistico_32_1968_totais;NCr$;NCr$ 1.000;NCr$ 1.000;;;Brasil. Ministerio da Fazenda. Departamento do Imposto de Renda. Boletim Estatistico, n. 32. [S.l.]: Ministerio da Fazenda, agosto 1968.;;outputs/fontes-pedro-souza-irpf/boletim_estatistico_n32_1968.pdf;61;29;Tabela sem numero;"Ano-calendario inferido como 1966 pela regra usual de exercicio do IR. A tabela do Boletim Estatistico n. 32 traz exercicio 1967, Guanabara, por classes de renda liquida. Os totais monetarios e de contribuintes por categoria fecham exatamente com a linha TOTAL publicada. O total geral de dependentes e legivel (172.410), mas os valores por faixa nao foram incorporados porque alguns digitos finais estao degradados no limite direito do scan. Pedro indica 1966 como SP e GB; esta extracao cobre apenas o componente Guanabara e nao entra como serie Brasil.";abatimentos_ncr_diferenca_total_menos_faixas;0;1.000000;0.000000;2220.000000;2220.000000;unidade monetaria corrente por US$;1.000000;;3694;Taxa de cambio - Livre - Dolar americano (venda) - Media de periodo - anual;annual_period_average;https://api.bcb.gov.br/dados/serie/bcdata.sgs.3694/dados?formato=json&dataInicial=01%2F01%2F1943&dataFinal=31%2F12%2F2025;CPIAUCSL;Consumer Price Index for All Urban Consumers: All Items in U.S. City Average;seasonally_adjusted;32.470833;12;2026;331.279875;8;partial;10.202383;0.000000;0.000000;bcb_3694_cpiaucsl;partial_cpi_target_year;Converted from nominal domestic currency to nominal USD with the listed exchange rate, then to target-year USD with CPIAUCSL. Target-year CPI uses the months available so far.;strict_renda_liquida;regional;"renda liquida publicada em faixas compativeis; serie regional/local, nao comparar diretamente com Brasil"
total;irpf_boletim_estatistico_32_1968_totais;irpf_boletim_estatistico_32_1968_totais.csv;total;1;1966;1967;Guanabara;irpf_boletim_estatistico_32_1968_totais;NCr$;NCr$ 1.000;NCr$ 1.000;;;Brasil. Ministerio da Fazenda. Departamento do Imposto de Renda. Boletim Estatistico, n. 32. [S.l.]: Ministerio da Fazenda, agosto 1968.;;outputs/fontes-pedro-souza-irpf/boletim_estatistico_n32_1968.pdf;61;29;Tabela sem numero;"Ano-calendario inferido como 1966 pela regra usual de exercicio do IR. A tabela do Boletim Estatistico n. 32 traz exercicio 1967, Guanabara, por classes de renda liquida. Os totais monetarios e de contribuintes por categoria fecham exatamente com a linha TOTAL publicada. O total geral de dependentes e legivel (172.410), mas os valores por faixa nao foram incorporados porque alguns digitos finais estao degradados no limite direito do scan. Pedro indica 1966 como SP e GB; esta extracao cobre apenas o componente Guanabara e nao entra como serie Brasil.";renda_liquida_ncr_total_publicado;708488000;1.000000;708488000.000000;2220.000000;2220.000000;unidade monetaria corrente por US$;1.000000;;3694;Taxa de cambio - Livre - Dolar americano (venda) - Media de periodo - anual;annual_period_average;https://api.bcb.gov.br/dados/serie/bcdata.sgs.3694/dados?formato=json&dataInicial=01%2F01%2F1943&dataFinal=31%2F12%2F2025;CPIAUCSL;Consumer Price Index for All Urban Consumers: All Items in U.S. City Average;seasonally_adjusted;32.470833;12;2026;331.279875;8;partial;10.202383;319138.738739;3255975.642750;bcb_3694_cpiaucsl;partial_cpi_target_year;Converted from nominal domestic currency to nominal USD with the listed exchange rate, then to target-year USD with CPIAUCSL. Target-year CPI uses the months available so far.;strict_renda_liquida;regional;"renda liquida publicada em faixas compativeis; serie regional/local, nao comparar diretamente com Brasil"
total;irpf_boletim_estatistico_32_1968_totais;irpf_boletim_estatistico_32_1968_totais.csv;total;1;1966;1967;Guanabara;irpf_boletim_estatistico_32_1968_totais;NCr$;NCr$ 1.000;NCr$ 1.000;;;Brasil. Ministerio da Fazenda. Departamento do Imposto de Renda. Boletim Estatistico, n. 32. [S.l.]: Ministerio da Fazenda, agosto 1968.;;outputs/fontes-pedro-souza-irpf/boletim_estatistico_n32_1968.pdf;61;29;Tabela sem numero;"Ano-calendario inferido como 1966 pela regra usual de exercicio do IR. A tabela do Boletim Estatistico n. 32 traz exercicio 1967, Guanabara, por classes de renda liquida. Os totais monetarios e de contribuintes por categoria fecham exatamente com a linha TOTAL publicada. O total geral de dependentes e legivel (172.410), mas os valores por faixa nao foram incorporados porque alguns digitos finais estao degradados no limite direito do scan. Pedro indica 1966 como SP e GB; esta extracao cobre apenas o componente Guanabara e nao entra como serie Brasil.";renda_liquida_ncr_soma_faixas;708488000;1.000000;708488000.000000;2220.000000;2220.000000;unidade monetaria corrente por US$;1.000000;;3694;Taxa de cambio - Livre - Dolar americano (venda) - Media de periodo - anual;annual_period_average;https://api.bcb.gov.br/dados/serie/bcdata.sgs.3694/dados?formato=json&dataInicial=01%2F01%2F1943&dataFinal=31%2F12%2F2025;CPIAUCSL;Consumer Price Index for All Urban Consumers: All Items in U.S. City Average;seasonally_adjusted;32.470833;12;2026;331.279875;8;partial;10.202383;319138.738739;3255975.642750;bcb_3694_cpiaucsl;partial_cpi_target_year;Converted from nominal domestic currency to nominal USD with the listed exchange rate, then to target-year USD with CPIAUCSL. Target-year CPI uses the months available so far.;strict_renda_liquida;regional;"renda liquida publicada em faixas compativeis; serie regional/local, nao comparar diretamente com Brasil"
total;irpf_boletim_estatistico_32_1968_totais;irpf_boletim_estatistico_32_1968_totais.csv;total;1;1966;1967;Guanabara;irpf_boletim_estatistico_32_1968_totais;NCr$;NCr$ 1.000;NCr$ 1.000;;;Brasil. Ministerio da Fazenda. Departamento do Imposto de Renda. Boletim Estatistico, n. 32. [S.l.]: Ministerio da Fazenda, agosto 1968.;;outputs/fontes-pedro-souza-irpf/boletim_estatistico_n32_1968.pdf;61;29;Tabela sem numero;"Ano-calendario inferido como 1966 pela regra usual de exercicio do IR. A tabela do Boletim Estatistico n. 32 traz exercicio 1967, Guanabara, por classes de renda liquida. Os totais monetarios e de contribuintes por categoria fecham exatamente com a linha TOTAL publicada. O total geral de dependentes e legivel (172.410), mas os valores por faixa nao foram incorporados porque alguns digitos finais estao degradados no limite direito do scan. Pedro indica 1966 como SP e GB; esta extracao cobre apenas o componente Guanabara e nao entra como serie Brasil.";renda_liquida_ncr_diferenca_total_menos_faixas;0;1.000000;0.000000;2220.000000;2220.000000;unidade monetaria corrente por US$;1.000000;;3694;Taxa de cambio - Livre - Dolar americano (venda) - Media de periodo - anual;annual_period_average;https://api.bcb.gov.br/dados/serie/bcdata.sgs.3694/dados?formato=json&dataInicial=01%2F01%2F1943&dataFinal=31%2F12%2F2025;CPIAUCSL;Consumer Price Index for All Urban Consumers: All Items in U.S. City Average;seasonally_adjusted;32.470833;12;2026;331.279875;8;partial;10.202383;0.000000;0.000000;bcb_3694_cpiaucsl;partial_cpi_target_year;Converted from nominal domestic currency to nominal USD with the listed exchange rate, then to target-year USD with CPIAUCSL. Target-year CPI uses the months available so far.;strict_renda_liquida;regional;"renda liquida publicada em faixas compativeis; serie regional/local, nao comparar diretamente com Brasil"
total;irpf_boletim_estatistico_32_1968_totais;irpf_boletim_estatistico_32_1968_totais.csv;total;1;1966;1967;Guanabara;irpf_boletim_estatistico_32_1968_totais;NCr$;NCr$ 1.000;NCr$ 1.000;;;Brasil. Ministerio da Fazenda. Departamento do Imposto de Renda. Boletim Estatistico, n. 32. [S.l.]: Ministerio da Fazenda, agosto 1968.;;outputs/fontes-pedro-souza-irpf/boletim_estatistico_n32_1968.pdf;61;29;Tabela sem numero;"Ano-calendario inferido como 1966 pela regra usual de exercicio do IR. A tabela do Boletim Estatistico n. 32 traz exercicio 1967, Guanabara, por classes de renda liquida. Os totais monetarios e de contribuintes por categoria fecham exatamente com a linha TOTAL publicada. O total geral de dependentes e legivel (172.410), mas os valores por faixa nao foram incorporados porque alguns digitos finais estao degradados no limite direito do scan. Pedro indica 1966 como SP e GB; esta extracao cobre apenas o componente Guanabara e nao entra como serie Brasil.";imposto_progressivo_ncr_total_publicado;94506303;1.000000;94506303.000000;2220.000000;2220.000000;unidade monetaria corrente por US$;1.000000;;3694;Taxa de cambio - Livre - Dolar americano (venda) - Media de periodo - anual;annual_period_average;https://api.bcb.gov.br/dados/serie/bcdata.sgs.3694/dados?formato=json&dataInicial=01%2F01%2F1943&dataFinal=31%2F12%2F2025;CPIAUCSL;Consumer Price Index for All Urban Consumers: All Items in U.S. City Average;seasonally_adjusted;32.470833;12;2026;331.279875;8;partial;10.202383;42570.406757;434319.594198;bcb_3694_cpiaucsl;partial_cpi_target_year;Converted from nominal domestic currency to nominal USD with the listed exchange rate, then to target-year USD with CPIAUCSL. Target-year CPI uses the months available so far.;strict_renda_liquida;regional;"renda liquida publicada em faixas compativeis; serie regional/local, nao comparar diretamente com Brasil"
total;irpf_boletim_estatistico_32_1968_totais;irpf_boletim_estatistico_32_1968_totais.csv;total;1;1966;1967;Guanabara;irpf_boletim_estatistico_32_1968_totais;NCr$;NCr$ 1.000;NCr$ 1.000;;;Brasil. Ministerio da Fazenda. Departamento do Imposto de Renda. Boletim Estatistico, n. 32. [S.l.]: Ministerio da Fazenda, agosto 1968.;;outputs/fontes-pedro-souza-irpf/boletim_estatistico_n32_1968.pdf;61;29;Tabela sem numero;"Ano-calendario inferido como 1966 pela regra usual de exercicio do IR. A tabela do Boletim Estatistico n. 32 traz exercicio 1967, Guanabara, por classes de renda liquida. Os totais monetarios e de contribuintes por categoria fecham exatamente com a linha TOTAL publicada. O total geral de dependentes e legivel (172.410), mas os valores por faixa nao foram incorporados porque alguns digitos finais estao degradados no limite direito do scan. Pedro indica 1966 como SP e GB; esta extracao cobre apenas o componente Guanabara e nao entra como serie Brasil.";imposto_progressivo_ncr_soma_faixas;94506303;1.000000;94506303.000000;2220.000000;2220.000000;unidade monetaria corrente por US$;1.000000;;3694;Taxa de cambio - Livre - Dolar americano (venda) - Media de periodo - anual;annual_period_average;https://api.bcb.gov.br/dados/serie/bcdata.sgs.3694/dados?formato=json&dataInicial=01%2F01%2F1943&dataFinal=31%2F12%2F2025;CPIAUCSL;Consumer Price Index for All Urban Consumers: All Items in U.S. City Average;seasonally_adjusted;32.470833;12;2026;331.279875;8;partial;10.202383;42570.406757;434319.594198;bcb_3694_cpiaucsl;partial_cpi_target_year;Converted from nominal domestic currency to nominal USD with the listed exchange rate, then to target-year USD with CPIAUCSL. Target-year CPI uses the months available so far.;strict_renda_liquida;regional;"renda liquida publicada em faixas compativeis; serie regional/local, nao comparar diretamente com Brasil"
total;irpf_boletim_estatistico_32_1968_totais;irpf_boletim_estatistico_32_1968_totais.csv;total;1;1966;1967;Guanabara;irpf_boletim_estatistico_32_1968_totais;NCr$;NCr$ 1.000;NCr$ 1.000;;;Brasil. Ministerio da Fazenda. Departamento do Imposto de Renda. Boletim Estatistico, n. 32. [S.l.]: Ministerio da Fazenda, agosto 1968.;;outputs/fontes-pedro-souza-irpf/boletim_estatistico_n32_1968.pdf;61;29;Tabela sem numero;"Ano-calendario inferido como 1966 pela regra usual de exercicio do IR. A tabela do Boletim Estatistico n. 32 traz exercicio 1967, Guanabara, por classes de renda liquida. Os totais monetarios e de contribuintes por categoria fecham exatamente com a linha TOTAL publicada. O total geral de dependentes e legivel (172.410), mas os valores por faixa nao foram incorporados porque alguns digitos finais estao degradados no limite direito do scan. Pedro indica 1966 como SP e GB; esta extracao cobre apenas o componente Guanabara e nao entra como serie Brasil.";imposto_progressivo_ncr_diferenca_total_menos_faixas;0;1.000000;0.000000;2220.000000;2220.000000;unidade monetaria corrente por US$;1.000000;;3694;Taxa de cambio - Livre - Dolar americano (venda) - Media de periodo - anual;annual_period_average;https://api.bcb.gov.br/dados/serie/bcdata.sgs.3694/dados?formato=json&dataInicial=01%2F01%2F1943&dataFinal=31%2F12%2F2025;CPIAUCSL;Consumer Price Index for All Urban Consumers: All Items in U.S. City Average;seasonally_adjusted;32.470833;12;2026;331.279875;8;partial;10.202383;0.000000;0.000000;bcb_3694_cpiaucsl;partial_cpi_target_year;Converted from nominal domestic currency to nominal USD with the listed exchange rate, then to target-year USD with CPIAUCSL. Target-year CPI uses the months available so far.;strict_renda_liquida;regional;"renda liquida publicada em faixas compativeis; serie regional/local, nao comparar diretamente com Brasil"
total;irpf_boletim_estatistico_32_1968_totais;irpf_boletim_estatistico_32_1968_totais.csv;total;1;1966;1967;Guanabara;irpf_boletim_estatistico_32_1968_totais;NCr$;NCr$ 1.000;NCr$ 1.000;;;Brasil. Ministerio da Fazenda. Departamento do Imposto de Renda. Boletim Estatistico, n. 32. [S.l.]: Ministerio da Fazenda, agosto 1968.;;outputs/fontes-pedro-souza-irpf/boletim_estatistico_n32_1968.pdf;61;29;Tabela sem numero;"Ano-calendario inferido como 1966 pela regra usual de exercicio do IR. A tabela do Boletim Estatistico n. 32 traz exercicio 1967, Guanabara, por classes de renda liquida. Os totais monetarios e de contribuintes por categoria fecham exatamente com a linha TOTAL publicada. O total geral de dependentes e legivel (172.410), mas os valores por faixa nao foram incorporados porque alguns digitos finais estao degradados no limite direito do scan. Pedro indica 1966 como SP e GB; esta extracao cobre apenas o componente Guanabara e nao entra como serie Brasil.";renda_liquida_media_ncr;7824.446702;1.000000;7824.446702;2220.000000;2220.000000;unidade monetaria corrente por US$;1.000000;;3694;Taxa de cambio - Livre - Dolar americano (venda) - Media de periodo - anual;annual_period_average;https://api.bcb.gov.br/dados/serie/bcdata.sgs.3694/dados?formato=json&dataInicial=01%2F01%2F1943&dataFinal=31%2F12%2F2025;CPIAUCSL;Consumer Price Index for All Urban Consumers: All Items in U.S. City Average;seasonally_adjusted;32.470833;12;2026;331.279875;8;partial;10.202383;3.524526;35.958559;bcb_3694_cpiaucsl;partial_cpi_target_year;Converted from nominal domestic currency to nominal USD with the listed exchange rate, then to target-year USD with CPIAUCSL. Target-year CPI uses the months available so far.;strict_renda_liquida;regional;"renda liquida publicada em faixas compativeis; serie regional/local, nao comparar diretamente com Brasil"
total;irpf_receita_cief_1968_totais;irpf_receita_cief_1968_totais.csv;total;1;1967;1968;Brasil;irpf_receita_cief_1968_totais;NCr$;NCr$ 1.000;;;;Brasil. Ministerio da Fazenda. Secretaria da Receita Federal. Centro de Informacoes Economico-Fiscais (CIEF). Imposto sobre a renda e proventos de qualquer natureza, 1968. Rio de Janeiro: Imprensa Nacional, 1968.;;outputs/fontes-pedro-souza-irpf/imposto_renda_proventos_1968.pdf;121;48;Quadro 2.1.1.6;A soma dos descontos na fonte nas faixas e 221.839, mas o total publicado e 221.399.;renda_bruta_ncr_mil_total_publicado;6114549;1000.000000;6114549000.000000;2.663000;2.663000;unidade monetaria corrente por US$;1.000000;;3694;Taxa de cambio - Livre - Dolar americano (venda) - Media de periodo - anual;annual_period_average;https://api.bcb.gov.br/dados/serie/bcdata.sgs.3694/dados?formato=json&dataInicial=01%2F01%2F1943&dataFinal=31%2F12%2F2025;CPIAUCSL;Consumer Price Index for All Urban Consumers: All Items in U.S. City Average;seasonally_adjusted;33.375000;12;2026;331.279875;8;partial;9.925989;2296113030.416823;22791192682.674052;bcb_3694_cpiaucsl;partial_cpi_target_year;Converted from nominal domestic currency to nominal USD with the listed exchange rate, then to target-year USD with CPIAUCSL. Target-year CPI uses the months available so far.;strict_renda_liquida;national;renda liquida publicada em faixas compativeis
total;irpf_receita_cief_1968_totais;irpf_receita_cief_1968_totais.csv;total;1;1967;1968;Brasil;irpf_receita_cief_1968_totais;NCr$;NCr$ 1.000;;;;Brasil. Ministerio da Fazenda. Secretaria da Receita Federal. Centro de Informacoes Economico-Fiscais (CIEF). Imposto sobre a renda e proventos de qualquer natureza, 1968. Rio de Janeiro: Imprensa Nacional, 1968.;;outputs/fontes-pedro-souza-irpf/imposto_renda_proventos_1968.pdf;121;48;Quadro 2.1.1.6;A soma dos descontos na fonte nas faixas e 221.839, mas o total publicado e 221.399.;renda_bruta_ncr_mil_soma_faixas;6114549;1000.000000;6114549000.000000;2.663000;2.663000;unidade monetaria corrente por US$;1.000000;;3694;Taxa de cambio - Livre - Dolar americano (venda) - Media de periodo - anual;annual_period_average;https://api.bcb.gov.br/dados/serie/bcdata.sgs.3694/dados?formato=json&dataInicial=01%2F01%2F1943&dataFinal=31%2F12%2F2025;CPIAUCSL;Consumer Price Index for All Urban Consumers: All Items in U.S. City Average;seasonally_adjusted;33.375000;12;2026;331.279875;8;partial;9.925989;2296113030.416823;22791192682.674052;bcb_3694_cpiaucsl;partial_cpi_target_year;Converted from nominal domestic currency to nominal USD with the listed exchange rate, then to target-year USD with CPIAUCSL. Target-year CPI uses the months available so far.;strict_renda_liquida;national;renda liquida publicada em faixas compativeis
total;irpf_receita_cief_1968_totais;irpf_receita_cief_1968_totais.csv;total;1;1967;1968;Brasil;irpf_receita_cief_1968_totais;NCr$;NCr$ 1.000;;;;Brasil. Ministerio da Fazenda. Secretaria da Receita Federal. Centro de Informacoes Economico-Fiscais (CIEF). Imposto sobre a renda e proventos de qualquer natureza, 1968. Rio de Janeiro: Imprensa Nacional, 1968.;;outputs/fontes-pedro-souza-irpf/imposto_renda_proventos_1968.pdf;121;48;Quadro 2.1.1.6;A soma dos descontos na fonte nas faixas e 221.839, mas o total publicado e 221.399.;renda_bruta_ncr_mil_diferenca_total_menos_faixas;0;1000.000000;0.000000;2.663000;2.663000;unidade monetaria corrente por US$;1.000000;;3694;Taxa de cambio - Livre - Dolar americano (venda) - Media de periodo - anual;annual_period_average;https://api.bcb.gov.br/dados/serie/bcdata.sgs.3694/dados?formato=json&dataInicial=01%2F01%2F1943&dataFinal=31%2F12%2F2025;CPIAUCSL;Consumer Price Index for All Urban Consumers: All Items in U.S. City Average;seasonally_adjusted;33.375000;12;2026;331.279875;8;partial;9.925989;0.000000;0.000000;bcb_3694_cpiaucsl;partial_cpi_target_year;Converted from nominal domestic currency to nominal USD with the listed exchange rate, then to target-year USD with CPIAUCSL. Target-year CPI uses the months available so far.;strict_renda_liquida;national;renda liquida publicada em faixas compativeis
total;irpf_receita_cief_1968_totais;irpf_receita_cief_1968_totais.csv;total;1;1967;1968;Brasil;irpf_receita_cief_1968_totais;NCr$;NCr$ 1.000;;;;Brasil. Ministerio da Fazenda. Secretaria da Receita Federal. Centro de Informacoes Economico-Fiscais (CIEF). Imposto sobre a renda e proventos de qualquer natureza, 1968. Rio de Janeiro: Imprensa Nacional, 1968.;;outputs/fontes-pedro-souza-irpf/imposto_renda_proventos_1968.pdf;121;48;Quadro 2.1.1.6;A soma dos descontos na fonte nas faixas e 221.839, mas o total publicado e 221.399.;abatimentos_ncr_mil_total_publicado;1911163;1000.000000;1911163000.000000;2.663000;2.663000;unidade monetaria corrente por US$;1.000000;;3694;Taxa de cambio - Livre - Dolar americano (venda) - Media de periodo - anual;annual_period_average;https://api.bcb.gov.br/dados/serie/bcdata.sgs.3694/dados?formato=json&dataInicial=01%2F01%2F1943&dataFinal=31%2F12%2F2025;CPIAUCSL;Consumer Price Index for All Urban Consumers: All Items in U.S. City Average;seasonally_adjusted;33.375000;12;2026;331.279875;8;partial;9.925989;717672925.272249;7123613561.850169;bcb_3694_cpiaucsl;partial_cpi_target_year;Converted from nominal domestic currency to nominal USD with the listed exchange rate, then to target-year USD with CPIAUCSL. Target-year CPI uses the months available so far.;strict_renda_liquida;national;renda liquida publicada em faixas compativeis
total;irpf_receita_cief_1968_totais;irpf_receita_cief_1968_totais.csv;total;1;1967;1968;Brasil;irpf_receita_cief_1968_totais;NCr$;NCr$ 1.000;;;;Brasil. Ministerio da Fazenda. Secretaria da Receita Federal. Centro de Informacoes Economico-Fiscais (CIEF). Imposto sobre a renda e proventos de qualquer natureza, 1968. Rio de Janeiro: Imprensa Nacional, 1968.;;outputs/fontes-pedro-souza-irpf/imposto_renda_proventos_1968.pdf;121;48;Quadro 2.1.1.6;A soma dos descontos na fonte nas faixas e 221.839, mas o total publicado e 221.399.;abatimentos_ncr_mil_soma_faixas;1911163;1000.000000;1911163000.000000;2.663000;2.663000;unidade monetaria corrente por US$;1.000000;;3694;Taxa de cambio - Livre - Dolar americano (venda) - Media de periodo - anual;annual_period_average;https://api.bcb.gov.br/dados/serie/bcdata.sgs.3694/dados?formato=json&dataInicial=01%2F01%2F1943&dataFinal=31%2F12%2F2025;CPIAUCSL;Consumer Price Index for All Urban Consumers: All Items in U.S. City Average;seasonally_adjusted;33.375000;12;2026;331.279875;8;partial;9.925989;717672925.272249;7123613561.850169;bcb_3694_cpiaucsl;partial_cpi_target_year;Converted from nominal domestic currency to nominal USD with the listed exchange rate, then to target-year USD with CPIAUCSL. Target-year CPI uses the months available so far.;strict_renda_liquida;national;renda liquida publicada em faixas compativeis
total;irpf_receita_cief_1968_totais;irpf_receita_cief_1968_totais.csv;total;1;1967;1968;Brasil;irpf_receita_cief_1968_totais;NCr$;NCr$ 1.000;;;;Brasil. Ministerio da Fazenda. Secretaria da Receita Federal. Centro de Informacoes Economico-Fiscais (CIEF). Imposto sobre a renda e proventos de qualquer natureza, 1968. Rio de Janeiro: Imprensa Nacional, 1968.;;outputs/fontes-pedro-souza-irpf/imposto_renda_proventos_1968.pdf;121;48;Quadro 2.1.1.6;A soma dos descontos na fonte nas faixas e 221.839, mas o total publicado e 221.399.;abatimentos_ncr_mil_diferenca_total_menos_faixas;0;1000.000000;0.000000;2.663000;2.663000;unidade monetaria corrente por US$;1.000000;;3694;Taxa de cambio - Livre - Dolar americano (venda) - Media de periodo - anual;annual_period_average;https://api.bcb.gov.br/dados/serie/bcdata.sgs.3694/dados?formato=json&dataInicial=01%2F01%2F1943&dataFinal=31%2F12%2F2025;CPIAUCSL;Consumer Price Index for All Urban Consumers: All Items in U.S. City Average;seasonally_adjusted;33.375000;12;2026;331.279875;8;partial;9.925989;0.000000;0.000000;bcb_3694_cpiaucsl;partial_cpi_target_year;Converted from nominal domestic currency to nominal USD with the listed exchange rate, then to target-year USD with CPIAUCSL. Target-year CPI uses the months available so far.;strict_renda_liquida;national;renda liquida publicada em faixas compativeis
total;irpf_receita_cief_1968_totais;irpf_receita_cief_1968_totais.csv;total;1;1967;1968;Brasil;irpf_receita_cief_1968_totais;NCr$;NCr$ 1.000;;;;Brasil. Ministerio da Fazenda. Secretaria da Receita Federal. Centro de Informacoes Economico-Fiscais (CIEF). Imposto sobre a renda e proventos de qualquer natureza, 1968. Rio de Janeiro: Imprensa Nacional, 1968.;;outputs/fontes-pedro-souza-irpf/imposto_renda_proventos_1968.pdf;121;48;Quadro 2.1.1.6;A soma dos descontos na fonte nas faixas e 221.839, mas o total publicado e 221.399.;renda_liquida_ncr_mil_total_publicado;4203386;1000.000000;4203386000.000000;2.663000;2.663000;unidade monetaria corrente por US$;1.000000;;3694;Taxa de cambio - Livre - Dolar americano (venda) - Media de periodo - anual;annual_period_average;https://api.bcb.gov.br/dados/serie/bcdata.sgs.3694/dados?formato=json&dataInicial=01%2F01%2F1943&dataFinal=31%2F12%2F2025;CPIAUCSL;Consumer Price Index for All Urban Consumers: All Items in U.S. City Average;seasonally_adjusted;33.375000;12;2026;331.279875;8;partial;9.925989;1578440105.144574;15667579120.823883;bcb_3694_cpiaucsl;partial_cpi_target_year;Converted from nominal domestic currency to nominal USD with the listed exchange rate, then to target-year USD with CPIAUCSL. Target-year CPI uses the months available so far.;strict_renda_liquida;national;renda liquida publicada em faixas compativeis
total;irpf_receita_cief_1968_totais;irpf_receita_cief_1968_totais.csv;total;1;1967;1968;Brasil;irpf_receita_cief_1968_totais;NCr$;NCr$ 1.000;;;;Brasil. Ministerio da Fazenda. Secretaria da Receita Federal. Centro de Informacoes Economico-Fiscais (CIEF). Imposto sobre a renda e proventos de qualquer natureza, 1968. Rio de Janeiro: Imprensa Nacional, 1968.;;outputs/fontes-pedro-souza-irpf/imposto_renda_proventos_1968.pdf;121;48;Quadro 2.1.1.6;A soma dos descontos na fonte nas faixas e 221.839, mas o total publicado e 221.399.;renda_liquida_ncr_mil_soma_faixas;4203386;1000.000000;4203386000.000000;2.663000;2.663000;unidade monetaria corrente por US$;1.000000;;3694;Taxa de cambio - Livre - Dolar americano (venda) - Media de periodo - anual;annual_period_average;https://api.bcb.gov.br/dados/serie/bcdata.sgs.3694/dados?formato=json&dataInicial=01%2F01%2F1943&dataFinal=31%2F12%2F2025;CPIAUCSL;Consumer Price Index for All Urban Consumers: All Items in U.S. City Average;seasonally_adjusted;33.375000;12;2026;331.279875;8;partial;9.925989;1578440105.144574;15667579120.823883;bcb_3694_cpiaucsl;partial_cpi_target_year;Converted from nominal domestic currency to nominal USD with the listed exchange rate, then to target-year USD with CPIAUCSL. Target-year CPI uses the months available so far.;strict_renda_liquida;national;renda liquida publicada em faixas compativeis
total;irpf_receita_cief_1968_totais;irpf_receita_cief_1968_totais.csv;total;1;1967;1968;Brasil;irpf_receita_cief_1968_totais;NCr$;NCr$ 1.000;;;;Brasil. Ministerio da Fazenda. Secretaria da Receita Federal. Centro de Informacoes Economico-Fiscais (CIEF). Imposto sobre a renda e proventos de qualquer natureza, 1968. Rio de Janeiro: Imprensa Nacional, 1968.;;outputs/fontes-pedro-souza-irpf/imposto_renda_proventos_1968.pdf;121;48;Quadro 2.1.1.6;A soma dos descontos na fonte nas faixas e 221.839, mas o total publicado e 221.399.;renda_liquida_ncr_mil_diferenca_total_menos_faixas;0;1000.000000;0.000000;2.663000;2.663000;unidade monetaria corrente por US$;1.000000;;3694;Taxa de cambio - Livre - Dolar americano (venda) - Media de periodo - anual;annual_period_average;https://api.bcb.gov.br/dados/serie/bcdata.sgs.3694/dados?formato=json&dataInicial=01%2F01%2F1943&dataFinal=31%2F12%2F2025;CPIAUCSL;Consumer Price Index for All Urban Consumers: All Items in U.S. City Average;seasonally_adjusted;33.375000;12;2026;331.279875;8;partial;9.925989;0.000000;0.000000;bcb_3694_cpiaucsl;partial_cpi_target_year;Converted from nominal domestic currency to nominal USD with the listed exchange rate, then to target-year USD with CPIAUCSL. Target-year CPI uses the months available so far.;strict_renda_liquida;national;renda liquida publicada em faixas compativeis
total;irpf_receita_cief_1968_totais;irpf_receita_cief_1968_totais.csv;total;1;1967;1968;Brasil;irpf_receita_cief_1968_totais;NCr$;NCr$ 1.000;;;;Brasil. Ministerio da Fazenda. Secretaria da Receita Federal. Centro de Informacoes Economico-Fiscais (CIEF). Imposto sobre a renda e proventos de qualquer natureza, 1968. Rio de Janeiro: Imprensa Nacional, 1968.;;outputs/fontes-pedro-souza-irpf/imposto_renda_proventos_1968.pdf;121;48;Quadro 2.1.1.6;A soma dos descontos na fonte nas faixas e 221.839, mas o total publicado e 221.399.;imposto_progressivo_ncr_mil_total_publicado;567501;1000.000000;567501000.000000;2.663000;2.663000;unidade monetaria corrente por US$;1.000000;;3694;Taxa de cambio - Livre - Dolar americano (venda) - Media de periodo - anual;annual_period_average;https://api.bcb.gov.br/dados/serie/bcdata.sgs.3694/dados?formato=json&dataInicial=01%2F01%2F1943&dataFinal=31%2F12%2F2025;CPIAUCSL;Consumer Price Index for All Urban Consumers: All Items in U.S. City Average;seasonally_adjusted;33.375000;12;2026;331.279875;8;partial;9.925989;213105895.606459;2115286775.624859;bcb_3694_cpiaucsl;partial_cpi_target_year;Converted from nominal domestic currency to nominal USD with the listed exchange rate, then to target-year USD with CPIAUCSL. Target-year CPI uses the months available so far.;strict_renda_liquida;national;renda liquida publicada em faixas compativeis
total;irpf_receita_cief_1968_totais;irpf_receita_cief_1968_totais.csv;total;1;1967;1968;Brasil;irpf_receita_cief_1968_totais;NCr$;NCr$ 1.000;;;;Brasil. Ministerio da Fazenda. Secretaria da Receita Federal. Centro de Informacoes Economico-Fiscais (CIEF). Imposto sobre a renda e proventos de qualquer natureza, 1968. Rio de Janeiro: Imprensa Nacional, 1968.;;outputs/fontes-pedro-souza-irpf/imposto_renda_proventos_1968.pdf;121;48;Quadro 2.1.1.6;A soma dos descontos na fonte nas faixas e 221.839, mas o total publicado e 221.399.;imposto_progressivo_ncr_mil_soma_faixas;567501;1000.000000;567501000.000000;2.663000;2.663000;unidade monetaria corrente por US$;1.000000;;3694;Taxa de cambio - Livre - Dolar americano (venda) - Media de periodo - anual;annual_period_average;https://api.bcb.gov.br/dados/serie/bcdata.sgs.3694/dados?formato=json&dataInicial=01%2F01%2F1943&dataFinal=31%2F12%2F2025;CPIAUCSL;Consumer Price Index for All Urban Consumers: All Items in U.S. City Average;seasonally_adjusted;33.375000;12;2026;331.279875;8;partial;9.925989;213105895.606459;2115286775.624859;bcb_3694_cpiaucsl;partial_cpi_target_year;Converted from nominal domestic currency to nominal USD with the listed exchange rate, then to target-year USD with CPIAUCSL. Target-year CPI uses the months available so far.;strict_renda_liquida;national;renda liquida publicada em faixas compativeis
total;irpf_receita_cief_1968_totais;irpf_receita_cief_1968_totais.csv;total;1;1967;1968;Brasil;irpf_receita_cief_1968_totais;NCr$;NCr$ 1.000;;;;Brasil. Ministerio da Fazenda. Secretaria da Receita Federal. Centro de Informacoes Economico-Fiscais (CIEF). Imposto sobre a renda e proventos de qualquer natureza, 1968. Rio de Janeiro: Imprensa Nacional, 1968.;;outputs/fontes-pedro-souza-irpf/imposto_renda_proventos_1968.pdf;121;48;Quadro 2.1.1.6;A soma dos descontos na fonte nas faixas e 221.839, mas o total publicado e 221.399.;imposto_progressivo_ncr_mil_diferenca_total_menos_faixas;0;1000.000000;0.000000;2.663000;2.663000;unidade monetaria corrente por US$;1.000000;;3694;Taxa de cambio - Livre - Dolar americano (venda) - Media de periodo - anual;annual_period_average;https://api.bcb.gov.br/dados/serie/bcdata.sgs.3694/dados?formato=json&dataInicial=01%2F01%2F1943&dataFinal=31%2F12%2F2025;CPIAUCSL;Consumer Price Index for All Urban Consumers: All Items in U.S. City Average;seasonally_adjusted;33.375000;12;2026;331.279875;8;partial;9.925989;0.000000;0.000000;bcb_3694_cpiaucsl;partial_cpi_target_year;Converted from nominal domestic currency to nominal USD with the listed exchange rate, then to target-year USD with CPIAUCSL. Target-year CPI uses the months available so far.;strict_renda_liquida;national;renda liquida publicada em faixas compativeis
total;irpf_aef_1970_totais;irpf_aef_1970_totais.csv;total;1;1968;1969;Brasil;irpf_aef_1970_totais;Cr$;Cr$ 1.000;Cr$ 1,00;;;Brasil. Ministerio da Fazenda. Anuario Economico-Fiscal 1970. Brasilia: Ministerio da Fazenda, 1970.;;outputs/fontes-pedro-souza-irpf/aef_scan/pdf/anuareco1970minfaz.pdf;;;;No Quadro 6.3.50, a soma dos contribuintes casados nas faixas e 3.081.747, mas o total publicado e 3.081.742. A diferenca de -5 foi preservada nas colunas de validacao. A inconsistencia interna aparece na classe 37.500 a 50.000: total da classe 14.161, mas subcategorias somam 14.166.;renda_liquida_media_cr;3615.963251;1.000000;3615.963251;3.400000;3.400000;unidade monetaria corrente por US$;1.000000;;3694;Taxa de cambio - Livre - Dolar americano (venda) - Media de periodo - anual;annual_period_average;https://api.bcb.gov.br/dados/serie/bcdata.sgs.3694/dados?formato=json&dataInicial=01%2F01%2F1943&dataFinal=31%2F12%2F2025;CPIAUCSL;Consumer Price Index for All Urban Consumers: All Items in U.S. City Average;seasonally_adjusted;34.791667;12;2026;331.279875;8;partial;9.521817;1063.518603;10126.629516;bcb_3694_cpiaucsl;partial_cpi_target_year;Converted from nominal domestic currency to nominal USD with the listed exchange rate, then to target-year USD with CPIAUCSL. Target-year CPI uses the months available so far.;strict_renda_liquida;national;renda liquida publicada em faixas compativeis
total;irpf_aef_1970_totais;irpf_aef_1970_totais.csv;total;1;1968;1969;Brasil;irpf_aef_1970_totais;Cr$;Cr$ 1.000;Cr$ 1,00;;;Brasil. Ministerio da Fazenda. Anuario Economico-Fiscal 1970. Brasilia: Ministerio da Fazenda, 1970.;;outputs/fontes-pedro-souza-irpf/aef_scan/pdf/anuareco1970minfaz.pdf;;;;No Quadro 6.3.50, a soma dos contribuintes casados nas faixas e 3.081.747, mas o total publicado e 3.081.742. A diferenca de -5 foi preservada nas colunas de validacao. A inconsistencia interna aparece na classe 37.500 a 50.000: total da classe 14.161, mas subcategorias somam 14.166.;renda_bruta_cr_mil_total_publicado;28943931;1000.000000;28943931000.000000;3.400000;3.400000;unidade monetaria corrente por US$;1.000000;;3694;Taxa de cambio - Livre - Dolar americano (venda) - Media de periodo - anual;annual_period_average;https://api.bcb.gov.br/dados/serie/bcdata.sgs.3694/dados?formato=json&dataInicial=01%2F01%2F1943&dataFinal=31%2F12%2F2025;CPIAUCSL;Consumer Price Index for All Urban Consumers: All Items in U.S. City Average;seasonally_adjusted;34.791667;12;2026;331.279875;8;partial;9.521817;8512920882.352941;81058474777.243235;bcb_3694_cpiaucsl;partial_cpi_target_year;Converted from nominal domestic currency to nominal USD with the listed exchange rate, then to target-year USD with CPIAUCSL. Target-year CPI uses the months available so far.;strict_renda_liquida;national;renda liquida publicada em faixas compativeis
total;irpf_aef_1970_totais;irpf_aef_1970_totais.csv;total;1;1968;1969;Brasil;irpf_aef_1970_totais;Cr$;Cr$ 1.000;Cr$ 1,00;;;Brasil. Ministerio da Fazenda. Anuario Economico-Fiscal 1970. Brasilia: Ministerio da Fazenda, 1970.;;outputs/fontes-pedro-souza-irpf/aef_scan/pdf/anuareco1970minfaz.pdf;;;;No Quadro 6.3.50, a soma dos contribuintes casados nas faixas e 3.081.747, mas o total publicado e 3.081.742. A diferenca de -5 foi preservada nas colunas de validacao. A inconsistencia interna aparece na classe 37.500 a 50.000: total da classe 14.161, mas subcategorias somam 14.166.;renda_bruta_cr_mil_soma_faixas;28943931;1000.000000;28943931000.000000;3.400000;3.400000;unidade monetaria corrente por US$;1.000000;;3694;Taxa de cambio - Livre - Dolar americano (venda) - Media de periodo - anual;annual_period_average;https://api.bcb.gov.br/dados/serie/bcdata.sgs.3694/dados?formato=json&dataInicial=01%2F01%2F1943&dataFinal=31%2F12%2F2025;CPIAUCSL;Consumer Price Index for All Urban Consumers: All Items in U.S. City Average;seasonally_adjusted;34.791667;12;2026;331.279875;8;partial;9.521817;8512920882.352941;81058474777.243235;bcb_3694_cpiaucsl;partial_cpi_target_year;Converted from nominal domestic currency to nominal USD with the listed exchange rate, then to target-year USD with CPIAUCSL. Target-year CPI uses the months available so far.;strict_renda_liquida;national;renda liquida publicada em faixas compativeis
total;irpf_aef_1970_totais;irpf_aef_1970_totais.csv;total;1;1968;1969;Brasil;irpf_aef_1970_totais;Cr$;Cr$ 1.000;Cr$ 1,00;;;Brasil. Ministerio da Fazenda. Anuario Economico-Fiscal 1970. Brasilia: Ministerio da Fazenda, 1970.;;outputs/fontes-pedro-souza-irpf/aef_scan/pdf/anuareco1970minfaz.pdf;;;;No Quadro 6.3.50, a soma dos contribuintes casados nas faixas e 3.081.747, mas o total publicado e 3.081.742. A diferenca de -5 foi preservada nas colunas de validacao. A inconsistencia interna aparece na classe 37.500 a 50.000: total da classe 14.161, mas subcategorias somam 14.166.;renda_bruta_cr_mil_diferenca_total_menos_faixas;0;1000.000000;0.000000;3.400000;3.400000;unidade monetaria corrente por US$;1.000000;;3694;Taxa de cambio - Livre - Dolar americano (venda) - Media de periodo - anual;annual_period_average;https://api.bcb.gov.br/dados/serie/bcdata.sgs.3694/dados?formato=json&dataInicial=01%2F01%2F1943&dataFinal=31%2F12%2F2025;CPIAUCSL;Consumer Price Index for All Urban Consumers: All Items in U.S. City Average;seasonally_adjusted;34.791667;12;2026;331.279875;8;partial;9.521817;0.000000;0.000000;bcb_3694_cpiaucsl;partial_cpi_target_year;Converted from nominal domestic currency to nominal USD with the listed exchange rate, then to target-year USD with CPIAUCSL. Target-year CPI uses the months available so far.;strict_renda_liquida;national;renda liquida publicada em faixas compativeis
total;irpf_aef_1970_totais;irpf_aef_1970_totais.csv;total;1;1968;1969;Brasil;irpf_aef_1970_totais;Cr$;Cr$ 1.000;Cr$ 1,00;;;Brasil. Ministerio da Fazenda. Anuario Economico-Fiscal 1970. Brasilia: Ministerio da Fazenda, 1970.;;outputs/fontes-pedro-souza-irpf/aef_scan/pdf/anuareco1970minfaz.pdf;;;;No Quadro 6.3.50, a soma dos contribuintes casados nas faixas e 3.081.747, mas o total publicado e 3.081.742. A diferenca de -5 foi preservada nas colunas de validacao. A inconsistencia interna aparece na classe 37.500 a 50.000: total da classe 14.161, mas subcategorias somam 14.166.;abatimentos_calculado_cr_mil_total_publicado;13023568;1000.000000;13023568000.000000;3.400000;3.400000;unidade monetaria corrente por US$;1.000000;;3694;Taxa de cambio - Livre - Dolar americano (venda) - Media de periodo - anual;annual_period_average;https://api.bcb.gov.br/dados/serie/bcdata.sgs.3694/dados?formato=json&dataInicial=01%2F01%2F1943&dataFinal=31%2F12%2F2025;CPIAUCSL;Consumer Price Index for All Urban Consumers: All Items in U.S. City Average;seasonally_adjusted;34.791667;12;2026;331.279875;8;partial;9.521817;3830461176.470588;36472950347.957647;bcb_3694_cpiaucsl;partial_cpi_target_year;Converted from nominal domestic currency to nominal USD with the listed exchange rate, then to target-year USD with CPIAUCSL. Target-year CPI uses the months available so far.;strict_renda_liquida;national;renda liquida publicada em faixas compativeis
total;irpf_aef_1970_totais;irpf_aef_1970_totais.csv;total;1;1968;1969;Brasil;irpf_aef_1970_totais;Cr$;Cr$ 1.000;Cr$ 1,00;;;Brasil. Ministerio da Fazenda. Anuario Economico-Fiscal 1970. Brasilia: Ministerio da Fazenda, 1970.;;outputs/fontes-pedro-souza-irpf/aef_scan/pdf/anuareco1970minfaz.pdf;;;;No Quadro 6.3.50, a soma dos contribuintes casados nas faixas e 3.081.747, mas o total publicado e 3.081.742. A diferenca de -5 foi preservada nas colunas de validacao. A inconsistencia interna aparece na classe 37.500 a 50.000: total da classe 14.161, mas subcategorias somam 14.166.;abatimentos_calculado_cr_mil_soma_faixas;13023568;1000.000000;13023568000.000000;3.400000;3.400000;unidade monetaria corrente por US$;1.000000;;3694;Taxa de cambio - Livre - Dolar americano (venda) - Media de periodo - anual;annual_period_average;https://api.bcb.gov.br/dados/serie/bcdata.sgs.3694/dados?formato=json&dataInicial=01%2F01%2F1943&dataFinal=31%2F12%2F2025;CPIAUCSL;Consumer Price Index for All Urban Consumers: All Items in U.S. City Average;seasonally_adjusted;34.791667;12;2026;331.279875;8;partial;9.521817;3830461176.470588;36472950347.957647;bcb_3694_cpiaucsl;partial_cpi_target_year;Converted from nominal domestic currency to nominal USD with the listed exchange rate, then to target-year USD with CPIAUCSL. Target-year CPI uses the months available so far.;strict_renda_liquida;national;renda liquida publicada em faixas compativeis
total;irpf_aef_1970_totais;irpf_aef_1970_totais.csv;total;1;1968;1969;Brasil;irpf_aef_1970_totais;Cr$;Cr$ 1.000;Cr$ 1,00;;;Brasil. Ministerio da Fazenda. Anuario Economico-Fiscal 1970. Brasilia: Ministerio da Fazenda, 1970.;;outputs/fontes-pedro-souza-irpf/aef_scan/pdf/anuareco1970minfaz.pdf;;;;No Quadro 6.3.50, a soma dos contribuintes casados nas faixas e 3.081.747, mas o total publicado e 3.081.742. A diferenca de -5 foi preservada nas colunas de validacao. A inconsistencia interna aparece na classe 37.500 a 50.000: total da classe 14.161, mas subcategorias somam 14.166.;abatimentos_calculado_cr_mil_diferenca_total_menos_faixas;0;1000.000000;0.000000;3.400000;3.400000;unidade monetaria corrente por US$;1.000000;;3694;Taxa de cambio - Livre - Dolar americano (venda) - Media de periodo - anual;annual_period_average;https://api.bcb.gov.br/dados/serie/bcdata.sgs.3694/dados?formato=json&dataInicial=01%2F01%2F1943&dataFinal=31%2F12%2F2025;CPIAUCSL;Consumer Price Index for All Urban Consumers: All Items in U.S. City Average;seasonally_adjusted;34.791667;12;2026;331.279875;8;partial;9.521817;0.000000;0.000000;bcb_3694_cpiaucsl;partial_cpi_target_year;Converted from nominal domestic currency to nominal USD with the listed exchange rate, then to target-year USD with CPIAUCSL. Target-year CPI uses the months available so far.;strict_renda_liquida;national;renda liquida publicada em faixas compativeis
total;irpf_aef_1970_totais;irpf_aef_1970_totais.csv;total;1;1968;1969;Brasil;irpf_aef_1970_totais;Cr$;Cr$ 1.000;Cr$ 1,00;;;Brasil. Ministerio da Fazenda. Anuario Economico-Fiscal 1970. Brasilia: Ministerio da Fazenda, 1970.;;outputs/fontes-pedro-souza-irpf/aef_scan/pdf/anuareco1970minfaz.pdf;;;;No Quadro 6.3.50, a soma dos contribuintes casados nas faixas e 3.081.747, mas o total publicado e 3.081.742. A diferenca de -5 foi preservada nas colunas de validacao. A inconsistencia interna aparece na classe 37.500 a 50.000: total da classe 14.161, mas subcategorias somam 14.166.;renda_liquida_cr_mil_total_publicado;15920363;1000.000000;15920363000.000000;3.400000;3.400000;unidade monetaria corrente por US$;1.000000;;3694;Taxa de cambio - Livre - Dolar americano (venda) - Media de periodo - anual;annual_period_average;https://api.bcb.gov.br/dados/serie/bcdata.sgs.3694/dados?formato=json&dataInicial=01%2F01%2F1943&dataFinal=31%2F12%2F2025;CPIAUCSL;Consumer Price Index for All Urban Consumers: All Items in U.S. City Average;seasonally_adjusted;34.791667;12;2026;331.279875;8;partial;9.521817;4682459705.882353;44585524429.285588;bcb_3694_cpiaucsl;partial_cpi_target_year;Converted from nominal domestic currency to nominal USD with the listed exchange rate, then to target-year USD with CPIAUCSL. Target-year CPI uses the months available so far.;strict_renda_liquida;national;renda liquida publicada em faixas compativeis
total;irpf_aef_1970_totais;irpf_aef_1970_totais.csv;total;1;1968;1969;Brasil;irpf_aef_1970_totais;Cr$;Cr$ 1.000;Cr$ 1,00;;;Brasil. Ministerio da Fazenda. Anuario Economico-Fiscal 1970. Brasilia: Ministerio da Fazenda, 1970.;;outputs/fontes-pedro-souza-irpf/aef_scan/pdf/anuareco1970minfaz.pdf;;;;No Quadro 6.3.50, a soma dos contribuintes casados nas faixas e 3.081.747, mas o total publicado e 3.081.742. A diferenca de -5 foi preservada nas colunas de validacao. A inconsistencia interna aparece na classe 37.500 a 50.000: total da classe 14.161, mas subcategorias somam 14.166.;renda_liquida_cr_mil_soma_faixas;15920363;1000.000000;15920363000.000000;3.400000;3.400000;unidade monetaria corrente por US$;1.000000;;3694;Taxa de cambio - Livre - Dolar americano (venda) - Media de periodo - anual;annual_period_average;https://api.bcb.gov.br/dados/serie/bcdata.sgs.3694/dados?formato=json&dataInicial=01%2F01%2F1943&dataFinal=31%2F12%2F2025;CPIAUCSL;Consumer Price Index for All Urban Consumers: All Items in U.S. City Average;seasonally_adjusted;34.791667;12;2026;331.279875;8;partial;9.521817;4682459705.882353;44585524429.285588;bcb_3694_cpiaucsl;partial_cpi_target_year;Converted from nominal domestic currency to nominal USD with the listed exchange rate, then to target-year USD with CPIAUCSL. Target-year CPI uses the months available so far.;strict_renda_liquida;national;renda liquida publicada em faixas compativeis
total;irpf_aef_1970_totais;irpf_aef_1970_totais.csv;total;1;1968;1969;Brasil;irpf_aef_1970_totais;Cr$;Cr$ 1.000;Cr$ 1,00;;;Brasil. Ministerio da Fazenda. Anuario Economico-Fiscal 1970. Brasilia: Ministerio da Fazenda, 1970.;;outputs/fontes-pedro-souza-irpf/aef_scan/pdf/anuareco1970minfaz.pdf;;;;No Quadro 6.3.50, a soma dos contribuintes casados nas faixas e 3.081.747, mas o total publicado e 3.081.742. A diferenca de -5 foi preservada nas colunas de validacao. A inconsistencia interna aparece na classe 37.500 a 50.000: total da classe 14.161, mas subcategorias somam 14.166.;renda_liquida_cr_mil_diferenca_total_menos_faixas;0;1000.000000;0.000000;3.400000;3.400000;unidade monetaria corrente por US$;1.000000;;3694;Taxa de cambio - Livre - Dolar americano (venda) - Media de periodo - anual;annual_period_average;https://api.bcb.gov.br/dados/serie/bcdata.sgs.3694/dados?formato=json&dataInicial=01%2F01%2F1943&dataFinal=31%2F12%2F2025;CPIAUCSL;Consumer Price Index for All Urban Consumers: All Items in U.S. City Average;seasonally_adjusted;34.791667;12;2026;331.279875;8;partial;9.521817;0.000000;0.000000;bcb_3694_cpiaucsl;partial_cpi_target_year;Converted from nominal domestic currency to nominal USD with the listed exchange rate, then to target-year USD with CPIAUCSL. Target-year CPI uses the months available so far.;strict_renda_liquida;national;renda liquida publicada em faixas compativeis
total;irpf_aef_1970_totais;irpf_aef_1970_totais.csv;total;1;1968;1969;Brasil;irpf_aef_1970_totais;Cr$;Cr$ 1.000;Cr$ 1,00;;;Brasil. Ministerio da Fazenda. Anuario Economico-Fiscal 1970. Brasilia: Ministerio da Fazenda, 1970.;;outputs/fontes-pedro-souza-irpf/aef_scan/pdf/anuareco1970minfaz.pdf;;;;No Quadro 6.3.50, a soma dos contribuintes casados nas faixas e 3.081.747, mas o total publicado e 3.081.742. A diferenca de -5 foi preservada nas colunas de validacao. A inconsistencia interna aparece na classe 37.500 a 50.000: total da classe 14.161, mas subcategorias somam 14.166.;imposto_calculado_cr_mil_total_publicado;1339555;1000.000000;1339555000.000000;3.400000;3.400000;unidade monetaria corrente por US$;1.000000;;3694;Taxa de cambio - Livre - Dolar americano (venda) - Media de periodo - anual;annual_period_average;https://api.bcb.gov.br/dados/serie/bcdata.sgs.3694/dados?formato=json&dataInicial=01%2F01%2F1943&dataFinal=31%2F12%2F2025;CPIAUCSL;Consumer Price Index for All Urban Consumers: All Items in U.S. City Average;seasonally_adjusted;34.791667;12;2026;331.279875;8;partial;9.521817;393986764.705882;3751469873.951471;bcb_3694_cpiaucsl;partial_cpi_target_year;Converted from nominal domestic currency to nominal USD with the listed exchange rate, then to target-year USD with CPIAUCSL. Target-year CPI uses the months available so far.;strict_renda_liquida;national;renda liquida publicada em faixas compativeis
total;irpf_aef_1970_totais;irpf_aef_1970_totais.csv;total;1;1968;1969;Brasil;irpf_aef_1970_totais;Cr$;Cr$ 1.000;Cr$ 1,00;;;Brasil. Ministerio da Fazenda. Anuario Economico-Fiscal 1970. Brasilia: Ministerio da Fazenda, 1970.;;outputs/fontes-pedro-souza-irpf/aef_scan/pdf/anuareco1970minfaz.pdf;;;;No Quadro 6.3.50, a soma dos contribuintes casados nas faixas e 3.081.747, mas o total publicado e 3.081.742. A diferenca de -5 foi preservada nas colunas de validacao. A inconsistencia interna aparece na classe 37.500 a 50.000: total da classe 14.161, mas subcategorias somam 14.166.;imposto_calculado_cr_mil_soma_faixas;1339555;1000.000000;1339555000.000000;3.400000;3.400000;unidade monetaria corrente por US$;1.000000;;3694;Taxa de cambio - Livre - Dolar americano (venda) - Media de periodo - anual;annual_period_average;https://api.bcb.gov.br/dados/serie/bcdata.sgs.3694/dados?formato=json&dataInicial=01%2F01%2F1943&dataFinal=31%2F12%2F2025;CPIAUCSL;Consumer Price Index for All Urban Consumers: All Items in U.S. City Average;seasonally_adjusted;34.791667;12;2026;331.279875;8;partial;9.521817;393986764.705882;3751469873.951471;bcb_3694_cpiaucsl;partial_cpi_target_year;Converted from nominal domestic currency to nominal USD with the listed exchange rate, then to target-year USD with CPIAUCSL. Target-year CPI uses the months available so far.;strict_renda_liquida;national;renda liquida publicada em faixas compativeis
total;irpf_aef_1970_totais;irpf_aef_1970_totais.csv;total;1;1968;1969;Brasil;irpf_aef_1970_totais;Cr$;Cr$ 1.000;Cr$ 1,00;;;Brasil. Ministerio da Fazenda. Anuario Economico-Fiscal 1970. Brasilia: Ministerio da Fazenda, 1970.;;outputs/fontes-pedro-souza-irpf/aef_scan/pdf/anuareco1970minfaz.pdf;;;;No Quadro 6.3.50, a soma dos contribuintes casados nas faixas e 3.081.747, mas o total publicado e 3.081.742. A diferenca de -5 foi preservada nas colunas de validacao. A inconsistencia interna aparece na classe 37.500 a 50.000: total da classe 14.161, mas subcategorias somam 14.166.;imposto_calculado_cr_mil_diferenca_total_menos_faixas;0;1000.000000;0.000000;3.400000;3.400000;unidade monetaria corrente por US$;1.000000;;3694;Taxa de cambio - Livre - Dolar americano (venda) - Media de periodo - anual;annual_period_average;https://api.bcb.gov.br/dados/serie/bcdata.sgs.3694/dados?formato=json&dataInicial=01%2F01%2F1943&dataFinal=31%2F12%2F2025;CPIAUCSL;Consumer Price Index for All Urban Consumers: All Items in U.S. City Average;seasonally_adjusted;34.791667;12;2026;331.279875;8;partial;9.521817;0.000000;0.000000;bcb_3694_cpiaucsl;partial_cpi_target_year;Converted from nominal domestic currency to nominal USD with the listed exchange rate, then to target-year USD with CPIAUCSL. Target-year CPI uses the months available so far.;strict_renda_liquida;national;renda liquida publicada em faixas compativeis
total;irpf_aef_1970_totais;irpf_aef_1970_totais.csv;total;1;1968;1969;Brasil;irpf_aef_1970_totais;Cr$;Cr$ 1.000;Cr$ 1,00;;;Brasil. Ministerio da Fazenda. Anuario Economico-Fiscal 1970. Brasilia: Ministerio da Fazenda, 1970.;;outputs/fontes-pedro-souza-irpf/aef_scan/pdf/anuareco1970minfaz.pdf;;;;No Quadro 6.3.50, a soma dos contribuintes casados nas faixas e 3.081.747, mas o total publicado e 3.081.742. A diferenca de -5 foi preservada nas colunas de validacao. A inconsistencia interna aparece na classe 37.500 a 50.000: total da classe 14.161, mas subcategorias somam 14.166.;incentivos_dec_157_cr_mil_total_publicado;112008;1000.000000;112008000.000000;3.400000;3.400000;unidade monetaria corrente por US$;1.000000;;3694;Taxa de cambio - Livre - Dolar americano (venda) - Media de periodo - anual;annual_period_average;https://api.bcb.gov.br/dados/serie/bcdata.sgs.3694/dados?formato=json&dataInicial=01%2F01%2F1943&dataFinal=31%2F12%2F2025;CPIAUCSL;Consumer Price Index for All Urban Consumers: All Items in U.S. City Average;seasonally_adjusted;34.791667;12;2026;331.279875;8;partial;9.521817;32943529.411765;313682258.392941;bcb_3694_cpiaucsl;partial_cpi_target_year;Converted from nominal domestic currency to nominal USD with the listed exchange rate, then to target-year USD with CPIAUCSL. Target-year CPI uses the months available so far.;strict_renda_liquida;national;renda liquida publicada em faixas compativeis
total;irpf_aef_1970_totais;irpf_aef_1970_totais.csv;total;1;1968;1969;Brasil;irpf_aef_1970_totais;Cr$;Cr$ 1.000;Cr$ 1,00;;;Brasil. Ministerio da Fazenda. Anuario Economico-Fiscal 1970. Brasilia: Ministerio da Fazenda, 1970.;;outputs/fontes-pedro-souza-irpf/aef_scan/pdf/anuareco1970minfaz.pdf;;;;No Quadro 6.3.50, a soma dos contribuintes casados nas faixas e 3.081.747, mas o total publicado e 3.081.742. A diferenca de -5 foi preservada nas colunas de validacao. A inconsistencia interna aparece na classe 37.500 a 50.000: total da classe 14.161, mas subcategorias somam 14.166.;incentivos_dec_157_cr_mil_soma_faixas;112008;1000.000000;112008000.000000;3.400000;3.400000;unidade monetaria corrente por US$;1.000000;;3694;Taxa de cambio - Livre - Dolar americano (venda) - Media de periodo - anual;annual_period_average;https://api.bcb.gov.br/dados/serie/bcdata.sgs.3694/dados?formato=json&dataInicial=01%2F01%2F1943&dataFinal=31%2F12%2F2025;CPIAUCSL;Consumer Price Index for All Urban Consumers: All Items in U.S. City Average;seasonally_adjusted;34.791667;12;2026;331.279875;8;partial;9.521817;32943529.411765;313682258.392941;bcb_3694_cpiaucsl;partial_cpi_target_year;Converted from nominal domestic currency to nominal USD with the listed exchange rate, then to target-year USD with CPIAUCSL. Target-year CPI uses the months available so far.;strict_renda_liquida;national;renda liquida publicada em faixas compativeis
total;irpf_aef_1970_totais;irpf_aef_1970_totais.csv;total;1;1968;1969;Brasil;irpf_aef_1970_totais;Cr$;Cr$ 1.000;Cr$ 1,00;;;Brasil. Ministerio da Fazenda. Anuario Economico-Fiscal 1970. Brasilia: Ministerio da Fazenda, 1970.;;outputs/fontes-pedro-souza-irpf/aef_scan/pdf/anuareco1970minfaz.pdf;;;;No Quadro 6.3.50, a soma dos contribuintes casados nas faixas e 3.081.747, mas o total publicado e 3.081.742. A diferenca de -5 foi preservada nas colunas de validacao. A inconsistencia interna aparece na classe 37.500 a 50.000: total da classe 14.161, mas subcategorias somam 14.166.;incentivos_dec_157_cr_mil_diferenca_total_menos_faixas;0;1000.000000;0.000000;3.400000;3.400000;unidade monetaria corrente por US$;1.000000;;3694;Taxa de cambio - Livre - Dolar americano (venda) - Media de periodo - anual;annual_period_average;https://api.bcb.gov.br/dados/serie/bcdata.sgs.3694/dados?formato=json&dataInicial=01%2F01%2F1943&dataFinal=31%2F12%2F2025;CPIAUCSL;Consumer Price Index for All Urban Consumers: All Items in U.S. City Average;seasonally_adjusted;34.791667;12;2026;331.279875;8;partial;9.521817;0.000000;0.000000;bcb_3694_cpiaucsl;partial_cpi_target_year;Converted from nominal domestic currency to nominal USD with the listed exchange rate, then to target-year USD with CPIAUCSL. Target-year CPI uses the months available so far.;strict_renda_liquida;national;renda liquida publicada em faixas compativeis
total;irpf_aef_1970_totais;irpf_aef_1970_totais.csv;total;1;1968;1969;Brasil;irpf_aef_1970_totais;Cr$;Cr$ 1.000;Cr$ 1,00;;;Brasil. Ministerio da Fazenda. Anuario Economico-Fiscal 1970. Brasilia: Ministerio da Fazenda, 1970.;;outputs/fontes-pedro-souza-irpf/aef_scan/pdf/anuareco1970minfaz.pdf;;;;No Quadro 6.3.50, a soma dos contribuintes casados nas faixas e 3.081.747, mas o total publicado e 3.081.742. A diferenca de -5 foi preservada nas colunas de validacao. A inconsistencia interna aparece na classe 37.500 a 50.000: total da classe 14.161, mas subcategorias somam 14.166.;incentivos_bnb_cr_mil_total_publicado;1253;1000.000000;1253000.000000;3.400000;3.400000;unidade monetaria corrente por US$;1.000000;;3694;Taxa de cambio - Livre - Dolar americano (venda) - Media de periodo - anual;annual_period_average;https://api.bcb.gov.br/dados/serie/bcdata.sgs.3694/dados?formato=json&dataInicial=01%2F01%2F1943&dataFinal=31%2F12%2F2025;CPIAUCSL;Consumer Price Index for All Urban Consumers: All Items in U.S. City Average;seasonally_adjusted;34.791667;12;2026;331.279875;8;partial;9.521817;368529.411765;3509069.617941;bcb_3694_cpiaucsl;partial_cpi_target_year;Converted from nominal domestic currency to nominal USD with the listed exchange rate, then to target-year USD with CPIAUCSL. Target-year CPI uses the months available so far.;strict_renda_liquida;national;renda liquida publicada em faixas compativeis
total;irpf_aef_1970_totais;irpf_aef_1970_totais.csv;total;1;1968;1969;Brasil;irpf_aef_1970_totais;Cr$;Cr$ 1.000;Cr$ 1,00;;;Brasil. Ministerio da Fazenda. Anuario Economico-Fiscal 1970. Brasilia: Ministerio da Fazenda, 1970.;;outputs/fontes-pedro-souza-irpf/aef_scan/pdf/anuareco1970minfaz.pdf;;;;No Quadro 6.3.50, a soma dos contribuintes casados nas faixas e 3.081.747, mas o total publicado e 3.081.742. A diferenca de -5 foi preservada nas colunas de validacao. A inconsistencia interna aparece na classe 37.500 a 50.000: total da classe 14.161, mas subcategorias somam 14.166.;incentivos_bnb_cr_mil_soma_faixas;1253;1000.000000;1253000.000000;3.400000;3.400000;unidade monetaria corrente por US$;1.000000;;3694;Taxa de cambio - Livre - Dolar americano (venda) - Media de periodo - anual;annual_period_average;https://api.bcb.gov.br/dados/serie/bcdata.sgs.3694/dados?formato=json&dataInicial=01%2F01%2F1943&dataFinal=31%2F12%2F2025;CPIAUCSL;Consumer Price Index for All Urban Consumers: All Items in U.S. City Average;seasonally_adjusted;34.791667;12;2026;331.279875;8;partial;9.521817;368529.411765;3509069.617941;bcb_3694_cpiaucsl;partial_cpi_target_year;Converted from nominal domestic currency to nominal USD with the listed exchange rate, then to target-year USD with CPIAUCSL. Target-year CPI uses the months available so far.;strict_renda_liquida;national;renda liquida publicada em faixas compativeis
total;irpf_aef_1970_totais;irpf_aef_1970_totais.csv;total;1;1968;1969;Brasil;irpf_aef_1970_totais;Cr$;Cr$ 1.000;Cr$ 1,00;;;Brasil. Ministerio da Fazenda. Anuario Economico-Fiscal 1970. Brasilia: Ministerio da Fazenda, 1970.;;outputs/fontes-pedro-souza-irpf/aef_scan/pdf/anuareco1970minfaz.pdf;;;;No Quadro 6.3.50, a soma dos contribuintes casados nas faixas e 3.081.747, mas o total publicado e 3.081.742. A diferenca de -5 foi preservada nas colunas de validacao. A inconsistencia interna aparece na classe 37.500 a 50.000: total da classe 14.161, mas subcategorias somam 14.166.;incentivos_bnb_cr_mil_diferenca_total_menos_faixas;0;1000.000000;0.000000;3.400000;3.400000;unidade monetaria corrente por US$;1.000000;;3694;Taxa de cambio - Livre - Dolar americano (venda) - Media de periodo - anual;annual_period_average;https://api.bcb.gov.br/dados/serie/bcdata.sgs.3694/dados?formato=json&dataInicial=01%2F01%2F1943&dataFinal=31%2F12%2F2025;CPIAUCSL;Consumer Price Index for All Urban Consumers: All Items in U.S. City Average;seasonally_adjusted;34.791667;12;2026;331.279875;8;partial;9.521817;0.000000;0.000000;bcb_3694_cpiaucsl;partial_cpi_target_year;Converted from nominal domestic currency to nominal USD with the listed exchange rate, then to target-year USD with CPIAUCSL. Target-year CPI uses the months available so far.;strict_renda_liquida;national;renda liquida publicada em faixas compativeis
total;irpf_aef_1970_totais;irpf_aef_1970_totais.csv;total;1;1968;1969;Brasil;irpf_aef_1970_totais;Cr$;Cr$ 1.000;Cr$ 1,00;;;Brasil. Ministerio da Fazenda. Anuario Economico-Fiscal 1970. Brasilia: Ministerio da Fazenda, 1970.;;outputs/fontes-pedro-souza-irpf/aef_scan/pdf/anuareco1970minfaz.pdf;;;;No Quadro 6.3.50, a soma dos contribuintes casados nas faixas e 3.081.747, mas o total publicado e 3.081.742. A diferenca de -5 foi preservada nas colunas de validacao. A inconsistencia interna aparece na classe 37.500 a 50.000: total da classe 14.161, mas subcategorias somam 14.166.;desconto_pagamento_ato_cr_mil_total_publicado;286;1000.000000;286000.000000;3.400000;3.400000;unidade monetaria corrente por US$;1.000000;;3694;Taxa de cambio - Livre - Dolar americano (venda) - Media de periodo - anual;annual_period_average;https://api.bcb.gov.br/dados/serie/bcdata.sgs.3694/dados?formato=json&dataInicial=01%2F01%2F1943&dataFinal=31%2F12%2F2025;CPIAUCSL;Consumer Price Index for All Urban Consumers: All Items in U.S. City Average;seasonally_adjusted;34.791667;12;2026;331.279875;8;partial;9.521817;84117.647059;800952.841765;bcb_3694_cpiaucsl;partial_cpi_target_year;Converted from nominal domestic currency to nominal USD with the listed exchange rate, then to target-year USD with CPIAUCSL. Target-year CPI uses the months available so far.;strict_renda_liquida;national;renda liquida publicada em faixas compativeis
total;irpf_aef_1970_totais;irpf_aef_1970_totais.csv;total;1;1968;1969;Brasil;irpf_aef_1970_totais;Cr$;Cr$ 1.000;Cr$ 1,00;;;Brasil. Ministerio da Fazenda. Anuario Economico-Fiscal 1970. Brasilia: Ministerio da Fazenda, 1970.;;outputs/fontes-pedro-souza-irpf/aef_scan/pdf/anuareco1970minfaz.pdf;;;;No Quadro 6.3.50, a soma dos contribuintes casados nas faixas e 3.081.747, mas o total publicado e 3.081.742. A diferenca de -5 foi preservada nas colunas de validacao. A inconsistencia interna aparece na classe 37.500 a 50.000: total da classe 14.161, mas subcategorias somam 14.166.;desconto_pagamento_ato_cr_mil_soma_faixas;286;1000.000000;286000.000000;3.400000;3.400000;unidade monetaria corrente por US$;1.000000;;3694;Taxa de cambio - Livre - Dolar americano (venda) - Media de periodo - anual;annual_period_average;https://api.bcb.gov.br/dados/serie/bcdata.sgs.3694/dados?formato=json&dataInicial=01%2F01%2F1943&dataFinal=31%2F12%2F2025;CPIAUCSL;Consumer Price Index for All Urban Consumers: All Items in U.S. City Average;seasonally_adjusted;34.791667;12;2026;331.279875;8;partial;9.521817;84117.647059;800952.841765;bcb_3694_cpiaucsl;partial_cpi_target_year;Converted from nominal domestic currency to nominal USD with the listed exchange rate, then to target-year USD with CPIAUCSL. Target-year CPI uses the months available so far.;strict_renda_liquida;national;renda liquida publicada em faixas compativeis
total;irpf_aef_1970_totais;irpf_aef_1970_totais.csv;total;1;1968;1969;Brasil;irpf_aef_1970_totais;Cr$;Cr$ 1.000;Cr$ 1,00;;;Brasil. Ministerio da Fazenda. Anuario Economico-Fiscal 1970. Brasilia: Ministerio da Fazenda, 1970.;;outputs/fontes-pedro-souza-irpf/aef_scan/pdf/anuareco1970minfaz.pdf;;;;No Quadro 6.3.50, a soma dos contribuintes casados nas faixas e 3.081.747, mas o total publicado e 3.081.742. A diferenca de -5 foi preservada nas colunas de validacao. A inconsistencia interna aparece na classe 37.500 a 50.000: total da classe 14.161, mas subcategorias somam 14.166.;desconto_pagamento_ato_cr_mil_diferenca_total_menos_faixas;0;1000.000000;0.000000;3.400000;3.400000;unidade monetaria corrente por US$;1.000000;;3694;Taxa de cambio - Livre - Dolar americano (venda) - Media de periodo - anual;annual_period_average;https://api.bcb.gov.br/dados/serie/bcdata.sgs.3694/dados?formato=json&dataInicial=01%2F01%2F1943&dataFinal=31%2F12%2F2025;CPIAUCSL;Consumer Price Index for All Urban Consumers: All Items in U.S. City Average;seasonally_adjusted;34.791667;12;2026;331.279875;8;partial;9.521817;0.000000;0.000000;bcb_3694_cpiaucsl;partial_cpi_target_year;Converted from nominal domestic currency to nominal USD with the listed exchange rate, then to target-year USD with CPIAUCSL. Target-year CPI uses the months available so far.;strict_renda_liquida;national;renda liquida publicada em faixas compativeis
total;irpf_aef_1971_totais;irpf_aef_1971_totais.csv;total;1;1969;1970;Brasil;irpf_aef_1971_totais;Cr$;Cr$ 1.000;Cr$ 1,00;;;Brasil. Ministerio da Fazenda. Anuario Economico-Fiscal 1971. Brasilia: Ministerio da Fazenda, 1971.;;outputs/fontes-pedro-souza-irpf/aef_scan/pdf/anuareco1971minfaz.pdf;;;;"No Quadro 8.2.2.38, a coluna 'com imposto liquido a restituir' soma 418.577 nas faixas, mas o total publicado e 418.877; a coluna 'com declaracao fora do prazo' soma 186.454 nas faixas, mas o total publicado e 188.454; e a coluna de dependentes soma 16.959.098 nas faixas, mas o total publicado e 18.959.098. As diferencas foram preservadas nas colunas de validacao.";renda_liquida_media_cr;3742.728235;1.000000;3742.728235;4.074000;4.074000;unidade monetaria corrente por US$;1.000000;;3694;Taxa de cambio - Livre - Dolar americano (venda) - Media de periodo - anual;annual_period_average;https://api.bcb.gov.br/dados/serie/bcdata.sgs.3694/dados?formato=json&dataInicial=01%2F01%2F1943&dataFinal=31%2F12%2F2025;CPIAUCSL;Consumer Price Index for All Urban Consumers: All Items in U.S. City Average;seasonally_adjusted;36.683333;12;2026;331.279875;8;partial;9.030801;918.686361;8296.473708;bcb_3694_cpiaucsl;partial_cpi_target_year;Converted from nominal domestic currency to nominal USD with the listed exchange rate, then to target-year USD with CPIAUCSL. Target-year CPI uses the months available so far.;strict_renda_liquida;national;renda liquida publicada em faixas compativeis
total;irpf_aef_1971_totais;irpf_aef_1971_totais.csv;total;1;1969;1970;Brasil;irpf_aef_1971_totais;Cr$;Cr$ 1.000;Cr$ 1,00;;;Brasil. Ministerio da Fazenda. Anuario Economico-Fiscal 1971. Brasilia: Ministerio da Fazenda, 1971.;;outputs/fontes-pedro-souza-irpf/aef_scan/pdf/anuareco1971minfaz.pdf;;;;"No Quadro 8.2.2.38, a coluna 'com imposto liquido a restituir' soma 418.577 nas faixas, mas o total publicado e 418.877; a coluna 'com declaracao fora do prazo' soma 186.454 nas faixas, mas o total publicado e 188.454; e a coluna de dependentes soma 16.959.098 nas faixas, mas o total publicado e 18.959.098. As diferencas foram preservadas nas colunas de validacao.";renda_bruta_cr_mil_total_publicado;44291707;1000.000000;44291707000.000000;4.074000;4.074000;unidade monetaria corrente por US$;1.000000;;3694;Taxa de cambio - Livre - Dolar americano (venda) - Media de periodo - anual;annual_period_average;https://api.bcb.gov.br/dados/serie/bcdata.sgs.3694/dados?formato=json&dataInicial=01%2F01%2F1943&dataFinal=31%2F12%2F2025;CPIAUCSL;Consumer Price Index for All Urban Consumers: All Items in U.S. City Average;seasonally_adjusted;36.683333;12;2026;331.279875;8;partial;9.030801;10871798478.154148;98181048568.312960;bcb_3694_cpiaucsl;partial_cpi_target_year;Converted from nominal domestic currency to nominal USD with the listed exchange rate, then to target-year USD with CPIAUCSL. Target-year CPI uses the months available so far.;strict_renda_liquida;national;renda liquida publicada em faixas compativeis
total;irpf_aef_1971_totais;irpf_aef_1971_totais.csv;total;1;1969;1970;Brasil;irpf_aef_1971_totais;Cr$;Cr$ 1.000;Cr$ 1,00;;;Brasil. Ministerio da Fazenda. Anuario Economico-Fiscal 1971. Brasilia: Ministerio da Fazenda, 1971.;;outputs/fontes-pedro-souza-irpf/aef_scan/pdf/anuareco1971minfaz.pdf;;;;"No Quadro 8.2.2.38, a coluna 'com imposto liquido a restituir' soma 418.577 nas faixas, mas o total publicado e 418.877; a coluna 'com declaracao fora do prazo' soma 186.454 nas faixas, mas o total publicado e 188.454; e a coluna de dependentes soma 16.959.098 nas faixas, mas o total publicado e 18.959.098. As diferencas foram preservadas nas colunas de validacao.";renda_bruta_cr_mil_soma_faixas;44291707;1000.000000;44291707000.000000;4.074000;4.074000;unidade monetaria corrente por US$;1.000000;;3694;Taxa de cambio - Livre - Dolar americano (venda) - Media de periodo - anual;annual_period_average;https://api.bcb.gov.br/dados/serie/bcdata.sgs.3694/dados?formato=json&dataInicial=01%2F01%2F1943&dataFinal=31%2F12%2F2025;CPIAUCSL;Consumer Price Index for All Urban Consumers: All Items in U.S. City Average;seasonally_adjusted;36.683333;12;2026;331.279875;8;partial;9.030801;10871798478.154148;98181048568.312960;bcb_3694_cpiaucsl;partial_cpi_target_year;Converted from nominal domestic currency to nominal USD with the listed exchange rate, then to target-year USD with CPIAUCSL. Target-year CPI uses the months available so far.;strict_renda_liquida;national;renda liquida publicada em faixas compativeis
total;irpf_aef_1971_totais;irpf_aef_1971_totais.csv;total;1;1969;1970;Brasil;irpf_aef_1971_totais;Cr$;Cr$ 1.000;Cr$ 1,00;;;Brasil. Ministerio da Fazenda. Anuario Economico-Fiscal 1971. Brasilia: Ministerio da Fazenda, 1971.;;outputs/fontes-pedro-souza-irpf/aef_scan/pdf/anuareco1971minfaz.pdf;;;;"No Quadro 8.2.2.38, a coluna 'com imposto liquido a restituir' soma 418.577 nas faixas, mas o total publicado e 418.877; a coluna 'com declaracao fora do prazo' soma 186.454 nas faixas, mas o total publicado e 188.454; e a coluna de dependentes soma 16.959.098 nas faixas, mas o total publicado e 18.959.098. As diferencas foram preservadas nas colunas de validacao.";renda_bruta_cr_mil_diferenca_total_menos_faixas;0;1000.000000;0.000000;4.074000;4.074000;unidade monetaria corrente por US$;1.000000;;3694;Taxa de cambio - Livre - Dolar americano (venda) - Media de periodo - anual;annual_period_average;https://api.bcb.gov.br/dados/serie/bcdata.sgs.3694/dados?formato=json&dataInicial=01%2F01%2F1943&dataFinal=31%2F12%2F2025;CPIAUCSL;Consumer Price Index for All Urban Consumers: All Items in U.S. City Average;seasonally_adjusted;36.683333;12;2026;331.279875;8;partial;9.030801;0.000000;0.000000;bcb_3694_cpiaucsl;partial_cpi_target_year;Converted from nominal domestic currency to nominal USD with the listed exchange rate, then to target-year USD with CPIAUCSL. Target-year CPI uses the months available so far.;strict_renda_liquida;national;renda liquida publicada em faixas compativeis
total;irpf_aef_1971_totais;irpf_aef_1971_totais.csv;total;1;1969;1970;Brasil;irpf_aef_1971_totais;Cr$;Cr$ 1.000;Cr$ 1,00;;;Brasil. Ministerio da Fazenda. Anuario Economico-Fiscal 1971. Brasilia: Ministerio da Fazenda, 1971.;;outputs/fontes-pedro-souza-irpf/aef_scan/pdf/anuareco1971minfaz.pdf;;;;"No Quadro 8.2.2.38, a coluna 'com imposto liquido a restituir' soma 418.577 nas faixas, mas o total publicado e 418.877; a coluna 'com declaracao fora do prazo' soma 186.454 nas faixas, mas o total publicado e 188.454; e a coluna de dependentes soma 16.959.098 nas faixas, mas o total publicado e 18.959.098. As diferencas foram preservadas nas colunas de validacao.";abatimentos_calculado_cr_mil_total_publicado;20758259;1000.000000;20758259000.000000;4.074000;4.074000;unidade monetaria corrente por US$;1.000000;;3694;Taxa de cambio - Livre - Dolar americano (venda) - Media de periodo - anual;annual_period_average;https://api.bcb.gov.br/dados/serie/bcdata.sgs.3694/dados?formato=json&dataInicial=01%2F01%2F1943&dataFinal=31%2F12%2F2025;CPIAUCSL;Consumer Price Index for All Urban Consumers: All Items in U.S. City Average;seasonally_adjusted;36.683333;12;2026;331.279875;8;partial;9.030801;5095301669.121257;46014655408.801915;bcb_3694_cpiaucsl;partial_cpi_target_year;Converted from nominal domestic currency to nominal USD with the listed exchange rate, then to target-year USD with CPIAUCSL. Target-year CPI uses the months available so far.;strict_renda_liquida;national;renda liquida publicada em faixas compativeis
total;irpf_aef_1971_totais;irpf_aef_1971_totais.csv;total;1;1969;1970;Brasil;irpf_aef_1971_totais;Cr$;Cr$ 1.000;Cr$ 1,00;;;Brasil. Ministerio da Fazenda. Anuario Economico-Fiscal 1971. Brasilia: Ministerio da Fazenda, 1971.;;outputs/fontes-pedro-souza-irpf/aef_scan/pdf/anuareco1971minfaz.pdf;;;;"No Quadro 8.2.2.38, a coluna 'com imposto liquido a restituir' soma 418.577 nas faixas, mas o total publicado e 418.877; a coluna 'com declaracao fora do prazo' soma 186.454 nas faixas, mas o total publicado e 188.454; e a coluna de dependentes soma 16.959.098 nas faixas, mas o total publicado e 18.959.098. As diferencas foram preservadas nas colunas de validacao.";abatimentos_calculado_cr_mil_soma_faixas;20758259;1000.000000;20758259000.000000;4.074000;4.074000;unidade monetaria corrente por US$;1.000000;;3694;Taxa de cambio - Livre - Dolar americano (venda) - Media de periodo - anual;annual_period_average;https://api.bcb.gov.br/dados/serie/bcdata.sgs.3694/dados?formato=json&dataInicial=01%2F01%2F1943&dataFinal=31%2F12%2F2025;CPIAUCSL;Consumer Price Index for All Urban Consumers: All Items in U.S. City Average;seasonally_adjusted;36.683333;12;2026;331.279875;8;partial;9.030801;5095301669.121257;46014655408.801915;bcb_3694_cpiaucsl;partial_cpi_target_year;Converted from nominal domestic currency to nominal USD with the listed exchange rate, then to target-year USD with CPIAUCSL. Target-year CPI uses the months available so far.;strict_renda_liquida;national;renda liquida publicada em faixas compativeis
total;irpf_aef_1971_totais;irpf_aef_1971_totais.csv;total;1;1969;1970;Brasil;irpf_aef_1971_totais;Cr$;Cr$ 1.000;Cr$ 1,00;;;Brasil. Ministerio da Fazenda. Anuario Economico-Fiscal 1971. Brasilia: Ministerio da Fazenda, 1971.;;outputs/fontes-pedro-souza-irpf/aef_scan/pdf/anuareco1971minfaz.pdf;;;;"No Quadro 8.2.2.38, a coluna 'com imposto liquido a restituir' soma 418.577 nas faixas, mas o total publicado e 418.877; a coluna 'com declaracao fora do prazo' soma 186.454 nas faixas, mas o total publicado e 188.454; e a coluna de dependentes soma 16.959.098 nas faixas, mas o total publicado e 18.959.098. As diferencas foram preservadas nas colunas de validacao.";abatimentos_calculado_cr_mil_diferenca_total_menos_faixas;0;1000.000000;0.000000;4.074000;4.074000;unidade monetaria corrente por US$;1.000000;;3694;Taxa de cambio - Livre - Dolar americano (venda) - Media de periodo - anual;annual_period_average;https://api.bcb.gov.br/dados/serie/bcdata.sgs.3694/dados?formato=json&dataInicial=01%2F01%2F1943&dataFinal=31%2F12%2F2025;CPIAUCSL;Consumer Price Index for All Urban Consumers: All Items in U.S. City Average;seasonally_adjusted;36.683333;12;2026;331.279875;8;partial;9.030801;0.000000;0.000000;bcb_3694_cpiaucsl;partial_cpi_target_year;Converted from nominal domestic currency to nominal USD with the listed exchange rate, then to target-year USD with CPIAUCSL. Target-year CPI uses the months available so far.;strict_renda_liquida;national;renda liquida publicada em faixas compativeis
total;irpf_aef_1971_totais;irpf_aef_1971_totais.csv;total;1;1969;1970;Brasil;irpf_aef_1971_totais;Cr$;Cr$ 1.000;Cr$ 1,00;;;Brasil. Ministerio da Fazenda. Anuario Economico-Fiscal 1971. Brasilia: Ministerio da Fazenda, 1971.;;outputs/fontes-pedro-souza-irpf/aef_scan/pdf/anuareco1971minfaz.pdf;;;;"No Quadro 8.2.2.38, a coluna 'com imposto liquido a restituir' soma 418.577 nas faixas, mas o total publicado e 418.877; a coluna 'com declaracao fora do prazo' soma 186.454 nas faixas, mas o total publicado e 188.454; e a coluna de dependentes soma 16.959.098 nas faixas, mas o total publicado e 18.959.098. As diferencas foram preservadas nas colunas de validacao.";renda_liquida_cr_mil_total_publicado;23533448;1000.000000;23533448000.000000;4.074000;4.074000;unidade monetaria corrente por US$;1.000000;;3694;Taxa de cambio - Livre - Dolar americano (venda) - Media de periodo - anual;annual_period_average;https://api.bcb.gov.br/dados/serie/bcdata.sgs.3694/dados?formato=json&dataInicial=01%2F01%2F1943&dataFinal=31%2F12%2F2025;CPIAUCSL;Consumer Price Index for All Urban Consumers: All Items in U.S. City Average;seasonally_adjusted;36.683333;12;2026;331.279875;8;partial;9.030801;5776496809.032892;52166393159.511046;bcb_3694_cpiaucsl;partial_cpi_target_year;Converted from nominal domestic currency to nominal USD with the listed exchange rate, then to target-year USD with CPIAUCSL. Target-year CPI uses the months available so far.;strict_renda_liquida;national;renda liquida publicada em faixas compativeis
total;irpf_aef_1971_totais;irpf_aef_1971_totais.csv;total;1;1969;1970;Brasil;irpf_aef_1971_totais;Cr$;Cr$ 1.000;Cr$ 1,00;;;Brasil. Ministerio da Fazenda. Anuario Economico-Fiscal 1971. Brasilia: Ministerio da Fazenda, 1971.;;outputs/fontes-pedro-souza-irpf/aef_scan/pdf/anuareco1971minfaz.pdf;;;;"No Quadro 8.2.2.38, a coluna 'com imposto liquido a restituir' soma 418.577 nas faixas, mas o total publicado e 418.877; a coluna 'com declaracao fora do prazo' soma 186.454 nas faixas, mas o total publicado e 188.454; e a coluna de dependentes soma 16.959.098 nas faixas, mas o total publicado e 18.959.098. As diferencas foram preservadas nas colunas de validacao.";renda_liquida_cr_mil_soma_faixas;23533448;1000.000000;23533448000.000000;4.074000;4.074000;unidade monetaria corrente por US$;1.000000;;3694;Taxa de cambio - Livre - Dolar americano (venda) - Media de periodo - anual;annual_period_average;https://api.bcb.gov.br/dados/serie/bcdata.sgs.3694/dados?formato=json&dataInicial=01%2F01%2F1943&dataFinal=31%2F12%2F2025;CPIAUCSL;Consumer Price Index for All Urban Consumers: All Items in U.S. City Average;seasonally_adjusted;36.683333;12;2026;331.279875;8;partial;9.030801;5776496809.032892;52166393159.511046;bcb_3694_cpiaucsl;partial_cpi_target_year;Converted from nominal domestic currency to nominal USD with the listed exchange rate, then to target-year USD with CPIAUCSL. Target-year CPI uses the months available so far.;strict_renda_liquida;national;renda liquida publicada em faixas compativeis
total;irpf_aef_1971_totais;irpf_aef_1971_totais.csv;total;1;1969;1970;Brasil;irpf_aef_1971_totais;Cr$;Cr$ 1.000;Cr$ 1,00;;;Brasil. Ministerio da Fazenda. Anuario Economico-Fiscal 1971. Brasilia: Ministerio da Fazenda, 1971.;;outputs/fontes-pedro-souza-irpf/aef_scan/pdf/anuareco1971minfaz.pdf;;;;"No Quadro 8.2.2.38, a coluna 'com imposto liquido a restituir' soma 418.577 nas faixas, mas o total publicado e 418.877; a coluna 'com declaracao fora do prazo' soma 186.454 nas faixas, mas o total publicado e 188.454; e a coluna de dependentes soma 16.959.098 nas faixas, mas o total publicado e 18.959.098. As diferencas foram preservadas nas colunas de validacao.";renda_liquida_cr_mil_diferenca_total_menos_faixas;0;1000.000000;0.000000;4.074000;4.074000;unidade monetaria corrente por US$;1.000000;;3694;Taxa de cambio - Livre - Dolar americano (venda) - Media de periodo - anual;annual_period_average;https://api.bcb.gov.br/dados/serie/bcdata.sgs.3694/dados?formato=json&dataInicial=01%2F01%2F1943&dataFinal=31%2F12%2F2025;CPIAUCSL;Consumer Price Index for All Urban Consumers: All Items in U.S. City Average;seasonally_adjusted;36.683333;12;2026;331.279875;8;partial;9.030801;0.000000;0.000000;bcb_3694_cpiaucsl;partial_cpi_target_year;Converted from nominal domestic currency to nominal USD with the listed exchange rate, then to target-year USD with CPIAUCSL. Target-year CPI uses the months available so far.;strict_renda_liquida;national;renda liquida publicada em faixas compativeis
total;irpf_aef_1971_totais;irpf_aef_1971_totais.csv;total;1;1969;1970;Brasil;irpf_aef_1971_totais;Cr$;Cr$ 1.000;Cr$ 1,00;;;Brasil. Ministerio da Fazenda. Anuario Economico-Fiscal 1971. Brasilia: Ministerio da Fazenda, 1971.;;outputs/fontes-pedro-souza-irpf/aef_scan/pdf/anuareco1971minfaz.pdf;;;;"No Quadro 8.2.2.38, a coluna 'com imposto liquido a restituir' soma 418.577 nas faixas, mas o total publicado e 418.877; a coluna 'com declaracao fora do prazo' soma 186.454 nas faixas, mas o total publicado e 188.454; e a coluna de dependentes soma 16.959.098 nas faixas, mas o total publicado e 18.959.098. As diferencas foram preservadas nas colunas de validacao.";imposto_calculado_cr_mil_total_publicado;1946999;1000.000000;1946999000.000000;4.074000;4.074000;unidade monetaria corrente por US$;1.000000;;3694;Taxa de cambio - Livre - Dolar americano (venda) - Media de periodo - anual;annual_period_average;https://api.bcb.gov.br/dados/serie/bcdata.sgs.3694/dados?formato=json&dataInicial=01%2F01%2F1943&dataFinal=31%2F12%2F2025;CPIAUCSL;Consumer Price Index for All Urban Consumers: All Items in U.S. City Average;seasonally_adjusted;36.683333;12;2026;331.279875;8;partial;9.030801;477908443.789887;4315896052.086156;bcb_3694_cpiaucsl;partial_cpi_target_year;Converted from nominal domestic currency to nominal USD with the listed exchange rate, then to target-year USD with CPIAUCSL. Target-year CPI uses the months available so far.;strict_renda_liquida;national;renda liquida publicada em faixas compativeis
total;irpf_aef_1971_totais;irpf_aef_1971_totais.csv;total;1;1969;1970;Brasil;irpf_aef_1971_totais;Cr$;Cr$ 1.000;Cr$ 1,00;;;Brasil. Ministerio da Fazenda. Anuario Economico-Fiscal 1971. Brasilia: Ministerio da Fazenda, 1971.;;outputs/fontes-pedro-souza-irpf/aef_scan/pdf/anuareco1971minfaz.pdf;;;;"No Quadro 8.2.2.38, a coluna 'com imposto liquido a restituir' soma 418.577 nas faixas, mas o total publicado e 418.877; a coluna 'com declaracao fora do prazo' soma 186.454 nas faixas, mas o total publicado e 188.454; e a coluna de dependentes soma 16.959.098 nas faixas, mas o total publicado e 18.959.098. As diferencas foram preservadas nas colunas de validacao.";imposto_calculado_cr_mil_soma_faixas;1946999;1000.000000;1946999000.000000;4.074000;4.074000;unidade monetaria corrente por US$;1.000000;;3694;Taxa de cambio - Livre - Dolar americano (venda) - Media de periodo - anual;annual_period_average;https://api.bcb.gov.br/dados/serie/bcdata.sgs.3694/dados?formato=json&dataInicial=01%2F01%2F1943&dataFinal=31%2F12%2F2025;CPIAUCSL;Consumer Price Index for All Urban Consumers: All Items in U.S. City Average;seasonally_adjusted;36.683333;12;2026;331.279875;8;partial;9.030801;477908443.789887;4315896052.086156;bcb_3694_cpiaucsl;partial_cpi_target_year;Converted from nominal domestic currency to nominal USD with the listed exchange rate, then to target-year USD with CPIAUCSL. Target-year CPI uses the months available so far.;strict_renda_liquida;national;renda liquida publicada em faixas compativeis
total;irpf_aef_1971_totais;irpf_aef_1971_totais.csv;total;1;1969;1970;Brasil;irpf_aef_1971_totais;Cr$;Cr$ 1.000;Cr$ 1,00;;;Brasil. Ministerio da Fazenda. Anuario Economico-Fiscal 1971. Brasilia: Ministerio da Fazenda, 1971.;;outputs/fontes-pedro-souza-irpf/aef_scan/pdf/anuareco1971minfaz.pdf;;;;"No Quadro 8.2.2.38, a coluna 'com imposto liquido a restituir' soma 418.577 nas faixas, mas o total publicado e 418.877; a coluna 'com declaracao fora do prazo' soma 186.454 nas faixas, mas o total publicado e 188.454; e a coluna de dependentes soma 16.959.098 nas faixas, mas o total publicado e 18.959.098. As diferencas foram preservadas nas colunas de validacao.";imposto_calculado_cr_mil_diferenca_total_menos_faixas;0;1000.000000;0.000000;4.074000;4.074000;unidade monetaria corrente por US$;1.000000;;3694;Taxa de cambio - Livre - Dolar americano (venda) - Media de periodo - anual;annual_period_average;https://api.bcb.gov.br/dados/serie/bcdata.sgs.3694/dados?formato=json&dataInicial=01%2F01%2F1943&dataFinal=31%2F12%2F2025;CPIAUCSL;Consumer Price Index for All Urban Consumers: All Items in U.S. City Average;seasonally_adjusted;36.683333;12;2026;331.279875;8;partial;9.030801;0.000000;0.000000;bcb_3694_cpiaucsl;partial_cpi_target_year;Converted from nominal domestic currency to nominal USD with the listed exchange rate, then to target-year USD with CPIAUCSL. Target-year CPI uses the months available so far.;strict_renda_liquida;national;renda liquida publicada em faixas compativeis
total;irpf_aef_1971_totais;irpf_aef_1971_totais.csv;total;1;1969;1970;Brasil;irpf_aef_1971_totais;Cr$;Cr$ 1.000;Cr$ 1,00;;;Brasil. Ministerio da Fazenda. Anuario Economico-Fiscal 1971. Brasilia: Ministerio da Fazenda, 1971.;;outputs/fontes-pedro-souza-irpf/aef_scan/pdf/anuareco1971minfaz.pdf;;;;"No Quadro 8.2.2.38, a coluna 'com imposto liquido a restituir' soma 418.577 nas faixas, mas o total publicado e 418.877; a coluna 'com declaracao fora do prazo' soma 186.454 nas faixas, mas o total publicado e 188.454; e a coluna de dependentes soma 16.959.098 nas faixas, mas o total publicado e 18.959.098. As diferencas foram preservadas nas colunas de validacao.";rendimento_bruto_total_cr_mil_total_publicado;50658861;1000.000000;50658861000.000000;4.074000;4.074000;unidade monetaria corrente por US$;1.000000;;3694;Taxa de cambio - Livre - Dolar americano (venda) - Media de periodo - anual;annual_period_average;https://api.bcb.gov.br/dados/serie/bcdata.sgs.3694/dados?formato=json&dataInicial=01%2F01%2F1943&dataFinal=31%2F12%2F2025;CPIAUCSL;Consumer Price Index for All Urban Consumers: All Items in U.S. City Average;seasonally_adjusted;36.683333;12;2026;331.279875;8;partial;9.030801;12434673784.977909;112295064452.052283;bcb_3694_cpiaucsl;partial_cpi_target_year;Converted from nominal domestic currency to nominal USD with the listed exchange rate, then to target-year USD with CPIAUCSL. Target-year CPI uses the months available so far.;strict_renda_liquida;national;renda liquida publicada em faixas compativeis
total;irpf_aef_1971_totais;irpf_aef_1971_totais.csv;total;1;1969;1970;Brasil;irpf_aef_1971_totais;Cr$;Cr$ 1.000;Cr$ 1,00;;;Brasil. Ministerio da Fazenda. Anuario Economico-Fiscal 1971. Brasilia: Ministerio da Fazenda, 1971.;;outputs/fontes-pedro-souza-irpf/aef_scan/pdf/anuareco1971minfaz.pdf;;;;"No Quadro 8.2.2.38, a coluna 'com imposto liquido a restituir' soma 418.577 nas faixas, mas o total publicado e 418.877; a coluna 'com declaracao fora do prazo' soma 186.454 nas faixas, mas o total publicado e 188.454; e a coluna de dependentes soma 16.959.098 nas faixas, mas o total publicado e 18.959.098. As diferencas foram preservadas nas colunas de validacao.";rendimento_bruto_total_cr_mil_soma_faixas;50658861;1000.000000;50658861000.000000;4.074000;4.074000;unidade monetaria corrente por US$;1.000000;;3694;Taxa de cambio - Livre - Dolar americano (venda) - Media de periodo - anual;annual_period_average;https://api.bcb.gov.br/dados/serie/bcdata.sgs.3694/dados?formato=json&dataInicial=01%2F01%2F1943&dataFinal=31%2F12%2F2025;CPIAUCSL;Consumer Price Index for All Urban Consumers: All Items in U.S. City Average;seasonally_adjusted;36.683333;12;2026;331.279875;8;partial;9.030801;12434673784.977909;112295064452.052283;bcb_3694_cpiaucsl;partial_cpi_target_year;Converted from nominal domestic currency to nominal USD with the listed exchange rate, then to target-year USD with CPIAUCSL. Target-year CPI uses the months available so far.;strict_renda_liquida;national;renda liquida publicada em faixas compativeis
total;irpf_aef_1971_totais;irpf_aef_1971_totais.csv;total;1;1969;1970;Brasil;irpf_aef_1971_totais;Cr$;Cr$ 1.000;Cr$ 1,00;;;Brasil. Ministerio da Fazenda. Anuario Economico-Fiscal 1971. Brasilia: Ministerio da Fazenda, 1971.;;outputs/fontes-pedro-souza-irpf/aef_scan/pdf/anuareco1971minfaz.pdf;;;;"No Quadro 8.2.2.38, a coluna 'com imposto liquido a restituir' soma 418.577 nas faixas, mas o total publicado e 418.877; a coluna 'com declaracao fora do prazo' soma 186.454 nas faixas, mas o total publicado e 188.454; e a coluna de dependentes soma 16.959.098 nas faixas, mas o total publicado e 18.959.098. As diferencas foram preservadas nas colunas de validacao.";rendimento_bruto_total_cr_mil_diferenca_total_menos_faixas;0;1000.000000;0.000000;4.074000;4.074000;unidade monetaria corrente por US$;1.000000;;3694;Taxa de cambio - Livre - Dolar americano (venda) - Media de periodo - anual;annual_period_average;https://api.bcb.gov.br/dados/serie/bcdata.sgs.3694/dados?formato=json&dataInicial=01%2F01%2F1943&dataFinal=31%2F12%2F2025;CPIAUCSL;Consumer Price Index for All Urban Consumers: All Items in U.S. City Average;seasonally_adjusted;36.683333;12;2026;331.279875;8;partial;9.030801;0.000000;0.000000;bcb_3694_cpiaucsl;partial_cpi_target_year;Converted from nominal domestic currency to nominal USD with the listed exchange rate, then to target-year USD with CPIAUCSL. Target-year CPI uses the months available so far.;strict_renda_liquida;national;renda liquida publicada em faixas compativeis
total;irpf_aef_1971_totais;irpf_aef_1971_totais.csv;total;1;1969;1970;Brasil;irpf_aef_1971_totais;Cr$;Cr$ 1.000;Cr$ 1,00;;;Brasil. Ministerio da Fazenda. Anuario Economico-Fiscal 1971. Brasilia: Ministerio da Fazenda, 1971.;;outputs/fontes-pedro-souza-irpf/aef_scan/pdf/anuareco1971minfaz.pdf;;;;"No Quadro 8.2.2.38, a coluna 'com imposto liquido a restituir' soma 418.577 nas faixas, mas o total publicado e 418.877; a coluna 'com declaracao fora do prazo' soma 186.454 nas faixas, mas o total publicado e 188.454; e a coluna de dependentes soma 16.959.098 nas faixas, mas o total publicado e 18.959.098. As diferencas foram preservadas nas colunas de validacao.";deducao_cedular_calculada_cr_mil_total_publicado;6367154;1000.000000;6367154000.000000;4.074000;4.074000;unidade monetaria corrente por US$;1.000000;;3694;Taxa de cambio - Livre - Dolar americano (venda) - Media de periodo - anual;annual_period_average;https://api.bcb.gov.br/dados/serie/bcdata.sgs.3694/dados?formato=json&dataInicial=01%2F01%2F1943&dataFinal=31%2F12%2F2025;CPIAUCSL;Consumer Price Index for All Urban Consumers: All Items in U.S. City Average;seasonally_adjusted;36.683333;12;2026;331.279875;8;partial;9.030801;1562875306.823760;14114015883.739323;bcb_3694_cpiaucsl;partial_cpi_target_year;Converted from nominal domestic currency to nominal USD with the listed exchange rate, then to target-year USD with CPIAUCSL. Target-year CPI uses the months available so far.;strict_renda_liquida;national;renda liquida publicada em faixas compativeis
total;irpf_aef_1971_totais;irpf_aef_1971_totais.csv;total;1;1969;1970;Brasil;irpf_aef_1971_totais;Cr$;Cr$ 1.000;Cr$ 1,00;;;Brasil. Ministerio da Fazenda. Anuario Economico-Fiscal 1971. Brasilia: Ministerio da Fazenda, 1971.;;outputs/fontes-pedro-souza-irpf/aef_scan/pdf/anuareco1971minfaz.pdf;;;;"No Quadro 8.2.2.38, a coluna 'com imposto liquido a restituir' soma 418.577 nas faixas, mas o total publicado e 418.877; a coluna 'com declaracao fora do prazo' soma 186.454 nas faixas, mas o total publicado e 188.454; e a coluna de dependentes soma 16.959.098 nas faixas, mas o total publicado e 18.959.098. As diferencas foram preservadas nas colunas de validacao.";deducao_cedular_calculada_cr_mil_soma_faixas;6367154;1000.000000;6367154000.000000;4.074000;4.074000;unidade monetaria corrente por US$;1.000000;;3694;Taxa de cambio - Livre - Dolar americano (venda) - Media de periodo - anual;annual_period_average;https://api.bcb.gov.br/dados/serie/bcdata.sgs.3694/dados?formato=json&dataInicial=01%2F01%2F1943&dataFinal=31%2F12%2F2025;CPIAUCSL;Consumer Price Index for All Urban Consumers: All Items in U.S. City Average;seasonally_adjusted;36.683333;12;2026;331.279875;8;partial;9.030801;1562875306.823760;14114015883.739323;bcb_3694_cpiaucsl;partial_cpi_target_year;Converted from nominal domestic currency to nominal USD with the listed exchange rate, then to target-year USD with CPIAUCSL. Target-year CPI uses the months available so far.;strict_renda_liquida;national;renda liquida publicada em faixas compativeis
total;irpf_aef_1971_totais;irpf_aef_1971_totais.csv;total;1;1969;1970;Brasil;irpf_aef_1971_totais;Cr$;Cr$ 1.000;Cr$ 1,00;;;Brasil. Ministerio da Fazenda. Anuario Economico-Fiscal 1971. Brasilia: Ministerio da Fazenda, 1971.;;outputs/fontes-pedro-souza-irpf/aef_scan/pdf/anuareco1971minfaz.pdf;;;;"No Quadro 8.2.2.38, a coluna 'com imposto liquido a restituir' soma 418.577 nas faixas, mas o total publicado e 418.877; a coluna 'com declaracao fora do prazo' soma 186.454 nas faixas, mas o total publicado e 188.454; e a coluna de dependentes soma 16.959.098 nas faixas, mas o total publicado e 18.959.098. As diferencas foram preservadas nas colunas de validacao.";deducao_cedular_calculada_cr_mil_diferenca_total_menos_faixas;0;1000.000000;0.000000;4.074000;4.074000;unidade monetaria corrente por US$;1.000000;;3694;Taxa de cambio - Livre - Dolar americano (venda) - Media de periodo - anual;annual_period_average;https://api.bcb.gov.br/dados/serie/bcdata.sgs.3694/dados?formato=json&dataInicial=01%2F01%2F1943&dataFinal=31%2F12%2F2025;CPIAUCSL;Consumer Price Index for All Urban Consumers: All Items in U.S. City Average;seasonally_adjusted;36.683333;12;2026;331.279875;8;partial;9.030801;0.000000;0.000000;bcb_3694_cpiaucsl;partial_cpi_target_year;Converted from nominal domestic currency to nominal USD with the listed exchange rate, then to target-year USD with CPIAUCSL. Target-year CPI uses the months available so far.;strict_renda_liquida;national;renda liquida publicada em faixas compativeis
total;irpf_aef_1971_totais;irpf_aef_1971_totais.csv;total;1;1969;1970;Brasil;irpf_aef_1971_totais;Cr$;Cr$ 1.000;Cr$ 1,00;;;Brasil. Ministerio da Fazenda. Anuario Economico-Fiscal 1971. Brasilia: Ministerio da Fazenda, 1971.;;outputs/fontes-pedro-souza-irpf/aef_scan/pdf/anuareco1971minfaz.pdf;;;;"No Quadro 8.2.2.38, a coluna 'com imposto liquido a restituir' soma 418.577 nas faixas, mas o total publicado e 418.877; a coluna 'com declaracao fora do prazo' soma 186.454 nas faixas, mas o total publicado e 188.454; e a coluna de dependentes soma 16.959.098 nas faixas, mas o total publicado e 18.959.098. As diferencas foram preservadas nas colunas de validacao.";imposto_liquido_devido_cr_mil_total_publicado;1264278;1000.000000;1264278000.000000;4.074000;4.074000;unidade monetaria corrente por US$;1.000000;;3694;Taxa de cambio - Livre - Dolar americano (venda) - Media de periodo - anual;annual_period_average;https://api.bcb.gov.br/dados/serie/bcdata.sgs.3694/dados?formato=json&dataInicial=01%2F01%2F1943&dataFinal=31%2F12%2F2025;CPIAUCSL;Consumer Price Index for All Urban Consumers: All Items in U.S. City Average;seasonally_adjusted;36.683333;12;2026;331.279875;8;partial;9.030801;310328424.153166;2802514243.170839;bcb_3694_cpiaucsl;partial_cpi_target_year;Converted from nominal domestic currency to nominal USD with the listed exchange rate, then to target-year USD with CPIAUCSL. Target-year CPI uses the months available so far.;strict_renda_liquida;national;renda liquida publicada em faixas compativeis
total;irpf_aef_1971_totais;irpf_aef_1971_totais.csv;total;1;1969;1970;Brasil;irpf_aef_1971_totais;Cr$;Cr$ 1.000;Cr$ 1,00;;;Brasil. Ministerio da Fazenda. Anuario Economico-Fiscal 1971. Brasilia: Ministerio da Fazenda, 1971.;;outputs/fontes-pedro-souza-irpf/aef_scan/pdf/anuareco1971minfaz.pdf;;;;"No Quadro 8.2.2.38, a coluna 'com imposto liquido a restituir' soma 418.577 nas faixas, mas o total publicado e 418.877; a coluna 'com declaracao fora do prazo' soma 186.454 nas faixas, mas o total publicado e 188.454; e a coluna de dependentes soma 16.959.098 nas faixas, mas o total publicado e 18.959.098. As diferencas foram preservadas nas colunas de validacao.";imposto_liquido_devido_cr_mil_soma_faixas;1264278;1000.000000;1264278000.000000;4.074000;4.074000;unidade monetaria corrente por US$;1.000000;;3694;Taxa de cambio - Livre - Dolar americano (venda) - Media de periodo - anual;annual_period_average;https://api.bcb.gov.br/dados/serie/bcdata.sgs.3694/dados?formato=json&dataInicial=01%2F01%2F1943&dataFinal=31%2F12%2F2025;CPIAUCSL;Consumer Price Index for All Urban Consumers: All Items in U.S. City Average;seasonally_adjusted;36.683333;12;2026;331.279875;8;partial;9.030801;310328424.153166;2802514243.170839;bcb_3694_cpiaucsl;partial_cpi_target_year;Converted from nominal domestic currency to nominal USD with the listed exchange rate, then to target-year USD with CPIAUCSL. Target-year CPI uses the months available so far.;strict_renda_liquida;national;renda liquida publicada em faixas compativeis
total;irpf_aef_1971_totais;irpf_aef_1971_totais.csv;total;1;1969;1970;Brasil;irpf_aef_1971_totais;Cr$;Cr$ 1.000;Cr$ 1,00;;;Brasil. Ministerio da Fazenda. Anuario Economico-Fiscal 1971. Brasilia: Ministerio da Fazenda, 1971.;;outputs/fontes-pedro-souza-irpf/aef_scan/pdf/anuareco1971minfaz.pdf;;;;"No Quadro 8.2.2.38, a coluna 'com imposto liquido a restituir' soma 418.577 nas faixas, mas o total publicado e 418.877; a coluna 'com declaracao fora do prazo' soma 186.454 nas faixas, mas o total publicado e 188.454; e a coluna de dependentes soma 16.959.098 nas faixas, mas o total publicado e 18.959.098. As diferencas foram preservadas nas colunas de validacao.";imposto_liquido_devido_cr_mil_diferenca_total_menos_faixas;0;1000.000000;0.000000;4.074000;4.074000;unidade monetaria corrente por US$;1.000000;;3694;Taxa de cambio - Livre - Dolar americano (venda) - Media de periodo - anual;annual_period_average;https://api.bcb.gov.br/dados/serie/bcdata.sgs.3694/dados?formato=json&dataInicial=01%2F01%2F1943&dataFinal=31%2F12%2F2025;CPIAUCSL;Consumer Price Index for All Urban Consumers: All Items in U.S. City Average;seasonally_adjusted;36.683333;12;2026;331.279875;8;partial;9.030801;0.000000;0.000000;bcb_3694_cpiaucsl;partial_cpi_target_year;Converted from nominal domestic currency to nominal USD with the listed exchange rate, then to target-year USD with CPIAUCSL. Target-year CPI uses the months available so far.;strict_renda_liquida;national;renda liquida publicada em faixas compativeis
total;irpf_aef_1971_totais;irpf_aef_1971_totais.csv;total;1;1969;1970;Brasil;irpf_aef_1971_totais;Cr$;Cr$ 1.000;Cr$ 1,00;;;Brasil. Ministerio da Fazenda. Anuario Economico-Fiscal 1971. Brasilia: Ministerio da Fazenda, 1971.;;outputs/fontes-pedro-souza-irpf/aef_scan/pdf/anuareco1971minfaz.pdf;;;;"No Quadro 8.2.2.38, a coluna 'com imposto liquido a restituir' soma 418.577 nas faixas, mas o total publicado e 418.877; a coluna 'com declaracao fora do prazo' soma 186.454 nas faixas, mas o total publicado e 188.454; e a coluna de dependentes soma 16.959.098 nas faixas, mas o total publicado e 18.959.098. As diferencas foram preservadas nas colunas de validacao.";imposto_liquido_a_restituir_cr_mil_total_publicado;78569;1000.000000;78569000.000000;4.074000;4.074000;unidade monetaria corrente por US$;1.000000;;3694;Taxa de cambio - Livre - Dolar americano (venda) - Media de periodo - anual;annual_period_average;https://api.bcb.gov.br/dados/serie/bcdata.sgs.3694/dados?formato=json&dataInicial=01%2F01%2F1943&dataFinal=31%2F12%2F2025;CPIAUCSL;Consumer Price Index for All Urban Consumers: All Items in U.S. City Average;seasonally_adjusted;36.683333;12;2026;331.279875;8;partial;9.030801;19285468.826706;174163231.165685;bcb_3694_cpiaucsl;partial_cpi_target_year;Converted from nominal domestic currency to nominal USD with the listed exchange rate, then to target-year USD with CPIAUCSL. Target-year CPI uses the months available so far.;strict_renda_liquida;national;renda liquida publicada em faixas compativeis
total;irpf_aef_1971_totais;irpf_aef_1971_totais.csv;total;1;1969;1970;Brasil;irpf_aef_1971_totais;Cr$;Cr$ 1.000;Cr$ 1,00;;;Brasil. Ministerio da Fazenda. Anuario Economico-Fiscal 1971. Brasilia: Ministerio da Fazenda, 1971.;;outputs/fontes-pedro-souza-irpf/aef_scan/pdf/anuareco1971minfaz.pdf;;;;"No Quadro 8.2.2.38, a coluna 'com imposto liquido a restituir' soma 418.577 nas faixas, mas o total publicado e 418.877; a coluna 'com declaracao fora do prazo' soma 186.454 nas faixas, mas o total publicado e 188.454; e a coluna de dependentes soma 16.959.098 nas faixas, mas o total publicado e 18.959.098. As diferencas foram preservadas nas colunas de validacao.";imposto_liquido_a_restituir_cr_mil_soma_faixas;78569;1000.000000;78569000.000000;4.074000;4.074000;unidade monetaria corrente por US$;1.000000;;3694;Taxa de cambio - Livre - Dolar americano (venda) - Media de periodo - anual;annual_period_average;https://api.bcb.gov.br/dados/serie/bcdata.sgs.3694/dados?formato=json&dataInicial=01%2F01%2F1943&dataFinal=31%2F12%2F2025;CPIAUCSL;Consumer Price Index for All Urban Consumers: All Items in U.S. City Average;seasonally_adjusted;36.683333;12;2026;331.279875;8;partial;9.030801;19285468.826706;174163231.165685;bcb_3694_cpiaucsl;partial_cpi_target_year;Converted from nominal domestic currency to nominal USD with the listed exchange rate, then to target-year USD with CPIAUCSL. Target-year CPI uses the months available so far.;strict_renda_liquida;national;renda liquida publicada em faixas compativeis
total;irpf_aef_1971_totais;irpf_aef_1971_totais.csv;total;1;1969;1970;Brasil;irpf_aef_1971_totais;Cr$;Cr$ 1.000;Cr$ 1,00;;;Brasil. Ministerio da Fazenda. Anuario Economico-Fiscal 1971. Brasilia: Ministerio da Fazenda, 1971.;;outputs/fontes-pedro-souza-irpf/aef_scan/pdf/anuareco1971minfaz.pdf;;;;"No Quadro 8.2.2.38, a coluna 'com imposto liquido a restituir' soma 418.577 nas faixas, mas o total publicado e 418.877; a coluna 'com declaracao fora do prazo' soma 186.454 nas faixas, mas o total publicado e 188.454; e a coluna de dependentes soma 16.959.098 nas faixas, mas o total publicado e 18.959.098. As diferencas foram preservadas nas colunas de validacao.";imposto_liquido_a_restituir_cr_mil_diferenca_total_menos_faixas;0;1000.000000;0.000000;4.074000;4.074000;unidade monetaria corrente por US$;1.000000;;3694;Taxa de cambio - Livre - Dolar americano (venda) - Media de periodo - anual;annual_period_average;https://api.bcb.gov.br/dados/serie/bcdata.sgs.3694/dados?formato=json&dataInicial=01%2F01%2F1943&dataFinal=31%2F12%2F2025;CPIAUCSL;Consumer Price Index for All Urban Consumers: All Items in U.S. City Average;seasonally_adjusted;36.683333;12;2026;331.279875;8;partial;9.030801;0.000000;0.000000;bcb_3694_cpiaucsl;partial_cpi_target_year;Converted from nominal domestic currency to nominal USD with the listed exchange rate, then to target-year USD with CPIAUCSL. Target-year CPI uses the months available so far.;strict_renda_liquida;national;renda liquida publicada em faixas compativeis
total;irpf_aef_1972_totais;irpf_aef_1972_totais.csv;total;1;1970;1971;Brasil;irpf_aef_1972_totais;Cr$;Cr$ 1.000;Cr$ 1,00;;;Brasil. Ministerio da Fazenda. Secretaria da Receita Federal. Centro de Informacoes Economico-Fiscais. Anuario Economico-Fiscal 1972. Brasilia: Centro de Informacoes Economico-Fiscais, 1972.;;outputs/fontes-pedro-souza-irpf/aef_scan/pdf/anuareco1972minfaz.pdf;145;141;8.2.1.54;"O Quadro 8.2.1.54 separa uma classe de renda liquida negativa. Para manter comparabilidade com o padrao anterior de primeira faixa 'Ate X', a tabela principal agrega os declarantes da classe negativa com os declarantes de renda liquida de zero a Cr$ 5.040 na faixa 'Ate 5.040'. O valor de renda liquida usado nessa faixa e o total positivo da classe de zero a 5.040; a quantidade e o valor publicado da classe negativa foram preservados em colunas proprias e na tabela de origem.";renda_liquida_media_cr;4348.568005;1.000000;4348.568005;4.593500;4.593500;unidade monetaria corrente por US$;1.000000;;3694;Taxa de cambio - Livre - Dolar americano (venda) - Media de periodo - anual;annual_period_average;https://api.bcb.gov.br/dados/serie/bcdata.sgs.3694/dados?formato=json&dataInicial=01%2F01%2F1943&dataFinal=31%2F12%2F2025;CPIAUCSL;Consumer Price Index for All Urban Consumers: All Items in U.S. City Average;seasonally_adjusted;38.841667;12;2026;331.279875;8;partial;8.528982;946.678569;8074.204472;bcb_3694_cpiaucsl;partial_cpi_target_year;Converted from nominal domestic currency to nominal USD with the listed exchange rate, then to target-year USD with CPIAUCSL. Target-year CPI uses the months available so far.;strict_renda_liquida;national;renda liquida publicada em faixas compativeis
total;irpf_aef_1972_totais;irpf_aef_1972_totais.csv;total;1;1970;1971;Brasil;irpf_aef_1972_totais;Cr$;Cr$ 1.000;Cr$ 1,00;;;Brasil. Ministerio da Fazenda. Secretaria da Receita Federal. Centro de Informacoes Economico-Fiscais. Anuario Economico-Fiscal 1972. Brasilia: Centro de Informacoes Economico-Fiscais, 1972.;;outputs/fontes-pedro-souza-irpf/aef_scan/pdf/anuareco1972minfaz.pdf;145;141;8.2.1.54;"O Quadro 8.2.1.54 separa uma classe de renda liquida negativa. Para manter comparabilidade com o padrao anterior de primeira faixa 'Ate X', a tabela principal agrega os declarantes da classe negativa com os declarantes de renda liquida de zero a Cr$ 5.040 na faixa 'Ate 5.040'. O valor de renda liquida usado nessa faixa e o total positivo da classe de zero a 5.040; a quantidade e o valor publicado da classe negativa foram preservados em colunas proprias e na tabela de origem.";renda_liquida_cr_mil_total_publicado;35447326;1000.000000;35447326000.000000;4.593500;4.593500;unidade monetaria corrente por US$;1.000000;;3694;Taxa de cambio - Livre - Dolar americano (venda) - Media de periodo - anual;annual_period_average;https://api.bcb.gov.br/dados/serie/bcdata.sgs.3694/dados?formato=json&dataInicial=01%2F01%2F1943&dataFinal=31%2F12%2F2025;CPIAUCSL;Consumer Price Index for All Urban Consumers: All Items in U.S. City Average;seasonally_adjusted;38.841667;12;2026;331.279875;8;partial;8.528982;7716844671.818874;65816829302.739088;bcb_3694_cpiaucsl;partial_cpi_target_year;Converted from nominal domestic currency to nominal USD with the listed exchange rate, then to target-year USD with CPIAUCSL. Target-year CPI uses the months available so far.;strict_renda_liquida;national;renda liquida publicada em faixas compativeis
total;irpf_aef_1972_totais;irpf_aef_1972_totais.csv;total;1;1970;1971;Brasil;irpf_aef_1972_totais;Cr$;Cr$ 1.000;Cr$ 1,00;;;Brasil. Ministerio da Fazenda. Secretaria da Receita Federal. Centro de Informacoes Economico-Fiscais. Anuario Economico-Fiscal 1972. Brasilia: Centro de Informacoes Economico-Fiscais, 1972.;;outputs/fontes-pedro-souza-irpf/aef_scan/pdf/anuareco1972minfaz.pdf;145;141;8.2.1.54;"O Quadro 8.2.1.54 separa uma classe de renda liquida negativa. Para manter comparabilidade com o padrao anterior de primeira faixa 'Ate X', a tabela principal agrega os declarantes da classe negativa com os declarantes de renda liquida de zero a Cr$ 5.040 na faixa 'Ate 5.040'. O valor de renda liquida usado nessa faixa e o total positivo da classe de zero a 5.040; a quantidade e o valor publicado da classe negativa foram preservados em colunas proprias e na tabela de origem.";renda_liquida_cr_mil_soma_faixas;35447326;1000.000000;35447326000.000000;4.593500;4.593500;unidade monetaria corrente por US$;1.000000;;3694;Taxa de cambio - Livre - Dolar americano (venda) - Media de periodo - anual;annual_period_average;https://api.bcb.gov.br/dados/serie/bcdata.sgs.3694/dados?formato=json&dataInicial=01%2F01%2F1943&dataFinal=31%2F12%2F2025;CPIAUCSL;Consumer Price Index for All Urban Consumers: All Items in U.S. City Average;seasonally_adjusted;38.841667;12;2026;331.279875;8;partial;8.528982;7716844671.818874;65816829302.739088;bcb_3694_cpiaucsl;partial_cpi_target_year;Converted from nominal domestic currency to nominal USD with the listed exchange rate, then to target-year USD with CPIAUCSL. Target-year CPI uses the months available so far.;strict_renda_liquida;national;renda liquida publicada em faixas compativeis
total;irpf_aef_1972_totais;irpf_aef_1972_totais.csv;total;1;1970;1971;Brasil;irpf_aef_1972_totais;Cr$;Cr$ 1.000;Cr$ 1,00;;;Brasil. Ministerio da Fazenda. Secretaria da Receita Federal. Centro de Informacoes Economico-Fiscais. Anuario Economico-Fiscal 1972. Brasilia: Centro de Informacoes Economico-Fiscais, 1972.;;outputs/fontes-pedro-souza-irpf/aef_scan/pdf/anuareco1972minfaz.pdf;145;141;8.2.1.54;"O Quadro 8.2.1.54 separa uma classe de renda liquida negativa. Para manter comparabilidade com o padrao anterior de primeira faixa 'Ate X', a tabela principal agrega os declarantes da classe negativa com os declarantes de renda liquida de zero a Cr$ 5.040 na faixa 'Ate 5.040'. O valor de renda liquida usado nessa faixa e o total positivo da classe de zero a 5.040; a quantidade e o valor publicado da classe negativa foram preservados em colunas proprias e na tabela de origem.";renda_liquida_cr_mil_diferenca_total_menos_faixas;0;1000.000000;0.000000;4.593500;4.593500;unidade monetaria corrente por US$;1.000000;;3694;Taxa de cambio - Livre - Dolar americano (venda) - Media de periodo - anual;annual_period_average;https://api.bcb.gov.br/dados/serie/bcdata.sgs.3694/dados?formato=json&dataInicial=01%2F01%2F1943&dataFinal=31%2F12%2F2025;CPIAUCSL;Consumer Price Index for All Urban Consumers: All Items in U.S. City Average;seasonally_adjusted;38.841667;12;2026;331.279875;8;partial;8.528982;0.000000;0.000000;bcb_3694_cpiaucsl;partial_cpi_target_year;Converted from nominal domestic currency to nominal USD with the listed exchange rate, then to target-year USD with CPIAUCSL. Target-year CPI uses the months available so far.;strict_renda_liquida;national;renda liquida publicada em faixas compativeis
total;irpf_aef_1972_totais;irpf_aef_1972_totais.csv;total;1;1970;1971;Brasil;irpf_aef_1972_totais;Cr$;Cr$ 1.000;Cr$ 1,00;;;Brasil. Ministerio da Fazenda. Secretaria da Receita Federal. Centro de Informacoes Economico-Fiscais. Anuario Economico-Fiscal 1972. Brasilia: Centro de Informacoes Economico-Fiscais, 1972.;;outputs/fontes-pedro-souza-irpf/aef_scan/pdf/anuareco1972minfaz.pdf;145;141;8.2.1.54;"O Quadro 8.2.1.54 separa uma classe de renda liquida negativa. Para manter comparabilidade com o padrao anterior de primeira faixa 'Ate X', a tabela principal agrega os declarantes da classe negativa com os declarantes de renda liquida de zero a Cr$ 5.040 na faixa 'Ate 5.040'. O valor de renda liquida usado nessa faixa e o total positivo da classe de zero a 5.040; a quantidade e o valor publicado da classe negativa foram preservados em colunas proprias e na tabela de origem.";renda_liquida_negativa_cr_mil_publicada;17696729;1000.000000;17696729000.000000;4.593500;4.593500;unidade monetaria corrente por US$;1.000000;;3694;Taxa de cambio - Livre - Dolar americano (venda) - Media de periodo - anual;annual_period_average;https://api.bcb.gov.br/dados/serie/bcdata.sgs.3694/dados?formato=json&dataInicial=01%2F01%2F1943&dataFinal=31%2F12%2F2025;CPIAUCSL;Consumer Price Index for All Urban Consumers: All Items in U.S. City Average;seasonally_adjusted;38.841667;12;2026;331.279875;8;partial;8.528982;3852558833.133776;32858404941.738979;bcb_3694_cpiaucsl;partial_cpi_target_year;Converted from nominal domestic currency to nominal USD with the listed exchange rate, then to target-year USD with CPIAUCSL. Target-year CPI uses the months available so far.;strict_renda_liquida;national;renda liquida publicada em faixas compativeis
total;irpf_aef_1972_totais;irpf_aef_1972_totais.csv;total;1;1970;1971;Brasil;irpf_aef_1972_totais;Cr$;Cr$ 1.000;Cr$ 1,00;;;Brasil. Ministerio da Fazenda. Secretaria da Receita Federal. Centro de Informacoes Economico-Fiscais. Anuario Economico-Fiscal 1972. Brasilia: Centro de Informacoes Economico-Fiscais, 1972.;;outputs/fontes-pedro-souza-irpf/aef_scan/pdf/anuareco1972minfaz.pdf;145;141;8.2.1.54;"O Quadro 8.2.1.54 separa uma classe de renda liquida negativa. Para manter comparabilidade com o padrao anterior de primeira faixa 'Ate X', a tabela principal agrega os declarantes da classe negativa com os declarantes de renda liquida de zero a Cr$ 5.040 na faixa 'Ate 5.040'. O valor de renda liquida usado nessa faixa e o total positivo da classe de zero a 5.040; a quantidade e o valor publicado da classe negativa foram preservados em colunas proprias e na tabela de origem.";renda_liquida_positiva_cr_mil_soma_origem;35447326;1000.000000;35447326000.000000;4.593500;4.593500;unidade monetaria corrente por US$;1.000000;;3694;Taxa de cambio - Livre - Dolar americano (venda) - Media de periodo - anual;annual_period_average;https://api.bcb.gov.br/dados/serie/bcdata.sgs.3694/dados?formato=json&dataInicial=01%2F01%2F1943&dataFinal=31%2F12%2F2025;CPIAUCSL;Consumer Price Index for All Urban Consumers: All Items in U.S. City Average;seasonally_adjusted;38.841667;12;2026;331.279875;8;partial;8.528982;7716844671.818874;65816829302.739088;bcb_3694_cpiaucsl;partial_cpi_target_year;Converted from nominal domestic currency to nominal USD with the listed exchange rate, then to target-year USD with CPIAUCSL. Target-year CPI uses the months available so far.;strict_renda_liquida;national;renda liquida publicada em faixas compativeis
total;irpf_aef_1973_totais;irpf_aef_1973_totais.csv;total;1;1971;1972;Brasil;irpf_aef_1973_totais;Cr$;Cr$ 1.000;Cr$ 1,00;;;Brasil. Ministerio da Fazenda. Anuario Economico-Fiscal 1973. Brasilia: Ministerio da Fazenda, 1975.;;outputs/fontes-pedro-souza-irpf/aef_scan/pdf/anuareco1973minfaz.pdf;202;200;8.2.1.54;"O Quadro 8.2.1.54 separa uma classe de renda liquida negativa. Para manter comparabilidade com o ano anterior e com o padrao historico de primeira faixa 'Ate X', a tabela principal agrega os declarantes da classe negativa com os declarantes de renda liquida de zero a Cr$ 6.048 na faixa 'Ate 6.048'. O valor de renda liquida usado nessa faixa e o total positivo da classe de zero a 6.048; a quantidade e o valor publicado da classe negativa foram preservados em colunas proprias e na tabela de origem.";renda_liquida_media_cr;4889.522261;1.000000;4889.522261;5.287600;5.287600;unidade monetaria corrente por US$;1.000000;;3694;Taxa de cambio - Livre - Dolar americano (venda) - Media de periodo - anual;annual_period_average;https://api.bcb.gov.br/dados/serie/bcdata.sgs.3694/dados?formato=json&dataInicial=01%2F01%2F1943&dataFinal=31%2F12%2F2025;CPIAUCSL;Consumer Price Index for All Urban Consumers: All Items in U.S. City Average;seasonally_adjusted;40.483333;12;2026;331.279875;8;partial;8.183118;924.714854;7567.050765;bcb_3694_cpiaucsl;partial_cpi_target_year;Converted from nominal domestic currency to nominal USD with the listed exchange rate, then to target-year USD with CPIAUCSL. Target-year CPI uses the months available so far.;strict_renda_liquida;national;renda liquida publicada em faixas compativeis
total;irpf_aef_1973_totais;irpf_aef_1973_totais.csv;total;1;1971;1972;Brasil;irpf_aef_1973_totais;Cr$;Cr$ 1.000;Cr$ 1,00;;;Brasil. Ministerio da Fazenda. Anuario Economico-Fiscal 1973. Brasilia: Ministerio da Fazenda, 1975.;;outputs/fontes-pedro-souza-irpf/aef_scan/pdf/anuareco1973minfaz.pdf;202;200;8.2.1.54;"O Quadro 8.2.1.54 separa uma classe de renda liquida negativa. Para manter comparabilidade com o ano anterior e com o padrao historico de primeira faixa 'Ate X', a tabela principal agrega os declarantes da classe negativa com os declarantes de renda liquida de zero a Cr$ 6.048 na faixa 'Ate 6.048'. O valor de renda liquida usado nessa faixa e o total positivo da classe de zero a 6.048; a quantidade e o valor publicado da classe negativa foram preservados em colunas proprias e na tabela de origem.";renda_liquida_cr_mil_total_publicado;46998308;1000.000000;46998308000.000000;5.287600;5.287600;unidade monetaria corrente por US$;1.000000;;3694;Taxa de cambio - Livre - Dolar americano (venda) - Media de periodo - anual;annual_period_average;https://api.bcb.gov.br/dados/serie/bcdata.sgs.3694/dados?formato=json&dataInicial=01%2F01%2F1943&dataFinal=31%2F12%2F2025;CPIAUCSL;Consumer Price Index for All Urban Consumers: All Items in U.S. City Average;seasonally_adjusted;40.483333;12;2026;331.279875;8;partial;8.183118;8888400786.746350;72734832469.238218;bcb_3694_cpiaucsl;partial_cpi_target_year;Converted from nominal domestic currency to nominal USD with the listed exchange rate, then to target-year USD with CPIAUCSL. Target-year CPI uses the months available so far.;strict_renda_liquida;national;renda liquida publicada em faixas compativeis
total;irpf_aef_1973_totais;irpf_aef_1973_totais.csv;total;1;1971;1972;Brasil;irpf_aef_1973_totais;Cr$;Cr$ 1.000;Cr$ 1,00;;;Brasil. Ministerio da Fazenda. Anuario Economico-Fiscal 1973. Brasilia: Ministerio da Fazenda, 1975.;;outputs/fontes-pedro-souza-irpf/aef_scan/pdf/anuareco1973minfaz.pdf;202;200;8.2.1.54;"O Quadro 8.2.1.54 separa uma classe de renda liquida negativa. Para manter comparabilidade com o ano anterior e com o padrao historico de primeira faixa 'Ate X', a tabela principal agrega os declarantes da classe negativa com os declarantes de renda liquida de zero a Cr$ 6.048 na faixa 'Ate 6.048'. O valor de renda liquida usado nessa faixa e o total positivo da classe de zero a 6.048; a quantidade e o valor publicado da classe negativa foram preservados em colunas proprias e na tabela de origem.";renda_liquida_cr_mil_soma_faixas;46998308;1000.000000;46998308000.000000;5.287600;5.287600;unidade monetaria corrente por US$;1.000000;;3694;Taxa de cambio - Livre - Dolar americano (venda) - Media de periodo - anual;annual_period_average;https://api.bcb.gov.br/dados/serie/bcdata.sgs.3694/dados?formato=json&dataInicial=01%2F01%2F1943&dataFinal=31%2F12%2F2025;CPIAUCSL;Consumer Price Index for All Urban Consumers: All Items in U.S. City Average;seasonally_adjusted;40.483333;12;2026;331.279875;8;partial;8.183118;8888400786.746350;72734832469.238218;bcb_3694_cpiaucsl;partial_cpi_target_year;Converted from nominal domestic currency to nominal USD with the listed exchange rate, then to target-year USD with CPIAUCSL. Target-year CPI uses the months available so far.;strict_renda_liquida;national;renda liquida publicada em faixas compativeis
total;irpf_aef_1973_totais;irpf_aef_1973_totais.csv;total;1;1971;1972;Brasil;irpf_aef_1973_totais;Cr$;Cr$ 1.000;Cr$ 1,00;;;Brasil. Ministerio da Fazenda. Anuario Economico-Fiscal 1973. Brasilia: Ministerio da Fazenda, 1975.;;outputs/fontes-pedro-souza-irpf/aef_scan/pdf/anuareco1973minfaz.pdf;202;200;8.2.1.54;"O Quadro 8.2.1.54 separa uma classe de renda liquida negativa. Para manter comparabilidade com o ano anterior e com o padrao historico de primeira faixa 'Ate X', a tabela principal agrega os declarantes da classe negativa com os declarantes de renda liquida de zero a Cr$ 6.048 na faixa 'Ate 6.048'. O valor de renda liquida usado nessa faixa e o total positivo da classe de zero a 6.048; a quantidade e o valor publicado da classe negativa foram preservados em colunas proprias e na tabela de origem.";renda_liquida_cr_mil_diferenca_total_menos_faixas;0;1000.000000;0.000000;5.287600;5.287600;unidade monetaria corrente por US$;1.000000;;3694;Taxa de cambio - Livre - Dolar americano (venda) - Media de periodo - anual;annual_period_average;https://api.bcb.gov.br/dados/serie/bcdata.sgs.3694/dados?formato=json&dataInicial=01%2F01%2F1943&dataFinal=31%2F12%2F2025;CPIAUCSL;Consumer Price Index for All Urban Consumers: All Items in U.S. City Average;seasonally_adjusted;40.483333;12;2026;331.279875;8;partial;8.183118;0.000000;0.000000;bcb_3694_cpiaucsl;partial_cpi_target_year;Converted from nominal domestic currency to nominal USD with the listed exchange rate, then to target-year USD with CPIAUCSL. Target-year CPI uses the months available so far.;strict_renda_liquida;national;renda liquida publicada em faixas compativeis
total;irpf_aef_1973_totais;irpf_aef_1973_totais.csv;total;1;1971;1972;Brasil;irpf_aef_1973_totais;Cr$;Cr$ 1.000;Cr$ 1,00;;;Brasil. Ministerio da Fazenda. Anuario Economico-Fiscal 1973. Brasilia: Ministerio da Fazenda, 1975.;;outputs/fontes-pedro-souza-irpf/aef_scan/pdf/anuareco1973minfaz.pdf;202;200;8.2.1.54;"O Quadro 8.2.1.54 separa uma classe de renda liquida negativa. Para manter comparabilidade com o ano anterior e com o padrao historico de primeira faixa 'Ate X', a tabela principal agrega os declarantes da classe negativa com os declarantes de renda liquida de zero a Cr$ 6.048 na faixa 'Ate 6.048'. O valor de renda liquida usado nessa faixa e o total positivo da classe de zero a 6.048; a quantidade e o valor publicado da classe negativa foram preservados em colunas proprias e na tabela de origem.";renda_liquida_negativa_cr_mil_publicada;17215614;1000.000000;17215614000.000000;5.287600;5.287600;unidade monetaria corrente por US$;1.000000;;3694;Taxa de cambio - Livre - Dolar americano (venda) - Media de periodo - anual;annual_period_average;https://api.bcb.gov.br/dados/serie/bcdata.sgs.3694/dados?formato=json&dataInicial=01%2F01%2F1943&dataFinal=31%2F12%2F2025;CPIAUCSL;Consumer Price Index for All Urban Consumers: All Items in U.S. City Average;seasonally_adjusted;40.483333;12;2026;331.279875;8;partial;8.183118;3255846508.813072;26642976171.505409;bcb_3694_cpiaucsl;partial_cpi_target_year;Converted from nominal domestic currency to nominal USD with the listed exchange rate, then to target-year USD with CPIAUCSL. Target-year CPI uses the months available so far.;strict_renda_liquida;national;renda liquida publicada em faixas compativeis
total;irpf_aef_1973_totais;irpf_aef_1973_totais.csv;total;1;1971;1972;Brasil;irpf_aef_1973_totais;Cr$;Cr$ 1.000;Cr$ 1,00;;;Brasil. Ministerio da Fazenda. Anuario Economico-Fiscal 1973. Brasilia: Ministerio da Fazenda, 1975.;;outputs/fontes-pedro-souza-irpf/aef_scan/pdf/anuareco1973minfaz.pdf;202;200;8.2.1.54;"O Quadro 8.2.1.54 separa uma classe de renda liquida negativa. Para manter comparabilidade com o ano anterior e com o padrao historico de primeira faixa 'Ate X', a tabela principal agrega os declarantes da classe negativa com os declarantes de renda liquida de zero a Cr$ 6.048 na faixa 'Ate 6.048'. O valor de renda liquida usado nessa faixa e o total positivo da classe de zero a 6.048; a quantidade e o valor publicado da classe negativa foram preservados em colunas proprias e na tabela de origem.";renda_liquida_positiva_cr_mil_soma_origem;46998308;1000.000000;46998308000.000000;5.287600;5.287600;unidade monetaria corrente por US$;1.000000;;3694;Taxa de cambio - Livre - Dolar americano (venda) - Media de periodo - anual;annual_period_average;https://api.bcb.gov.br/dados/serie/bcdata.sgs.3694/dados?formato=json&dataInicial=01%2F01%2F1943&dataFinal=31%2F12%2F2025;CPIAUCSL;Consumer Price Index for All Urban Consumers: All Items in U.S. City Average;seasonally_adjusted;40.483333;12;2026;331.279875;8;partial;8.183118;8888400786.746350;72734832469.238218;bcb_3694_cpiaucsl;partial_cpi_target_year;Converted from nominal domestic currency to nominal USD with the listed exchange rate, then to target-year USD with CPIAUCSL. Target-year CPI uses the months available so far.;strict_renda_liquida;national;renda liquida publicada em faixas compativeis
total;irpf_aef_1974_totais;irpf_aef_1974_totais.csv;total;1;1972;1973;Brasil;irpf_aef_1974_totais;Cr$;Cr$ 1.000;Cr$ 1,00;;;Brasil. Ministerio da Fazenda. Anuario Economico-Fiscal 1974. Brasilia: Ministerio da Fazenda, 1974.;;outputs/fontes-pedro-souza-irpf/aef_scan/pdf/anuareco1974minfaz.pdf;;;8.2.1.54;"O Quadro 8.2.1.54 separa uma classe de renda liquida negativa. Para manter comparabilidade com os AEF 1972 e 1973 e com o padrao historico de primeira faixa 'Ate X', a tabela principal agrega os declarantes da classe negativa com os declarantes de renda liquida de zero a Cr$ 7.600 na faixa 'Ate 7.600'. O valor de renda liquida usado nessa faixa e o total positivo da classe de zero a 7.600; a quantidade e o valor publicado da classe negativa foram preservados em colunas proprias e na tabela de origem.";renda_liquida_media_cr;6069.175303;1.000000;6069.175303;5.934000;5.934000;unidade monetaria corrente por US$;1.000000;;3694;Taxa de cambio - Livre - Dolar americano (venda) - Media de periodo - anual;annual_period_average;https://api.bcb.gov.br/dados/serie/bcdata.sgs.3694/dados?formato=json&dataInicial=01%2F01%2F1943&dataFinal=31%2F12%2F2025;CPIAUCSL;Consumer Price Index for All Urban Consumers: All Items in U.S. City Average;seasonally_adjusted;41.808333;12;2026;331.279875;8;partial;7.923776;1022.779795;8104.277992;bcb_3694_cpiaucsl;partial_cpi_target_year;Converted from nominal domestic currency to nominal USD with the listed exchange rate, then to target-year USD with CPIAUCSL. Target-year CPI uses the months available so far.;strict_renda_liquida;national;renda liquida publicada em faixas compativeis
total;irpf_aef_1974_totais;irpf_aef_1974_totais.csv;total;1;1972;1973;Brasil;irpf_aef_1974_totais;Cr$;Cr$ 1.000;Cr$ 1,00;;;Brasil. Ministerio da Fazenda. Anuario Economico-Fiscal 1974. Brasilia: Ministerio da Fazenda, 1974.;;outputs/fontes-pedro-souza-irpf/aef_scan/pdf/anuareco1974minfaz.pdf;;;8.2.1.54;"O Quadro 8.2.1.54 separa uma classe de renda liquida negativa. Para manter comparabilidade com os AEF 1972 e 1973 e com o padrao historico de primeira faixa 'Ate X', a tabela principal agrega os declarantes da classe negativa com os declarantes de renda liquida de zero a Cr$ 7.600 na faixa 'Ate 7.600'. O valor de renda liquida usado nessa faixa e o total positivo da classe de zero a 7.600; a quantidade e o valor publicado da classe negativa foram preservados em colunas proprias e na tabela de origem.";renda_liquida_cr_mil_total_publicado;64645317;1000.000000;64645317000.000000;5.934000;5.934000;unidade monetaria corrente por US$;1.000000;;3694;Taxa de cambio - Livre - Dolar americano (venda) - Media de periodo - anual;annual_period_average;https://api.bcb.gov.br/dados/serie/bcdata.sgs.3694/dados?formato=json&dataInicial=01%2F01%2F1943&dataFinal=31%2F12%2F2025;CPIAUCSL;Consumer Price Index for All Urban Consumers: All Items in U.S. City Average;seasonally_adjusted;41.808333;12;2026;331.279875;8;partial;7.923776;10894054095.045501;86322044381.023256;bcb_3694_cpiaucsl;partial_cpi_target_year;Converted from nominal domestic currency to nominal USD with the listed exchange rate, then to target-year USD with CPIAUCSL. Target-year CPI uses the months available so far.;strict_renda_liquida;national;renda liquida publicada em faixas compativeis
total;irpf_aef_1974_totais;irpf_aef_1974_totais.csv;total;1;1972;1973;Brasil;irpf_aef_1974_totais;Cr$;Cr$ 1.000;Cr$ 1,00;;;Brasil. Ministerio da Fazenda. Anuario Economico-Fiscal 1974. Brasilia: Ministerio da Fazenda, 1974.;;outputs/fontes-pedro-souza-irpf/aef_scan/pdf/anuareco1974minfaz.pdf;;;8.2.1.54;"O Quadro 8.2.1.54 separa uma classe de renda liquida negativa. Para manter comparabilidade com os AEF 1972 e 1973 e com o padrao historico de primeira faixa 'Ate X', a tabela principal agrega os declarantes da classe negativa com os declarantes de renda liquida de zero a Cr$ 7.600 na faixa 'Ate 7.600'. O valor de renda liquida usado nessa faixa e o total positivo da classe de zero a 7.600; a quantidade e o valor publicado da classe negativa foram preservados em colunas proprias e na tabela de origem.";renda_liquida_cr_mil_soma_faixas;64645317;1000.000000;64645317000.000000;5.934000;5.934000;unidade monetaria corrente por US$;1.000000;;3694;Taxa de cambio - Livre - Dolar americano (venda) - Media de periodo - anual;annual_period_average;https://api.bcb.gov.br/dados/serie/bcdata.sgs.3694/dados?formato=json&dataInicial=01%2F01%2F1943&dataFinal=31%2F12%2F2025;CPIAUCSL;Consumer Price Index for All Urban Consumers: All Items in U.S. City Average;seasonally_adjusted;41.808333;12;2026;331.279875;8;partial;7.923776;10894054095.045501;86322044381.023256;bcb_3694_cpiaucsl;partial_cpi_target_year;Converted from nominal domestic currency to nominal USD with the listed exchange rate, then to target-year USD with CPIAUCSL. Target-year CPI uses the months available so far.;strict_renda_liquida;national;renda liquida publicada em faixas compativeis
total;irpf_aef_1974_totais;irpf_aef_1974_totais.csv;total;1;1972;1973;Brasil;irpf_aef_1974_totais;Cr$;Cr$ 1.000;Cr$ 1,00;;;Brasil. Ministerio da Fazenda. Anuario Economico-Fiscal 1974. Brasilia: Ministerio da Fazenda, 1974.;;outputs/fontes-pedro-souza-irpf/aef_scan/pdf/anuareco1974minfaz.pdf;;;8.2.1.54;"O Quadro 8.2.1.54 separa uma classe de renda liquida negativa. Para manter comparabilidade com os AEF 1972 e 1973 e com o padrao historico de primeira faixa 'Ate X', a tabela principal agrega os declarantes da classe negativa com os declarantes de renda liquida de zero a Cr$ 7.600 na faixa 'Ate 7.600'. O valor de renda liquida usado nessa faixa e o total positivo da classe de zero a 7.600; a quantidade e o valor publicado da classe negativa foram preservados em colunas proprias e na tabela de origem.";renda_liquida_cr_mil_diferenca_total_menos_faixas;0;1000.000000;0.000000;5.934000;5.934000;unidade monetaria corrente por US$;1.000000;;3694;Taxa de cambio - Livre - Dolar americano (venda) - Media de periodo - anual;annual_period_average;https://api.bcb.gov.br/dados/serie/bcdata.sgs.3694/dados?formato=json&dataInicial=01%2F01%2F1943&dataFinal=31%2F12%2F2025;CPIAUCSL;Consumer Price Index for All Urban Consumers: All Items in U.S. City Average;seasonally_adjusted;41.808333;12;2026;331.279875;8;partial;7.923776;0.000000;0.000000;bcb_3694_cpiaucsl;partial_cpi_target_year;Converted from nominal domestic currency to nominal USD with the listed exchange rate, then to target-year USD with CPIAUCSL. Target-year CPI uses the months available so far.;strict_renda_liquida;national;renda liquida publicada em faixas compativeis
total;irpf_aef_1974_totais;irpf_aef_1974_totais.csv;total;1;1972;1973;Brasil;irpf_aef_1974_totais;Cr$;Cr$ 1.000;Cr$ 1,00;;;Brasil. Ministerio da Fazenda. Anuario Economico-Fiscal 1974. Brasilia: Ministerio da Fazenda, 1974.;;outputs/fontes-pedro-souza-irpf/aef_scan/pdf/anuareco1974minfaz.pdf;;;8.2.1.54;"O Quadro 8.2.1.54 separa uma classe de renda liquida negativa. Para manter comparabilidade com os AEF 1972 e 1973 e com o padrao historico de primeira faixa 'Ate X', a tabela principal agrega os declarantes da classe negativa com os declarantes de renda liquida de zero a Cr$ 7.600 na faixa 'Ate 7.600'. O valor de renda liquida usado nessa faixa e o total positivo da classe de zero a 7.600; a quantidade e o valor publicado da classe negativa foram preservados em colunas proprias e na tabela de origem.";renda_liquida_negativa_cr_mil_publicada;19672605;1000.000000;19672605000.000000;5.934000;5.934000;unidade monetaria corrente por US$;1.000000;;3694;Taxa de cambio - Livre - Dolar americano (venda) - Media de periodo - anual;annual_period_average;https://api.bcb.gov.br/dados/serie/bcdata.sgs.3694/dados?formato=json&dataInicial=01%2F01%2F1943&dataFinal=31%2F12%2F2025;CPIAUCSL;Consumer Price Index for All Urban Consumers: All Items in U.S. City Average;seasonally_adjusted;41.808333;12;2026;331.279875;8;partial;7.923776;3315235085.945399;26269180208.372093;bcb_3694_cpiaucsl;partial_cpi_target_year;Converted from nominal domestic currency to nominal USD with the listed exchange rate, then to target-year USD with CPIAUCSL. Target-year CPI uses the months available so far.;strict_renda_liquida;national;renda liquida publicada em faixas compativeis
total;irpf_aef_1974_totais;irpf_aef_1974_totais.csv;total;1;1972;1973;Brasil;irpf_aef_1974_totais;Cr$;Cr$ 1.000;Cr$ 1,00;;;Brasil. Ministerio da Fazenda. Anuario Economico-Fiscal 1974. Brasilia: Ministerio da Fazenda, 1974.;;outputs/fontes-pedro-souza-irpf/aef_scan/pdf/anuareco1974minfaz.pdf;;;8.2.1.54;"O Quadro 8.2.1.54 separa uma classe de renda liquida negativa. Para manter comparabilidade com os AEF 1972 e 1973 e com o padrao historico de primeira faixa 'Ate X', a tabela principal agrega os declarantes da classe negativa com os declarantes de renda liquida de zero a Cr$ 7.600 na faixa 'Ate 7.600'. O valor de renda liquida usado nessa faixa e o total positivo da classe de zero a 7.600; a quantidade e o valor publicado da classe negativa foram preservados em colunas proprias e na tabela de origem.";renda_liquida_positiva_cr_mil_soma_origem;64645317;1000.000000;64645317000.000000;5.934000;5.934000;unidade monetaria corrente por US$;1.000000;;3694;Taxa de cambio - Livre - Dolar americano (venda) - Media de periodo - anual;annual_period_average;https://api.bcb.gov.br/dados/serie/bcdata.sgs.3694/dados?formato=json&dataInicial=01%2F01%2F1943&dataFinal=31%2F12%2F2025;CPIAUCSL;Consumer Price Index for All Urban Consumers: All Items in U.S. City Average;seasonally_adjusted;41.808333;12;2026;331.279875;8;partial;7.923776;10894054095.045501;86322044381.023256;bcb_3694_cpiaucsl;partial_cpi_target_year;Converted from nominal domestic currency to nominal USD with the listed exchange rate, then to target-year USD with CPIAUCSL. Target-year CPI uses the months available so far.;strict_renda_liquida;national;renda liquida publicada em faixas compativeis
total;irpf_aef_1976_totais;irpf_aef_1976_totais.csv;total;1;1974;1975;Brasil;irpf_aef_1976_totais;Cr$;Cr$ 1.000;Cr$ 1,00;;;Brasil. Ministerio da Fazenda. Anuario Economico-Fiscal 1976. Brasilia: Ministerio da Fazenda, 1976.;;outputs/fontes-pedro-souza-irpf/aef_scan/pdf/anuareco1976minfaz.pdf;;;8.2.1.68;"O Quadro 8.2.1.68 separa uma classe de renda liquida negativa. Para manter comparabilidade com os AEF 1972-1974 e com o padrao historico de primeira faixa 'Ate X', a tabela principal agrega os declarantes da classe negativa com os declarantes de renda liquida de zero a Cr$ 13.900 na faixa 'Ate 13.900'. O valor de renda liquida usado nessa faixa e o total positivo da classe de zero a 13.900; a quantidade e o valor publicado da classe negativa foram preservados em colunas proprias e na tabela de origem.";renda_liquida_media_cr;8994.432708;1.000000;8994.432708;6.790000;6.790000;unidade monetaria corrente por US$;1.000000;;3694;Taxa de cambio - Livre - Dolar americano (venda) - Media de periodo - anual;annual_period_average;https://api.bcb.gov.br/dados/serie/bcdata.sgs.3694/dados?formato=json&dataInicial=01%2F01%2F1943&dataFinal=31%2F12%2F2025;CPIAUCSL;Consumer Price Index for All Urban Consumers: All Items in U.S. City Average;seasonally_adjusted;49.316667;12;2026;331.279875;8;partial;6.717402;1324.658720;8898.265134;bcb_3694_cpiaucsl;partial_cpi_target_year;Converted from nominal domestic currency to nominal USD with the listed exchange rate, then to target-year USD with CPIAUCSL. Target-year CPI uses the months available so far.;strict_renda_liquida;national;renda liquida publicada em faixas compativeis
total;irpf_aef_1976_totais;irpf_aef_1976_totais.csv;total;1;1974;1975;Brasil;irpf_aef_1976_totais;Cr$;Cr$ 1.000;Cr$ 1,00;;;Brasil. Ministerio da Fazenda. Anuario Economico-Fiscal 1976. Brasilia: Ministerio da Fazenda, 1976.;;outputs/fontes-pedro-souza-irpf/aef_scan/pdf/anuareco1976minfaz.pdf;;;8.2.1.68;"O Quadro 8.2.1.68 separa uma classe de renda liquida negativa. Para manter comparabilidade com os AEF 1972-1974 e com o padrao historico de primeira faixa 'Ate X', a tabela principal agrega os declarantes da classe negativa com os declarantes de renda liquida de zero a Cr$ 13.900 na faixa 'Ate 13.900'. O valor de renda liquida usado nessa faixa e o total positivo da classe de zero a 13.900; a quantidade e o valor publicado da classe negativa foram preservados em colunas proprias e na tabela de origem.";renda_liquida_cr_mil_total_publicado;119066996;1000.000000;119066996000.000000;6.790000;6.790000;unidade monetaria corrente por US$;1.000000;;3694;Taxa de cambio - Livre - Dolar americano (venda) - Media de periodo - anual;annual_period_average;https://api.bcb.gov.br/dados/serie/bcdata.sgs.3694/dados?formato=json&dataInicial=01%2F01%2F1943&dataFinal=31%2F12%2F2025;CPIAUCSL;Consumer Price Index for All Urban Consumers: All Items in U.S. City Average;seasonally_adjusted;49.316667;12;2026;331.279875;8;partial;6.717402;17535640058.910162;117793943603.003240;bcb_3694_cpiaucsl;partial_cpi_target_year;Converted from nominal domestic currency to nominal USD with the listed exchange rate, then to target-year USD with CPIAUCSL. Target-year CPI uses the months available so far.;strict_renda_liquida;national;renda liquida publicada em faixas compativeis
total;irpf_aef_1976_totais;irpf_aef_1976_totais.csv;total;1;1974;1975;Brasil;irpf_aef_1976_totais;Cr$;Cr$ 1.000;Cr$ 1,00;;;Brasil. Ministerio da Fazenda. Anuario Economico-Fiscal 1976. Brasilia: Ministerio da Fazenda, 1976.;;outputs/fontes-pedro-souza-irpf/aef_scan/pdf/anuareco1976minfaz.pdf;;;8.2.1.68;"O Quadro 8.2.1.68 separa uma classe de renda liquida negativa. Para manter comparabilidade com os AEF 1972-1974 e com o padrao historico de primeira faixa 'Ate X', a tabela principal agrega os declarantes da classe negativa com os declarantes de renda liquida de zero a Cr$ 13.900 na faixa 'Ate 13.900'. O valor de renda liquida usado nessa faixa e o total positivo da classe de zero a 13.900; a quantidade e o valor publicado da classe negativa foram preservados em colunas proprias e na tabela de origem.";renda_liquida_cr_mil_soma_faixas;119066996;1000.000000;119066996000.000000;6.790000;6.790000;unidade monetaria corrente por US$;1.000000;;3694;Taxa de cambio - Livre - Dolar americano (venda) - Media de periodo - anual;annual_period_average;https://api.bcb.gov.br/dados/serie/bcdata.sgs.3694/dados?formato=json&dataInicial=01%2F01%2F1943&dataFinal=31%2F12%2F2025;CPIAUCSL;Consumer Price Index for All Urban Consumers: All Items in U.S. City Average;seasonally_adjusted;49.316667;12;2026;331.279875;8;partial;6.717402;17535640058.910162;117793943603.003240;bcb_3694_cpiaucsl;partial_cpi_target_year;Converted from nominal domestic currency to nominal USD with the listed exchange rate, then to target-year USD with CPIAUCSL. Target-year CPI uses the months available so far.;strict_renda_liquida;national;renda liquida publicada em faixas compativeis
total;irpf_aef_1976_totais;irpf_aef_1976_totais.csv;total;1;1974;1975;Brasil;irpf_aef_1976_totais;Cr$;Cr$ 1.000;Cr$ 1,00;;;Brasil. Ministerio da Fazenda. Anuario Economico-Fiscal 1976. Brasilia: Ministerio da Fazenda, 1976.;;outputs/fontes-pedro-souza-irpf/aef_scan/pdf/anuareco1976minfaz.pdf;;;8.2.1.68;"O Quadro 8.2.1.68 separa uma classe de renda liquida negativa. Para manter comparabilidade com os AEF 1972-1974 e com o padrao historico de primeira faixa 'Ate X', a tabela principal agrega os declarantes da classe negativa com os declarantes de renda liquida de zero a Cr$ 13.900 na faixa 'Ate 13.900'. O valor de renda liquida usado nessa faixa e o total positivo da classe de zero a 13.900; a quantidade e o valor publicado da classe negativa foram preservados em colunas proprias e na tabela de origem.";renda_liquida_cr_mil_diferenca_total_menos_faixas;0;1000.000000;0.000000;6.790000;6.790000;unidade monetaria corrente por US$;1.000000;;3694;Taxa de cambio - Livre - Dolar americano (venda) - Media de periodo - anual;annual_period_average;https://api.bcb.gov.br/dados/serie/bcdata.sgs.3694/dados?formato=json&dataInicial=01%2F01%2F1943&dataFinal=31%2F12%2F2025;CPIAUCSL;Consumer Price Index for All Urban Consumers: All Items in U.S. City Average;seasonally_adjusted;49.316667;12;2026;331.279875;8;partial;6.717402;0.000000;0.000000;bcb_3694_cpiaucsl;partial_cpi_target_year;Converted from nominal domestic currency to nominal USD with the listed exchange rate, then to target-year USD with CPIAUCSL. Target-year CPI uses the months available so far.;strict_renda_liquida;national;renda liquida publicada em faixas compativeis
total;irpf_aef_1976_totais;irpf_aef_1976_totais.csv;total;1;1974;1975;Brasil;irpf_aef_1976_totais;Cr$;Cr$ 1.000;Cr$ 1,00;;;Brasil. Ministerio da Fazenda. Anuario Economico-Fiscal 1976. Brasilia: Ministerio da Fazenda, 1976.;;outputs/fontes-pedro-souza-irpf/aef_scan/pdf/anuareco1976minfaz.pdf;;;8.2.1.68;"O Quadro 8.2.1.68 separa uma classe de renda liquida negativa. Para manter comparabilidade com os AEF 1972-1974 e com o padrao historico de primeira faixa 'Ate X', a tabela principal agrega os declarantes da classe negativa com os declarantes de renda liquida de zero a Cr$ 13.900 na faixa 'Ate 13.900'. O valor de renda liquida usado nessa faixa e o total positivo da classe de zero a 13.900; a quantidade e o valor publicado da classe negativa foram preservados em colunas proprias e na tabela de origem.";renda_liquida_negativa_cr_mil_publicada;11318491;1000.000000;11318491000.000000;6.790000;6.790000;unidade monetaria corrente por US$;1.000000;;3694;Taxa de cambio - Livre - Dolar americano (venda) - Media de periodo - anual;annual_period_average;https://api.bcb.gov.br/dados/serie/bcdata.sgs.3694/dados?formato=json&dataInicial=01%2F01%2F1943&dataFinal=31%2F12%2F2025;CPIAUCSL;Consumer Price Index for All Urban Consumers: All Items in U.S. City Average;seasonally_adjusted;49.316667;12;2026;331.279875;8;partial;6.717402;1666935346.097202;11197474827.744035;bcb_3694_cpiaucsl;partial_cpi_target_year;Converted from nominal domestic currency to nominal USD with the listed exchange rate, then to target-year USD with CPIAUCSL. Target-year CPI uses the months available so far.;strict_renda_liquida;national;renda liquida publicada em faixas compativeis
total;irpf_aef_1976_totais;irpf_aef_1976_totais.csv;total;1;1974;1975;Brasil;irpf_aef_1976_totais;Cr$;Cr$ 1.000;Cr$ 1,00;;;Brasil. Ministerio da Fazenda. Anuario Economico-Fiscal 1976. Brasilia: Ministerio da Fazenda, 1976.;;outputs/fontes-pedro-souza-irpf/aef_scan/pdf/anuareco1976minfaz.pdf;;;8.2.1.68;"O Quadro 8.2.1.68 separa uma classe de renda liquida negativa. Para manter comparabilidade com os AEF 1972-1974 e com o padrao historico de primeira faixa 'Ate X', a tabela principal agrega os declarantes da classe negativa com os declarantes de renda liquida de zero a Cr$ 13.900 na faixa 'Ate 13.900'. O valor de renda liquida usado nessa faixa e o total positivo da classe de zero a 13.900; a quantidade e o valor publicado da classe negativa foram preservados em colunas proprias e na tabela de origem.";renda_liquida_positiva_cr_mil_soma_origem;119066996;1000.000000;119066996000.000000;6.790000;6.790000;unidade monetaria corrente por US$;1.000000;;3694;Taxa de cambio - Livre - Dolar americano (venda) - Media de periodo - anual;annual_period_average;https://api.bcb.gov.br/dados/serie/bcdata.sgs.3694/dados?formato=json&dataInicial=01%2F01%2F1943&dataFinal=31%2F12%2F2025;CPIAUCSL;Consumer Price Index for All Urban Consumers: All Items in U.S. City Average;seasonally_adjusted;49.316667;12;2026;331.279875;8;partial;6.717402;17535640058.910162;117793943603.003240;bcb_3694_cpiaucsl;partial_cpi_target_year;Converted from nominal domestic currency to nominal USD with the listed exchange rate, then to target-year USD with CPIAUCSL. Target-year CPI uses the months available so far.;strict_renda_liquida;national;renda liquida publicada em faixas compativeis
total;irpf_aef_1977_totais;irpf_aef_1977_totais.csv;total;1;1975;1976;Brasil;irpf_aef_1977_totais;Cr$;Cr$ 1.000;Cr$ 1,00;;;Brasil. Ministerio da Fazenda. Anuario Economico-Fiscal 1977. Brasilia: Ministerio da Fazenda, 1977.;;outputs/fontes-pedro-souza-irpf/aef_scan/pdf/anuareco1977minfaz.pdf;;;;"O AEF 1977 passa a separar declaracoes apresentadas no Modelo Completo (MCT) e no Modelo Simplificado (MSO). Como os quadros 8.2.1.125 e 8.2.1.127 usam as mesmas classes de renda liquida, a tabela principal soma MCT e MSO por faixa. A tabela de origem preserva os valores de cada modelo. Os quadros 8.2.1.125 e 8.2.1.127 separam uma classe de renda liquida negativa. Para manter comparabilidade com os AEF 1972-1974 e 1976, a tabela principal agrega os declarantes da classe negativa com os declarantes de renda liquida de zero a Cr$ 26.000 na faixa 'Ate 26.000'. O valor de renda liquida usado nessa faixa e o total positivo da classe de zero a 26.000; a quantidade e o valor publicado da classe negativa foram preservados em colunas proprias e na tabela de origem.";renda_liquida_media_cr;33721.048001;1.000000;33721.048001;8.127000;8.127000;unidade monetaria corrente por US$;1.000000;;3694;Taxa de cambio - Livre - Dolar americano (venda) - Media de periodo - anual;annual_period_average;https://api.bcb.gov.br/dados/serie/bcdata.sgs.3694/dados?formato=json&dataInicial=01%2F01%2F1943&dataFinal=31%2F12%2F2025;CPIAUCSL;Consumer Price Index for All Urban Consumers: All Items in U.S. City Average;seasonally_adjusted;53.825000;12;2026;331.279875;8;partial;6.154758;4149.261474;25537.700253;bcb_3694_cpiaucsl;partial_cpi_target_year;Converted from nominal domestic currency to nominal USD with the listed exchange rate, then to target-year USD with CPIAUCSL. Target-year CPI uses the months available so far.;strict_renda_liquida;national;renda liquida publicada em faixas compativeis
total;irpf_aef_1977_totais;irpf_aef_1977_totais.csv;total;1;1975;1976;Brasil;irpf_aef_1977_totais;Cr$;Cr$ 1.000;Cr$ 1,00;;;Brasil. Ministerio da Fazenda. Anuario Economico-Fiscal 1977. Brasilia: Ministerio da Fazenda, 1977.;;outputs/fontes-pedro-souza-irpf/aef_scan/pdf/anuareco1977minfaz.pdf;;;;"O AEF 1977 passa a separar declaracoes apresentadas no Modelo Completo (MCT) e no Modelo Simplificado (MSO). Como os quadros 8.2.1.125 e 8.2.1.127 usam as mesmas classes de renda liquida, a tabela principal soma MCT e MSO por faixa. A tabela de origem preserva os valores de cada modelo. Os quadros 8.2.1.125 e 8.2.1.127 separam uma classe de renda liquida negativa. Para manter comparabilidade com os AEF 1972-1974 e 1976, a tabela principal agrega os declarantes da classe negativa com os declarantes de renda liquida de zero a Cr$ 26.000 na faixa 'Ate 26.000'. O valor de renda liquida usado nessa faixa e o total positivo da classe de zero a 26.000; a quantidade e o valor publicado da classe negativa foram preservados em colunas proprias e na tabela de origem.";renda_liquida_cr_mil_total_publicado;169329703;1000.000000;169329703000.000000;8.127000;8.127000;unidade monetaria corrente por US$;1.000000;;3694;Taxa de cambio - Livre - Dolar americano (venda) - Media de periodo - anual;annual_period_average;https://api.bcb.gov.br/dados/serie/bcdata.sgs.3694/dados?formato=json&dataInicial=01%2F01%2F1943&dataFinal=31%2F12%2F2025;CPIAUCSL;Consumer Price Index for All Urban Consumers: All Items in U.S. City Average;seasonally_adjusted;53.825000;12;2026;331.279875;8;partial;6.154758;20835450104.589639;128237153214.823920;bcb_3694_cpiaucsl;partial_cpi_target_year;Converted from nominal domestic currency to nominal USD with the listed exchange rate, then to target-year USD with CPIAUCSL. Target-year CPI uses the months available so far.;strict_renda_liquida;national;renda liquida publicada em faixas compativeis
total;irpf_aef_1977_totais;irpf_aef_1977_totais.csv;total;1;1975;1976;Brasil;irpf_aef_1977_totais;Cr$;Cr$ 1.000;Cr$ 1,00;;;Brasil. Ministerio da Fazenda. Anuario Economico-Fiscal 1977. Brasilia: Ministerio da Fazenda, 1977.;;outputs/fontes-pedro-souza-irpf/aef_scan/pdf/anuareco1977minfaz.pdf;;;;"O AEF 1977 passa a separar declaracoes apresentadas no Modelo Completo (MCT) e no Modelo Simplificado (MSO). Como os quadros 8.2.1.125 e 8.2.1.127 usam as mesmas classes de renda liquida, a tabela principal soma MCT e MSO por faixa. A tabela de origem preserva os valores de cada modelo. Os quadros 8.2.1.125 e 8.2.1.127 separam uma classe de renda liquida negativa. Para manter comparabilidade com os AEF 1972-1974 e 1976, a tabela principal agrega os declarantes da classe negativa com os declarantes de renda liquida de zero a Cr$ 26.000 na faixa 'Ate 26.000'. O valor de renda liquida usado nessa faixa e o total positivo da classe de zero a 26.000; a quantidade e o valor publicado da classe negativa foram preservados em colunas proprias e na tabela de origem.";renda_liquida_cr_mil_soma_faixas;169329703;1000.000000;169329703000.000000;8.127000;8.127000;unidade monetaria corrente por US$;1.000000;;3694;Taxa de cambio - Livre - Dolar americano (venda) - Media de periodo - anual;annual_period_average;https://api.bcb.gov.br/dados/serie/bcdata.sgs.3694/dados?formato=json&dataInicial=01%2F01%2F1943&dataFinal=31%2F12%2F2025;CPIAUCSL;Consumer Price Index for All Urban Consumers: All Items in U.S. City Average;seasonally_adjusted;53.825000;12;2026;331.279875;8;partial;6.154758;20835450104.589639;128237153214.823920;bcb_3694_cpiaucsl;partial_cpi_target_year;Converted from nominal domestic currency to nominal USD with the listed exchange rate, then to target-year USD with CPIAUCSL. Target-year CPI uses the months available so far.;strict_renda_liquida;national;renda liquida publicada em faixas compativeis
total;irpf_aef_1977_totais;irpf_aef_1977_totais.csv;total;1;1975;1976;Brasil;irpf_aef_1977_totais;Cr$;Cr$ 1.000;Cr$ 1,00;;;Brasil. Ministerio da Fazenda. Anuario Economico-Fiscal 1977. Brasilia: Ministerio da Fazenda, 1977.;;outputs/fontes-pedro-souza-irpf/aef_scan/pdf/anuareco1977minfaz.pdf;;;;"O AEF 1977 passa a separar declaracoes apresentadas no Modelo Completo (MCT) e no Modelo Simplificado (MSO). Como os quadros 8.2.1.125 e 8.2.1.127 usam as mesmas classes de renda liquida, a tabela principal soma MCT e MSO por faixa. A tabela de origem preserva os valores de cada modelo. Os quadros 8.2.1.125 e 8.2.1.127 separam uma classe de renda liquida negativa. Para manter comparabilidade com os AEF 1972-1974 e 1976, a tabela principal agrega os declarantes da classe negativa com os declarantes de renda liquida de zero a Cr$ 26.000 na faixa 'Ate 26.000'. O valor de renda liquida usado nessa faixa e o total positivo da classe de zero a 26.000; a quantidade e o valor publicado da classe negativa foram preservados em colunas proprias e na tabela de origem.";renda_liquida_cr_mil_diferenca_total_menos_faixas;0;1000.000000;0.000000;8.127000;8.127000;unidade monetaria corrente por US$;1.000000;;3694;Taxa de cambio - Livre - Dolar americano (venda) - Media de periodo - anual;annual_period_average;https://api.bcb.gov.br/dados/serie/bcdata.sgs.3694/dados?formato=json&dataInicial=01%2F01%2F1943&dataFinal=31%2F12%2F2025;CPIAUCSL;Consumer Price Index for All Urban Consumers: All Items in U.S. City Average;seasonally_adjusted;53.825000;12;2026;331.279875;8;partial;6.154758;0.000000;0.000000;bcb_3694_cpiaucsl;partial_cpi_target_year;Converted from nominal domestic currency to nominal USD with the listed exchange rate, then to target-year USD with CPIAUCSL. Target-year CPI uses the months available so far.;strict_renda_liquida;national;renda liquida publicada em faixas compativeis
total;irpf_aef_1977_totais;irpf_aef_1977_totais.csv;total;1;1975;1976;Brasil;irpf_aef_1977_totais;Cr$;Cr$ 1.000;Cr$ 1,00;;;Brasil. Ministerio da Fazenda. Anuario Economico-Fiscal 1977. Brasilia: Ministerio da Fazenda, 1977.;;outputs/fontes-pedro-souza-irpf/aef_scan/pdf/anuareco1977minfaz.pdf;;;;"O AEF 1977 passa a separar declaracoes apresentadas no Modelo Completo (MCT) e no Modelo Simplificado (MSO). Como os quadros 8.2.1.125 e 8.2.1.127 usam as mesmas classes de renda liquida, a tabela principal soma MCT e MSO por faixa. A tabela de origem preserva os valores de cada modelo. Os quadros 8.2.1.125 e 8.2.1.127 separam uma classe de renda liquida negativa. Para manter comparabilidade com os AEF 1972-1974 e 1976, a tabela principal agrega os declarantes da classe negativa com os declarantes de renda liquida de zero a Cr$ 26.000 na faixa 'Ate 26.000'. O valor de renda liquida usado nessa faixa e o total positivo da classe de zero a 26.000; a quantidade e o valor publicado da classe negativa foram preservados em colunas proprias e na tabela de origem.";renda_liquida_negativa_cr_mil_publicada;7584738;1000.000000;7584738000.000000;8.127000;8.127000;unidade monetaria corrente por US$;1.000000;;3694;Taxa de cambio - Livre - Dolar americano (venda) - Media de periodo - anual;annual_period_average;https://api.bcb.gov.br/dados/serie/bcdata.sgs.3694/dados?formato=json&dataInicial=01%2F01%2F1943&dataFinal=31%2F12%2F2025;CPIAUCSL;Consumer Price Index for All Urban Consumers: All Items in U.S. City Average;seasonally_adjusted;53.825000;12;2026;331.279875;8;partial;6.154758;933276485.788114;5744090917.116279;bcb_3694_cpiaucsl;partial_cpi_target_year;Converted from nominal domestic currency to nominal USD with the listed exchange rate, then to target-year USD with CPIAUCSL. Target-year CPI uses the months available so far.;strict_renda_liquida;national;renda liquida publicada em faixas compativeis
total;irpf_aef_1977_totais;irpf_aef_1977_totais.csv;total;1;1975;1976;Brasil;irpf_aef_1977_totais;Cr$;Cr$ 1.000;Cr$ 1,00;;;Brasil. Ministerio da Fazenda. Anuario Economico-Fiscal 1977. Brasilia: Ministerio da Fazenda, 1977.;;outputs/fontes-pedro-souza-irpf/aef_scan/pdf/anuareco1977minfaz.pdf;;;;"O AEF 1977 passa a separar declaracoes apresentadas no Modelo Completo (MCT) e no Modelo Simplificado (MSO). Como os quadros 8.2.1.125 e 8.2.1.127 usam as mesmas classes de renda liquida, a tabela principal soma MCT e MSO por faixa. A tabela de origem preserva os valores de cada modelo. Os quadros 8.2.1.125 e 8.2.1.127 separam uma classe de renda liquida negativa. Para manter comparabilidade com os AEF 1972-1974 e 1976, a tabela principal agrega os declarantes da classe negativa com os declarantes de renda liquida de zero a Cr$ 26.000 na faixa 'Ate 26.000'. O valor de renda liquida usado nessa faixa e o total positivo da classe de zero a 26.000; a quantidade e o valor publicado da classe negativa foram preservados em colunas proprias e na tabela de origem.";renda_liquida_positiva_cr_mil_soma_origem;169329703;1000.000000;169329703000.000000;8.127000;8.127000;unidade monetaria corrente por US$;1.000000;;3694;Taxa de cambio - Livre - Dolar americano (venda) - Media de periodo - anual;annual_period_average;https://api.bcb.gov.br/dados/serie/bcdata.sgs.3694/dados?formato=json&dataInicial=01%2F01%2F1943&dataFinal=31%2F12%2F2025;CPIAUCSL;Consumer Price Index for All Urban Consumers: All Items in U.S. City Average;seasonally_adjusted;53.825000;12;2026;331.279875;8;partial;6.154758;20835450104.589639;128237153214.823920;bcb_3694_cpiaucsl;partial_cpi_target_year;Converted from nominal domestic currency to nominal USD with the listed exchange rate, then to target-year USD with CPIAUCSL. Target-year CPI uses the months available so far.;strict_renda_liquida;national;renda liquida publicada em faixas compativeis
total;irpf_aef_1977_totais;irpf_aef_1977_totais.csv;total;1;1975;1976;Brasil;irpf_aef_1977_totais;Cr$;Cr$ 1.000;Cr$ 1,00;;;Brasil. Ministerio da Fazenda. Anuario Economico-Fiscal 1977. Brasilia: Ministerio da Fazenda, 1977.;;outputs/fontes-pedro-souza-irpf/aef_scan/pdf/anuareco1977minfaz.pdf;;;;"O AEF 1977 passa a separar declaracoes apresentadas no Modelo Completo (MCT) e no Modelo Simplificado (MSO). Como os quadros 8.2.1.125 e 8.2.1.127 usam as mesmas classes de renda liquida, a tabela principal soma MCT e MSO por faixa. A tabela de origem preserva os valores de cada modelo. Os quadros 8.2.1.125 e 8.2.1.127 separam uma classe de renda liquida negativa. Para manter comparabilidade com os AEF 1972-1974 e 1976, a tabela principal agrega os declarantes da classe negativa com os declarantes de renda liquida de zero a Cr$ 26.000 na faixa 'Ate 26.000'. O valor de renda liquida usado nessa faixa e o total positivo da classe de zero a 26.000; a quantidade e o valor publicado da classe negativa foram preservados em colunas proprias e na tabela de origem.";renda_liquida_mct_cr_mil_total_publicado;116964156;1000.000000;116964156000.000000;8.127000;8.127000;unidade monetaria corrente por US$;1.000000;;3694;Taxa de cambio - Livre - Dolar americano (venda) - Media de periodo - anual;annual_period_average;https://api.bcb.gov.br/dados/serie/bcdata.sgs.3694/dados?formato=json&dataInicial=01%2F01%2F1943&dataFinal=31%2F12%2F2025;CPIAUCSL;Consumer Price Index for All Urban Consumers: All Items in U.S. City Average;seasonally_adjusted;53.825000;12;2026;331.279875;8;partial;6.154758;14392045773.348099;88579558859.880399;bcb_3694_cpiaucsl;partial_cpi_target_year;Converted from nominal domestic currency to nominal USD with the listed exchange rate, then to target-year USD with CPIAUCSL. Target-year CPI uses the months available so far.;strict_renda_liquida;national;renda liquida publicada em faixas compativeis
total;irpf_aef_1977_totais;irpf_aef_1977_totais.csv;total;1;1975;1976;Brasil;irpf_aef_1977_totais;Cr$;Cr$ 1.000;Cr$ 1,00;;;Brasil. Ministerio da Fazenda. Anuario Economico-Fiscal 1977. Brasilia: Ministerio da Fazenda, 1977.;;outputs/fontes-pedro-souza-irpf/aef_scan/pdf/anuareco1977minfaz.pdf;;;;"O AEF 1977 passa a separar declaracoes apresentadas no Modelo Completo (MCT) e no Modelo Simplificado (MSO). Como os quadros 8.2.1.125 e 8.2.1.127 usam as mesmas classes de renda liquida, a tabela principal soma MCT e MSO por faixa. A tabela de origem preserva os valores de cada modelo. Os quadros 8.2.1.125 e 8.2.1.127 separam uma classe de renda liquida negativa. Para manter comparabilidade com os AEF 1972-1974 e 1976, a tabela principal agrega os declarantes da classe negativa com os declarantes de renda liquida de zero a Cr$ 26.000 na faixa 'Ate 26.000'. O valor de renda liquida usado nessa faixa e o total positivo da classe de zero a 26.000; a quantidade e o valor publicado da classe negativa foram preservados em colunas proprias e na tabela de origem.";renda_liquida_mso_cr_mil_total_publicado;52365547;1000.000000;52365547000.000000;8.127000;8.127000;unidade monetaria corrente por US$;1.000000;;3694;Taxa de cambio - Livre - Dolar americano (venda) - Media de periodo - anual;annual_period_average;https://api.bcb.gov.br/dados/serie/bcdata.sgs.3694/dados?formato=json&dataInicial=01%2F01%2F1943&dataFinal=31%2F12%2F2025;CPIAUCSL;Consumer Price Index for All Urban Consumers: All Items in U.S. City Average;seasonally_adjusted;53.825000;12;2026;331.279875;8;partial;6.154758;6443404331.241541;39657594354.943522;bcb_3694_cpiaucsl;partial_cpi_target_year;Converted from nominal domestic currency to nominal USD with the listed exchange rate, then to target-year USD with CPIAUCSL. Target-year CPI uses the months available so far.;strict_renda_liquida;national;renda liquida publicada em faixas compativeis
total;irpf_aef_1978_totais;irpf_aef_1978_totais.csv;total;1;1976;1977;Brasil;irpf_aef_1978_totais;Cr$;Cr$ 1.000;Cr$ 1,00;;;Brasil. Ministerio da Fazenda. Anuario Economico-Fiscal 1978. Brasilia: Ministerio da Fazenda, 1978.;;outputs/fontes-pedro-souza-irpf/aef_scan/pdf/anuareco1978minfaz.pdf;;;;"O AEF 1978 separa declaracoes apresentadas no Modelo Completo (MCT) e no Modelo Simplificado (MSO). Como os quadros 8.2.125 e 8.2.127 usam as mesmas classes de renda liquida, a tabela principal soma MCT e MSO por faixa. A tabela de origem preserva os valores de cada modelo. Os quadros 8.2.125 e 8.2.127 separam uma classe de renda liquida negativa. Para manter comparabilidade com os AEF 1972-1974, 1976 e 1977, a tabela principal agrega os declarantes da classe negativa com os declarantes de renda liquida de zero a Cr$ 35.100 na faixa 'Ate 35.100'. O valor de renda liquida usado nessa faixa e o total positivo da classe de zero a 35.100; a quantidade e o valor publicado da classe negativa foram preservados em colunas proprias e na tabela de origem.";renda_liquida_media_cr;46512.603804;1.000000;46512.603804;10.673000;10.673000;unidade monetaria corrente por US$;1.000000;;3694;Taxa de cambio - Livre - Dolar americano (venda) - Media de periodo - anual;annual_period_average;https://api.bcb.gov.br/dados/serie/bcdata.sgs.3694/dados?formato=json&dataInicial=01%2F01%2F1943&dataFinal=31%2F12%2F2025;CPIAUCSL;Consumer Price Index for All Urban Consumers: All Items in U.S. City Average;seasonally_adjusted;56.933333;12;2026;331.279875;8;partial;5.818733;4357.969062;25357.858397;bcb_3694_cpiaucsl;partial_cpi_target_year;Converted from nominal domestic currency to nominal USD with the listed exchange rate, then to target-year USD with CPIAUCSL. Target-year CPI uses the months available so far.;strict_renda_liquida;national;renda liquida publicada em faixas compativeis
total;irpf_aef_1978_totais;irpf_aef_1978_totais.csv;total;1;1976;1977;Brasil;irpf_aef_1978_totais;Cr$;Cr$ 1.000;Cr$ 1,00;;;Brasil. Ministerio da Fazenda. Anuario Economico-Fiscal 1978. Brasilia: Ministerio da Fazenda, 1978.;;outputs/fontes-pedro-souza-irpf/aef_scan/pdf/anuareco1978minfaz.pdf;;;;"O AEF 1978 separa declaracoes apresentadas no Modelo Completo (MCT) e no Modelo Simplificado (MSO). Como os quadros 8.2.125 e 8.2.127 usam as mesmas classes de renda liquida, a tabela principal soma MCT e MSO por faixa. A tabela de origem preserva os valores de cada modelo. Os quadros 8.2.125 e 8.2.127 separam uma classe de renda liquida negativa. Para manter comparabilidade com os AEF 1972-1974, 1976 e 1977, a tabela principal agrega os declarantes da classe negativa com os declarantes de renda liquida de zero a Cr$ 35.100 na faixa 'Ate 35.100'. O valor de renda liquida usado nessa faixa e o total positivo da classe de zero a 35.100; a quantidade e o valor publicado da classe negativa foram preservados em colunas proprias e na tabela de origem.";renda_liquida_cr_mil_total_publicado;255961696;1000.000000;255961696000.000000;10.673000;10.673000;unidade monetaria corrente por US$;1.000000;;3694;Taxa de cambio - Livre - Dolar americano (venda) - Media de periodo - anual;annual_period_average;https://api.bcb.gov.br/dados/serie/bcdata.sgs.3694/dados?formato=json&dataInicial=01%2F01%2F1943&dataFinal=31%2F12%2F2025;CPIAUCSL;Consumer Price Index for All Urban Consumers: All Items in U.S. City Average;seasonally_adjusted;56.933333;12;2026;331.279875;8;partial;5.818733;23982169586.807833;139545841586.355102;bcb_3694_cpiaucsl;partial_cpi_target_year;Converted from nominal domestic currency to nominal USD with the listed exchange rate, then to target-year USD with CPIAUCSL. Target-year CPI uses the months available so far.;strict_renda_liquida;national;renda liquida publicada em faixas compativeis
total;irpf_aef_1978_totais;irpf_aef_1978_totais.csv;total;1;1976;1977;Brasil;irpf_aef_1978_totais;Cr$;Cr$ 1.000;Cr$ 1,00;;;Brasil. Ministerio da Fazenda. Anuario Economico-Fiscal 1978. Brasilia: Ministerio da Fazenda, 1978.;;outputs/fontes-pedro-souza-irpf/aef_scan/pdf/anuareco1978minfaz.pdf;;;;"O AEF 1978 separa declaracoes apresentadas no Modelo Completo (MCT) e no Modelo Simplificado (MSO). Como os quadros 8.2.125 e 8.2.127 usam as mesmas classes de renda liquida, a tabela principal soma MCT e MSO por faixa. A tabela de origem preserva os valores de cada modelo. Os quadros 8.2.125 e 8.2.127 separam uma classe de renda liquida negativa. Para manter comparabilidade com os AEF 1972-1974, 1976 e 1977, a tabela principal agrega os declarantes da classe negativa com os declarantes de renda liquida de zero a Cr$ 35.100 na faixa 'Ate 35.100'. O valor de renda liquida usado nessa faixa e o total positivo da classe de zero a 35.100; a quantidade e o valor publicado da classe negativa foram preservados em colunas proprias e na tabela de origem.";renda_liquida_cr_mil_soma_faixas;255961696;1000.000000;255961696000.000000;10.673000;10.673000;unidade monetaria corrente por US$;1.000000;;3694;Taxa de cambio - Livre - Dolar americano (venda) - Media de periodo - anual;annual_period_average;https://api.bcb.gov.br/dados/serie/bcdata.sgs.3694/dados?formato=json&dataInicial=01%2F01%2F1943&dataFinal=31%2F12%2F2025;CPIAUCSL;Consumer Price Index for All Urban Consumers: All Items in U.S. City Average;seasonally_adjusted;56.933333;12;2026;331.279875;8;partial;5.818733;23982169586.807833;139545841586.355102;bcb_3694_cpiaucsl;partial_cpi_target_year;Converted from nominal domestic currency to nominal USD with the listed exchange rate, then to target-year USD with CPIAUCSL. Target-year CPI uses the months available so far.;strict_renda_liquida;national;renda liquida publicada em faixas compativeis
total;irpf_aef_1978_totais;irpf_aef_1978_totais.csv;total;1;1976;1977;Brasil;irpf_aef_1978_totais;Cr$;Cr$ 1.000;Cr$ 1,00;;;Brasil. Ministerio da Fazenda. Anuario Economico-Fiscal 1978. Brasilia: Ministerio da Fazenda, 1978.;;outputs/fontes-pedro-souza-irpf/aef_scan/pdf/anuareco1978minfaz.pdf;;;;"O AEF 1978 separa declaracoes apresentadas no Modelo Completo (MCT) e no Modelo Simplificado (MSO). Como os quadros 8.2.125 e 8.2.127 usam as mesmas classes de renda liquida, a tabela principal soma MCT e MSO por faixa. A tabela de origem preserva os valores de cada modelo. Os quadros 8.2.125 e 8.2.127 separam uma classe de renda liquida negativa. Para manter comparabilidade com os AEF 1972-1974, 1976 e 1977, a tabela principal agrega os declarantes da classe negativa com os declarantes de renda liquida de zero a Cr$ 35.100 na faixa 'Ate 35.100'. O valor de renda liquida usado nessa faixa e o total positivo da classe de zero a 35.100; a quantidade e o valor publicado da classe negativa foram preservados em colunas proprias e na tabela de origem.";renda_liquida_cr_mil_diferenca_total_menos_faixas;0;1000.000000;0.000000;10.673000;10.673000;unidade monetaria corrente por US$;1.000000;;3694;Taxa de cambio - Livre - Dolar americano (venda) - Media de periodo - anual;annual_period_average;https://api.bcb.gov.br/dados/serie/bcdata.sgs.3694/dados?formato=json&dataInicial=01%2F01%2F1943&dataFinal=31%2F12%2F2025;CPIAUCSL;Consumer Price Index for All Urban Consumers: All Items in U.S. City Average;seasonally_adjusted;56.933333;12;2026;331.279875;8;partial;5.818733;0.000000;0.000000;bcb_3694_cpiaucsl;partial_cpi_target_year;Converted from nominal domestic currency to nominal USD with the listed exchange rate, then to target-year USD with CPIAUCSL. Target-year CPI uses the months available so far.;strict_renda_liquida;national;renda liquida publicada em faixas compativeis
total;irpf_aef_1978_totais;irpf_aef_1978_totais.csv;total;1;1976;1977;Brasil;irpf_aef_1978_totais;Cr$;Cr$ 1.000;Cr$ 1,00;;;Brasil. Ministerio da Fazenda. Anuario Economico-Fiscal 1978. Brasilia: Ministerio da Fazenda, 1978.;;outputs/fontes-pedro-souza-irpf/aef_scan/pdf/anuareco1978minfaz.pdf;;;;"O AEF 1978 separa declaracoes apresentadas no Modelo Completo (MCT) e no Modelo Simplificado (MSO). Como os quadros 8.2.125 e 8.2.127 usam as mesmas classes de renda liquida, a tabela principal soma MCT e MSO por faixa. A tabela de origem preserva os valores de cada modelo. Os quadros 8.2.125 e 8.2.127 separam uma classe de renda liquida negativa. Para manter comparabilidade com os AEF 1972-1974, 1976 e 1977, a tabela principal agrega os declarantes da classe negativa com os declarantes de renda liquida de zero a Cr$ 35.100 na faixa 'Ate 35.100'. O valor de renda liquida usado nessa faixa e o total positivo da classe de zero a 35.100; a quantidade e o valor publicado da classe negativa foram preservados em colunas proprias e na tabela de origem.";renda_liquida_negativa_cr_mil_publicada;11629339;1000.000000;11629339000.000000;10.673000;10.673000;unidade monetaria corrente por US$;1.000000;;3694;Taxa de cambio - Livre - Dolar americano (venda) - Media de periodo - anual;annual_period_average;https://api.bcb.gov.br/dados/serie/bcdata.sgs.3694/dados?formato=json&dataInicial=01%2F01%2F1943&dataFinal=31%2F12%2F2025;CPIAUCSL;Consumer Price Index for All Urban Consumers: All Items in U.S. City Average;seasonally_adjusted;56.933333;12;2026;331.279875;8;partial;5.818733;1089603579.124895;6340112302.772135;bcb_3694_cpiaucsl;partial_cpi_target_year;Converted from nominal domestic currency to nominal USD with the listed exchange rate, then to target-year USD with CPIAUCSL. Target-year CPI uses the months available so far.;strict_renda_liquida;national;renda liquida publicada em faixas compativeis
total;irpf_aef_1978_totais;irpf_aef_1978_totais.csv;total;1;1976;1977;Brasil;irpf_aef_1978_totais;Cr$;Cr$ 1.000;Cr$ 1,00;;;Brasil. Ministerio da Fazenda. Anuario Economico-Fiscal 1978. Brasilia: Ministerio da Fazenda, 1978.;;outputs/fontes-pedro-souza-irpf/aef_scan/pdf/anuareco1978minfaz.pdf;;;;"O AEF 1978 separa declaracoes apresentadas no Modelo Completo (MCT) e no Modelo Simplificado (MSO). Como os quadros 8.2.125 e 8.2.127 usam as mesmas classes de renda liquida, a tabela principal soma MCT e MSO por faixa. A tabela de origem preserva os valores de cada modelo. Os quadros 8.2.125 e 8.2.127 separam uma classe de renda liquida negativa. Para manter comparabilidade com os AEF 1972-1974, 1976 e 1977, a tabela principal agrega os declarantes da classe negativa com os declarantes de renda liquida de zero a Cr$ 35.100 na faixa 'Ate 35.100'. O valor de renda liquida usado nessa faixa e o total positivo da classe de zero a 35.100; a quantidade e o valor publicado da classe negativa foram preservados em colunas proprias e na tabela de origem.";renda_liquida_positiva_cr_mil_soma_origem;255961696;1000.000000;255961696000.000000;10.673000;10.673000;unidade monetaria corrente por US$;1.000000;;3694;Taxa de cambio - Livre - Dolar americano (venda) - Media de periodo - anual;annual_period_average;https://api.bcb.gov.br/dados/serie/bcdata.sgs.3694/dados?formato=json&dataInicial=01%2F01%2F1943&dataFinal=31%2F12%2F2025;CPIAUCSL;Consumer Price Index for All Urban Consumers: All Items in U.S. City Average;seasonally_adjusted;56.933333;12;2026;331.279875;8;partial;5.818733;23982169586.807833;139545841586.355102;bcb_3694_cpiaucsl;partial_cpi_target_year;Converted from nominal domestic currency to nominal USD with the listed exchange rate, then to target-year USD with CPIAUCSL. Target-year CPI uses the months available so far.;strict_renda_liquida;national;renda liquida publicada em faixas compativeis
total;irpf_aef_1978_totais;irpf_aef_1978_totais.csv;total;1;1976;1977;Brasil;irpf_aef_1978_totais;Cr$;Cr$ 1.000;Cr$ 1,00;;;Brasil. Ministerio da Fazenda. Anuario Economico-Fiscal 1978. Brasilia: Ministerio da Fazenda, 1978.;;outputs/fontes-pedro-souza-irpf/aef_scan/pdf/anuareco1978minfaz.pdf;;;;"O AEF 1978 separa declaracoes apresentadas no Modelo Completo (MCT) e no Modelo Simplificado (MSO). Como os quadros 8.2.125 e 8.2.127 usam as mesmas classes de renda liquida, a tabela principal soma MCT e MSO por faixa. A tabela de origem preserva os valores de cada modelo. Os quadros 8.2.125 e 8.2.127 separam uma classe de renda liquida negativa. Para manter comparabilidade com os AEF 1972-1974, 1976 e 1977, a tabela principal agrega os declarantes da classe negativa com os declarantes de renda liquida de zero a Cr$ 35.100 na faixa 'Ate 35.100'. O valor de renda liquida usado nessa faixa e o total positivo da classe de zero a 35.100; a quantidade e o valor publicado da classe negativa foram preservados em colunas proprias e na tabela de origem.";renda_liquida_mct_cr_mil_total_publicado;122501472;1000.000000;122501472000.000000;10.673000;10.673000;unidade monetaria corrente por US$;1.000000;;3694;Taxa de cambio - Livre - Dolar americano (venda) - Media de periodo - anual;annual_period_average;https://api.bcb.gov.br/dados/serie/bcdata.sgs.3694/dados?formato=json&dataInicial=01%2F01%2F1943&dataFinal=31%2F12%2F2025;CPIAUCSL;Consumer Price Index for All Urban Consumers: All Items in U.S. City Average;seasonally_adjusted;56.933333;12;2026;331.279875;8;partial;5.818733;11477698116.743184;66785660795.931416;bcb_3694_cpiaucsl;partial_cpi_target_year;Converted from nominal domestic currency to nominal USD with the listed exchange rate, then to target-year USD with CPIAUCSL. Target-year CPI uses the months available so far.;strict_renda_liquida;national;renda liquida publicada em faixas compativeis
total;irpf_aef_1978_totais;irpf_aef_1978_totais.csv;total;1;1976;1977;Brasil;irpf_aef_1978_totais;Cr$;Cr$ 1.000;Cr$ 1,00;;;Brasil. Ministerio da Fazenda. Anuario Economico-Fiscal 1978. Brasilia: Ministerio da Fazenda, 1978.;;outputs/fontes-pedro-souza-irpf/aef_scan/pdf/anuareco1978minfaz.pdf;;;;"O AEF 1978 separa declaracoes apresentadas no Modelo Completo (MCT) e no Modelo Simplificado (MSO). Como os quadros 8.2.125 e 8.2.127 usam as mesmas classes de renda liquida, a tabela principal soma MCT e MSO por faixa. A tabela de origem preserva os valores de cada modelo. Os quadros 8.2.125 e 8.2.127 separam uma classe de renda liquida negativa. Para manter comparabilidade com os AEF 1972-1974, 1976 e 1977, a tabela principal agrega os declarantes da classe negativa com os declarantes de renda liquida de zero a Cr$ 35.100 na faixa 'Ate 35.100'. O valor de renda liquida usado nessa faixa e o total positivo da classe de zero a 35.100; a quantidade e o valor publicado da classe negativa foram preservados em colunas proprias e na tabela de origem.";renda_liquida_mso_cr_mil_total_publicado;133460224;1000.000000;133460224000.000000;10.673000;10.673000;unidade monetaria corrente por US$;1.000000;;3694;Taxa de cambio - Livre - Dolar americano (venda) - Media de periodo - anual;annual_period_average;https://api.bcb.gov.br/dados/serie/bcdata.sgs.3694/dados?formato=json&dataInicial=01%2F01%2F1943&dataFinal=31%2F12%2F2025;CPIAUCSL;Consumer Price Index for All Urban Consumers: All Items in U.S. City Average;seasonally_adjusted;56.933333;12;2026;331.279875;8;partial;5.818733;12504471470.064649;72760180790.423686;bcb_3694_cpiaucsl;partial_cpi_target_year;Converted from nominal domestic currency to nominal USD with the listed exchange rate, then to target-year USD with CPIAUCSL. Target-year CPI uses the months available so far.;strict_renda_liquida;national;renda liquida publicada em faixas compativeis
total;irpf_aef_1979_totais;irpf_aef_1979_totais.csv;total;1;1977;1978;Brasil;irpf_aef_1979_totais;Cr$;Cr$ 1.000;Cr$ 1,00;;;Brasil. Ministerio da Fazenda. Anuario Economico-Fiscal 1979. Brasilia: Ministerio da Fazenda, 1979.;;outputs/fontes-pedro-souza-irpf/aef_scan/pdf/anuareco1979minfaz.pdf;;;;"O AEF 1979 separa declaracoes apresentadas no Modelo Completo (MCT) e no Modelo Simplificado (MSO). Como os quadros 131 e 134 usam as mesmas classes de renda liquida, a tabela principal soma MCT e MSO por faixa. A tabela de origem preserva os valores de cada modelo. Os quadros 131 e 134 separam uma classe de renda liquida negativa. Para manter comparabilidade com os AEF 1972-1974 e 1976-1978, a tabela principal agrega os declarantes da classe negativa com os declarantes de renda liquida de zero a Cr$ 47.300 na faixa 'Ate 47.300'. O valor de renda liquida usado nessa faixa e o total positivo da classe de zero a 47.300; a quantidade e o valor publicado da classe negativa foram preservados em colunas proprias e na tabela de origem. No quadro 131, o ultimo digito do total monetario MCT aparece parcialmente cortado no canto direito do scan. O valor usado (Cr$ 161.774.555 mil) e a soma das classes positivas transcritas.";renda_liquida_media_cr;65997.181376;1.000000;65997.181376;14.144000;14.144000;unidade monetaria corrente por US$;1.000000;;3694;Taxa de cambio - Livre - Dolar americano (venda) - Media de periodo - anual;annual_period_average;https://api.bcb.gov.br/dados/serie/bcdata.sgs.3694/dados?formato=json&dataInicial=01%2F01%2F1943&dataFinal=31%2F12%2F2025;CPIAUCSL;Consumer Price Index for All Urban Consumers: All Items in U.S. City Average;seasonally_adjusted;60.616667;12;2026;331.279875;8;partial;5.465162;4666.090312;25500.939463;bcb_3694_cpiaucsl;partial_cpi_target_year;Converted from nominal domestic currency to nominal USD with the listed exchange rate, then to target-year USD with CPIAUCSL. Target-year CPI uses the months available so far.;strict_renda_liquida;national;renda liquida publicada em faixas compativeis
total;irpf_aef_1979_totais;irpf_aef_1979_totais.csv;total;1;1977;1978;Brasil;irpf_aef_1979_totais;Cr$;Cr$ 1.000;Cr$ 1,00;;;Brasil. Ministerio da Fazenda. Anuario Economico-Fiscal 1979. Brasilia: Ministerio da Fazenda, 1979.;;outputs/fontes-pedro-souza-irpf/aef_scan/pdf/anuareco1979minfaz.pdf;;;;"O AEF 1979 separa declaracoes apresentadas no Modelo Completo (MCT) e no Modelo Simplificado (MSO). Como os quadros 131 e 134 usam as mesmas classes de renda liquida, a tabela principal soma MCT e MSO por faixa. A tabela de origem preserva os valores de cada modelo. Os quadros 131 e 134 separam uma classe de renda liquida negativa. Para manter comparabilidade com os AEF 1972-1974 e 1976-1978, a tabela principal agrega os declarantes da classe negativa com os declarantes de renda liquida de zero a Cr$ 47.300 na faixa 'Ate 47.300'. O valor de renda liquida usado nessa faixa e o total positivo da classe de zero a 47.300; a quantidade e o valor publicado da classe negativa foram preservados em colunas proprias e na tabela de origem. No quadro 131, o ultimo digito do total monetario MCT aparece parcialmente cortado no canto direito do scan. O valor usado (Cr$ 161.774.555 mil) e a soma das classes positivas transcritas.";renda_liquida_cr_mil_total_publicado;404558894;1000.000000;404558894000.000000;14.144000;14.144000;unidade monetaria corrente por US$;1.000000;;3694;Taxa de cambio - Livre - Dolar americano (venda) - Media de periodo - anual;annual_period_average;https://api.bcb.gov.br/dados/serie/bcdata.sgs.3694/dados?formato=json&dataInicial=01%2F01%2F1943&dataFinal=31%2F12%2F2025;CPIAUCSL;Consumer Price Index for All Urban Consumers: All Items in U.S. City Average;seasonally_adjusted;60.616667;12;2026;331.279875;8;partial;5.465162;28602862980.769231;156319279853.706731;bcb_3694_cpiaucsl;partial_cpi_target_year;Converted from nominal domestic currency to nominal USD with the listed exchange rate, then to target-year USD with CPIAUCSL. Target-year CPI uses the months available so far.;strict_renda_liquida;national;renda liquida publicada em faixas compativeis
total;irpf_aef_1979_totais;irpf_aef_1979_totais.csv;total;1;1977;1978;Brasil;irpf_aef_1979_totais;Cr$;Cr$ 1.000;Cr$ 1,00;;;Brasil. Ministerio da Fazenda. Anuario Economico-Fiscal 1979. Brasilia: Ministerio da Fazenda, 1979.;;outputs/fontes-pedro-souza-irpf/aef_scan/pdf/anuareco1979minfaz.pdf;;;;"O AEF 1979 separa declaracoes apresentadas no Modelo Completo (MCT) e no Modelo Simplificado (MSO). Como os quadros 131 e 134 usam as mesmas classes de renda liquida, a tabela principal soma MCT e MSO por faixa. A tabela de origem preserva os valores de cada modelo. Os quadros 131 e 134 separam uma classe de renda liquida negativa. Para manter comparabilidade com os AEF 1972-1974 e 1976-1978, a tabela principal agrega os declarantes da classe negativa com os declarantes de renda liquida de zero a Cr$ 47.300 na faixa 'Ate 47.300'. O valor de renda liquida usado nessa faixa e o total positivo da classe de zero a 47.300; a quantidade e o valor publicado da classe negativa foram preservados em colunas proprias e na tabela de origem. No quadro 131, o ultimo digito do total monetario MCT aparece parcialmente cortado no canto direito do scan. O valor usado (Cr$ 161.774.555 mil) e a soma das classes positivas transcritas.";renda_liquida_cr_mil_soma_faixas;404558894;1000.000000;404558894000.000000;14.144000;14.144000;unidade monetaria corrente por US$;1.000000;;3694;Taxa de cambio - Livre - Dolar americano (venda) - Media de periodo - anual;annual_period_average;https://api.bcb.gov.br/dados/serie/bcdata.sgs.3694/dados?formato=json&dataInicial=01%2F01%2F1943&dataFinal=31%2F12%2F2025;CPIAUCSL;Consumer Price Index for All Urban Consumers: All Items in U.S. City Average;seasonally_adjusted;60.616667;12;2026;331.279875;8;partial;5.465162;28602862980.769231;156319279853.706731;bcb_3694_cpiaucsl;partial_cpi_target_year;Converted from nominal domestic currency to nominal USD with the listed exchange rate, then to target-year USD with CPIAUCSL. Target-year CPI uses the months available so far.;strict_renda_liquida;national;renda liquida publicada em faixas compativeis
total;irpf_aef_1979_totais;irpf_aef_1979_totais.csv;total;1;1977;1978;Brasil;irpf_aef_1979_totais;Cr$;Cr$ 1.000;Cr$ 1,00;;;Brasil. Ministerio da Fazenda. Anuario Economico-Fiscal 1979. Brasilia: Ministerio da Fazenda, 1979.;;outputs/fontes-pedro-souza-irpf/aef_scan/pdf/anuareco1979minfaz.pdf;;;;"O AEF 1979 separa declaracoes apresentadas no Modelo Completo (MCT) e no Modelo Simplificado (MSO). Como os quadros 131 e 134 usam as mesmas classes de renda liquida, a tabela principal soma MCT e MSO por faixa. A tabela de origem preserva os valores de cada modelo. Os quadros 131 e 134 separam uma classe de renda liquida negativa. Para manter comparabilidade com os AEF 1972-1974 e 1976-1978, a tabela principal agrega os declarantes da classe negativa com os declarantes de renda liquida de zero a Cr$ 47.300 na faixa 'Ate 47.300'. O valor de renda liquida usado nessa faixa e o total positivo da classe de zero a 47.300; a quantidade e o valor publicado da classe negativa foram preservados em colunas proprias e na tabela de origem. No quadro 131, o ultimo digito do total monetario MCT aparece parcialmente cortado no canto direito do scan. O valor usado (Cr$ 161.774.555 mil) e a soma das classes positivas transcritas.";renda_liquida_cr_mil_diferenca_total_menos_faixas;0;1000.000000;0.000000;14.144000;14.144000;unidade monetaria corrente por US$;1.000000;;3694;Taxa de cambio - Livre - Dolar americano (venda) - Media de periodo - anual;annual_period_average;https://api.bcb.gov.br/dados/serie/bcdata.sgs.3694/dados?formato=json&dataInicial=01%2F01%2F1943&dataFinal=31%2F12%2F2025;CPIAUCSL;Consumer Price Index for All Urban Consumers: All Items in U.S. City Average;seasonally_adjusted;60.616667;12;2026;331.279875;8;partial;5.465162;0.000000;0.000000;bcb_3694_cpiaucsl;partial_cpi_target_year;Converted from nominal domestic currency to nominal USD with the listed exchange rate, then to target-year USD with CPIAUCSL. Target-year CPI uses the months available so far.;strict_renda_liquida;national;renda liquida publicada em faixas compativeis
total;irpf_aef_1979_totais;irpf_aef_1979_totais.csv;total;1;1977;1978;Brasil;irpf_aef_1979_totais;Cr$;Cr$ 1.000;Cr$ 1,00;;;Brasil. Ministerio da Fazenda. Anuario Economico-Fiscal 1979. Brasilia: Ministerio da Fazenda, 1979.;;outputs/fontes-pedro-souza-irpf/aef_scan/pdf/anuareco1979minfaz.pdf;;;;"O AEF 1979 separa declaracoes apresentadas no Modelo Completo (MCT) e no Modelo Simplificado (MSO). Como os quadros 131 e 134 usam as mesmas classes de renda liquida, a tabela principal soma MCT e MSO por faixa. A tabela de origem preserva os valores de cada modelo. Os quadros 131 e 134 separam uma classe de renda liquida negativa. Para manter comparabilidade com os AEF 1972-1974 e 1976-1978, a tabela principal agrega os declarantes da classe negativa com os declarantes de renda liquida de zero a Cr$ 47.300 na faixa 'Ate 47.300'. O valor de renda liquida usado nessa faixa e o total positivo da classe de zero a 47.300; a quantidade e o valor publicado da classe negativa foram preservados em colunas proprias e na tabela de origem. No quadro 131, o ultimo digito do total monetario MCT aparece parcialmente cortado no canto direito do scan. O valor usado (Cr$ 161.774.555 mil) e a soma das classes positivas transcritas.";renda_liquida_negativa_cr_mil_publicada;12363464;1000.000000;12363464000.000000;14.144000;14.144000;unidade monetaria corrente por US$;1.000000;;3694;Taxa de cambio - Livre - Dolar americano (venda) - Media de periodo - anual;annual_period_average;https://api.bcb.gov.br/dados/serie/bcdata.sgs.3694/dados?formato=json&dataInicial=01%2F01%2F1943&dataFinal=31%2F12%2F2025;CPIAUCSL;Consumer Price Index for All Urban Consumers: All Items in U.S. City Average;seasonally_adjusted;60.616667;12;2026;331.279875;8;partial;5.465162;874113687.782805;4777172910.150452;bcb_3694_cpiaucsl;partial_cpi_target_year;Converted from nominal domestic currency to nominal USD with the listed exchange rate, then to target-year USD with CPIAUCSL. Target-year CPI uses the months available so far.;strict_renda_liquida;national;renda liquida publicada em faixas compativeis
total;irpf_aef_1979_totais;irpf_aef_1979_totais.csv;total;1;1977;1978;Brasil;irpf_aef_1979_totais;Cr$;Cr$ 1.000;Cr$ 1,00;;;Brasil. Ministerio da Fazenda. Anuario Economico-Fiscal 1979. Brasilia: Ministerio da Fazenda, 1979.;;outputs/fontes-pedro-souza-irpf/aef_scan/pdf/anuareco1979minfaz.pdf;;;;"O AEF 1979 separa declaracoes apresentadas no Modelo Completo (MCT) e no Modelo Simplificado (MSO). Como os quadros 131 e 134 usam as mesmas classes de renda liquida, a tabela principal soma MCT e MSO por faixa. A tabela de origem preserva os valores de cada modelo. Os quadros 131 e 134 separam uma classe de renda liquida negativa. Para manter comparabilidade com os AEF 1972-1974 e 1976-1978, a tabela principal agrega os declarantes da classe negativa com os declarantes de renda liquida de zero a Cr$ 47.300 na faixa 'Ate 47.300'. O valor de renda liquida usado nessa faixa e o total positivo da classe de zero a 47.300; a quantidade e o valor publicado da classe negativa foram preservados em colunas proprias e na tabela de origem. No quadro 131, o ultimo digito do total monetario MCT aparece parcialmente cortado no canto direito do scan. O valor usado (Cr$ 161.774.555 mil) e a soma das classes positivas transcritas.";renda_liquida_positiva_cr_mil_soma_origem;404558894;1000.000000;404558894000.000000;14.144000;14.144000;unidade monetaria corrente por US$;1.000000;;3694;Taxa de cambio - Livre - Dolar americano (venda) - Media de periodo - anual;annual_period_average;https://api.bcb.gov.br/dados/serie/bcdata.sgs.3694/dados?formato=json&dataInicial=01%2F01%2F1943&dataFinal=31%2F12%2F2025;CPIAUCSL;Consumer Price Index for All Urban Consumers: All Items in U.S. City Average;seasonally_adjusted;60.616667;12;2026;331.279875;8;partial;5.465162;28602862980.769231;156319279853.706731;bcb_3694_cpiaucsl;partial_cpi_target_year;Converted from nominal domestic currency to nominal USD with the listed exchange rate, then to target-year USD with CPIAUCSL. Target-year CPI uses the months available so far.;strict_renda_liquida;national;renda liquida publicada em faixas compativeis
total;irpf_aef_1979_totais;irpf_aef_1979_totais.csv;total;1;1977;1978;Brasil;irpf_aef_1979_totais;Cr$;Cr$ 1.000;Cr$ 1,00;;;Brasil. Ministerio da Fazenda. Anuario Economico-Fiscal 1979. Brasilia: Ministerio da Fazenda, 1979.;;outputs/fontes-pedro-souza-irpf/aef_scan/pdf/anuareco1979minfaz.pdf;;;;"O AEF 1979 separa declaracoes apresentadas no Modelo Completo (MCT) e no Modelo Simplificado (MSO). Como os quadros 131 e 134 usam as mesmas classes de renda liquida, a tabela principal soma MCT e MSO por faixa. A tabela de origem preserva os valores de cada modelo. Os quadros 131 e 134 separam uma classe de renda liquida negativa. Para manter comparabilidade com os AEF 1972-1974 e 1976-1978, a tabela principal agrega os declarantes da classe negativa com os declarantes de renda liquida de zero a Cr$ 47.300 na faixa 'Ate 47.300'. O valor de renda liquida usado nessa faixa e o total positivo da classe de zero a 47.300; a quantidade e o valor publicado da classe negativa foram preservados em colunas proprias e na tabela de origem. No quadro 131, o ultimo digito do total monetario MCT aparece parcialmente cortado no canto direito do scan. O valor usado (Cr$ 161.774.555 mil) e a soma das classes positivas transcritas.";renda_liquida_mct_cr_mil_total_publicado;161774555;1000.000000;161774555000.000000;14.144000;14.144000;unidade monetaria corrente por US$;1.000000;;3694;Taxa de cambio - Livre - Dolar americano (venda) - Media de periodo - anual;annual_period_average;https://api.bcb.gov.br/dados/serie/bcdata.sgs.3694/dados?formato=json&dataInicial=01%2F01%2F1943&dataFinal=31%2F12%2F2025;CPIAUCSL;Consumer Price Index for All Urban Consumers: All Items in U.S. City Average;seasonally_adjusted;60.616667;12;2026;331.279875;8;partial;5.465162;11437680641.968326;62508777612.620899;bcb_3694_cpiaucsl;partial_cpi_target_year;Converted from nominal domestic currency to nominal USD with the listed exchange rate, then to target-year USD with CPIAUCSL. Target-year CPI uses the months available so far.;strict_renda_liquida;national;renda liquida publicada em faixas compativeis
total;irpf_aef_1979_totais;irpf_aef_1979_totais.csv;total;1;1977;1978;Brasil;irpf_aef_1979_totais;Cr$;Cr$ 1.000;Cr$ 1,00;;;Brasil. Ministerio da Fazenda. Anuario Economico-Fiscal 1979. Brasilia: Ministerio da Fazenda, 1979.;;outputs/fontes-pedro-souza-irpf/aef_scan/pdf/anuareco1979minfaz.pdf;;;;"O AEF 1979 separa declaracoes apresentadas no Modelo Completo (MCT) e no Modelo Simplificado (MSO). Como os quadros 131 e 134 usam as mesmas classes de renda liquida, a tabela principal soma MCT e MSO por faixa. A tabela de origem preserva os valores de cada modelo. Os quadros 131 e 134 separam uma classe de renda liquida negativa. Para manter comparabilidade com os AEF 1972-1974 e 1976-1978, a tabela principal agrega os declarantes da classe negativa com os declarantes de renda liquida de zero a Cr$ 47.300 na faixa 'Ate 47.300'. O valor de renda liquida usado nessa faixa e o total positivo da classe de zero a 47.300; a quantidade e o valor publicado da classe negativa foram preservados em colunas proprias e na tabela de origem. No quadro 131, o ultimo digito do total monetario MCT aparece parcialmente cortado no canto direito do scan. O valor usado (Cr$ 161.774.555 mil) e a soma das classes positivas transcritas.";renda_liquida_mso_cr_mil_total_publicado;242784339;1000.000000;242784339000.000000;14.144000;14.144000;unidade monetaria corrente por US$;1.000000;;3694;Taxa de cambio - Livre - Dolar americano (venda) - Media de periodo - anual;annual_period_average;https://api.bcb.gov.br/dados/serie/bcdata.sgs.3694/dados?formato=json&dataInicial=01%2F01%2F1943&dataFinal=31%2F12%2F2025;CPIAUCSL;Consumer Price Index for All Urban Consumers: All Items in U.S. City Average;seasonally_adjusted;60.616667;12;2026;331.279875;8;partial;5.465162;17165182338.800905;93810502241.085831;bcb_3694_cpiaucsl;partial_cpi_target_year;Converted from nominal domestic currency to nominal USD with the listed exchange rate, then to target-year USD with CPIAUCSL. Target-year CPI uses the months available so far.;strict_renda_liquida;national;renda liquida publicada em faixas compativeis
