source_table_id;source_file;table_kind;source_row_number;calendar_year;tax_return_year;geographic_scope;source_block;ano_calendario;ano_exercicio;unidade_geografica;codigo_faixa;ordem_faixa;faixa_renda_liquida_cr_mil;limite_inferior_cr_mil;limite_superior_cr_mil;faixa_topo_aberta;pessoas_fisicas_notificadas;renda_liquida_total_cr_mil;renda_liquida_media_cr;pessoas_calculadas_por_media;diferenca_pessoas_publicadas_menos_calculadas;moeda;unidade_monetaria_agregados;unidade_limites_faixa;tipo_rendimento;metodo_pessoas;fonte;url_fonte;arquivo_fonte;arquivo_imagem_tabela;pagina_pdf;pagina_impressa;quadro;observacao;ano_lancamento;renda_liquida_declarada_cr_mil;imposto_notificado_cr_mil;ano_calendario_inferido;faixa_renda_liquida_cr;limite_inferior_cr;limite_superior_cr;renda_bruta_cr_mil;abatimentos_calculado_cr_mil;renda_liquida_cr_mil;imposto_calculado_cr_mil;retencao_na_fonte_cr_mil;incentivos_dec_157_cr_mil;incentivos_bnb_cr_mil;desconto_pagamento_ato_cr_mil;contribuintes_total;contribuintes_casados;contribuintes_mulheres_casadas;contribuintes_solteiros_viuvos_desquitados;contribuintes_espolios;dependentes;contribuintes_subcategorias_soma;contribuintes_subcategorias_diferenca_total_menos_soma;url_archive;url_pdf;arquivo_ocr;pagina_pdf_monetaria;pagina_impressa_monetaria;quadro_monetario;arquivo_imagem_monetaria;pagina_pdf_contribuintes;pagina_impressa_contribuintes;quadro_contribuintes;arquivo_imagem_contribuintes;rendimento_bruto_total_cr_mil;deducao_cedular_calculada_cr_mil;imposto_retido_na_fonte_cr_mil;imposto_liquido_devido_cr_mil;imposto_liquido_a_restituir_cr_mil;contribuintes_homens_casados;contribuintes_solteiros_viuvos_desquitados_divorciados;contribuintes_com_desconto_na_fonte;contribuintes_com_imposto_liquido_a_restituir;contribuintes_com_reducao_investimento;contribuintes_com_cheques_poupanca;contribuintes_com_desconto_no_ato;contribuintes_com_declaracao_fora_prazo;declarantes;declarantes_renda_liquida_negativa_incluidos;renda_liquida_negativa_cr_mil_publicada;url_cinii;faixa_rendimento_bruto_cr;declarantes_com_imposto_liquido_pagar;rendimento_bruto_com_imposto_liquido_pagar_cr_mil;declarantes_sem_imposto_rl_inferior_com_restituicao;rendimento_bruto_sem_imposto_rl_inferior_com_restituicao_cr_mil;declarantes_sem_imposto_rl_inferior_sem_restituicao;rendimento_bruto_sem_imposto_rl_inferior_sem_restituicao_cr_mil;declarantes_sem_imposto_rl_superior_com_restituicao;rendimento_bruto_sem_imposto_rl_superior_com_restituicao_cr_mil;declarantes_sem_imposto_rl_superior_sem_restituicao;rendimento_bruto_sem_imposto_rl_superior_sem_restituicao_cr_mil;declarantes_total;rendimento_bruto_medio_cr;tipo_rendimento_faixa;tipo_valor_monetario;serie_nacional_comparavel_renda_liquida;declarantes_mct;renda_liquida_mct_cr_mil;declarantes_mso;renda_liquida_mso_cr_mil;faixa_rendimento_bruto_total_cr;renda_liquida_negativa_declarantes;renda_liquida_zero_a_65000_declarantes;renda_liquida_zero_a_65000_cr_mil;renda_liquida_acima_65000_declarantes;renda_liquida_acima_65000_cr_mil;imposto_devido_calculado_declarantes;imposto_devido_calculado_cr_mil;numero_declarantes;deducoes_cedulares_calculadas_cr_mil;renda_bruta_calculada_cr_mil;abatimento_calculado_cr_mil;rendimentos_nao_tributaveis_numero_declarantes;rendimentos_nao_tributaveis_valor_cr_mil;renda_liquida_zero_a_94200_declarantes;renda_liquida_zero_a_94200_cr_mil;renda_liquida_acima_94200_declarantes;renda_liquida_acima_94200_cr_mil;renda_liquida_zero_a_146000_declarantes;renda_liquida_zero_a_146000_cr_mil;renda_liquida_acima_146000_declarantes;renda_liquida_acima_146000_cr_mil;desconto_padrao_cr_mil;arquivo_ocr_xml;renda_liquida_zero_a_2818000_declarantes;renda_liquida_zero_a_2818000_cr_mil;renda_liquida_acima_2818000_declarantes;renda_liquida_acima_2818000_cr_mil;observacao_linha;desconto_padrao_numero_declarantes;faixa_renda_liquida_ncr;limite_inferior_ncr;limite_superior_ncr;renda_bruta_ncr_mil;abatimentos_ncr_mil;renda_liquida_ncr_mil;renda_liquida_media_ncr;imposto_progressivo_ncr_mil;desconto_na_fonte_ncr_mil;contribuintes_subtotal_soma;contribuintes_diferenca_total_menos_subtotal;faixa_renda_liquida_ncr_mil;limite_inferior_ncr_mil;limite_superior_ncr_mil;renda_bruta_ncr;abatimentos_ncr;renda_liquida_ncr;imposto_progressivo_ncr;desconto_na_fonte_ncr;ano_exercicio_inferido;fonte_bloco;arquivo_texto_extraido;tabela;faixa_renda_bruta_anual_publicada;limite_inferior_anual_rs_publicado;limite_superior_anual_rs_publicado;numero_declaracoes;renda_bruta_total_rs;renda_bruta_total_rs_milhoes;renda_bruta_media_rs;percentual_declaracoes;percentual_declaracoes_acumulado;percentual_renda_bruta;percentual_renda_bruta_acumulado;url_aef_1983_metadata;renda_liquida_zero_a_278000_declarantes;renda_liquida_zero_a_278000_cr_mil;renda_liquida_acima_278000_declarantes;renda_liquida_acima_278000_cr_mil;renda_liquida_zero_a_542000_declarantes;renda_liquida_zero_a_542000_cr_mil;renda_liquida_acima_542000_declarantes;renda_liquida_acima_542000_cr_mil;renda_liquida_zero_a_1084000_declarantes;renda_liquida_zero_a_1084000_cr_mil;renda_liquida_acima_1084000_declarantes;renda_liquida_acima_1084000_cr_mil;faixa_rendimento_bruto_total_cz;limite_inferior_cz;limite_superior_cz;renda_liquida_negativa_cz_publicada;renda_liquida_zero_a_9250_declarantes;renda_liquida_zero_a_9250_cz;renda_liquida_acima_9250_declarantes;renda_liquida_acima_9250_cz;imposto_devido_calculado_cz;rendimento_bruto_total_cz;deducoes_cedulares_calculadas_cz;desconto_padrao_cz;renda_bruta_calculada_cz;abatimento_calculado_cz;rendimento_bruto_medio_cz;renda_liquida_negativa_cz_mil_publicada;renda_liquida_zero_a_21600_declarantes;renda_liquida_zero_a_21600_cz_mil;renda_liquida_acima_21600_declarantes;renda_liquida_acima_21600_cz_mil;imposto_devido_calculado_cz_mil;rendimento_bruto_total_cz_mil;deducoes_cedulares_calculadas_cz_mil;desconto_padrao_cz_mil;renda_bruta_calculada_cz_mil;abatimento_calculado_cz_mil;faixa_rendimento_bruto_total_ncz;limite_inferior_ncz;limite_superior_ncz;renda_liquida_negativa_ncz_mil_publicada;renda_liquida_zero_a_620_declarantes;renda_liquida_zero_a_620_ncz_mil;renda_liquida_acima_620_declarantes;renda_liquida_acima_620_ncz_mil;imposto_devido_calculado_ncz_mil;rendimento_bruto_total_ncz_mil;deducoes_cedulares_calculadas_ncz_mil;desconto_padrao_ncz_mil;renda_bruta_calculada_ncz_mil;abatimento_calculado_ncz_mil;rendimento_bruto_medio_ncz;imposto_notificado_complementar_cr_mil;imposto_notificado_cedular_cr_mil;imposto_notificado_total_cr_mil;abatimentos_esposas_cr_mil;abatimentos_dependentes_cr_mil;demais_abatimentos_cr_mil;abatimentos_soma_subtipos_cr_mil;abatimentos_total_cr_mil;abatimentos_calculado_bruta_menos_liquida_cr_mil;abatimentos_diferenca_total_menos_subtipos_cr_mil;abatimentos_diferenca_total_menos_bruta_liquida_cr_mil;folha_scandata;abatimentos_cr_mil;adicional_protecao_familia_cr_mil;contribuintes_viuvos_solteiros_espolios;contribuintes_solteiros_viuvos;pagina_monetaria_impressa;folha_monetaria_scandata;pagina_contribuintes_impressa;folha_contribuintes_scandata;imposto_progressivo_cr_mil;desconto_na_fonte_cr_mil;url_pdf_original;arquivo_imagem_declarantes;arquivo_imagem_rendimento;pagina_pdf_declarantes;pagina_pdf_rendimento;pagina_impressa_declarantes;pagina_impressa_rendimento;faixa_renda_tributavel_anual_rs_mil;limite_inferior_rs;limite_superior_rs;rendimento_tributavel_rs_milhoes;rendimento_tributavel_rs_mil;rendimento_tributavel_medio_rs;rendimento_tributavel_medio_rs_mil_publicado;tabela_declarantes;tabela_rendimento;url_pdf_view;url_pdf_download;url_xlsx_view;url_xlsx_download;arquivo_pdf;arquivo_xlsx;pagina_pdf_tabela;pagina_impressa_tabela;aba_planilha;faixa_rendimento_total_sm_mensal_publicada;faixa_rendimento_total_sm_mensal_normalizada;limite_inferior_sm_mensal;limite_superior_sm_mensal;quantidade_declarantes;rendimento_tributavel_bruto_rs_milhoes;rendimentos_tributacao_exclusiva_rs_milhoes;rendimentos_isentos_nao_tributaveis_rs_milhoes;rendimento_total_rtot_rs_milhoes;rendimento_tributavel_bruto_rs;rendimentos_tributacao_exclusiva_rs;rendimentos_isentos_nao_tributaveis_rs;rendimento_total_rtot_rs;rendimento_total_rtot_medio_por_declarante_rs;base_calculo_rtl_rs_milhoes;base_calculo_rtl_rs;deducao_previdenciaria_rs_milhoes;deducoes_dependentes_rs_milhoes;deducoes_instrucao_rs_milhoes;deducoes_medicas_rs_milhoes;deducao_livro_caixa_rs_milhoes;deducoes_pensao_alimenticia_rs_milhoes;desconto_padrao_rs_milhoes;imposto_devido_rs_milhoes;imposto_pago_rs_milhoes;imposto_a_pagar_rs_milhoes;imposto_a_restituir_rs_milhoes;bens_e_direitos_rs_milhoes;dividas_e_onus_rs_milhoes;doacoes_e_herancas_rs_milhoes;doacoes_e_herancas_rs;deducao_previdenciaria_oficial_rs_milhoes;deducao_previdenciaria_rra_rs_milhoes;deducao_previdenciaria_privada_fapi_rs_milhoes;deducoes_pensao_alimenticia_judicial_rs_milhoes;deducoes_pensao_alimenticia_escritura_rs_milhoes;deducoes_pensao_alimenticia_rra_rs_milhoes;deducao_incentivo_rs_milhoes;imposto_devido_apurado_xlsx_rs_milhoes;imposto_devido_1_rs_milhoes;imposto_devido_rra_rs_milhoes;imposto_total_rs_milhoes;valores_pagos_previdencia_complementar_vgbl_rs_milhoes;valores_pagos_previdencia_complementar_pgbl_rs_milhoes;valores_pagos_previdencia_complementar_natureza_publica_rs_milhoes;valores_pagos_fapi_rs_milhoes;valores_pagos_despesas_instrucao_rs_milhoes;valores_pagos_despesas_medicas_rs_milhoes;valores_pagos_pensao_alimenticia_judicial_rs_milhoes;valores_pagos_pensao_alimenticia_escritura_rs_milhoes;valores_pagos_profissional_liberal_rs_milhoes;valores_pagos_arrendamento_rural_rs_milhoes;valores_pagos_outros_rs_milhoes;doacoes_efetuadas_rs_milhoes;rendimento_tributavel_recebido_pj_rs_milhoes;rendimento_tributavel_alugueis_rs_milhoes;rendimento_tributavel_pensao_alimenticia_outros_rs_milhoes;rendimento_tributavel_trabalho_nao_assalariado_rs_milhoes;rendimento_tributavel_exterior_rs_milhoes;rendimento_tributavel_rra_rs_milhoes;rendimento_tributavel_resultado_atividade_rural_rs_milhoes;valores_pagos_fono_fisio_terapeutas_rs_milhoes;valores_pagos_medicos_dentistas_rs_milhoes;valores_pagos_psicologos_rs_milhoes;valores_pagos_hospitais_clinicas_laboratorios_rs_milhoes;valores_pagos_planos_saude_rs_milhoes;valores_pagos_previdencia_complementar_inclui_fapi_rs_milhoes;valores_pagos_advogados_rs_milhoes;valores_pagos_engenheiros_arquitetos_demais_profissionais_rs_milhoes;valores_pagos_alugueis_imoveis_rs_milhoes;valores_pagos_administradores_imoveis_rs_milhoes;valores_pagos_corretores_imoveis_rs_milhoes;metodo_agregacao_fonte;linhas_detalhe_agregadas;ufs_categorias_agregadas;tipos_formulario_agregados;unidade_monetaria_fonte;rendimento_tributavel_outros_rs_milhoes;linhas_validacao_tab11;ufs_validacao_tab11;tipos_formulario_validacao_tab11;bens_e_direitos_brasil_rs_milhoes;bens_e_direitos_exterior_rs_milhoes;faixa_renda_mensal_publicada;limite_inferior_mensal_rs;limite_superior_mensal_rs;limite_inferior_anual_rs;limite_superior_anual_rs;percentual_declarantes_publicado;percentual_declarantes_acumulado_publicado;rendimento_tributavel_bruto_rs_mil;percentual_rendimento_tributavel_publicado;percentual_rendimento_tributavel_acumulado_publicado;rendimento_tributavel_bruto_medio_rs;contribuintes_casadas;url_openlibrary;serie_nacional_comparavel;faixa_renda_liquida;limite_inferior;limite_superior;renda_liquida_mil;renda_liquida_media;renda_liquida_original;fonte_torres;fonte_primaria_validacao;url_torres;url_primaria_archive;url_primaria_original;arquivo_fonte_primaria;arquivo_texto_primaria;codigo_corte;ordem_corte;corte_rendimento_tributavel_anual_rs;rotulo_corte;tipo_linha;numero_declaracoes_acima_corte;rendimento_tributavel_acima_corte_rs_milhoes;rendimento_tributavel_acima_corte_rs_mil;renda_media_tributavel_acima_corte_rs_mil_publicada;renda_media_tributavel_acima_corte_rs_calculada;faixa_rendimento_tributavel_anual_rs;ir_devido_rs_milhoes;aliquota_efetiva_percentual;tabela_imposto;income_concept_subset;compatibility_scope;compatibility_note
irpf_souza_reis_1930_df_1927_1928_faixas;irpf_souza_reis_1930_df_1927_1928_faixas.csv;bracket_distribution;1;1927;1928;Distrito Federal;souza_reis_1930_distrito_federal_1927_1928;1927;1928;Distrito Federal;F01;1;;;;0;29053;;;;;reis;mil-reis;mil-reis;renda global liquida;pessoas publicadas diretamente na tabela;Souza Reis, F. T. de. O imposto de renda em seis annos de adaptacao no Brasil, 1924-1929. Rio de Janeiro, 1930, p. 33, Quadro n. 12.;https://archive.org/details/impostrenda1924souz;local-desktop:/Dados de Imposto de Renda/impostrenda1924souz.pdf;outputs/fontes-pedro-souza-irpf/souza_reis_1930_quadro_12_pdfpage_38.png;38;33;Quadro n. 12;"Serie do Distrito Federal; nao comparar diretamente com Brasil. Exercicio 1928 corresponde ao ano-calendario 1927; exercicio 1929 corresponde ao ano-calendario 1928. A errata do livro corrige o Quadro 12, coluna 3, linha 17, de 8.659:361$000 para 8.659:361$200. Soma das pessoas por faixa fecha com o total publicado (49571). A soma da renda das faixas difere do total publicado em 2:990$900; foram preservados os valores por faixa e o total publicado em campos separados.";;;;;;;;;;;;;;;;;;;;;;;;;;;;;;;;;;;;;;;;;;;;;;;;;;;;;;;;;;;;;;;;;;;;;;;;;;;;;;;;;;;;;;;;;;;;;;;;;;;;;;;;;;;;;;;;;;;;;;;;;;souza_reis_1930_distrito_federal_1927_1928;;;;;;;;;;;;;;;;;;;;;;;;;;;;;;;;;;;;;;;;;;;;;;;;;;;;;;;;;;;;;;;;;;;;;;;;;;;;;;;;;;;;;;;;;;;;;;;;;;;;;;;;;;;https://archive.org/download/impostrenda1924souz/impostrenda1924souz.pdf;;;;;;;;;;;;;;;;;;;;;;;;;;;;;;;;;;;;;;;;;;;;;;;;;;;;;;;;;;;;;;;;;;;;;;;;;;;;;;;;;;;;;;;;;;;;;;;;;;;;;;;;0;Ate 6:000$000;0;6000;38322799.7;1319065.146456;38.322:799$700;;;;;;;;;;;;;;;;;;;;;;strict_renda_liquida;regional;"renda liquida publicada em faixas compativeis; serie regional/local, nao comparar diretamente com Brasil"
irpf_souza_reis_1930_df_1927_1928_faixas;irpf_souza_reis_1930_df_1927_1928_faixas.csv;bracket_distribution;10;1927;1928;Distrito Federal;souza_reis_1930_distrito_federal_1927_1928;1927;1928;Distrito Federal;F10;10;;;;0;50;;;;;reis;mil-reis;mil-reis;renda global liquida;pessoas publicadas diretamente na tabela;Souza Reis, F. T. de. O imposto de renda em seis annos de adaptacao no Brasil, 1924-1929. Rio de Janeiro, 1930, p. 33, Quadro n. 12.;https://archive.org/details/impostrenda1924souz;local-desktop:/Dados de Imposto de Renda/impostrenda1924souz.pdf;outputs/fontes-pedro-souza-irpf/souza_reis_1930_quadro_12_pdfpage_38.png;38;33;Quadro n. 12;"Serie do Distrito Federal; nao comparar diretamente com Brasil. Exercicio 1928 corresponde ao ano-calendario 1927; exercicio 1929 corresponde ao ano-calendario 1928. A errata do livro corrige o Quadro 12, coluna 3, linha 17, de 8.659:361$000 para 8.659:361$200. Soma das pessoas por faixa fecha com o total publicado (49571). A soma da renda das faixas difere do total publicado em 2:990$900; foram preservados os valores por faixa e o total publicado em campos separados.";;;;;;;;;;;;;;;;;;;;;;;;;;;;;;;;;;;;;;;;;;;;;;;;;;;;;;;;;;;;;;;;;;;;;;;;;;;;;;;;;;;;;;;;;;;;;;;;;;;;;;;;;;;;;;;;;;;;;;;;;;souza_reis_1930_distrito_federal_1927_1928;;;;;;;;;;;;;;;;;;;;;;;;;;;;;;;;;;;;;;;;;;;;;;;;;;;;;;;;;;;;;;;;;;;;;;;;;;;;;;;;;;;;;;;;;;;;;;;;;;;;;;;;;;;https://archive.org/download/impostrenda1924souz/impostrenda1924souz.pdf;;;;;;;;;;;;;;;;;;;;;;;;;;;;;;;;;;;;;;;;;;;;;;;;;;;;;;;;;;;;;;;;;;;;;;;;;;;;;;;;;;;;;;;;;;;;;;;;;;;;;;;;0;De 300:000$000 a 400:000$000;300000;400000;17311784.4;346235688.0;17.311:784$400;;;;;;;;;;;;;;;;;;;;;;strict_renda_liquida;regional;"renda liquida publicada em faixas compativeis; serie regional/local, nao comparar diretamente com Brasil"
irpf_souza_reis_1930_df_1927_1928_faixas;irpf_souza_reis_1930_df_1927_1928_faixas.csv;bracket_distribution;11;1927;1928;Distrito Federal;souza_reis_1930_distrito_federal_1927_1928;1927;1928;Distrito Federal;F11;11;;;;0;32;;;;;reis;mil-reis;mil-reis;renda global liquida;pessoas publicadas diretamente na tabela;Souza Reis, F. T. de. O imposto de renda em seis annos de adaptacao no Brasil, 1924-1929. Rio de Janeiro, 1930, p. 33, Quadro n. 12.;https://archive.org/details/impostrenda1924souz;local-desktop:/Dados de Imposto de Renda/impostrenda1924souz.pdf;outputs/fontes-pedro-souza-irpf/souza_reis_1930_quadro_12_pdfpage_38.png;38;33;Quadro n. 12;"Serie do Distrito Federal; nao comparar diretamente com Brasil. Exercicio 1928 corresponde ao ano-calendario 1927; exercicio 1929 corresponde ao ano-calendario 1928. A errata do livro corrige o Quadro 12, coluna 3, linha 17, de 8.659:361$000 para 8.659:361$200. Soma das pessoas por faixa fecha com o total publicado (49571). A soma da renda das faixas difere do total publicado em 2:990$900; foram preservados os valores por faixa e o total publicado em campos separados.";;;;;;;;;;;;;;;;;;;;;;;;;;;;;;;;;;;;;;;;;;;;;;;;;;;;;;;;;;;;;;;;;;;;;;;;;;;;;;;;;;;;;;;;;;;;;;;;;;;;;;;;;;;;;;;;;;;;;;;;;;souza_reis_1930_distrito_federal_1927_1928;;;;;;;;;;;;;;;;;;;;;;;;;;;;;;;;;;;;;;;;;;;;;;;;;;;;;;;;;;;;;;;;;;;;;;;;;;;;;;;;;;;;;;;;;;;;;;;;;;;;;;;;;;;https://archive.org/download/impostrenda1924souz/impostrenda1924souz.pdf;;;;;;;;;;;;;;;;;;;;;;;;;;;;;;;;;;;;;;;;;;;;;;;;;;;;;;;;;;;;;;;;;;;;;;;;;;;;;;;;;;;;;;;;;;;;;;;;;;;;;;;;0;De 400:000$000 a 500:000$000;400000;500000;13473160.0;421036250.0;13.473:160$000;;;;;;;;;;;;;;;;;;;;;;strict_renda_liquida;regional;"renda liquida publicada em faixas compativeis; serie regional/local, nao comparar diretamente com Brasil"
irpf_souza_reis_1930_df_1927_1928_faixas;irpf_souza_reis_1930_df_1927_1928_faixas.csv;bracket_distribution;12;1927;1928;Distrito Federal;souza_reis_1930_distrito_federal_1927_1928;1927;1928;Distrito Federal;F12;12;;;;0;16;;;;;reis;mil-reis;mil-reis;renda global liquida;pessoas publicadas diretamente na tabela;Souza Reis, F. T. de. O imposto de renda em seis annos de adaptacao no Brasil, 1924-1929. Rio de Janeiro, 1930, p. 33, Quadro n. 12.;https://archive.org/details/impostrenda1924souz;local-desktop:/Dados de Imposto de Renda/impostrenda1924souz.pdf;outputs/fontes-pedro-souza-irpf/souza_reis_1930_quadro_12_pdfpage_38.png;38;33;Quadro n. 12;"Serie do Distrito Federal; nao comparar diretamente com Brasil. Exercicio 1928 corresponde ao ano-calendario 1927; exercicio 1929 corresponde ao ano-calendario 1928. A errata do livro corrige o Quadro 12, coluna 3, linha 17, de 8.659:361$000 para 8.659:361$200. Soma das pessoas por faixa fecha com o total publicado (49571). A soma da renda das faixas difere do total publicado em 2:990$900; foram preservados os valores por faixa e o total publicado em campos separados.";;;;;;;;;;;;;;;;;;;;;;;;;;;;;;;;;;;;;;;;;;;;;;;;;;;;;;;;;;;;;;;;;;;;;;;;;;;;;;;;;;;;;;;;;;;;;;;;;;;;;;;;;;;;;;;;;;;;;;;;;;souza_reis_1930_distrito_federal_1927_1928;;;;;;;;;;;;;;;;;;;;;;;;;;;;;;;;;;;;;;;;;;;;;;;;;;;;;;;;;;;;;;;;;;;;;;;;;;;;;;;;;;;;;;;;;;;;;;;;;;;;;;;;;;;https://archive.org/download/impostrenda1924souz/impostrenda1924souz.pdf;;;;;;;;;;;;;;;;;;;;;;;;;;;;;;;;;;;;;;;;;;;;;;;;;;;;;;;;;;;;;;;;;;;;;;;;;;;;;;;;;;;;;;;;;;;;;;;;;;;;;;;;0;De 500:000$000 a 600:000$000;500000;600000;8651400.2;540712512.5;8.651:400$200;;;;;;;;;;;;;;;;;;;;;;strict_renda_liquida;regional;"renda liquida publicada em faixas compativeis; serie regional/local, nao comparar diretamente com Brasil"
irpf_souza_reis_1930_df_1927_1928_faixas;irpf_souza_reis_1930_df_1927_1928_faixas.csv;bracket_distribution;13;1927;1928;Distrito Federal;souza_reis_1930_distrito_federal_1927_1928;1927;1928;Distrito Federal;F13;13;;;;0;6;;;;;reis;mil-reis;mil-reis;renda global liquida;pessoas publicadas diretamente na tabela;Souza Reis, F. T. de. O imposto de renda em seis annos de adaptacao no Brasil, 1924-1929. Rio de Janeiro, 1930, p. 33, Quadro n. 12.;https://archive.org/details/impostrenda1924souz;local-desktop:/Dados de Imposto de Renda/impostrenda1924souz.pdf;outputs/fontes-pedro-souza-irpf/souza_reis_1930_quadro_12_pdfpage_38.png;38;33;Quadro n. 12;"Serie do Distrito Federal; nao comparar diretamente com Brasil. Exercicio 1928 corresponde ao ano-calendario 1927; exercicio 1929 corresponde ao ano-calendario 1928. A errata do livro corrige o Quadro 12, coluna 3, linha 17, de 8.659:361$000 para 8.659:361$200. Soma das pessoas por faixa fecha com o total publicado (49571). A soma da renda das faixas difere do total publicado em 2:990$900; foram preservados os valores por faixa e o total publicado em campos separados.";;;;;;;;;;;;;;;;;;;;;;;;;;;;;;;;;;;;;;;;;;;;;;;;;;;;;;;;;;;;;;;;;;;;;;;;;;;;;;;;;;;;;;;;;;;;;;;;;;;;;;;;;;;;;;;;;;;;;;;;;;souza_reis_1930_distrito_federal_1927_1928;;;;;;;;;;;;;;;;;;;;;;;;;;;;;;;;;;;;;;;;;;;;;;;;;;;;;;;;;;;;;;;;;;;;;;;;;;;;;;;;;;;;;;;;;;;;;;;;;;;;;;;;;;;https://archive.org/download/impostrenda1924souz/impostrenda1924souz.pdf;;;;;;;;;;;;;;;;;;;;;;;;;;;;;;;;;;;;;;;;;;;;;;;;;;;;;;;;;;;;;;;;;;;;;;;;;;;;;;;;;;;;;;;;;;;;;;;;;;;;;;;;0;De 600:000$000 a 700:000$000;600000;700000;3700866.5;616811083.333333;3.700:866$500;;;;;;;;;;;;;;;;;;;;;;strict_renda_liquida;regional;"renda liquida publicada em faixas compativeis; serie regional/local, nao comparar diretamente com Brasil"
irpf_souza_reis_1930_df_1927_1928_faixas;irpf_souza_reis_1930_df_1927_1928_faixas.csv;bracket_distribution;14;1927;1928;Distrito Federal;souza_reis_1930_distrito_federal_1927_1928;1927;1928;Distrito Federal;F14;14;;;;0;3;;;;;reis;mil-reis;mil-reis;renda global liquida;pessoas publicadas diretamente na tabela;Souza Reis, F. T. de. O imposto de renda em seis annos de adaptacao no Brasil, 1924-1929. Rio de Janeiro, 1930, p. 33, Quadro n. 12.;https://archive.org/details/impostrenda1924souz;local-desktop:/Dados de Imposto de Renda/impostrenda1924souz.pdf;outputs/fontes-pedro-souza-irpf/souza_reis_1930_quadro_12_pdfpage_38.png;38;33;Quadro n. 12;"Serie do Distrito Federal; nao comparar diretamente com Brasil. Exercicio 1928 corresponde ao ano-calendario 1927; exercicio 1929 corresponde ao ano-calendario 1928. A errata do livro corrige o Quadro 12, coluna 3, linha 17, de 8.659:361$000 para 8.659:361$200. Soma das pessoas por faixa fecha com o total publicado (49571). A soma da renda das faixas difere do total publicado em 2:990$900; foram preservados os valores por faixa e o total publicado em campos separados.";;;;;;;;;;;;;;;;;;;;;;;;;;;;;;;;;;;;;;;;;;;;;;;;;;;;;;;;;;;;;;;;;;;;;;;;;;;;;;;;;;;;;;;;;;;;;;;;;;;;;;;;;;;;;;;;;;;;;;;;;;souza_reis_1930_distrito_federal_1927_1928;;;;;;;;;;;;;;;;;;;;;;;;;;;;;;;;;;;;;;;;;;;;;;;;;;;;;;;;;;;;;;;;;;;;;;;;;;;;;;;;;;;;;;;;;;;;;;;;;;;;;;;;;;;https://archive.org/download/impostrenda1924souz/impostrenda1924souz.pdf;;;;;;;;;;;;;;;;;;;;;;;;;;;;;;;;;;;;;;;;;;;;;;;;;;;;;;;;;;;;;;;;;;;;;;;;;;;;;;;;;;;;;;;;;;;;;;;;;;;;;;;;0;De 700:000$000 a 800:000$000;700000;800000;2311206.0;770402000.0;2.311:206$000;;;;;;;;;;;;;;;;;;;;;;strict_renda_liquida;regional;"renda liquida publicada em faixas compativeis; serie regional/local, nao comparar diretamente com Brasil"
irpf_souza_reis_1930_df_1927_1928_faixas;irpf_souza_reis_1930_df_1927_1928_faixas.csv;bracket_distribution;15;1927;1928;Distrito Federal;souza_reis_1930_distrito_federal_1927_1928;1927;1928;Distrito Federal;F15;15;;;;0;1;;;;;reis;mil-reis;mil-reis;renda global liquida;pessoas publicadas diretamente na tabela;Souza Reis, F. T. de. O imposto de renda em seis annos de adaptacao no Brasil, 1924-1929. Rio de Janeiro, 1930, p. 33, Quadro n. 12.;https://archive.org/details/impostrenda1924souz;local-desktop:/Dados de Imposto de Renda/impostrenda1924souz.pdf;outputs/fontes-pedro-souza-irpf/souza_reis_1930_quadro_12_pdfpage_38.png;38;33;Quadro n. 12;"Serie do Distrito Federal; nao comparar diretamente com Brasil. Exercicio 1928 corresponde ao ano-calendario 1927; exercicio 1929 corresponde ao ano-calendario 1928. A errata do livro corrige o Quadro 12, coluna 3, linha 17, de 8.659:361$000 para 8.659:361$200. Soma das pessoas por faixa fecha com o total publicado (49571). A soma da renda das faixas difere do total publicado em 2:990$900; foram preservados os valores por faixa e o total publicado em campos separados.";;;;;;;;;;;;;;;;;;;;;;;;;;;;;;;;;;;;;;;;;;;;;;;;;;;;;;;;;;;;;;;;;;;;;;;;;;;;;;;;;;;;;;;;;;;;;;;;;;;;;;;;;;;;;;;;;;;;;;;;;;souza_reis_1930_distrito_federal_1927_1928;;;;;;;;;;;;;;;;;;;;;;;;;;;;;;;;;;;;;;;;;;;;;;;;;;;;;;;;;;;;;;;;;;;;;;;;;;;;;;;;;;;;;;;;;;;;;;;;;;;;;;;;;;;https://archive.org/download/impostrenda1924souz/impostrenda1924souz.pdf;;;;;;;;;;;;;;;;;;;;;;;;;;;;;;;;;;;;;;;;;;;;;;;;;;;;;;;;;;;;;;;;;;;;;;;;;;;;;;;;;;;;;;;;;;;;;;;;;;;;;;;;0;De 800:000$000 a 900:000$000;800000;900000;898610.8;898610800.0;898:610$800;;;;;;;;;;;;;;;;;;;;;;strict_renda_liquida;regional;"renda liquida publicada em faixas compativeis; serie regional/local, nao comparar diretamente com Brasil"
irpf_souza_reis_1930_df_1927_1928_faixas;irpf_souza_reis_1930_df_1927_1928_faixas.csv;bracket_distribution;16;1927;1928;Distrito Federal;souza_reis_1930_distrito_federal_1927_1928;1927;1928;Distrito Federal;F16;16;;;;0;1;;;;;reis;mil-reis;mil-reis;renda global liquida;pessoas publicadas diretamente na tabela;Souza Reis, F. T. de. O imposto de renda em seis annos de adaptacao no Brasil, 1924-1929. Rio de Janeiro, 1930, p. 33, Quadro n. 12.;https://archive.org/details/impostrenda1924souz;local-desktop:/Dados de Imposto de Renda/impostrenda1924souz.pdf;outputs/fontes-pedro-souza-irpf/souza_reis_1930_quadro_12_pdfpage_38.png;38;33;Quadro n. 12;"Serie do Distrito Federal; nao comparar diretamente com Brasil. Exercicio 1928 corresponde ao ano-calendario 1927; exercicio 1929 corresponde ao ano-calendario 1928. A errata do livro corrige o Quadro 12, coluna 3, linha 17, de 8.659:361$000 para 8.659:361$200. Soma das pessoas por faixa fecha com o total publicado (49571). A soma da renda das faixas difere do total publicado em 2:990$900; foram preservados os valores por faixa e o total publicado em campos separados.";;;;;;;;;;;;;;;;;;;;;;;;;;;;;;;;;;;;;;;;;;;;;;;;;;;;;;;;;;;;;;;;;;;;;;;;;;;;;;;;;;;;;;;;;;;;;;;;;;;;;;;;;;;;;;;;;;;;;;;;;;souza_reis_1930_distrito_federal_1927_1928;;;;;;;;;;;;;;;;;;;;;;;;;;;;;;;;;;;;;;;;;;;;;;;;;;;;;;;;;;;;;;;;;;;;;;;;;;;;;;;;;;;;;;;;;;;;;;;;;;;;;;;;;;;https://archive.org/download/impostrenda1924souz/impostrenda1924souz.pdf;;;;;;;;;;;;;;;;;;;;;;;;;;;;;;;;;;;;;;;;;;;;;;;;;;;;;;;;;;;;;;;;;;;;;;;;;;;;;;;;;;;;;;;;;;;;;;;;;;;;;;;;0;De 900:000$000 a 1.000:000$000;900000;1000000;938881.8;938881800.0;938:881$800;;;;;;;;;;;;;;;;;;;;;;strict_renda_liquida;regional;"renda liquida publicada em faixas compativeis; serie regional/local, nao comparar diretamente com Brasil"
irpf_souza_reis_1930_df_1927_1928_faixas;irpf_souza_reis_1930_df_1927_1928_faixas.csv;bracket_distribution;17;1927;1928;Distrito Federal;souza_reis_1930_distrito_federal_1927_1928;1927;1928;Distrito Federal;F17;17;;;;0;7;;;;;reis;mil-reis;mil-reis;renda global liquida;pessoas publicadas diretamente na tabela;Souza Reis, F. T. de. O imposto de renda em seis annos de adaptacao no Brasil, 1924-1929. Rio de Janeiro, 1930, p. 33, Quadro n. 12.;https://archive.org/details/impostrenda1924souz;local-desktop:/Dados de Imposto de Renda/impostrenda1924souz.pdf;outputs/fontes-pedro-souza-irpf/souza_reis_1930_quadro_12_pdfpage_38.png;38;33;Quadro n. 12;"Serie do Distrito Federal; nao comparar diretamente com Brasil. Exercicio 1928 corresponde ao ano-calendario 1927; exercicio 1929 corresponde ao ano-calendario 1928. A errata do livro corrige o Quadro 12, coluna 3, linha 17, de 8.659:361$000 para 8.659:361$200. Soma das pessoas por faixa fecha com o total publicado (49571). A soma da renda das faixas difere do total publicado em 2:990$900; foram preservados os valores por faixa e o total publicado em campos separados.";;;;;;;;;;;;;;;;;;;;;;;;;;;;;;;;;;;;;;;;;;;;;;;;;;;;;;;;;;;;;;;;;;;;;;;;;;;;;;;;;;;;;;;;;;;;;;;;;;;;;;;;;;;;;;;;;;;;;;;;;;souza_reis_1930_distrito_federal_1927_1928;;;;;;;;;;;;;;;;;;;;;;;;;;;;;;;;;;;;;;;;;;;;;;;;;;;;;;;;;;;;;;;;;;;;;;;;;;;;;;;;;;;;;;;;;;;;;;;;;;;;;;;;;;;https://archive.org/download/impostrenda1924souz/impostrenda1924souz.pdf;;;;;;;;;;;;;;;;;;;;;;;;;;;;;;;;;;;;;;;;;;;;;;;;;;;;;;;;;;;;;;;;;;;;;;;;;;;;;;;;;;;;;;;;;;;;;;;;;;;;;;;;0;De 1.000:000$000 a 1.500:000$000;1000000;1500000;8659361.2;1237051600.0;8.659:361$200;;;;;;;;;;;;;;;;;;;;;;strict_renda_liquida;regional;"renda liquida publicada em faixas compativeis; serie regional/local, nao comparar diretamente com Brasil"
irpf_souza_reis_1930_df_1927_1928_faixas;irpf_souza_reis_1930_df_1927_1928_faixas.csv;bracket_distribution;18;1927;1928;Distrito Federal;souza_reis_1930_distrito_federal_1927_1928;1927;1928;Distrito Federal;F18;18;;;;0;2;;;;;reis;mil-reis;mil-reis;renda global liquida;pessoas publicadas diretamente na tabela;Souza Reis, F. T. de. O imposto de renda em seis annos de adaptacao no Brasil, 1924-1929. Rio de Janeiro, 1930, p. 33, Quadro n. 12.;https://archive.org/details/impostrenda1924souz;local-desktop:/Dados de Imposto de Renda/impostrenda1924souz.pdf;outputs/fontes-pedro-souza-irpf/souza_reis_1930_quadro_12_pdfpage_38.png;38;33;Quadro n. 12;"Serie do Distrito Federal; nao comparar diretamente com Brasil. Exercicio 1928 corresponde ao ano-calendario 1927; exercicio 1929 corresponde ao ano-calendario 1928. A errata do livro corrige o Quadro 12, coluna 3, linha 17, de 8.659:361$000 para 8.659:361$200. Soma das pessoas por faixa fecha com o total publicado (49571). A soma da renda das faixas difere do total publicado em 2:990$900; foram preservados os valores por faixa e o total publicado em campos separados.";;;;;;;;;;;;;;;;;;;;;;;;;;;;;;;;;;;;;;;;;;;;;;;;;;;;;;;;;;;;;;;;;;;;;;;;;;;;;;;;;;;;;;;;;;;;;;;;;;;;;;;;;;;;;;;;;;;;;;;;;;souza_reis_1930_distrito_federal_1927_1928;;;;;;;;;;;;;;;;;;;;;;;;;;;;;;;;;;;;;;;;;;;;;;;;;;;;;;;;;;;;;;;;;;;;;;;;;;;;;;;;;;;;;;;;;;;;;;;;;;;;;;;;;;;https://archive.org/download/impostrenda1924souz/impostrenda1924souz.pdf;;;;;;;;;;;;;;;;;;;;;;;;;;;;;;;;;;;;;;;;;;;;;;;;;;;;;;;;;;;;;;;;;;;;;;;;;;;;;;;;;;;;;;;;;;;;;;;;;;;;;;;;0;De 1.500:000$000 a 2.500:000$000;1500000;2500000;4433418.9;2216709450.0;4.433:418$900;;;;;;;;;;;;;;;;;;;;;;strict_renda_liquida;regional;"renda liquida publicada em faixas compativeis; serie regional/local, nao comparar diretamente com Brasil"
irpf_souza_reis_1930_df_1927_1928_faixas;irpf_souza_reis_1930_df_1927_1928_faixas.csv;bracket_distribution;19;1927;1928;Distrito Federal;souza_reis_1930_distrito_federal_1927_1928;1927;1928;Distrito Federal;F19;19;;;;0;1;;;;;reis;mil-reis;mil-reis;renda global liquida;pessoas publicadas diretamente na tabela;Souza Reis, F. T. de. O imposto de renda em seis annos de adaptacao no Brasil, 1924-1929. Rio de Janeiro, 1930, p. 33, Quadro n. 12.;https://archive.org/details/impostrenda1924souz;local-desktop:/Dados de Imposto de Renda/impostrenda1924souz.pdf;outputs/fontes-pedro-souza-irpf/souza_reis_1930_quadro_12_pdfpage_38.png;38;33;Quadro n. 12;"Serie do Distrito Federal; nao comparar diretamente com Brasil. Exercicio 1928 corresponde ao ano-calendario 1927; exercicio 1929 corresponde ao ano-calendario 1928. A errata do livro corrige o Quadro 12, coluna 3, linha 17, de 8.659:361$000 para 8.659:361$200. Soma das pessoas por faixa fecha com o total publicado (49571). A soma da renda das faixas difere do total publicado em 2:990$900; foram preservados os valores por faixa e o total publicado em campos separados.";;;;;;;;;;;;;;;;;;;;;;;;;;;;;;;;;;;;;;;;;;;;;;;;;;;;;;;;;;;;;;;;;;;;;;;;;;;;;;;;;;;;;;;;;;;;;;;;;;;;;;;;;;;;;;;;;;;;;;;;;;souza_reis_1930_distrito_federal_1927_1928;;;;;;;;;;;;;;;;;;;;;;;;;;;;;;;;;;;;;;;;;;;;;;;;;;;;;;;;;;;;;;;;;;;;;;;;;;;;;;;;;;;;;;;;;;;;;;;;;;;;;;;;;;;https://archive.org/download/impostrenda1924souz/impostrenda1924souz.pdf;;;;;;;;;;;;;;;;;;;;;;;;;;;;;;;;;;;;;;;;;;;;;;;;;;;;;;;;;;;;;;;;;;;;;;;;;;;;;;;;;;;;;;;;;;;;;;;;;;;;;;;;0;De 2.500:000$000 a 3.000:000$000;2500000;3000000;2622553.5;2622553500.0;2.622:553$500;;;;;;;;;;;;;;;;;;;;;;strict_renda_liquida;regional;"renda liquida publicada em faixas compativeis; serie regional/local, nao comparar diretamente com Brasil"
irpf_souza_reis_1930_df_1927_1928_faixas;irpf_souza_reis_1930_df_1927_1928_faixas.csv;bracket_distribution;2;1927;1928;Distrito Federal;souza_reis_1930_distrito_federal_1927_1928;1927;1928;Distrito Federal;F02;2;;;;0;16668;;;;;reis;mil-reis;mil-reis;renda global liquida;pessoas publicadas diretamente na tabela;Souza Reis, F. T. de. O imposto de renda em seis annos de adaptacao no Brasil, 1924-1929. Rio de Janeiro, 1930, p. 33, Quadro n. 12.;https://archive.org/details/impostrenda1924souz;local-desktop:/Dados de Imposto de Renda/impostrenda1924souz.pdf;outputs/fontes-pedro-souza-irpf/souza_reis_1930_quadro_12_pdfpage_38.png;38;33;Quadro n. 12;"Serie do Distrito Federal; nao comparar diretamente com Brasil. Exercicio 1928 corresponde ao ano-calendario 1927; exercicio 1929 corresponde ao ano-calendario 1928. A errata do livro corrige o Quadro 12, coluna 3, linha 17, de 8.659:361$000 para 8.659:361$200. Soma das pessoas por faixa fecha com o total publicado (49571). A soma da renda das faixas difere do total publicado em 2:990$900; foram preservados os valores por faixa e o total publicado em campos separados.";;;;;;;;;;;;;;;;;;;;;;;;;;;;;;;;;;;;;;;;;;;;;;;;;;;;;;;;;;;;;;;;;;;;;;;;;;;;;;;;;;;;;;;;;;;;;;;;;;;;;;;;;;;;;;;;;;;;;;;;;;souza_reis_1930_distrito_federal_1927_1928;;;;;;;;;;;;;;;;;;;;;;;;;;;;;;;;;;;;;;;;;;;;;;;;;;;;;;;;;;;;;;;;;;;;;;;;;;;;;;;;;;;;;;;;;;;;;;;;;;;;;;;;;;;https://archive.org/download/impostrenda1924souz/impostrenda1924souz.pdf;;;;;;;;;;;;;;;;;;;;;;;;;;;;;;;;;;;;;;;;;;;;;;;;;;;;;;;;;;;;;;;;;;;;;;;;;;;;;;;;;;;;;;;;;;;;;;;;;;;;;;;;0;De 6:000$000 a 30:000$000;6000;30000;213122527.1;12786328.719702;213.122:527$100;;;;;;;;;;;;;;;;;;;;;;strict_renda_liquida;regional;"renda liquida publicada em faixas compativeis; serie regional/local, nao comparar diretamente com Brasil"
irpf_souza_reis_1930_df_1927_1928_faixas;irpf_souza_reis_1930_df_1927_1928_faixas.csv;bracket_distribution;20;1927;1928;Distrito Federal;souza_reis_1930_distrito_federal_1927_1928;1927;1928;Distrito Federal;F20;20;;;;1;1;;;;;reis;mil-reis;mil-reis;renda global liquida;pessoas publicadas diretamente na tabela;Souza Reis, F. T. de. O imposto de renda em seis annos de adaptacao no Brasil, 1924-1929. Rio de Janeiro, 1930, p. 33, Quadro n. 12.;https://archive.org/details/impostrenda1924souz;local-desktop:/Dados de Imposto de Renda/impostrenda1924souz.pdf;outputs/fontes-pedro-souza-irpf/souza_reis_1930_quadro_12_pdfpage_38.png;38;33;Quadro n. 12;"Serie do Distrito Federal; nao comparar diretamente com Brasil. Exercicio 1928 corresponde ao ano-calendario 1927; exercicio 1929 corresponde ao ano-calendario 1928. A errata do livro corrige o Quadro 12, coluna 3, linha 17, de 8.659:361$000 para 8.659:361$200. Soma das pessoas por faixa fecha com o total publicado (49571). A soma da renda das faixas difere do total publicado em 2:990$900; foram preservados os valores por faixa e o total publicado em campos separados.";;;;;;;;;;;;;;;;;;;;;;;;;;;;;;;;;;;;;;;;;;;;;;;;;;;;;;;;;;;;;;;;;;;;;;;;;;;;;;;;;;;;;;;;;;;;;;;;;;;;;;;;;;;;;;;;;;;;;;;;;;souza_reis_1930_distrito_federal_1927_1928;;;;;;;;;;;;;;;;;;;;;;;;;;;;;;;;;;;;;;;;;;;;;;;;;;;;;;;;;;;;;;;;;;;;;;;;;;;;;;;;;;;;;;;;;;;;;;;;;;;;;;;;;;;https://archive.org/download/impostrenda1924souz/impostrenda1924souz.pdf;;;;;;;;;;;;;;;;;;;;;;;;;;;;;;;;;;;;;;;;;;;;;;;;;;;;;;;;;;;;;;;;;;;;;;;;;;;;;;;;;;;;;;;;;;;;;;;;;;;;;;;;0;Acima de 3.000:000$000;3000000;;11749190.0;11749190000.0;11.749:190$000;;;;;;;;;;;;;;;;;;;;;;strict_renda_liquida;regional;"renda liquida publicada em faixas compativeis; serie regional/local, nao comparar diretamente com Brasil"
irpf_souza_reis_1930_df_1927_1928_faixas;irpf_souza_reis_1930_df_1927_1928_faixas.csv;bracket_distribution;3;1927;1928;Distrito Federal;souza_reis_1930_distrito_federal_1927_1928;1927;1928;Distrito Federal;F03;3;;;;0;2292;;;;;reis;mil-reis;mil-reis;renda global liquida;pessoas publicadas diretamente na tabela;Souza Reis, F. T. de. O imposto de renda em seis annos de adaptacao no Brasil, 1924-1929. Rio de Janeiro, 1930, p. 33, Quadro n. 12.;https://archive.org/details/impostrenda1924souz;local-desktop:/Dados de Imposto de Renda/impostrenda1924souz.pdf;outputs/fontes-pedro-souza-irpf/souza_reis_1930_quadro_12_pdfpage_38.png;38;33;Quadro n. 12;"Serie do Distrito Federal; nao comparar diretamente com Brasil. Exercicio 1928 corresponde ao ano-calendario 1927; exercicio 1929 corresponde ao ano-calendario 1928. A errata do livro corrige o Quadro 12, coluna 3, linha 17, de 8.659:361$000 para 8.659:361$200. Soma das pessoas por faixa fecha com o total publicado (49571). A soma da renda das faixas difere do total publicado em 2:990$900; foram preservados os valores por faixa e o total publicado em campos separados.";;;;;;;;;;;;;;;;;;;;;;;;;;;;;;;;;;;;;;;;;;;;;;;;;;;;;;;;;;;;;;;;;;;;;;;;;;;;;;;;;;;;;;;;;;;;;;;;;;;;;;;;;;;;;;;;;;;;;;;;;;souza_reis_1930_distrito_federal_1927_1928;;;;;;;;;;;;;;;;;;;;;;;;;;;;;;;;;;;;;;;;;;;;;;;;;;;;;;;;;;;;;;;;;;;;;;;;;;;;;;;;;;;;;;;;;;;;;;;;;;;;;;;;;;;https://archive.org/download/impostrenda1924souz/impostrenda1924souz.pdf;;;;;;;;;;;;;;;;;;;;;;;;;;;;;;;;;;;;;;;;;;;;;;;;;;;;;;;;;;;;;;;;;;;;;;;;;;;;;;;;;;;;;;;;;;;;;;;;;;;;;;;;0;De 30:000$000 a 60:000$000;30000;60000;95658612.8;41735869.458988;95.658:612$800;;;;;;;;;;;;;;;;;;;;;;strict_renda_liquida;regional;"renda liquida publicada em faixas compativeis; serie regional/local, nao comparar diretamente com Brasil"
irpf_souza_reis_1930_df_1927_1928_faixas;irpf_souza_reis_1930_df_1927_1928_faixas.csv;bracket_distribution;4;1927;1928;Distrito Federal;souza_reis_1930_distrito_federal_1927_1928;1927;1928;Distrito Federal;F04;4;;;;0;678;;;;;reis;mil-reis;mil-reis;renda global liquida;pessoas publicadas diretamente na tabela;Souza Reis, F. T. de. O imposto de renda em seis annos de adaptacao no Brasil, 1924-1929. Rio de Janeiro, 1930, p. 33, Quadro n. 12.;https://archive.org/details/impostrenda1924souz;local-desktop:/Dados de Imposto de Renda/impostrenda1924souz.pdf;outputs/fontes-pedro-souza-irpf/souza_reis_1930_quadro_12_pdfpage_38.png;38;33;Quadro n. 12;"Serie do Distrito Federal; nao comparar diretamente com Brasil. Exercicio 1928 corresponde ao ano-calendario 1927; exercicio 1929 corresponde ao ano-calendario 1928. A errata do livro corrige o Quadro 12, coluna 3, linha 17, de 8.659:361$000 para 8.659:361$200. Soma das pessoas por faixa fecha com o total publicado (49571). A soma da renda das faixas difere do total publicado em 2:990$900; foram preservados os valores por faixa e o total publicado em campos separados.";;;;;;;;;;;;;;;;;;;;;;;;;;;;;;;;;;;;;;;;;;;;;;;;;;;;;;;;;;;;;;;;;;;;;;;;;;;;;;;;;;;;;;;;;;;;;;;;;;;;;;;;;;;;;;;;;;;;;;;;;;souza_reis_1930_distrito_federal_1927_1928;;;;;;;;;;;;;;;;;;;;;;;;;;;;;;;;;;;;;;;;;;;;;;;;;;;;;;;;;;;;;;;;;;;;;;;;;;;;;;;;;;;;;;;;;;;;;;;;;;;;;;;;;;;https://archive.org/download/impostrenda1924souz/impostrenda1924souz.pdf;;;;;;;;;;;;;;;;;;;;;;;;;;;;;;;;;;;;;;;;;;;;;;;;;;;;;;;;;;;;;;;;;;;;;;;;;;;;;;;;;;;;;;;;;;;;;;;;;;;;;;;;0;De 60:000$000 a 90:000$000;60000;90000;49784797.8;73428905.309735;49.784:797$800;;;;;;;;;;;;;;;;;;;;;;strict_renda_liquida;regional;"renda liquida publicada em faixas compativeis; serie regional/local, nao comparar diretamente com Brasil"
irpf_souza_reis_1930_df_1927_1928_faixas;irpf_souza_reis_1930_df_1927_1928_faixas.csv;bracket_distribution;5;1927;1928;Distrito Federal;souza_reis_1930_distrito_federal_1927_1928;1927;1928;Distrito Federal;F05;5;;;;0;337;;;;;reis;mil-reis;mil-reis;renda global liquida;pessoas publicadas diretamente na tabela;Souza Reis, F. T. de. O imposto de renda em seis annos de adaptacao no Brasil, 1924-1929. Rio de Janeiro, 1930, p. 33, Quadro n. 12.;https://archive.org/details/impostrenda1924souz;local-desktop:/Dados de Imposto de Renda/impostrenda1924souz.pdf;outputs/fontes-pedro-souza-irpf/souza_reis_1930_quadro_12_pdfpage_38.png;38;33;Quadro n. 12;"Serie do Distrito Federal; nao comparar diretamente com Brasil. Exercicio 1928 corresponde ao ano-calendario 1927; exercicio 1929 corresponde ao ano-calendario 1928. A errata do livro corrige o Quadro 12, coluna 3, linha 17, de 8.659:361$000 para 8.659:361$200. Soma das pessoas por faixa fecha com o total publicado (49571). A soma da renda das faixas difere do total publicado em 2:990$900; foram preservados os valores por faixa e o total publicado em campos separados.";;;;;;;;;;;;;;;;;;;;;;;;;;;;;;;;;;;;;;;;;;;;;;;;;;;;;;;;;;;;;;;;;;;;;;;;;;;;;;;;;;;;;;;;;;;;;;;;;;;;;;;;;;;;;;;;;;;;;;;;;;souza_reis_1930_distrito_federal_1927_1928;;;;;;;;;;;;;;;;;;;;;;;;;;;;;;;;;;;;;;;;;;;;;;;;;;;;;;;;;;;;;;;;;;;;;;;;;;;;;;;;;;;;;;;;;;;;;;;;;;;;;;;;;;;https://archive.org/download/impostrenda1924souz/impostrenda1924souz.pdf;;;;;;;;;;;;;;;;;;;;;;;;;;;;;;;;;;;;;;;;;;;;;;;;;;;;;;;;;;;;;;;;;;;;;;;;;;;;;;;;;;;;;;;;;;;;;;;;;;;;;;;;0;De 90:000$000 a 120:000$000;90000;120000;35769517.0;106141000.0;35.769:517$000;;;;;;;;;;;;;;;;;;;;;;strict_renda_liquida;regional;"renda liquida publicada em faixas compativeis; serie regional/local, nao comparar diretamente com Brasil"
irpf_souza_reis_1930_df_1927_1928_faixas;irpf_souza_reis_1930_df_1927_1928_faixas.csv;bracket_distribution;6;1927;1928;Distrito Federal;souza_reis_1930_distrito_federal_1927_1928;1927;1928;Distrito Federal;F06;6;;;;0;155;;;;;reis;mil-reis;mil-reis;renda global liquida;pessoas publicadas diretamente na tabela;Souza Reis, F. T. de. O imposto de renda em seis annos de adaptacao no Brasil, 1924-1929. Rio de Janeiro, 1930, p. 33, Quadro n. 12.;https://archive.org/details/impostrenda1924souz;local-desktop:/Dados de Imposto de Renda/impostrenda1924souz.pdf;outputs/fontes-pedro-souza-irpf/souza_reis_1930_quadro_12_pdfpage_38.png;38;33;Quadro n. 12;"Serie do Distrito Federal; nao comparar diretamente com Brasil. Exercicio 1928 corresponde ao ano-calendario 1927; exercicio 1929 corresponde ao ano-calendario 1928. A errata do livro corrige o Quadro 12, coluna 3, linha 17, de 8.659:361$000 para 8.659:361$200. Soma das pessoas por faixa fecha com o total publicado (49571). A soma da renda das faixas difere do total publicado em 2:990$900; foram preservados os valores por faixa e o total publicado em campos separados.";;;;;;;;;;;;;;;;;;;;;;;;;;;;;;;;;;;;;;;;;;;;;;;;;;;;;;;;;;;;;;;;;;;;;;;;;;;;;;;;;;;;;;;;;;;;;;;;;;;;;;;;;;;;;;;;;;;;;;;;;;souza_reis_1930_distrito_federal_1927_1928;;;;;;;;;;;;;;;;;;;;;;;;;;;;;;;;;;;;;;;;;;;;;;;;;;;;;;;;;;;;;;;;;;;;;;;;;;;;;;;;;;;;;;;;;;;;;;;;;;;;;;;;;;;https://archive.org/download/impostrenda1924souz/impostrenda1924souz.pdf;;;;;;;;;;;;;;;;;;;;;;;;;;;;;;;;;;;;;;;;;;;;;;;;;;;;;;;;;;;;;;;;;;;;;;;;;;;;;;;;;;;;;;;;;;;;;;;;;;;;;;;;0;De 120:000$000 a 150:000$000;120000;150000;20487525.0;132177580.645161;20.487:525$000;;;;;;;;;;;;;;;;;;;;;;strict_renda_liquida;regional;"renda liquida publicada em faixas compativeis; serie regional/local, nao comparar diretamente com Brasil"
irpf_souza_reis_1930_df_1927_1928_faixas;irpf_souza_reis_1930_df_1927_1928_faixas.csv;bracket_distribution;7;1927;1928;Distrito Federal;souza_reis_1930_distrito_federal_1927_1928;1927;1928;Distrito Federal;F07;7;;;;0;151;;;;;reis;mil-reis;mil-reis;renda global liquida;pessoas publicadas diretamente na tabela;Souza Reis, F. T. de. O imposto de renda em seis annos de adaptacao no Brasil, 1924-1929. Rio de Janeiro, 1930, p. 33, Quadro n. 12.;https://archive.org/details/impostrenda1924souz;local-desktop:/Dados de Imposto de Renda/impostrenda1924souz.pdf;outputs/fontes-pedro-souza-irpf/souza_reis_1930_quadro_12_pdfpage_38.png;38;33;Quadro n. 12;"Serie do Distrito Federal; nao comparar diretamente com Brasil. Exercicio 1928 corresponde ao ano-calendario 1927; exercicio 1929 corresponde ao ano-calendario 1928. A errata do livro corrige o Quadro 12, coluna 3, linha 17, de 8.659:361$000 para 8.659:361$200. Soma das pessoas por faixa fecha com o total publicado (49571). A soma da renda das faixas difere do total publicado em 2:990$900; foram preservados os valores por faixa e o total publicado em campos separados.";;;;;;;;;;;;;;;;;;;;;;;;;;;;;;;;;;;;;;;;;;;;;;;;;;;;;;;;;;;;;;;;;;;;;;;;;;;;;;;;;;;;;;;;;;;;;;;;;;;;;;;;;;;;;;;;;;;;;;;;;;souza_reis_1930_distrito_federal_1927_1928;;;;;;;;;;;;;;;;;;;;;;;;;;;;;;;;;;;;;;;;;;;;;;;;;;;;;;;;;;;;;;;;;;;;;;;;;;;;;;;;;;;;;;;;;;;;;;;;;;;;;;;;;;;https://archive.org/download/impostrenda1924souz/impostrenda1924souz.pdf;;;;;;;;;;;;;;;;;;;;;;;;;;;;;;;;;;;;;;;;;;;;;;;;;;;;;;;;;;;;;;;;;;;;;;;;;;;;;;;;;;;;;;;;;;;;;;;;;;;;;;;;0;De 150:000$000 a 200:000$000;150000;200000;26234329.6;173737282.119205;26.234:329$600;;;;;;;;;;;;;;;;;;;;;;strict_renda_liquida;regional;"renda liquida publicada em faixas compativeis; serie regional/local, nao comparar diretamente com Brasil"
irpf_souza_reis_1930_df_1927_1928_faixas;irpf_souza_reis_1930_df_1927_1928_faixas.csv;bracket_distribution;8;1927;1928;Distrito Federal;souza_reis_1930_distrito_federal_1927_1928;1927;1928;Distrito Federal;F08;8;;;;0;73;;;;;reis;mil-reis;mil-reis;renda global liquida;pessoas publicadas diretamente na tabela;Souza Reis, F. T. de. O imposto de renda em seis annos de adaptacao no Brasil, 1924-1929. Rio de Janeiro, 1930, p. 33, Quadro n. 12.;https://archive.org/details/impostrenda1924souz;local-desktop:/Dados de Imposto de Renda/impostrenda1924souz.pdf;outputs/fontes-pedro-souza-irpf/souza_reis_1930_quadro_12_pdfpage_38.png;38;33;Quadro n. 12;"Serie do Distrito Federal; nao comparar diretamente com Brasil. Exercicio 1928 corresponde ao ano-calendario 1927; exercicio 1929 corresponde ao ano-calendario 1928. A errata do livro corrige o Quadro 12, coluna 3, linha 17, de 8.659:361$000 para 8.659:361$200. Soma das pessoas por faixa fecha com o total publicado (49571). A soma da renda das faixas difere do total publicado em 2:990$900; foram preservados os valores por faixa e o total publicado em campos separados.";;;;;;;;;;;;;;;;;;;;;;;;;;;;;;;;;;;;;;;;;;;;;;;;;;;;;;;;;;;;;;;;;;;;;;;;;;;;;;;;;;;;;;;;;;;;;;;;;;;;;;;;;;;;;;;;;;;;;;;;;;souza_reis_1930_distrito_federal_1927_1928;;;;;;;;;;;;;;;;;;;;;;;;;;;;;;;;;;;;;;;;;;;;;;;;;;;;;;;;;;;;;;;;;;;;;;;;;;;;;;;;;;;;;;;;;;;;;;;;;;;;;;;;;;;https://archive.org/download/impostrenda1924souz/impostrenda1924souz.pdf;;;;;;;;;;;;;;;;;;;;;;;;;;;;;;;;;;;;;;;;;;;;;;;;;;;;;;;;;;;;;;;;;;;;;;;;;;;;;;;;;;;;;;;;;;;;;;;;;;;;;;;;0;De 200:000$000 a 250:000$000;200000;250000;16317768.2;223531071.232877;16.317:768$200;;;;;;;;;;;;;;;;;;;;;;strict_renda_liquida;regional;"renda liquida publicada em faixas compativeis; serie regional/local, nao comparar diretamente com Brasil"
irpf_souza_reis_1930_df_1927_1928_faixas;irpf_souza_reis_1930_df_1927_1928_faixas.csv;bracket_distribution;9;1927;1928;Distrito Federal;souza_reis_1930_distrito_federal_1927_1928;1927;1928;Distrito Federal;F09;9;;;;0;44;;;;;reis;mil-reis;mil-reis;renda global liquida;pessoas publicadas diretamente na tabela;Souza Reis, F. T. de. O imposto de renda em seis annos de adaptacao no Brasil, 1924-1929. Rio de Janeiro, 1930, p. 33, Quadro n. 12.;https://archive.org/details/impostrenda1924souz;local-desktop:/Dados de Imposto de Renda/impostrenda1924souz.pdf;outputs/fontes-pedro-souza-irpf/souza_reis_1930_quadro_12_pdfpage_38.png;38;33;Quadro n. 12;"Serie do Distrito Federal; nao comparar diretamente com Brasil. Exercicio 1928 corresponde ao ano-calendario 1927; exercicio 1929 corresponde ao ano-calendario 1928. A errata do livro corrige o Quadro 12, coluna 3, linha 17, de 8.659:361$000 para 8.659:361$200. Soma das pessoas por faixa fecha com o total publicado (49571). A soma da renda das faixas difere do total publicado em 2:990$900; foram preservados os valores por faixa e o total publicado em campos separados.";;;;;;;;;;;;;;;;;;;;;;;;;;;;;;;;;;;;;;;;;;;;;;;;;;;;;;;;;;;;;;;;;;;;;;;;;;;;;;;;;;;;;;;;;;;;;;;;;;;;;;;;;;;;;;;;;;;;;;;;;;souza_reis_1930_distrito_federal_1927_1928;;;;;;;;;;;;;;;;;;;;;;;;;;;;;;;;;;;;;;;;;;;;;;;;;;;;;;;;;;;;;;;;;;;;;;;;;;;;;;;;;;;;;;;;;;;;;;;;;;;;;;;;;;;https://archive.org/download/impostrenda1924souz/impostrenda1924souz.pdf;;;;;;;;;;;;;;;;;;;;;;;;;;;;;;;;;;;;;;;;;;;;;;;;;;;;;;;;;;;;;;;;;;;;;;;;;;;;;;;;;;;;;;;;;;;;;;;;;;;;;;;;0;De 250:000$000 a 300:000$000;250000;300000;12758951.1;289976161.363636;12.758:951$100;;;;;;;;;;;;;;;;;;;;;;strict_renda_liquida;regional;"renda liquida publicada em faixas compativeis; serie regional/local, nao comparar diretamente com Brasil"
irpf_souza_reis_1930_df_1927_1928_faixas;irpf_souza_reis_1930_df_1927_1928_faixas.csv;bracket_distribution;21;1928;1929;Distrito Federal;souza_reis_1930_distrito_federal_1927_1928;1928;1929;Distrito Federal;F01;1;;;;0;13797;;;;;reis;mil-reis;mil-reis;renda global liquida;pessoas publicadas diretamente na tabela;Souza Reis, F. T. de. O imposto de renda em seis annos de adaptacao no Brasil, 1924-1929. Rio de Janeiro, 1930, p. 33, Quadro n. 12.;https://archive.org/details/impostrenda1924souz;local-desktop:/Dados de Imposto de Renda/impostrenda1924souz.pdf;outputs/fontes-pedro-souza-irpf/souza_reis_1930_quadro_12_pdfpage_38.png;38;33;Quadro n. 12;"Serie do Distrito Federal; nao comparar diretamente com Brasil. Exercicio 1928 corresponde ao ano-calendario 1927; exercicio 1929 corresponde ao ano-calendario 1928. A errata do livro corrige o Quadro 12, coluna 3, linha 17, de 8.659:361$000 para 8.659:361$200. A propria fonte observa que a estatistica de 1929 cobre apenas a renda de 1928 lancada/tributada ate 31 de dezembro; tratar como serie parcial ou preliminar. Soma das pessoas por faixa fecha com o total publicado (26099). A soma da renda das faixas difere do total publicado em 0:556$000; foram preservados os valores por faixa e o total publicado em campos separados.";;;;;;;;;;;;;;;;;;;;;;;;;;;;;;;;;;;;;;;;;;;;;;;;;;;;;;;;;;;;;;;;;;;;;;;;;;;;;;;;;;;;;;;;;;;;;;;;;;;;;;;;;;;;;;;;;;;;;;;;;;souza_reis_1930_distrito_federal_1927_1928;;;;;;;;;;;;;;;;;;;;;;;;;;;;;;;;;;;;;;;;;;;;;;;;;;;;;;;;;;;;;;;;;;;;;;;;;;;;;;;;;;;;;;;;;;;;;;;;;;;;;;;;;;;https://archive.org/download/impostrenda1924souz/impostrenda1924souz.pdf;;;;;;;;;;;;;;;;;;;;;;;;;;;;;;;;;;;;;;;;;;;;;;;;;;;;;;;;;;;;;;;;;;;;;;;;;;;;;;;;;;;;;;;;;;;;;;;;;;;;;;;;0;Ate 6:000$000;0;6000;22314400.8;1617337.160252;22.314:400$800;;;;;;;;;;;;;;;;;;;;;;strict_renda_liquida;regional;"renda liquida publicada em faixas compativeis; serie regional/local, nao comparar diretamente com Brasil"
irpf_souza_reis_1930_df_1927_1928_faixas;irpf_souza_reis_1930_df_1927_1928_faixas.csv;bracket_distribution;22;1928;1929;Distrito Federal;souza_reis_1930_distrito_federal_1927_1928;1928;1929;Distrito Federal;F02;2;;;;0;9543;;;;;reis;mil-reis;mil-reis;renda global liquida;pessoas publicadas diretamente na tabela;Souza Reis, F. T. de. O imposto de renda em seis annos de adaptacao no Brasil, 1924-1929. Rio de Janeiro, 1930, p. 33, Quadro n. 12.;https://archive.org/details/impostrenda1924souz;local-desktop:/Dados de Imposto de Renda/impostrenda1924souz.pdf;outputs/fontes-pedro-souza-irpf/souza_reis_1930_quadro_12_pdfpage_38.png;38;33;Quadro n. 12;"Serie do Distrito Federal; nao comparar diretamente com Brasil. Exercicio 1928 corresponde ao ano-calendario 1927; exercicio 1929 corresponde ao ano-calendario 1928. A errata do livro corrige o Quadro 12, coluna 3, linha 17, de 8.659:361$000 para 8.659:361$200. A propria fonte observa que a estatistica de 1929 cobre apenas a renda de 1928 lancada/tributada ate 31 de dezembro; tratar como serie parcial ou preliminar. Soma das pessoas por faixa fecha com o total publicado (26099). A soma da renda das faixas difere do total publicado em 0:556$000; foram preservados os valores por faixa e o total publicado em campos separados.";;;;;;;;;;;;;;;;;;;;;;;;;;;;;;;;;;;;;;;;;;;;;;;;;;;;;;;;;;;;;;;;;;;;;;;;;;;;;;;;;;;;;;;;;;;;;;;;;;;;;;;;;;;;;;;;;;;;;;;;;;souza_reis_1930_distrito_federal_1927_1928;;;;;;;;;;;;;;;;;;;;;;;;;;;;;;;;;;;;;;;;;;;;;;;;;;;;;;;;;;;;;;;;;;;;;;;;;;;;;;;;;;;;;;;;;;;;;;;;;;;;;;;;;;;https://archive.org/download/impostrenda1924souz/impostrenda1924souz.pdf;;;;;;;;;;;;;;;;;;;;;;;;;;;;;;;;;;;;;;;;;;;;;;;;;;;;;;;;;;;;;;;;;;;;;;;;;;;;;;;;;;;;;;;;;;;;;;;;;;;;;;;;0;De 6:000$000 a 30:000$000;6000;30000;125716953.0;13173734.988997;125.716:953$000;;;;;;;;;;;;;;;;;;;;;;strict_renda_liquida;regional;"renda liquida publicada em faixas compativeis; serie regional/local, nao comparar diretamente com Brasil"
irpf_souza_reis_1930_df_1927_1928_faixas;irpf_souza_reis_1930_df_1927_1928_faixas.csv;bracket_distribution;23;1928;1929;Distrito Federal;souza_reis_1930_distrito_federal_1927_1928;1928;1929;Distrito Federal;F03;3;;;;0;1594;;;;;reis;mil-reis;mil-reis;renda global liquida;pessoas publicadas diretamente na tabela;Souza Reis, F. T. de. O imposto de renda em seis annos de adaptacao no Brasil, 1924-1929. Rio de Janeiro, 1930, p. 33, Quadro n. 12.;https://archive.org/details/impostrenda1924souz;local-desktop:/Dados de Imposto de Renda/impostrenda1924souz.pdf;outputs/fontes-pedro-souza-irpf/souza_reis_1930_quadro_12_pdfpage_38.png;38;33;Quadro n. 12;"Serie do Distrito Federal; nao comparar diretamente com Brasil. Exercicio 1928 corresponde ao ano-calendario 1927; exercicio 1929 corresponde ao ano-calendario 1928. A errata do livro corrige o Quadro 12, coluna 3, linha 17, de 8.659:361$000 para 8.659:361$200. A propria fonte observa que a estatistica de 1929 cobre apenas a renda de 1928 lancada/tributada ate 31 de dezembro; tratar como serie parcial ou preliminar. Soma das pessoas por faixa fecha com o total publicado (26099). A soma da renda das faixas difere do total publicado em 0:556$000; foram preservados os valores por faixa e o total publicado em campos separados.";;;;;;;;;;;;;;;;;;;;;;;;;;;;;;;;;;;;;;;;;;;;;;;;;;;;;;;;;;;;;;;;;;;;;;;;;;;;;;;;;;;;;;;;;;;;;;;;;;;;;;;;;;;;;;;;;;;;;;;;;;souza_reis_1930_distrito_federal_1927_1928;;;;;;;;;;;;;;;;;;;;;;;;;;;;;;;;;;;;;;;;;;;;;;;;;;;;;;;;;;;;;;;;;;;;;;;;;;;;;;;;;;;;;;;;;;;;;;;;;;;;;;;;;;;https://archive.org/download/impostrenda1924souz/impostrenda1924souz.pdf;;;;;;;;;;;;;;;;;;;;;;;;;;;;;;;;;;;;;;;;;;;;;;;;;;;;;;;;;;;;;;;;;;;;;;;;;;;;;;;;;;;;;;;;;;;;;;;;;;;;;;;;0;De 30:000$000 a 60:000$000;30000;60000;65901161.0;41343262.860728;65.901:161$000;;;;;;;;;;;;;;;;;;;;;;strict_renda_liquida;regional;"renda liquida publicada em faixas compativeis; serie regional/local, nao comparar diretamente com Brasil"
irpf_souza_reis_1930_df_1927_1928_faixas;irpf_souza_reis_1930_df_1927_1928_faixas.csv;bracket_distribution;24;1928;1929;Distrito Federal;souza_reis_1930_distrito_federal_1927_1928;1928;1929;Distrito Federal;F04;4;;;;0;492;;;;;reis;mil-reis;mil-reis;renda global liquida;pessoas publicadas diretamente na tabela;Souza Reis, F. T. de. O imposto de renda em seis annos de adaptacao no Brasil, 1924-1929. Rio de Janeiro, 1930, p. 33, Quadro n. 12.;https://archive.org/details/impostrenda1924souz;local-desktop:/Dados de Imposto de Renda/impostrenda1924souz.pdf;outputs/fontes-pedro-souza-irpf/souza_reis_1930_quadro_12_pdfpage_38.png;38;33;Quadro n. 12;"Serie do Distrito Federal; nao comparar diretamente com Brasil. Exercicio 1928 corresponde ao ano-calendario 1927; exercicio 1929 corresponde ao ano-calendario 1928. A errata do livro corrige o Quadro 12, coluna 3, linha 17, de 8.659:361$000 para 8.659:361$200. A propria fonte observa que a estatistica de 1929 cobre apenas a renda de 1928 lancada/tributada ate 31 de dezembro; tratar como serie parcial ou preliminar. Soma das pessoas por faixa fecha com o total publicado (26099). A soma da renda das faixas difere do total publicado em 0:556$000; foram preservados os valores por faixa e o total publicado em campos separados.";;;;;;;;;;;;;;;;;;;;;;;;;;;;;;;;;;;;;;;;;;;;;;;;;;;;;;;;;;;;;;;;;;;;;;;;;;;;;;;;;;;;;;;;;;;;;;;;;;;;;;;;;;;;;;;;;;;;;;;;;;souza_reis_1930_distrito_federal_1927_1928;;;;;;;;;;;;;;;;;;;;;;;;;;;;;;;;;;;;;;;;;;;;;;;;;;;;;;;;;;;;;;;;;;;;;;;;;;;;;;;;;;;;;;;;;;;;;;;;;;;;;;;;;;;https://archive.org/download/impostrenda1924souz/impostrenda1924souz.pdf;;;;;;;;;;;;;;;;;;;;;;;;;;;;;;;;;;;;;;;;;;;;;;;;;;;;;;;;;;;;;;;;;;;;;;;;;;;;;;;;;;;;;;;;;;;;;;;;;;;;;;;;0;De 60:000$000 a 90:000$000;60000;90000;35981197.1;73132514.430894;35.981:197$100;;;;;;;;;;;;;;;;;;;;;;strict_renda_liquida;regional;"renda liquida publicada em faixas compativeis; serie regional/local, nao comparar diretamente com Brasil"
irpf_souza_reis_1930_df_1927_1928_faixas;irpf_souza_reis_1930_df_1927_1928_faixas.csv;bracket_distribution;25;1928;1929;Distrito Federal;souza_reis_1930_distrito_federal_1927_1928;1928;1929;Distrito Federal;F05;5;;;;0;231;;;;;reis;mil-reis;mil-reis;renda global liquida;pessoas publicadas diretamente na tabela;Souza Reis, F. T. de. O imposto de renda em seis annos de adaptacao no Brasil, 1924-1929. Rio de Janeiro, 1930, p. 33, Quadro n. 12.;https://archive.org/details/impostrenda1924souz;local-desktop:/Dados de Imposto de Renda/impostrenda1924souz.pdf;outputs/fontes-pedro-souza-irpf/souza_reis_1930_quadro_12_pdfpage_38.png;38;33;Quadro n. 12;"Serie do Distrito Federal; nao comparar diretamente com Brasil. Exercicio 1928 corresponde ao ano-calendario 1927; exercicio 1929 corresponde ao ano-calendario 1928. A errata do livro corrige o Quadro 12, coluna 3, linha 17, de 8.659:361$000 para 8.659:361$200. A propria fonte observa que a estatistica de 1929 cobre apenas a renda de 1928 lancada/tributada ate 31 de dezembro; tratar como serie parcial ou preliminar. Soma das pessoas por faixa fecha com o total publicado (26099). A soma da renda das faixas difere do total publicado em 0:556$000; foram preservados os valores por faixa e o total publicado em campos separados.";;;;;;;;;;;;;;;;;;;;;;;;;;;;;;;;;;;;;;;;;;;;;;;;;;;;;;;;;;;;;;;;;;;;;;;;;;;;;;;;;;;;;;;;;;;;;;;;;;;;;;;;;;;;;;;;;;;;;;;;;;souza_reis_1930_distrito_federal_1927_1928;;;;;;;;;;;;;;;;;;;;;;;;;;;;;;;;;;;;;;;;;;;;;;;;;;;;;;;;;;;;;;;;;;;;;;;;;;;;;;;;;;;;;;;;;;;;;;;;;;;;;;;;;;;https://archive.org/download/impostrenda1924souz/impostrenda1924souz.pdf;;;;;;;;;;;;;;;;;;;;;;;;;;;;;;;;;;;;;;;;;;;;;;;;;;;;;;;;;;;;;;;;;;;;;;;;;;;;;;;;;;;;;;;;;;;;;;;;;;;;;;;;0;De 90:000$000 a 120:000$000;90000;120000;23935404.1;103616467.965368;23.935:404$100;;;;;;;;;;;;;;;;;;;;;;strict_renda_liquida;regional;"renda liquida publicada em faixas compativeis; serie regional/local, nao comparar diretamente com Brasil"
irpf_souza_reis_1930_df_1927_1928_faixas;irpf_souza_reis_1930_df_1927_1928_faixas.csv;bracket_distribution;26;1928;1929;Distrito Federal;souza_reis_1930_distrito_federal_1927_1928;1928;1929;Distrito Federal;F06;6;;;;0;141;;;;;reis;mil-reis;mil-reis;renda global liquida;pessoas publicadas diretamente na tabela;Souza Reis, F. T. de. O imposto de renda em seis annos de adaptacao no Brasil, 1924-1929. Rio de Janeiro, 1930, p. 33, Quadro n. 12.;https://archive.org/details/impostrenda1924souz;local-desktop:/Dados de Imposto de Renda/impostrenda1924souz.pdf;outputs/fontes-pedro-souza-irpf/souza_reis_1930_quadro_12_pdfpage_38.png;38;33;Quadro n. 12;"Serie do Distrito Federal; nao comparar diretamente com Brasil. Exercicio 1928 corresponde ao ano-calendario 1927; exercicio 1929 corresponde ao ano-calendario 1928. A errata do livro corrige o Quadro 12, coluna 3, linha 17, de 8.659:361$000 para 8.659:361$200. A propria fonte observa que a estatistica de 1929 cobre apenas a renda de 1928 lancada/tributada ate 31 de dezembro; tratar como serie parcial ou preliminar. Soma das pessoas por faixa fecha com o total publicado (26099). A soma da renda das faixas difere do total publicado em 0:556$000; foram preservados os valores por faixa e o total publicado em campos separados.";;;;;;;;;;;;;;;;;;;;;;;;;;;;;;;;;;;;;;;;;;;;;;;;;;;;;;;;;;;;;;;;;;;;;;;;;;;;;;;;;;;;;;;;;;;;;;;;;;;;;;;;;;;;;;;;;;;;;;;;;;souza_reis_1930_distrito_federal_1927_1928;;;;;;;;;;;;;;;;;;;;;;;;;;;;;;;;;;;;;;;;;;;;;;;;;;;;;;;;;;;;;;;;;;;;;;;;;;;;;;;;;;;;;;;;;;;;;;;;;;;;;;;;;;;https://archive.org/download/impostrenda1924souz/impostrenda1924souz.pdf;;;;;;;;;;;;;;;;;;;;;;;;;;;;;;;;;;;;;;;;;;;;;;;;;;;;;;;;;;;;;;;;;;;;;;;;;;;;;;;;;;;;;;;;;;;;;;;;;;;;;;;;0;De 120:000$000 a 150:000$000;120000;150000;18784361.0;133222418.439716;18.784:361$000;;;;;;;;;;;;;;;;;;;;;;strict_renda_liquida;regional;"renda liquida publicada em faixas compativeis; serie regional/local, nao comparar diretamente com Brasil"
irpf_souza_reis_1930_df_1927_1928_faixas;irpf_souza_reis_1930_df_1927_1928_faixas.csv;bracket_distribution;27;1928;1929;Distrito Federal;souza_reis_1930_distrito_federal_1927_1928;1928;1929;Distrito Federal;F07;7;;;;0;111;;;;;reis;mil-reis;mil-reis;renda global liquida;pessoas publicadas diretamente na tabela;Souza Reis, F. T. de. O imposto de renda em seis annos de adaptacao no Brasil, 1924-1929. Rio de Janeiro, 1930, p. 33, Quadro n. 12.;https://archive.org/details/impostrenda1924souz;local-desktop:/Dados de Imposto de Renda/impostrenda1924souz.pdf;outputs/fontes-pedro-souza-irpf/souza_reis_1930_quadro_12_pdfpage_38.png;38;33;Quadro n. 12;"Serie do Distrito Federal; nao comparar diretamente com Brasil. Exercicio 1928 corresponde ao ano-calendario 1927; exercicio 1929 corresponde ao ano-calendario 1928. A errata do livro corrige o Quadro 12, coluna 3, linha 17, de 8.659:361$000 para 8.659:361$200. A propria fonte observa que a estatistica de 1929 cobre apenas a renda de 1928 lancada/tributada ate 31 de dezembro; tratar como serie parcial ou preliminar. Soma das pessoas por faixa fecha com o total publicado (26099). A soma da renda das faixas difere do total publicado em 0:556$000; foram preservados os valores por faixa e o total publicado em campos separados.";;;;;;;;;;;;;;;;;;;;;;;;;;;;;;;;;;;;;;;;;;;;;;;;;;;;;;;;;;;;;;;;;;;;;;;;;;;;;;;;;;;;;;;;;;;;;;;;;;;;;;;;;;;;;;;;;;;;;;;;;;souza_reis_1930_distrito_federal_1927_1928;;;;;;;;;;;;;;;;;;;;;;;;;;;;;;;;;;;;;;;;;;;;;;;;;;;;;;;;;;;;;;;;;;;;;;;;;;;;;;;;;;;;;;;;;;;;;;;;;;;;;;;;;;;https://archive.org/download/impostrenda1924souz/impostrenda1924souz.pdf;;;;;;;;;;;;;;;;;;;;;;;;;;;;;;;;;;;;;;;;;;;;;;;;;;;;;;;;;;;;;;;;;;;;;;;;;;;;;;;;;;;;;;;;;;;;;;;;;;;;;;;;0;De 150:000$000 a 200:000$000;150000;200000;19149402.8;172517142.342342;19.149:402$800;;;;;;;;;;;;;;;;;;;;;;strict_renda_liquida;regional;"renda liquida publicada em faixas compativeis; serie regional/local, nao comparar diretamente com Brasil"
irpf_souza_reis_1930_df_1927_1928_faixas;irpf_souza_reis_1930_df_1927_1928_faixas.csv;bracket_distribution;28;1928;1929;Distrito Federal;souza_reis_1930_distrito_federal_1927_1928;1928;1929;Distrito Federal;F08;8;;;;0;54;;;;;reis;mil-reis;mil-reis;renda global liquida;pessoas publicadas diretamente na tabela;Souza Reis, F. T. de. O imposto de renda em seis annos de adaptacao no Brasil, 1924-1929. Rio de Janeiro, 1930, p. 33, Quadro n. 12.;https://archive.org/details/impostrenda1924souz;local-desktop:/Dados de Imposto de Renda/impostrenda1924souz.pdf;outputs/fontes-pedro-souza-irpf/souza_reis_1930_quadro_12_pdfpage_38.png;38;33;Quadro n. 12;"Serie do Distrito Federal; nao comparar diretamente com Brasil. Exercicio 1928 corresponde ao ano-calendario 1927; exercicio 1929 corresponde ao ano-calendario 1928. A errata do livro corrige o Quadro 12, coluna 3, linha 17, de 8.659:361$000 para 8.659:361$200. A propria fonte observa que a estatistica de 1929 cobre apenas a renda de 1928 lancada/tributada ate 31 de dezembro; tratar como serie parcial ou preliminar. Soma das pessoas por faixa fecha com o total publicado (26099). A soma da renda das faixas difere do total publicado em 0:556$000; foram preservados os valores por faixa e o total publicado em campos separados.";;;;;;;;;;;;;;;;;;;;;;;;;;;;;;;;;;;;;;;;;;;;;;;;;;;;;;;;;;;;;;;;;;;;;;;;;;;;;;;;;;;;;;;;;;;;;;;;;;;;;;;;;;;;;;;;;;;;;;;;;;souza_reis_1930_distrito_federal_1927_1928;;;;;;;;;;;;;;;;;;;;;;;;;;;;;;;;;;;;;;;;;;;;;;;;;;;;;;;;;;;;;;;;;;;;;;;;;;;;;;;;;;;;;;;;;;;;;;;;;;;;;;;;;;;https://archive.org/download/impostrenda1924souz/impostrenda1924souz.pdf;;;;;;;;;;;;;;;;;;;;;;;;;;;;;;;;;;;;;;;;;;;;;;;;;;;;;;;;;;;;;;;;;;;;;;;;;;;;;;;;;;;;;;;;;;;;;;;;;;;;;;;;0;De 200:000$000 a 250:000$000;200000;250000;11943751.1;221180575.925926;11.943:751$100;;;;;;;;;;;;;;;;;;;;;;strict_renda_liquida;regional;"renda liquida publicada em faixas compativeis; serie regional/local, nao comparar diretamente com Brasil"
irpf_souza_reis_1930_df_1927_1928_faixas;irpf_souza_reis_1930_df_1927_1928_faixas.csv;bracket_distribution;29;1928;1929;Distrito Federal;souza_reis_1930_distrito_federal_1927_1928;1928;1929;Distrito Federal;F09;9;;;;0;41;;;;;reis;mil-reis;mil-reis;renda global liquida;pessoas publicadas diretamente na tabela;Souza Reis, F. T. de. O imposto de renda em seis annos de adaptacao no Brasil, 1924-1929. Rio de Janeiro, 1930, p. 33, Quadro n. 12.;https://archive.org/details/impostrenda1924souz;local-desktop:/Dados de Imposto de Renda/impostrenda1924souz.pdf;outputs/fontes-pedro-souza-irpf/souza_reis_1930_quadro_12_pdfpage_38.png;38;33;Quadro n. 12;"Serie do Distrito Federal; nao comparar diretamente com Brasil. Exercicio 1928 corresponde ao ano-calendario 1927; exercicio 1929 corresponde ao ano-calendario 1928. A errata do livro corrige o Quadro 12, coluna 3, linha 17, de 8.659:361$000 para 8.659:361$200. A propria fonte observa que a estatistica de 1929 cobre apenas a renda de 1928 lancada/tributada ate 31 de dezembro; tratar como serie parcial ou preliminar. Soma das pessoas por faixa fecha com o total publicado (26099). A soma da renda das faixas difere do total publicado em 0:556$000; foram preservados os valores por faixa e o total publicado em campos separados.";;;;;;;;;;;;;;;;;;;;;;;;;;;;;;;;;;;;;;;;;;;;;;;;;;;;;;;;;;;;;;;;;;;;;;;;;;;;;;;;;;;;;;;;;;;;;;;;;;;;;;;;;;;;;;;;;;;;;;;;;;souza_reis_1930_distrito_federal_1927_1928;;;;;;;;;;;;;;;;;;;;;;;;;;;;;;;;;;;;;;;;;;;;;;;;;;;;;;;;;;;;;;;;;;;;;;;;;;;;;;;;;;;;;;;;;;;;;;;;;;;;;;;;;;;https://archive.org/download/impostrenda1924souz/impostrenda1924souz.pdf;;;;;;;;;;;;;;;;;;;;;;;;;;;;;;;;;;;;;;;;;;;;;;;;;;;;;;;;;;;;;;;;;;;;;;;;;;;;;;;;;;;;;;;;;;;;;;;;;;;;;;;;0;De 250:000$000 a 300:000$000;250000;300000;11264748.6;274749965.853659;11.264:748$600;;;;;;;;;;;;;;;;;;;;;;strict_renda_liquida;regional;"renda liquida publicada em faixas compativeis; serie regional/local, nao comparar diretamente com Brasil"
irpf_souza_reis_1930_df_1927_1928_faixas;irpf_souza_reis_1930_df_1927_1928_faixas.csv;bracket_distribution;30;1928;1929;Distrito Federal;souza_reis_1930_distrito_federal_1927_1928;1928;1929;Distrito Federal;F10;10;;;;0;34;;;;;reis;mil-reis;mil-reis;renda global liquida;pessoas publicadas diretamente na tabela;Souza Reis, F. T. de. O imposto de renda em seis annos de adaptacao no Brasil, 1924-1929. Rio de Janeiro, 1930, p. 33, Quadro n. 12.;https://archive.org/details/impostrenda1924souz;local-desktop:/Dados de Imposto de Renda/impostrenda1924souz.pdf;outputs/fontes-pedro-souza-irpf/souza_reis_1930_quadro_12_pdfpage_38.png;38;33;Quadro n. 12;"Serie do Distrito Federal; nao comparar diretamente com Brasil. Exercicio 1928 corresponde ao ano-calendario 1927; exercicio 1929 corresponde ao ano-calendario 1928. A errata do livro corrige o Quadro 12, coluna 3, linha 17, de 8.659:361$000 para 8.659:361$200. A propria fonte observa que a estatistica de 1929 cobre apenas a renda de 1928 lancada/tributada ate 31 de dezembro; tratar como serie parcial ou preliminar. Soma das pessoas por faixa fecha com o total publicado (26099). A soma da renda das faixas difere do total publicado em 0:556$000; foram preservados os valores por faixa e o total publicado em campos separados.";;;;;;;;;;;;;;;;;;;;;;;;;;;;;;;;;;;;;;;;;;;;;;;;;;;;;;;;;;;;;;;;;;;;;;;;;;;;;;;;;;;;;;;;;;;;;;;;;;;;;;;;;;;;;;;;;;;;;;;;;;souza_reis_1930_distrito_federal_1927_1928;;;;;;;;;;;;;;;;;;;;;;;;;;;;;;;;;;;;;;;;;;;;;;;;;;;;;;;;;;;;;;;;;;;;;;;;;;;;;;;;;;;;;;;;;;;;;;;;;;;;;;;;;;;https://archive.org/download/impostrenda1924souz/impostrenda1924souz.pdf;;;;;;;;;;;;;;;;;;;;;;;;;;;;;;;;;;;;;;;;;;;;;;;;;;;;;;;;;;;;;;;;;;;;;;;;;;;;;;;;;;;;;;;;;;;;;;;;;;;;;;;;0;De 300:000$000 a 400:000$000;300000;400000;11437043.6;336383635.294118;11.437:043$600;;;;;;;;;;;;;;;;;;;;;;strict_renda_liquida;regional;"renda liquida publicada em faixas compativeis; serie regional/local, nao comparar diretamente com Brasil"
irpf_souza_reis_1930_df_1927_1928_faixas;irpf_souza_reis_1930_df_1927_1928_faixas.csv;bracket_distribution;31;1928;1929;Distrito Federal;souza_reis_1930_distrito_federal_1927_1928;1928;1929;Distrito Federal;F11;11;;;;0;23;;;;;reis;mil-reis;mil-reis;renda global liquida;pessoas publicadas diretamente na tabela;Souza Reis, F. T. de. O imposto de renda em seis annos de adaptacao no Brasil, 1924-1929. Rio de Janeiro, 1930, p. 33, Quadro n. 12.;https://archive.org/details/impostrenda1924souz;local-desktop:/Dados de Imposto de Renda/impostrenda1924souz.pdf;outputs/fontes-pedro-souza-irpf/souza_reis_1930_quadro_12_pdfpage_38.png;38;33;Quadro n. 12;"Serie do Distrito Federal; nao comparar diretamente com Brasil. Exercicio 1928 corresponde ao ano-calendario 1927; exercicio 1929 corresponde ao ano-calendario 1928. A errata do livro corrige o Quadro 12, coluna 3, linha 17, de 8.659:361$000 para 8.659:361$200. A propria fonte observa que a estatistica de 1929 cobre apenas a renda de 1928 lancada/tributada ate 31 de dezembro; tratar como serie parcial ou preliminar. Soma das pessoas por faixa fecha com o total publicado (26099). A soma da renda das faixas difere do total publicado em 0:556$000; foram preservados os valores por faixa e o total publicado em campos separados.";;;;;;;;;;;;;;;;;;;;;;;;;;;;;;;;;;;;;;;;;;;;;;;;;;;;;;;;;;;;;;;;;;;;;;;;;;;;;;;;;;;;;;;;;;;;;;;;;;;;;;;;;;;;;;;;;;;;;;;;;;souza_reis_1930_distrito_federal_1927_1928;;;;;;;;;;;;;;;;;;;;;;;;;;;;;;;;;;;;;;;;;;;;;;;;;;;;;;;;;;;;;;;;;;;;;;;;;;;;;;;;;;;;;;;;;;;;;;;;;;;;;;;;;;;https://archive.org/download/impostrenda1924souz/impostrenda1924souz.pdf;;;;;;;;;;;;;;;;;;;;;;;;;;;;;;;;;;;;;;;;;;;;;;;;;;;;;;;;;;;;;;;;;;;;;;;;;;;;;;;;;;;;;;;;;;;;;;;;;;;;;;;;0;De 400:000$000 a 500:000$000;400000;500000;9969458.6;433454721.73913;9.969:458$600;;;;;;;;;;;;;;;;;;;;;;strict_renda_liquida;regional;"renda liquida publicada em faixas compativeis; serie regional/local, nao comparar diretamente com Brasil"
irpf_souza_reis_1930_df_1927_1928_faixas;irpf_souza_reis_1930_df_1927_1928_faixas.csv;bracket_distribution;32;1928;1929;Distrito Federal;souza_reis_1930_distrito_federal_1927_1928;1928;1929;Distrito Federal;F12;12;;;;0;11;;;;;reis;mil-reis;mil-reis;renda global liquida;pessoas publicadas diretamente na tabela;Souza Reis, F. T. de. O imposto de renda em seis annos de adaptacao no Brasil, 1924-1929. Rio de Janeiro, 1930, p. 33, Quadro n. 12.;https://archive.org/details/impostrenda1924souz;local-desktop:/Dados de Imposto de Renda/impostrenda1924souz.pdf;outputs/fontes-pedro-souza-irpf/souza_reis_1930_quadro_12_pdfpage_38.png;38;33;Quadro n. 12;"Serie do Distrito Federal; nao comparar diretamente com Brasil. Exercicio 1928 corresponde ao ano-calendario 1927; exercicio 1929 corresponde ao ano-calendario 1928. A errata do livro corrige o Quadro 12, coluna 3, linha 17, de 8.659:361$000 para 8.659:361$200. A propria fonte observa que a estatistica de 1929 cobre apenas a renda de 1928 lancada/tributada ate 31 de dezembro; tratar como serie parcial ou preliminar. Soma das pessoas por faixa fecha com o total publicado (26099). A soma da renda das faixas difere do total publicado em 0:556$000; foram preservados os valores por faixa e o total publicado em campos separados.";;;;;;;;;;;;;;;;;;;;;;;;;;;;;;;;;;;;;;;;;;;;;;;;;;;;;;;;;;;;;;;;;;;;;;;;;;;;;;;;;;;;;;;;;;;;;;;;;;;;;;;;;;;;;;;;;;;;;;;;;;souza_reis_1930_distrito_federal_1927_1928;;;;;;;;;;;;;;;;;;;;;;;;;;;;;;;;;;;;;;;;;;;;;;;;;;;;;;;;;;;;;;;;;;;;;;;;;;;;;;;;;;;;;;;;;;;;;;;;;;;;;;;;;;;https://archive.org/download/impostrenda1924souz/impostrenda1924souz.pdf;;;;;;;;;;;;;;;;;;;;;;;;;;;;;;;;;;;;;;;;;;;;;;;;;;;;;;;;;;;;;;;;;;;;;;;;;;;;;;;;;;;;;;;;;;;;;;;;;;;;;;;;0;De 500:000$000 a 600:000$000;500000;600000;5865715.0;533246818.181818;5.865:715$000;;;;;;;;;;;;;;;;;;;;;;strict_renda_liquida;regional;"renda liquida publicada em faixas compativeis; serie regional/local, nao comparar diretamente com Brasil"
irpf_souza_reis_1930_df_1927_1928_faixas;irpf_souza_reis_1930_df_1927_1928_faixas.csv;bracket_distribution;33;1928;1929;Distrito Federal;souza_reis_1930_distrito_federal_1927_1928;1928;1929;Distrito Federal;F13;13;;;;0;7;;;;;reis;mil-reis;mil-reis;renda global liquida;pessoas publicadas diretamente na tabela;Souza Reis, F. T. de. O imposto de renda em seis annos de adaptacao no Brasil, 1924-1929. Rio de Janeiro, 1930, p. 33, Quadro n. 12.;https://archive.org/details/impostrenda1924souz;local-desktop:/Dados de Imposto de Renda/impostrenda1924souz.pdf;outputs/fontes-pedro-souza-irpf/souza_reis_1930_quadro_12_pdfpage_38.png;38;33;Quadro n. 12;"Serie do Distrito Federal; nao comparar diretamente com Brasil. Exercicio 1928 corresponde ao ano-calendario 1927; exercicio 1929 corresponde ao ano-calendario 1928. A errata do livro corrige o Quadro 12, coluna 3, linha 17, de 8.659:361$000 para 8.659:361$200. A propria fonte observa que a estatistica de 1929 cobre apenas a renda de 1928 lancada/tributada ate 31 de dezembro; tratar como serie parcial ou preliminar. Soma das pessoas por faixa fecha com o total publicado (26099). A soma da renda das faixas difere do total publicado em 0:556$000; foram preservados os valores por faixa e o total publicado em campos separados.";;;;;;;;;;;;;;;;;;;;;;;;;;;;;;;;;;;;;;;;;;;;;;;;;;;;;;;;;;;;;;;;;;;;;;;;;;;;;;;;;;;;;;;;;;;;;;;;;;;;;;;;;;;;;;;;;;;;;;;;;;souza_reis_1930_distrito_federal_1927_1928;;;;;;;;;;;;;;;;;;;;;;;;;;;;;;;;;;;;;;;;;;;;;;;;;;;;;;;;;;;;;;;;;;;;;;;;;;;;;;;;;;;;;;;;;;;;;;;;;;;;;;;;;;;https://archive.org/download/impostrenda1924souz/impostrenda1924souz.pdf;;;;;;;;;;;;;;;;;;;;;;;;;;;;;;;;;;;;;;;;;;;;;;;;;;;;;;;;;;;;;;;;;;;;;;;;;;;;;;;;;;;;;;;;;;;;;;;;;;;;;;;;0;De 600:000$000 a 700:000$000;600000;700000;4530630.8;647232971.428571;4.530:630$800;;;;;;;;;;;;;;;;;;;;;;strict_renda_liquida;regional;"renda liquida publicada em faixas compativeis; serie regional/local, nao comparar diretamente com Brasil"
irpf_souza_reis_1930_df_1927_1928_faixas;irpf_souza_reis_1930_df_1927_1928_faixas.csv;bracket_distribution;34;1928;1929;Distrito Federal;souza_reis_1930_distrito_federal_1927_1928;1928;1929;Distrito Federal;F14;14;;;;0;1;;;;;reis;mil-reis;mil-reis;renda global liquida;pessoas publicadas diretamente na tabela;Souza Reis, F. T. de. O imposto de renda em seis annos de adaptacao no Brasil, 1924-1929. Rio de Janeiro, 1930, p. 33, Quadro n. 12.;https://archive.org/details/impostrenda1924souz;local-desktop:/Dados de Imposto de Renda/impostrenda1924souz.pdf;outputs/fontes-pedro-souza-irpf/souza_reis_1930_quadro_12_pdfpage_38.png;38;33;Quadro n. 12;"Serie do Distrito Federal; nao comparar diretamente com Brasil. Exercicio 1928 corresponde ao ano-calendario 1927; exercicio 1929 corresponde ao ano-calendario 1928. A errata do livro corrige o Quadro 12, coluna 3, linha 17, de 8.659:361$000 para 8.659:361$200. A propria fonte observa que a estatistica de 1929 cobre apenas a renda de 1928 lancada/tributada ate 31 de dezembro; tratar como serie parcial ou preliminar. Soma das pessoas por faixa fecha com o total publicado (26099). A soma da renda das faixas difere do total publicado em 0:556$000; foram preservados os valores por faixa e o total publicado em campos separados.";;;;;;;;;;;;;;;;;;;;;;;;;;;;;;;;;;;;;;;;;;;;;;;;;;;;;;;;;;;;;;;;;;;;;;;;;;;;;;;;;;;;;;;;;;;;;;;;;;;;;;;;;;;;;;;;;;;;;;;;;;souza_reis_1930_distrito_federal_1927_1928;;;;;;;;;;;;;;;;;;;;;;;;;;;;;;;;;;;;;;;;;;;;;;;;;;;;;;;;;;;;;;;;;;;;;;;;;;;;;;;;;;;;;;;;;;;;;;;;;;;;;;;;;;;https://archive.org/download/impostrenda1924souz/impostrenda1924souz.pdf;;;;;;;;;;;;;;;;;;;;;;;;;;;;;;;;;;;;;;;;;;;;;;;;;;;;;;;;;;;;;;;;;;;;;;;;;;;;;;;;;;;;;;;;;;;;;;;;;;;;;;;;0;De 700:000$000 a 800:000$000;700000;800000;711179.5;711179500.0;711:179$500;;;;;;;;;;;;;;;;;;;;;;strict_renda_liquida;regional;"renda liquida publicada em faixas compativeis; serie regional/local, nao comparar diretamente com Brasil"
irpf_souza_reis_1930_df_1927_1928_faixas;irpf_souza_reis_1930_df_1927_1928_faixas.csv;bracket_distribution;35;1928;1929;Distrito Federal;souza_reis_1930_distrito_federal_1927_1928;1928;1929;Distrito Federal;F15;15;;;;0;3;;;;;reis;mil-reis;mil-reis;renda global liquida;pessoas publicadas diretamente na tabela;Souza Reis, F. T. de. O imposto de renda em seis annos de adaptacao no Brasil, 1924-1929. Rio de Janeiro, 1930, p. 33, Quadro n. 12.;https://archive.org/details/impostrenda1924souz;local-desktop:/Dados de Imposto de Renda/impostrenda1924souz.pdf;outputs/fontes-pedro-souza-irpf/souza_reis_1930_quadro_12_pdfpage_38.png;38;33;Quadro n. 12;"Serie do Distrito Federal; nao comparar diretamente com Brasil. Exercicio 1928 corresponde ao ano-calendario 1927; exercicio 1929 corresponde ao ano-calendario 1928. A errata do livro corrige o Quadro 12, coluna 3, linha 17, de 8.659:361$000 para 8.659:361$200. A propria fonte observa que a estatistica de 1929 cobre apenas a renda de 1928 lancada/tributada ate 31 de dezembro; tratar como serie parcial ou preliminar. Soma das pessoas por faixa fecha com o total publicado (26099). A soma da renda das faixas difere do total publicado em 0:556$000; foram preservados os valores por faixa e o total publicado em campos separados.";;;;;;;;;;;;;;;;;;;;;;;;;;;;;;;;;;;;;;;;;;;;;;;;;;;;;;;;;;;;;;;;;;;;;;;;;;;;;;;;;;;;;;;;;;;;;;;;;;;;;;;;;;;;;;;;;;;;;;;;;;souza_reis_1930_distrito_federal_1927_1928;;;;;;;;;;;;;;;;;;;;;;;;;;;;;;;;;;;;;;;;;;;;;;;;;;;;;;;;;;;;;;;;;;;;;;;;;;;;;;;;;;;;;;;;;;;;;;;;;;;;;;;;;;;https://archive.org/download/impostrenda1924souz/impostrenda1924souz.pdf;;;;;;;;;;;;;;;;;;;;;;;;;;;;;;;;;;;;;;;;;;;;;;;;;;;;;;;;;;;;;;;;;;;;;;;;;;;;;;;;;;;;;;;;;;;;;;;;;;;;;;;;0;De 800:000$000 a 900:000$000;800000;900000;2543056.3;847685433.333333;2.543:056$300;;;;;;;;;;;;;;;;;;;;;;strict_renda_liquida;regional;"renda liquida publicada em faixas compativeis; serie regional/local, nao comparar diretamente com Brasil"
irpf_souza_reis_1930_df_1927_1928_faixas;irpf_souza_reis_1930_df_1927_1928_faixas.csv;bracket_distribution;36;1928;1929;Distrito Federal;souza_reis_1930_distrito_federal_1927_1928;1928;1929;Distrito Federal;F16;16;;;;0;3;;;;;reis;mil-reis;mil-reis;renda global liquida;pessoas publicadas diretamente na tabela;Souza Reis, F. T. de. O imposto de renda em seis annos de adaptacao no Brasil, 1924-1929. Rio de Janeiro, 1930, p. 33, Quadro n. 12.;https://archive.org/details/impostrenda1924souz;local-desktop:/Dados de Imposto de Renda/impostrenda1924souz.pdf;outputs/fontes-pedro-souza-irpf/souza_reis_1930_quadro_12_pdfpage_38.png;38;33;Quadro n. 12;"Serie do Distrito Federal; nao comparar diretamente com Brasil. Exercicio 1928 corresponde ao ano-calendario 1927; exercicio 1929 corresponde ao ano-calendario 1928. A errata do livro corrige o Quadro 12, coluna 3, linha 17, de 8.659:361$000 para 8.659:361$200. A propria fonte observa que a estatistica de 1929 cobre apenas a renda de 1928 lancada/tributada ate 31 de dezembro; tratar como serie parcial ou preliminar. Soma das pessoas por faixa fecha com o total publicado (26099). A soma da renda das faixas difere do total publicado em 0:556$000; foram preservados os valores por faixa e o total publicado em campos separados.";;;;;;;;;;;;;;;;;;;;;;;;;;;;;;;;;;;;;;;;;;;;;;;;;;;;;;;;;;;;;;;;;;;;;;;;;;;;;;;;;;;;;;;;;;;;;;;;;;;;;;;;;;;;;;;;;;;;;;;;;;souza_reis_1930_distrito_federal_1927_1928;;;;;;;;;;;;;;;;;;;;;;;;;;;;;;;;;;;;;;;;;;;;;;;;;;;;;;;;;;;;;;;;;;;;;;;;;;;;;;;;;;;;;;;;;;;;;;;;;;;;;;;;;;;https://archive.org/download/impostrenda1924souz/impostrenda1924souz.pdf;;;;;;;;;;;;;;;;;;;;;;;;;;;;;;;;;;;;;;;;;;;;;;;;;;;;;;;;;;;;;;;;;;;;;;;;;;;;;;;;;;;;;;;;;;;;;;;;;;;;;;;;0;De 900:000$000 a 1.000:000$000;900000;1000000;2853823.6;951274533.333333;2.853:823$600;;;;;;;;;;;;;;;;;;;;;;strict_renda_liquida;regional;"renda liquida publicada em faixas compativeis; serie regional/local, nao comparar diretamente com Brasil"
irpf_souza_reis_1930_df_1927_1928_faixas;irpf_souza_reis_1930_df_1927_1928_faixas.csv;bracket_distribution;37;1928;1929;Distrito Federal;souza_reis_1930_distrito_federal_1927_1928;1928;1929;Distrito Federal;F17;17;;;;0;7;;;;;reis;mil-reis;mil-reis;renda global liquida;pessoas publicadas diretamente na tabela;Souza Reis, F. T. de. O imposto de renda em seis annos de adaptacao no Brasil, 1924-1929. Rio de Janeiro, 1930, p. 33, Quadro n. 12.;https://archive.org/details/impostrenda1924souz;local-desktop:/Dados de Imposto de Renda/impostrenda1924souz.pdf;outputs/fontes-pedro-souza-irpf/souza_reis_1930_quadro_12_pdfpage_38.png;38;33;Quadro n. 12;"Serie do Distrito Federal; nao comparar diretamente com Brasil. Exercicio 1928 corresponde ao ano-calendario 1927; exercicio 1929 corresponde ao ano-calendario 1928. A errata do livro corrige o Quadro 12, coluna 3, linha 17, de 8.659:361$000 para 8.659:361$200. A propria fonte observa que a estatistica de 1929 cobre apenas a renda de 1928 lancada/tributada ate 31 de dezembro; tratar como serie parcial ou preliminar. Soma das pessoas por faixa fecha com o total publicado (26099). A soma da renda das faixas difere do total publicado em 0:556$000; foram preservados os valores por faixa e o total publicado em campos separados.";;;;;;;;;;;;;;;;;;;;;;;;;;;;;;;;;;;;;;;;;;;;;;;;;;;;;;;;;;;;;;;;;;;;;;;;;;;;;;;;;;;;;;;;;;;;;;;;;;;;;;;;;;;;;;;;;;;;;;;;;;souza_reis_1930_distrito_federal_1927_1928;;;;;;;;;;;;;;;;;;;;;;;;;;;;;;;;;;;;;;;;;;;;;;;;;;;;;;;;;;;;;;;;;;;;;;;;;;;;;;;;;;;;;;;;;;;;;;;;;;;;;;;;;;;https://archive.org/download/impostrenda1924souz/impostrenda1924souz.pdf;;;;;;;;;;;;;;;;;;;;;;;;;;;;;;;;;;;;;;;;;;;;;;;;;;;;;;;;;;;;;;;;;;;;;;;;;;;;;;;;;;;;;;;;;;;;;;;;;;;;;;;;0;De 1.000:000$000 a 1.500:000$000;1000000;1500000;8807269.8;1258181400.0;8.807:269$800;;;;;;;;;;;;;;;;;;;;;;strict_renda_liquida;regional;"renda liquida publicada em faixas compativeis; serie regional/local, nao comparar diretamente com Brasil"
irpf_souza_reis_1930_df_1927_1928_faixas;irpf_souza_reis_1930_df_1927_1928_faixas.csv;bracket_distribution;38;1928;1929;Distrito Federal;souza_reis_1930_distrito_federal_1927_1928;1928;1929;Distrito Federal;F18;18;;;;0;2;;;;;reis;mil-reis;mil-reis;renda global liquida;pessoas publicadas diretamente na tabela;Souza Reis, F. T. de. O imposto de renda em seis annos de adaptacao no Brasil, 1924-1929. Rio de Janeiro, 1930, p. 33, Quadro n. 12.;https://archive.org/details/impostrenda1924souz;local-desktop:/Dados de Imposto de Renda/impostrenda1924souz.pdf;outputs/fontes-pedro-souza-irpf/souza_reis_1930_quadro_12_pdfpage_38.png;38;33;Quadro n. 12;"Serie do Distrito Federal; nao comparar diretamente com Brasil. Exercicio 1928 corresponde ao ano-calendario 1927; exercicio 1929 corresponde ao ano-calendario 1928. A errata do livro corrige o Quadro 12, coluna 3, linha 17, de 8.659:361$000 para 8.659:361$200. A propria fonte observa que a estatistica de 1929 cobre apenas a renda de 1928 lancada/tributada ate 31 de dezembro; tratar como serie parcial ou preliminar. Soma das pessoas por faixa fecha com o total publicado (26099). A soma da renda das faixas difere do total publicado em 0:556$000; foram preservados os valores por faixa e o total publicado em campos separados.";;;;;;;;;;;;;;;;;;;;;;;;;;;;;;;;;;;;;;;;;;;;;;;;;;;;;;;;;;;;;;;;;;;;;;;;;;;;;;;;;;;;;;;;;;;;;;;;;;;;;;;;;;;;;;;;;;;;;;;;;;souza_reis_1930_distrito_federal_1927_1928;;;;;;;;;;;;;;;;;;;;;;;;;;;;;;;;;;;;;;;;;;;;;;;;;;;;;;;;;;;;;;;;;;;;;;;;;;;;;;;;;;;;;;;;;;;;;;;;;;;;;;;;;;;https://archive.org/download/impostrenda1924souz/impostrenda1924souz.pdf;;;;;;;;;;;;;;;;;;;;;;;;;;;;;;;;;;;;;;;;;;;;;;;;;;;;;;;;;;;;;;;;;;;;;;;;;;;;;;;;;;;;;;;;;;;;;;;;;;;;;;;;0;De 1.500:000$000 a 2.500:000$000;1500000;2500000;3276809.2;1638404600.0;3.276:809$200;;;;;;;;;;;;;;;;;;;;;;strict_renda_liquida;regional;"renda liquida publicada em faixas compativeis; serie regional/local, nao comparar diretamente com Brasil"
irpf_souza_reis_1930_df_1927_1928_faixas;irpf_souza_reis_1930_df_1927_1928_faixas.csv;bracket_distribution;39;1928;1929;Distrito Federal;souza_reis_1930_distrito_federal_1927_1928;1928;1929;Distrito Federal;F19;19;;;;0;2;;;;;reis;mil-reis;mil-reis;renda global liquida;pessoas publicadas diretamente na tabela;Souza Reis, F. T. de. O imposto de renda em seis annos de adaptacao no Brasil, 1924-1929. Rio de Janeiro, 1930, p. 33, Quadro n. 12.;https://archive.org/details/impostrenda1924souz;local-desktop:/Dados de Imposto de Renda/impostrenda1924souz.pdf;outputs/fontes-pedro-souza-irpf/souza_reis_1930_quadro_12_pdfpage_38.png;38;33;Quadro n. 12;"Serie do Distrito Federal; nao comparar diretamente com Brasil. Exercicio 1928 corresponde ao ano-calendario 1927; exercicio 1929 corresponde ao ano-calendario 1928. A errata do livro corrige o Quadro 12, coluna 3, linha 17, de 8.659:361$000 para 8.659:361$200. A propria fonte observa que a estatistica de 1929 cobre apenas a renda de 1928 lancada/tributada ate 31 de dezembro; tratar como serie parcial ou preliminar. Soma das pessoas por faixa fecha com o total publicado (26099). A soma da renda das faixas difere do total publicado em 0:556$000; foram preservados os valores por faixa e o total publicado em campos separados.";;;;;;;;;;;;;;;;;;;;;;;;;;;;;;;;;;;;;;;;;;;;;;;;;;;;;;;;;;;;;;;;;;;;;;;;;;;;;;;;;;;;;;;;;;;;;;;;;;;;;;;;;;;;;;;;;;;;;;;;;;souza_reis_1930_distrito_federal_1927_1928;;;;;;;;;;;;;;;;;;;;;;;;;;;;;;;;;;;;;;;;;;;;;;;;;;;;;;;;;;;;;;;;;;;;;;;;;;;;;;;;;;;;;;;;;;;;;;;;;;;;;;;;;;;https://archive.org/download/impostrenda1924souz/impostrenda1924souz.pdf;;;;;;;;;;;;;;;;;;;;;;;;;;;;;;;;;;;;;;;;;;;;;;;;;;;;;;;;;;;;;;;;;;;;;;;;;;;;;;;;;;;;;;;;;;;;;;;;;;;;;;;;0;De 2.500:000$000 a 3.000:000$000;2500000;3000000;5460025.0;2730012500.0;5.460:025$000;;;;;;;;;;;;;;;;;;;;;;strict_renda_liquida;regional;"renda liquida publicada em faixas compativeis; serie regional/local, nao comparar diretamente com Brasil"
irpf_souza_reis_1930_df_1927_1928_faixas;irpf_souza_reis_1930_df_1927_1928_faixas.csv;bracket_distribution;40;1928;1929;Distrito Federal;souza_reis_1930_distrito_federal_1927_1928;1928;1929;Distrito Federal;F20;20;;;;1;2;;;;;reis;mil-reis;mil-reis;renda global liquida;pessoas publicadas diretamente na tabela;Souza Reis, F. T. de. O imposto de renda em seis annos de adaptacao no Brasil, 1924-1929. Rio de Janeiro, 1930, p. 33, Quadro n. 12.;https://archive.org/details/impostrenda1924souz;local-desktop:/Dados de Imposto de Renda/impostrenda1924souz.pdf;outputs/fontes-pedro-souza-irpf/souza_reis_1930_quadro_12_pdfpage_38.png;38;33;Quadro n. 12;"Serie do Distrito Federal; nao comparar diretamente com Brasil. Exercicio 1928 corresponde ao ano-calendario 1927; exercicio 1929 corresponde ao ano-calendario 1928. A errata do livro corrige o Quadro 12, coluna 3, linha 17, de 8.659:361$000 para 8.659:361$200. A propria fonte observa que a estatistica de 1929 cobre apenas a renda de 1928 lancada/tributada ate 31 de dezembro; tratar como serie parcial ou preliminar. Soma das pessoas por faixa fecha com o total publicado (26099). A soma da renda das faixas difere do total publicado em 0:556$000; foram preservados os valores por faixa e o total publicado em campos separados.";;;;;;;;;;;;;;;;;;;;;;;;;;;;;;;;;;;;;;;;;;;;;;;;;;;;;;;;;;;;;;;;;;;;;;;;;;;;;;;;;;;;;;;;;;;;;;;;;;;;;;;;;;;;;;;;;;;;;;;;;;souza_reis_1930_distrito_federal_1927_1928;;;;;;;;;;;;;;;;;;;;;;;;;;;;;;;;;;;;;;;;;;;;;;;;;;;;;;;;;;;;;;;;;;;;;;;;;;;;;;;;;;;;;;;;;;;;;;;;;;;;;;;;;;;https://archive.org/download/impostrenda1924souz/impostrenda1924souz.pdf;;;;;;;;;;;;;;;;;;;;;;;;;;;;;;;;;;;;;;;;;;;;;;;;;;;;;;;;;;;;;;;;;;;;;;;;;;;;;;;;;;;;;;;;;;;;;;;;;;;;;;;;0;Acima de 3.000:000$000;3000000;;7970510.5;3985255250.0;7.970:510$500;;;;;;;;;;;;;;;;;;;;;;strict_renda_liquida;regional;"renda liquida publicada em faixas compativeis; serie regional/local, nao comparar diretamente com Brasil"
irpf_aeb1941_1945_df_1933_1943_faixas;irpf_aeb1941_1945_df_1933_1943_faixas.csv;bracket_distribution;1;1933;1934;Distrito Federal;irpf_aeb1941_1945_df_1933_1943_faixas;1933;1934;Distrito Federal;F01;1;De mais de 12 a 20;12;20;0;5634;80307;14254;5633.997474;0.002526;Cr$;Cr$ 1.000;Cr$ 1.000;renda liquida;pessoas publicadas diretamente na tabela;Brasil. Instituto Brasileiro de Geografia e Estatistica. Anuario Estatistico do Brasil 1941-1945. Rio de Janeiro: IBGE, 1946, p. 496-497, tabela beta.;https://biblioteca.ibge.gov.br/visualizacao/periodicos/20/aeb_1941_1945.pdf;outputs/fontes-pedro-souza-irpf/aeb_1941_1945.pdf;"outputs/fontes-pedro-souza-irpf/aeb_1941_1945_paginas/pagina-501.png; outputs/fontes-pedro-souza-irpf/aeb_1941_1945_paginas/pagina-502.png";501-502;496-497;Tabela beta - Contribuintes no Distrito Federal e sua renda liquida por classes de renda - 1934/44;"Serie do Distrito Federal; nao comparar diretamente com a serie nacional. A tabela traz anos impressos 1934-1944; seguindo a regra dos Anuarios Estatisticos do Brasil usada no projeto, ano_calendario = ano_exercicio - 1.";;;;;;;;;;;;;;;;;;;;;;;;;;;;;;;;;;;;;;;;;;;;;;;;;;;;;;;;;;;;;;;;;;;;;;;;;;;;;;;;;;;;;;;;;;;;;;;;;;;;;;;;;;;;;;;;;;;;;;;;;;;;;;;;;;;;;;;;;;;;;;;;;;;;;;;;;;;;;;;;;;;;;;;;;;;;;;;;;;;;;;;;;;;;;;;;;;;;;;;;;;;;;;;;;;;;;;;;;;;;;;;;;;;;;;;;;;;;;;;;;;;;;;;;;;;;;;;;;;;;;;;;;;;;;;;;;;;;;;;;;;;;;;;;;;;;;;;;;;;;;;;;;;;;;;;;;;;;;;;;;;;;;;;;;;;;;;;;;;;;;;;;;;;;;;;;;;;;;;;;;strict_renda_liquida;regional;"renda liquida publicada em faixas compativeis; serie regional/local, nao comparar diretamente com Brasil"
irpf_aeb1941_1945_df_1933_1943_faixas;irpf_aeb1941_1945_df_1933_1943_faixas.csv;bracket_distribution;10;1933;1934;Distrito Federal;irpf_aeb1941_1945_df_1933_1943_faixas;1933;1934;Distrito Federal;F10;10;De mais de 300 a 400;300;400;0;28;9852;351859;27.999852;0.000148;Cr$;Cr$ 1.000;Cr$ 1.000;renda liquida;pessoas publicadas diretamente na tabela;Brasil. Instituto Brasileiro de Geografia e Estatistica. Anuario Estatistico do Brasil 1941-1945. Rio de Janeiro: IBGE, 1946, p. 496-497, tabela beta.;https://biblioteca.ibge.gov.br/visualizacao/periodicos/20/aeb_1941_1945.pdf;outputs/fontes-pedro-souza-irpf/aeb_1941_1945.pdf;"outputs/fontes-pedro-souza-irpf/aeb_1941_1945_paginas/pagina-501.png; outputs/fontes-pedro-souza-irpf/aeb_1941_1945_paginas/pagina-502.png";501-502;496-497;Tabela beta - Contribuintes no Distrito Federal e sua renda liquida por classes de renda - 1934/44;"Serie do Distrito Federal; nao comparar diretamente com a serie nacional. A tabela traz anos impressos 1934-1944; seguindo a regra dos Anuarios Estatisticos do Brasil usada no projeto, ano_calendario = ano_exercicio - 1.";;;;;;;;;;;;;;;;;;;;;;;;;;;;;;;;;;;;;;;;;;;;;;;;;;;;;;;;;;;;;;;;;;;;;;;;;;;;;;;;;;;;;;;;;;;;;;;;;;;;;;;;;;;;;;;;;;;;;;;;;;;;;;;;;;;;;;;;;;;;;;;;;;;;;;;;;;;;;;;;;;;;;;;;;;;;;;;;;;;;;;;;;;;;;;;;;;;;;;;;;;;;;;;;;;;;;;;;;;;;;;;;;;;;;;;;;;;;;;;;;;;;;;;;;;;;;;;;;;;;;;;;;;;;;;;;;;;;;;;;;;;;;;;;;;;;;;;;;;;;;;;;;;;;;;;;;;;;;;;;;;;;;;;;;;;;;;;;;;;;;;;;;;;;;;;;;;;;;;;;;strict_renda_liquida;regional;"renda liquida publicada em faixas compativeis; serie regional/local, nao comparar diretamente com Brasil"
irpf_aeb1941_1945_df_1933_1943_faixas;irpf_aeb1941_1945_df_1933_1943_faixas.csv;bracket_distribution;11;1933;1934;Distrito Federal;irpf_aeb1941_1945_df_1933_1943_faixas;1933;1934;Distrito Federal;F11;11;De mais de 400 a 500;400;500;0;12;5300;441647;12.000534;-0.000534;Cr$;Cr$ 1.000;Cr$ 1.000;renda liquida;pessoas publicadas diretamente na tabela;Brasil. Instituto Brasileiro de Geografia e Estatistica. Anuario Estatistico do Brasil 1941-1945. Rio de Janeiro: IBGE, 1946, p. 496-497, tabela beta.;https://biblioteca.ibge.gov.br/visualizacao/periodicos/20/aeb_1941_1945.pdf;outputs/fontes-pedro-souza-irpf/aeb_1941_1945.pdf;"outputs/fontes-pedro-souza-irpf/aeb_1941_1945_paginas/pagina-501.png; outputs/fontes-pedro-souza-irpf/aeb_1941_1945_paginas/pagina-502.png";501-502;496-497;Tabela beta - Contribuintes no Distrito Federal e sua renda liquida por classes de renda - 1934/44;"Serie do Distrito Federal; nao comparar diretamente com a serie nacional. A tabela traz anos impressos 1934-1944; seguindo a regra dos Anuarios Estatisticos do Brasil usada no projeto, ano_calendario = ano_exercicio - 1.";;;;;;;;;;;;;;;;;;;;;;;;;;;;;;;;;;;;;;;;;;;;;;;;;;;;;;;;;;;;;;;;;;;;;;;;;;;;;;;;;;;;;;;;;;;;;;;;;;;;;;;;;;;;;;;;;;;;;;;;;;;;;;;;;;;;;;;;;;;;;;;;;;;;;;;;;;;;;;;;;;;;;;;;;;;;;;;;;;;;;;;;;;;;;;;;;;;;;;;;;;;;;;;;;;;;;;;;;;;;;;;;;;;;;;;;;;;;;;;;;;;;;;;;;;;;;;;;;;;;;;;;;;;;;;;;;;;;;;;;;;;;;;;;;;;;;;;;;;;;;;;;;;;;;;;;;;;;;;;;;;;;;;;;;;;;;;;;;;;;;;;;;;;;;;;;;;;;;;;;;strict_renda_liquida;regional;"renda liquida publicada em faixas compativeis; serie regional/local, nao comparar diretamente com Brasil"
irpf_aeb1941_1945_df_1933_1943_faixas;irpf_aeb1941_1945_df_1933_1943_faixas.csv;bracket_distribution;12;1933;1934;Distrito Federal;irpf_aeb1941_1945_df_1933_1943_faixas;1933;1934;Distrito Federal;F12;12;Mais de 500;500;;1;27;22027;815803;27.000391;-0.000391;Cr$;Cr$ 1.000;Cr$ 1.000;renda liquida;pessoas publicadas diretamente na tabela;Brasil. Instituto Brasileiro de Geografia e Estatistica. Anuario Estatistico do Brasil 1941-1945. Rio de Janeiro: IBGE, 1946, p. 496-497, tabela beta.;https://biblioteca.ibge.gov.br/visualizacao/periodicos/20/aeb_1941_1945.pdf;outputs/fontes-pedro-souza-irpf/aeb_1941_1945.pdf;"outputs/fontes-pedro-souza-irpf/aeb_1941_1945_paginas/pagina-501.png; outputs/fontes-pedro-souza-irpf/aeb_1941_1945_paginas/pagina-502.png";501-502;496-497;Tabela beta - Contribuintes no Distrito Federal e sua renda liquida por classes de renda - 1934/44;"Serie do Distrito Federal; nao comparar diretamente com a serie nacional. A tabela traz anos impressos 1934-1944; seguindo a regra dos Anuarios Estatisticos do Brasil usada no projeto, ano_calendario = ano_exercicio - 1.";;;;;;;;;;;;;;;;;;;;;;;;;;;;;;;;;;;;;;;;;;;;;;;;;;;;;;;;;;;;;;;;;;;;;;;;;;;;;;;;;;;;;;;;;;;;;;;;;;;;;;;;;;;;;;;;;;;;;;;;;;;;;;;;;;;;;;;;;;;;;;;;;;;;;;;;;;;;;;;;;;;;;;;;;;;;;;;;;;;;;;;;;;;;;;;;;;;;;;;;;;;;;;;;;;;;;;;;;;;;;;;;;;;;;;;;;;;;;;;;;;;;;;;;;;;;;;;;;;;;;;;;;;;;;;;;;;;;;;;;;;;;;;;;;;;;;;;;;;;;;;;;;;;;;;;;;;;;;;;;;;;;;;;;;;;;;;;;;;;;;;;;;;;;;;;;;;;;;;;;;strict_renda_liquida;regional;"renda liquida publicada em faixas compativeis; serie regional/local, nao comparar diretamente com Brasil"
irpf_aeb1941_1945_df_1933_1943_faixas;irpf_aeb1941_1945_df_1933_1943_faixas.csv;bracket_distribution;2;1933;1934;Distrito Federal;irpf_aeb1941_1945_df_1933_1943_faixas;1933;1934;Distrito Federal;F02;2;De mais de 20 a 30;20;30;0;2218;54057;24372;2217.996061;0.003939;Cr$;Cr$ 1.000;Cr$ 1.000;renda liquida;pessoas publicadas diretamente na tabela;Brasil. Instituto Brasileiro de Geografia e Estatistica. Anuario Estatistico do Brasil 1941-1945. Rio de Janeiro: IBGE, 1946, p. 496-497, tabela beta.;https://biblioteca.ibge.gov.br/visualizacao/periodicos/20/aeb_1941_1945.pdf;outputs/fontes-pedro-souza-irpf/aeb_1941_1945.pdf;"outputs/fontes-pedro-souza-irpf/aeb_1941_1945_paginas/pagina-501.png; outputs/fontes-pedro-souza-irpf/aeb_1941_1945_paginas/pagina-502.png";501-502;496-497;Tabela beta - Contribuintes no Distrito Federal e sua renda liquida por classes de renda - 1934/44;"Serie do Distrito Federal; nao comparar diretamente com a serie nacional. A tabela traz anos impressos 1934-1944; seguindo a regra dos Anuarios Estatisticos do Brasil usada no projeto, ano_calendario = ano_exercicio - 1.";;;;;;;;;;;;;;;;;;;;;;;;;;;;;;;;;;;;;;;;;;;;;;;;;;;;;;;;;;;;;;;;;;;;;;;;;;;;;;;;;;;;;;;;;;;;;;;;;;;;;;;;;;;;;;;;;;;;;;;;;;;;;;;;;;;;;;;;;;;;;;;;;;;;;;;;;;;;;;;;;;;;;;;;;;;;;;;;;;;;;;;;;;;;;;;;;;;;;;;;;;;;;;;;;;;;;;;;;;;;;;;;;;;;;;;;;;;;;;;;;;;;;;;;;;;;;;;;;;;;;;;;;;;;;;;;;;;;;;;;;;;;;;;;;;;;;;;;;;;;;;;;;;;;;;;;;;;;;;;;;;;;;;;;;;;;;;;;;;;;;;;;;;;;;;;;;;;;;;;;;strict_renda_liquida;regional;"renda liquida publicada em faixas compativeis; serie regional/local, nao comparar diretamente com Brasil"
irpf_aeb1941_1945_df_1933_1943_faixas;irpf_aeb1941_1945_df_1933_1943_faixas.csv;bracket_distribution;3;1933;1934;Distrito Federal;irpf_aeb1941_1945_df_1933_1943_faixas;1933;1934;Distrito Federal;F03;3;De mais de 30 a 60;30;60;0;1769;72643;41065;1768.976014;0.023986;Cr$;Cr$ 1.000;Cr$ 1.000;renda liquida;pessoas publicadas diretamente na tabela;Brasil. Instituto Brasileiro de Geografia e Estatistica. Anuario Estatistico do Brasil 1941-1945. Rio de Janeiro: IBGE, 1946, p. 496-497, tabela beta.;https://biblioteca.ibge.gov.br/visualizacao/periodicos/20/aeb_1941_1945.pdf;outputs/fontes-pedro-souza-irpf/aeb_1941_1945.pdf;"outputs/fontes-pedro-souza-irpf/aeb_1941_1945_paginas/pagina-501.png; outputs/fontes-pedro-souza-irpf/aeb_1941_1945_paginas/pagina-502.png";501-502;496-497;Tabela beta - Contribuintes no Distrito Federal e sua renda liquida por classes de renda - 1934/44;"Serie do Distrito Federal; nao comparar diretamente com a serie nacional. A tabela traz anos impressos 1934-1944; seguindo a regra dos Anuarios Estatisticos do Brasil usada no projeto, ano_calendario = ano_exercicio - 1.";;;;;;;;;;;;;;;;;;;;;;;;;;;;;;;;;;;;;;;;;;;;;;;;;;;;;;;;;;;;;;;;;;;;;;;;;;;;;;;;;;;;;;;;;;;;;;;;;;;;;;;;;;;;;;;;;;;;;;;;;;;;;;;;;;;;;;;;;;;;;;;;;;;;;;;;;;;;;;;;;;;;;;;;;;;;;;;;;;;;;;;;;;;;;;;;;;;;;;;;;;;;;;;;;;;;;;;;;;;;;;;;;;;;;;;;;;;;;;;;;;;;;;;;;;;;;;;;;;;;;;;;;;;;;;;;;;;;;;;;;;;;;;;;;;;;;;;;;;;;;;;;;;;;;;;;;;;;;;;;;;;;;;;;;;;;;;;;;;;;;;;;;;;;;;;;;;;;;;;;;strict_renda_liquida;regional;"renda liquida publicada em faixas compativeis; serie regional/local, nao comparar diretamente com Brasil"
irpf_aeb1941_1945_df_1933_1943_faixas;irpf_aeb1941_1945_df_1933_1943_faixas.csv;bracket_distribution;4;1933;1934;Distrito Federal;irpf_aeb1941_1945_df_1933_1943_faixas;1933;1934;Distrito Federal;F04;4;De mais de 60 a 90;60;90;0;499;36712;73570;499.007748;-0.007748;Cr$;Cr$ 1.000;Cr$ 1.000;renda liquida;pessoas publicadas diretamente na tabela;Brasil. Instituto Brasileiro de Geografia e Estatistica. Anuario Estatistico do Brasil 1941-1945. Rio de Janeiro: IBGE, 1946, p. 496-497, tabela beta.;https://biblioteca.ibge.gov.br/visualizacao/periodicos/20/aeb_1941_1945.pdf;outputs/fontes-pedro-souza-irpf/aeb_1941_1945.pdf;"outputs/fontes-pedro-souza-irpf/aeb_1941_1945_paginas/pagina-501.png; outputs/fontes-pedro-souza-irpf/aeb_1941_1945_paginas/pagina-502.png";501-502;496-497;Tabela beta - Contribuintes no Distrito Federal e sua renda liquida por classes de renda - 1934/44;"Serie do Distrito Federal; nao comparar diretamente com a serie nacional. A tabela traz anos impressos 1934-1944; seguindo a regra dos Anuarios Estatisticos do Brasil usada no projeto, ano_calendario = ano_exercicio - 1.";;;;;;;;;;;;;;;;;;;;;;;;;;;;;;;;;;;;;;;;;;;;;;;;;;;;;;;;;;;;;;;;;;;;;;;;;;;;;;;;;;;;;;;;;;;;;;;;;;;;;;;;;;;;;;;;;;;;;;;;;;;;;;;;;;;;;;;;;;;;;;;;;;;;;;;;;;;;;;;;;;;;;;;;;;;;;;;;;;;;;;;;;;;;;;;;;;;;;;;;;;;;;;;;;;;;;;;;;;;;;;;;;;;;;;;;;;;;;;;;;;;;;;;;;;;;;;;;;;;;;;;;;;;;;;;;;;;;;;;;;;;;;;;;;;;;;;;;;;;;;;;;;;;;;;;;;;;;;;;;;;;;;;;;;;;;;;;;;;;;;;;;;;;;;;;;;;;;;;;;;strict_renda_liquida;regional;"renda liquida publicada em faixas compativeis; serie regional/local, nao comparar diretamente com Brasil"
irpf_aeb1941_1945_df_1933_1943_faixas;irpf_aeb1941_1945_df_1933_1943_faixas.csv;bracket_distribution;5;1933;1934;Distrito Federal;irpf_aeb1941_1945_df_1933_1943_faixas;1933;1934;Distrito Federal;F05;5;De mais de 90 a 120;90;120;0;209;21572;103215;209.00063;-0.00063;Cr$;Cr$ 1.000;Cr$ 1.000;renda liquida;pessoas publicadas diretamente na tabela;Brasil. Instituto Brasileiro de Geografia e Estatistica. Anuario Estatistico do Brasil 1941-1945. Rio de Janeiro: IBGE, 1946, p. 496-497, tabela beta.;https://biblioteca.ibge.gov.br/visualizacao/periodicos/20/aeb_1941_1945.pdf;outputs/fontes-pedro-souza-irpf/aeb_1941_1945.pdf;"outputs/fontes-pedro-souza-irpf/aeb_1941_1945_paginas/pagina-501.png; outputs/fontes-pedro-souza-irpf/aeb_1941_1945_paginas/pagina-502.png";501-502;496-497;Tabela beta - Contribuintes no Distrito Federal e sua renda liquida por classes de renda - 1934/44;"Serie do Distrito Federal; nao comparar diretamente com a serie nacional. A tabela traz anos impressos 1934-1944; seguindo a regra dos Anuarios Estatisticos do Brasil usada no projeto, ano_calendario = ano_exercicio - 1.";;;;;;;;;;;;;;;;;;;;;;;;;;;;;;;;;;;;;;;;;;;;;;;;;;;;;;;;;;;;;;;;;;;;;;;;;;;;;;;;;;;;;;;;;;;;;;;;;;;;;;;;;;;;;;;;;;;;;;;;;;;;;;;;;;;;;;;;;;;;;;;;;;;;;;;;;;;;;;;;;;;;;;;;;;;;;;;;;;;;;;;;;;;;;;;;;;;;;;;;;;;;;;;;;;;;;;;;;;;;;;;;;;;;;;;;;;;;;;;;;;;;;;;;;;;;;;;;;;;;;;;;;;;;;;;;;;;;;;;;;;;;;;;;;;;;;;;;;;;;;;;;;;;;;;;;;;;;;;;;;;;;;;;;;;;;;;;;;;;;;;;;;;;;;;;;;;;;;;;;;strict_renda_liquida;regional;"renda liquida publicada em faixas compativeis; serie regional/local, nao comparar diretamente com Brasil"
irpf_aeb1941_1945_df_1933_1943_faixas;irpf_aeb1941_1945_df_1933_1943_faixas.csv;bracket_distribution;6;1933;1934;Distrito Federal;irpf_aeb1941_1945_df_1933_1943_faixas;1933;1934;Distrito Federal;F06;6;De mais de 120 a 150;120;150;0;112;14997;133898;112.003167;-0.003167;Cr$;Cr$ 1.000;Cr$ 1.000;renda liquida;pessoas publicadas diretamente na tabela;Brasil. Instituto Brasileiro de Geografia e Estatistica. Anuario Estatistico do Brasil 1941-1945. Rio de Janeiro: IBGE, 1946, p. 496-497, tabela beta.;https://biblioteca.ibge.gov.br/visualizacao/periodicos/20/aeb_1941_1945.pdf;outputs/fontes-pedro-souza-irpf/aeb_1941_1945.pdf;"outputs/fontes-pedro-souza-irpf/aeb_1941_1945_paginas/pagina-501.png; outputs/fontes-pedro-souza-irpf/aeb_1941_1945_paginas/pagina-502.png";501-502;496-497;Tabela beta - Contribuintes no Distrito Federal e sua renda liquida por classes de renda - 1934/44;"Serie do Distrito Federal; nao comparar diretamente com a serie nacional. A tabela traz anos impressos 1934-1944; seguindo a regra dos Anuarios Estatisticos do Brasil usada no projeto, ano_calendario = ano_exercicio - 1.";;;;;;;;;;;;;;;;;;;;;;;;;;;;;;;;;;;;;;;;;;;;;;;;;;;;;;;;;;;;;;;;;;;;;;;;;;;;;;;;;;;;;;;;;;;;;;;;;;;;;;;;;;;;;;;;;;;;;;;;;;;;;;;;;;;;;;;;;;;;;;;;;;;;;;;;;;;;;;;;;;;;;;;;;;;;;;;;;;;;;;;;;;;;;;;;;;;;;;;;;;;;;;;;;;;;;;;;;;;;;;;;;;;;;;;;;;;;;;;;;;;;;;;;;;;;;;;;;;;;;;;;;;;;;;;;;;;;;;;;;;;;;;;;;;;;;;;;;;;;;;;;;;;;;;;;;;;;;;;;;;;;;;;;;;;;;;;;;;;;;;;;;;;;;;;;;;;;;;;;;strict_renda_liquida;regional;"renda liquida publicada em faixas compativeis; serie regional/local, nao comparar diretamente com Brasil"
irpf_aeb1941_1945_df_1933_1943_faixas;irpf_aeb1941_1945_df_1933_1943_faixas.csv;bracket_distribution;7;1933;1934;Distrito Federal;irpf_aeb1941_1945_df_1933_1943_faixas;1933;1934;Distrito Federal;F07;7;De mais de 150 a 200;150;200;0;115;19824;172384;114.999072;0.000928;Cr$;Cr$ 1.000;Cr$ 1.000;renda liquida;pessoas publicadas diretamente na tabela;Brasil. Instituto Brasileiro de Geografia e Estatistica. Anuario Estatistico do Brasil 1941-1945. Rio de Janeiro: IBGE, 1946, p. 496-497, tabela beta.;https://biblioteca.ibge.gov.br/visualizacao/periodicos/20/aeb_1941_1945.pdf;outputs/fontes-pedro-souza-irpf/aeb_1941_1945.pdf;"outputs/fontes-pedro-souza-irpf/aeb_1941_1945_paginas/pagina-501.png; outputs/fontes-pedro-souza-irpf/aeb_1941_1945_paginas/pagina-502.png";501-502;496-497;Tabela beta - Contribuintes no Distrito Federal e sua renda liquida por classes de renda - 1934/44;"Serie do Distrito Federal; nao comparar diretamente com a serie nacional. A tabela traz anos impressos 1934-1944; seguindo a regra dos Anuarios Estatisticos do Brasil usada no projeto, ano_calendario = ano_exercicio - 1.";;;;;;;;;;;;;;;;;;;;;;;;;;;;;;;;;;;;;;;;;;;;;;;;;;;;;;;;;;;;;;;;;;;;;;;;;;;;;;;;;;;;;;;;;;;;;;;;;;;;;;;;;;;;;;;;;;;;;;;;;;;;;;;;;;;;;;;;;;;;;;;;;;;;;;;;;;;;;;;;;;;;;;;;;;;;;;;;;;;;;;;;;;;;;;;;;;;;;;;;;;;;;;;;;;;;;;;;;;;;;;;;;;;;;;;;;;;;;;;;;;;;;;;;;;;;;;;;;;;;;;;;;;;;;;;;;;;;;;;;;;;;;;;;;;;;;;;;;;;;;;;;;;;;;;;;;;;;;;;;;;;;;;;;;;;;;;;;;;;;;;;;;;;;;;;;;;;;;;;;;strict_renda_liquida;regional;"renda liquida publicada em faixas compativeis; serie regional/local, nao comparar diretamente com Brasil"
irpf_aeb1941_1945_df_1933_1943_faixas;irpf_aeb1941_1945_df_1933_1943_faixas.csv;bracket_distribution;8;1933;1934;Distrito Federal;irpf_aeb1941_1945_df_1933_1943_faixas;1933;1934;Distrito Federal;F08;8;De mais de 200 a 250;200;250;0;50;11198;223964;49.999107;0.000893;Cr$;Cr$ 1.000;Cr$ 1.000;renda liquida;pessoas publicadas diretamente na tabela;Brasil. Instituto Brasileiro de Geografia e Estatistica. Anuario Estatistico do Brasil 1941-1945. Rio de Janeiro: IBGE, 1946, p. 496-497, tabela beta.;https://biblioteca.ibge.gov.br/visualizacao/periodicos/20/aeb_1941_1945.pdf;outputs/fontes-pedro-souza-irpf/aeb_1941_1945.pdf;"outputs/fontes-pedro-souza-irpf/aeb_1941_1945_paginas/pagina-501.png; outputs/fontes-pedro-souza-irpf/aeb_1941_1945_paginas/pagina-502.png";501-502;496-497;Tabela beta - Contribuintes no Distrito Federal e sua renda liquida por classes de renda - 1934/44;"Serie do Distrito Federal; nao comparar diretamente com a serie nacional. A tabela traz anos impressos 1934-1944; seguindo a regra dos Anuarios Estatisticos do Brasil usada no projeto, ano_calendario = ano_exercicio - 1.";;;;;;;;;;;;;;;;;;;;;;;;;;;;;;;;;;;;;;;;;;;;;;;;;;;;;;;;;;;;;;;;;;;;;;;;;;;;;;;;;;;;;;;;;;;;;;;;;;;;;;;;;;;;;;;;;;;;;;;;;;;;;;;;;;;;;;;;;;;;;;;;;;;;;;;;;;;;;;;;;;;;;;;;;;;;;;;;;;;;;;;;;;;;;;;;;;;;;;;;;;;;;;;;;;;;;;;;;;;;;;;;;;;;;;;;;;;;;;;;;;;;;;;;;;;;;;;;;;;;;;;;;;;;;;;;;;;;;;;;;;;;;;;;;;;;;;;;;;;;;;;;;;;;;;;;;;;;;;;;;;;;;;;;;;;;;;;;;;;;;;;;;;;;;;;;;;;;;;;;;strict_renda_liquida;regional;"renda liquida publicada em faixas compativeis; serie regional/local, nao comparar diretamente com Brasil"
irpf_aeb1941_1945_df_1933_1943_faixas;irpf_aeb1941_1945_df_1933_1943_faixas.csv;bracket_distribution;9;1933;1934;Distrito Federal;irpf_aeb1941_1945_df_1933_1943_faixas;1933;1934;Distrito Federal;F09;9;De mais de 250 a 300;250;300;0;29;7919;273064;29.000527;-0.000527;Cr$;Cr$ 1.000;Cr$ 1.000;renda liquida;pessoas publicadas diretamente na tabela;Brasil. Instituto Brasileiro de Geografia e Estatistica. Anuario Estatistico do Brasil 1941-1945. Rio de Janeiro: IBGE, 1946, p. 496-497, tabela beta.;https://biblioteca.ibge.gov.br/visualizacao/periodicos/20/aeb_1941_1945.pdf;outputs/fontes-pedro-souza-irpf/aeb_1941_1945.pdf;"outputs/fontes-pedro-souza-irpf/aeb_1941_1945_paginas/pagina-501.png; outputs/fontes-pedro-souza-irpf/aeb_1941_1945_paginas/pagina-502.png";501-502;496-497;Tabela beta - Contribuintes no Distrito Federal e sua renda liquida por classes de renda - 1934/44;"Serie do Distrito Federal; nao comparar diretamente com a serie nacional. A tabela traz anos impressos 1934-1944; seguindo a regra dos Anuarios Estatisticos do Brasil usada no projeto, ano_calendario = ano_exercicio - 1.";;;;;;;;;;;;;;;;;;;;;;;;;;;;;;;;;;;;;;;;;;;;;;;;;;;;;;;;;;;;;;;;;;;;;;;;;;;;;;;;;;;;;;;;;;;;;;;;;;;;;;;;;;;;;;;;;;;;;;;;;;;;;;;;;;;;;;;;;;;;;;;;;;;;;;;;;;;;;;;;;;;;;;;;;;;;;;;;;;;;;;;;;;;;;;;;;;;;;;;;;;;;;;;;;;;;;;;;;;;;;;;;;;;;;;;;;;;;;;;;;;;;;;;;;;;;;;;;;;;;;;;;;;;;;;;;;;;;;;;;;;;;;;;;;;;;;;;;;;;;;;;;;;;;;;;;;;;;;;;;;;;;;;;;;;;;;;;;;;;;;;;;;;;;;;;;;;;;;;;;;strict_renda_liquida;regional;"renda liquida publicada em faixas compativeis; serie regional/local, nao comparar diretamente com Brasil"
irpf_aeb1941_1945_df_1933_1943_faixas;irpf_aeb1941_1945_df_1933_1943_faixas.csv;bracket_distribution;13;1934;1935;Distrito Federal;irpf_aeb1941_1945_df_1933_1943_faixas;1934;1935;Distrito Federal;F01;1;De mais de 12 a 20;12;20;0;5866;84110;14339;5865.82049;0.17951;Cr$;Cr$ 1.000;Cr$ 1.000;renda liquida;pessoas publicadas diretamente na tabela;Brasil. Instituto Brasileiro de Geografia e Estatistica. Anuario Estatistico do Brasil 1941-1945. Rio de Janeiro: IBGE, 1946, p. 496-497, tabela beta.;https://biblioteca.ibge.gov.br/visualizacao/periodicos/20/aeb_1941_1945.pdf;outputs/fontes-pedro-souza-irpf/aeb_1941_1945.pdf;"outputs/fontes-pedro-souza-irpf/aeb_1941_1945_paginas/pagina-501.png; outputs/fontes-pedro-souza-irpf/aeb_1941_1945_paginas/pagina-502.png";501-502;496-497;Tabela beta - Contribuintes no Distrito Federal e sua renda liquida por classes de renda - 1934/44;"Serie do Distrito Federal; nao comparar diretamente com a serie nacional. A tabela traz anos impressos 1934-1944; seguindo a regra dos Anuarios Estatisticos do Brasil usada no projeto, ano_calendario = ano_exercicio - 1.";;;;;;;;;;;;;;;;;;;;;;;;;;;;;;;;;;;;;;;;;;;;;;;;;;;;;;;;;;;;;;;;;;;;;;;;;;;;;;;;;;;;;;;;;;;;;;;;;;;;;;;;;;;;;;;;;;;;;;;;;;;;;;;;;;;;;;;;;;;;;;;;;;;;;;;;;;;;;;;;;;;;;;;;;;;;;;;;;;;;;;;;;;;;;;;;;;;;;;;;;;;;;;;;;;;;;;;;;;;;;;;;;;;;;;;;;;;;;;;;;;;;;;;;;;;;;;;;;;;;;;;;;;;;;;;;;;;;;;;;;;;;;;;;;;;;;;;;;;;;;;;;;;;;;;;;;;;;;;;;;;;;;;;;;;;;;;;;;;;;;;;;;;;;;;;;;;;;;;;;;strict_renda_liquida;regional;"renda liquida publicada em faixas compativeis; serie regional/local, nao comparar diretamente com Brasil"
irpf_aeb1941_1945_df_1933_1943_faixas;irpf_aeb1941_1945_df_1933_1943_faixas.csv;bracket_distribution;14;1934;1935;Distrito Federal;irpf_aeb1941_1945_df_1933_1943_faixas;1934;1935;Distrito Federal;F02;2;De mais de 20 a 30;20;30;0;2501;61132;24443;2501.002332;-0.002332;Cr$;Cr$ 1.000;Cr$ 1.000;renda liquida;pessoas publicadas diretamente na tabela;Brasil. Instituto Brasileiro de Geografia e Estatistica. Anuario Estatistico do Brasil 1941-1945. Rio de Janeiro: IBGE, 1946, p. 496-497, tabela beta.;https://biblioteca.ibge.gov.br/visualizacao/periodicos/20/aeb_1941_1945.pdf;outputs/fontes-pedro-souza-irpf/aeb_1941_1945.pdf;"outputs/fontes-pedro-souza-irpf/aeb_1941_1945_paginas/pagina-501.png; outputs/fontes-pedro-souza-irpf/aeb_1941_1945_paginas/pagina-502.png";501-502;496-497;Tabela beta - Contribuintes no Distrito Federal e sua renda liquida por classes de renda - 1934/44;"Serie do Distrito Federal; nao comparar diretamente com a serie nacional. A tabela traz anos impressos 1934-1944; seguindo a regra dos Anuarios Estatisticos do Brasil usada no projeto, ano_calendario = ano_exercicio - 1.";;;;;;;;;;;;;;;;;;;;;;;;;;;;;;;;;;;;;;;;;;;;;;;;;;;;;;;;;;;;;;;;;;;;;;;;;;;;;;;;;;;;;;;;;;;;;;;;;;;;;;;;;;;;;;;;;;;;;;;;;;;;;;;;;;;;;;;;;;;;;;;;;;;;;;;;;;;;;;;;;;;;;;;;;;;;;;;;;;;;;;;;;;;;;;;;;;;;;;;;;;;;;;;;;;;;;;;;;;;;;;;;;;;;;;;;;;;;;;;;;;;;;;;;;;;;;;;;;;;;;;;;;;;;;;;;;;;;;;;;;;;;;;;;;;;;;;;;;;;;;;;;;;;;;;;;;;;;;;;;;;;;;;;;;;;;;;;;;;;;;;;;;;;;;;;;;;;;;;;;;strict_renda_liquida;regional;"renda liquida publicada em faixas compativeis; serie regional/local, nao comparar diretamente com Brasil"
irpf_aeb1941_1945_df_1933_1943_faixas;irpf_aeb1941_1945_df_1933_1943_faixas.csv;bracket_distribution;15;1934;1935;Distrito Federal;irpf_aeb1941_1945_df_1933_1943_faixas;1934;1935;Distrito Federal;F03;3;De mais de 30 a 60;30;60;0;2334;96135;41189;2333.996941;0.003059;Cr$;Cr$ 1.000;Cr$ 1.000;renda liquida;pessoas publicadas diretamente na tabela;Brasil. Instituto Brasileiro de Geografia e Estatistica. Anuario Estatistico do Brasil 1941-1945. Rio de Janeiro: IBGE, 1946, p. 496-497, tabela beta.;https://biblioteca.ibge.gov.br/visualizacao/periodicos/20/aeb_1941_1945.pdf;outputs/fontes-pedro-souza-irpf/aeb_1941_1945.pdf;"outputs/fontes-pedro-souza-irpf/aeb_1941_1945_paginas/pagina-501.png; outputs/fontes-pedro-souza-irpf/aeb_1941_1945_paginas/pagina-502.png";501-502;496-497;Tabela beta - Contribuintes no Distrito Federal e sua renda liquida por classes de renda - 1934/44;"Serie do Distrito Federal; nao comparar diretamente com a serie nacional. A tabela traz anos impressos 1934-1944; seguindo a regra dos Anuarios Estatisticos do Brasil usada no projeto, ano_calendario = ano_exercicio - 1.";;;;;;;;;;;;;;;;;;;;;;;;;;;;;;;;;;;;;;;;;;;;;;;;;;;;;;;;;;;;;;;;;;;;;;;;;;;;;;;;;;;;;;;;;;;;;;;;;;;;;;;;;;;;;;;;;;;;;;;;;;;;;;;;;;;;;;;;;;;;;;;;;;;;;;;;;;;;;;;;;;;;;;;;;;;;;;;;;;;;;;;;;;;;;;;;;;;;;;;;;;;;;;;;;;;;;;;;;;;;;;;;;;;;;;;;;;;;;;;;;;;;;;;;;;;;;;;;;;;;;;;;;;;;;;;;;;;;;;;;;;;;;;;;;;;;;;;;;;;;;;;;;;;;;;;;;;;;;;;;;;;;;;;;;;;;;;;;;;;;;;;;;;;;;;;;;;;;;;;;;strict_renda_liquida;regional;"renda liquida publicada em faixas compativeis; serie regional/local, nao comparar diretamente com Brasil"
irpf_aeb1941_1945_df_1933_1943_faixas;irpf_aeb1941_1945_df_1933_1943_faixas.csv;bracket_distribution;16;1934;1935;Distrito Federal;irpf_aeb1941_1945_df_1933_1943_faixas;1934;1935;Distrito Federal;F04;4;De mais de 60 a 90;60;90;0;656;47690;72699;655.992517;0.007483;Cr$;Cr$ 1.000;Cr$ 1.000;renda liquida;pessoas publicadas diretamente na tabela;Brasil. Instituto Brasileiro de Geografia e Estatistica. Anuario Estatistico do Brasil 1941-1945. Rio de Janeiro: IBGE, 1946, p. 496-497, tabela beta.;https://biblioteca.ibge.gov.br/visualizacao/periodicos/20/aeb_1941_1945.pdf;outputs/fontes-pedro-souza-irpf/aeb_1941_1945.pdf;"outputs/fontes-pedro-souza-irpf/aeb_1941_1945_paginas/pagina-501.png; outputs/fontes-pedro-souza-irpf/aeb_1941_1945_paginas/pagina-502.png";501-502;496-497;Tabela beta - Contribuintes no Distrito Federal e sua renda liquida por classes de renda - 1934/44;"Serie do Distrito Federal; nao comparar diretamente com a serie nacional. A tabela traz anos impressos 1934-1944; seguindo a regra dos Anuarios Estatisticos do Brasil usada no projeto, ano_calendario = ano_exercicio - 1.";;;;;;;;;;;;;;;;;;;;;;;;;;;;;;;;;;;;;;;;;;;;;;;;;;;;;;;;;;;;;;;;;;;;;;;;;;;;;;;;;;;;;;;;;;;;;;;;;;;;;;;;;;;;;;;;;;;;;;;;;;;;;;;;;;;;;;;;;;;;;;;;;;;;;;;;;;;;;;;;;;;;;;;;;;;;;;;;;;;;;;;;;;;;;;;;;;;;;;;;;;;;;;;;;;;;;;;;;;;;;;;;;;;;;;;;;;;;;;;;;;;;;;;;;;;;;;;;;;;;;;;;;;;;;;;;;;;;;;;;;;;;;;;;;;;;;;;;;;;;;;;;;;;;;;;;;;;;;;;;;;;;;;;;;;;;;;;;;;;;;;;;;;;;;;;;;;;;;;;;;strict_renda_liquida;regional;"renda liquida publicada em faixas compativeis; serie regional/local, nao comparar diretamente com Brasil"
irpf_aeb1941_1945_df_1933_1943_faixas;irpf_aeb1941_1945_df_1933_1943_faixas.csv;bracket_distribution;17;1934;1935;Distrito Federal;irpf_aeb1941_1945_df_1933_1943_faixas;1934;1935;Distrito Federal;F05;5;De mais de 90 a 120;90;120;0;256;26640;104061;256.00369;-0.00369;Cr$;Cr$ 1.000;Cr$ 1.000;renda liquida;pessoas publicadas diretamente na tabela;Brasil. Instituto Brasileiro de Geografia e Estatistica. Anuario Estatistico do Brasil 1941-1945. Rio de Janeiro: IBGE, 1946, p. 496-497, tabela beta.;https://biblioteca.ibge.gov.br/visualizacao/periodicos/20/aeb_1941_1945.pdf;outputs/fontes-pedro-souza-irpf/aeb_1941_1945.pdf;"outputs/fontes-pedro-souza-irpf/aeb_1941_1945_paginas/pagina-501.png; outputs/fontes-pedro-souza-irpf/aeb_1941_1945_paginas/pagina-502.png";501-502;496-497;Tabela beta - Contribuintes no Distrito Federal e sua renda liquida por classes de renda - 1934/44;"Serie do Distrito Federal; nao comparar diretamente com a serie nacional. A tabela traz anos impressos 1934-1944; seguindo a regra dos Anuarios Estatisticos do Brasil usada no projeto, ano_calendario = ano_exercicio - 1.";;;;;;;;;;;;;;;;;;;;;;;;;;;;;;;;;;;;;;;;;;;;;;;;;;;;;;;;;;;;;;;;;;;;;;;;;;;;;;;;;;;;;;;;;;;;;;;;;;;;;;;;;;;;;;;;;;;;;;;;;;;;;;;;;;;;;;;;;;;;;;;;;;;;;;;;;;;;;;;;;;;;;;;;;;;;;;;;;;;;;;;;;;;;;;;;;;;;;;;;;;;;;;;;;;;;;;;;;;;;;;;;;;;;;;;;;;;;;;;;;;;;;;;;;;;;;;;;;;;;;;;;;;;;;;;;;;;;;;;;;;;;;;;;;;;;;;;;;;;;;;;;;;;;;;;;;;;;;;;;;;;;;;;;;;;;;;;;;;;;;;;;;;;;;;;;;;;;;;;;;strict_renda_liquida;regional;"renda liquida publicada em faixas compativeis; serie regional/local, nao comparar diretamente com Brasil"
irpf_aeb1941_1945_df_1933_1943_faixas;irpf_aeb1941_1945_df_1933_1943_faixas.csv;bracket_distribution;18;1934;1935;Distrito Federal;irpf_aeb1941_1945_df_1933_1943_faixas;1934;1935;Distrito Federal;F06;6;De mais de 120 a 150;120;150;0;147;19497;132631;147.001832;-0.001832;Cr$;Cr$ 1.000;Cr$ 1.000;renda liquida;pessoas publicadas diretamente na tabela;Brasil. Instituto Brasileiro de Geografia e Estatistica. Anuario Estatistico do Brasil 1941-1945. Rio de Janeiro: IBGE, 1946, p. 496-497, tabela beta.;https://biblioteca.ibge.gov.br/visualizacao/periodicos/20/aeb_1941_1945.pdf;outputs/fontes-pedro-souza-irpf/aeb_1941_1945.pdf;"outputs/fontes-pedro-souza-irpf/aeb_1941_1945_paginas/pagina-501.png; outputs/fontes-pedro-souza-irpf/aeb_1941_1945_paginas/pagina-502.png";501-502;496-497;Tabela beta - Contribuintes no Distrito Federal e sua renda liquida por classes de renda - 1934/44;"Serie do Distrito Federal; nao comparar diretamente com a serie nacional. A tabela traz anos impressos 1934-1944; seguindo a regra dos Anuarios Estatisticos do Brasil usada no projeto, ano_calendario = ano_exercicio - 1.";;;;;;;;;;;;;;;;;;;;;;;;;;;;;;;;;;;;;;;;;;;;;;;;;;;;;;;;;;;;;;;;;;;;;;;;;;;;;;;;;;;;;;;;;;;;;;;;;;;;;;;;;;;;;;;;;;;;;;;;;;;;;;;;;;;;;;;;;;;;;;;;;;;;;;;;;;;;;;;;;;;;;;;;;;;;;;;;;;;;;;;;;;;;;;;;;;;;;;;;;;;;;;;;;;;;;;;;;;;;;;;;;;;;;;;;;;;;;;;;;;;;;;;;;;;;;;;;;;;;;;;;;;;;;;;;;;;;;;;;;;;;;;;;;;;;;;;;;;;;;;;;;;;;;;;;;;;;;;;;;;;;;;;;;;;;;;;;;;;;;;;;;;;;;;;;;;;;;;;;;strict_renda_liquida;regional;"renda liquida publicada em faixas compativeis; serie regional/local, nao comparar diretamente com Brasil"
irpf_aeb1941_1945_df_1933_1943_faixas;irpf_aeb1941_1945_df_1933_1943_faixas.csv;bracket_distribution;19;1934;1935;Distrito Federal;irpf_aeb1941_1945_df_1933_1943_faixas;1934;1935;Distrito Federal;F07;7;De mais de 150 a 200;150;200;0;129;22473;174210;128.999483;0.000517;Cr$;Cr$ 1.000;Cr$ 1.000;renda liquida;pessoas publicadas diretamente na tabela;Brasil. Instituto Brasileiro de Geografia e Estatistica. Anuario Estatistico do Brasil 1941-1945. Rio de Janeiro: IBGE, 1946, p. 496-497, tabela beta.;https://biblioteca.ibge.gov.br/visualizacao/periodicos/20/aeb_1941_1945.pdf;outputs/fontes-pedro-souza-irpf/aeb_1941_1945.pdf;"outputs/fontes-pedro-souza-irpf/aeb_1941_1945_paginas/pagina-501.png; outputs/fontes-pedro-souza-irpf/aeb_1941_1945_paginas/pagina-502.png";501-502;496-497;Tabela beta - Contribuintes no Distrito Federal e sua renda liquida por classes de renda - 1934/44;"Serie do Distrito Federal; nao comparar diretamente com a serie nacional. A tabela traz anos impressos 1934-1944; seguindo a regra dos Anuarios Estatisticos do Brasil usada no projeto, ano_calendario = ano_exercicio - 1.";;;;;;;;;;;;;;;;;;;;;;;;;;;;;;;;;;;;;;;;;;;;;;;;;;;;;;;;;;;;;;;;;;;;;;;;;;;;;;;;;;;;;;;;;;;;;;;;;;;;;;;;;;;;;;;;;;;;;;;;;;;;;;;;;;;;;;;;;;;;;;;;;;;;;;;;;;;;;;;;;;;;;;;;;;;;;;;;;;;;;;;;;;;;;;;;;;;;;;;;;;;;;;;;;;;;;;;;;;;;;;;;;;;;;;;;;;;;;;;;;;;;;;;;;;;;;;;;;;;;;;;;;;;;;;;;;;;;;;;;;;;;;;;;;;;;;;;;;;;;;;;;;;;;;;;;;;;;;;;;;;;;;;;;;;;;;;;;;;;;;;;;;;;;;;;;;;;;;;;;;strict_renda_liquida;regional;"renda liquida publicada em faixas compativeis; serie regional/local, nao comparar diretamente com Brasil"
irpf_aeb1941_1945_df_1933_1943_faixas;irpf_aeb1941_1945_df_1933_1943_faixas.csv;bracket_distribution;20;1934;1935;Distrito Federal;irpf_aeb1941_1945_df_1933_1943_faixas;1934;1935;Distrito Federal;F08;8;De mais de 200 a 250;200;250;0;55;12187;221587;54.998714;0.001286;Cr$;Cr$ 1.000;Cr$ 1.000;renda liquida;pessoas publicadas diretamente na tabela;Brasil. Instituto Brasileiro de Geografia e Estatistica. Anuario Estatistico do Brasil 1941-1945. Rio de Janeiro: IBGE, 1946, p. 496-497, tabela beta.;https://biblioteca.ibge.gov.br/visualizacao/periodicos/20/aeb_1941_1945.pdf;outputs/fontes-pedro-souza-irpf/aeb_1941_1945.pdf;"outputs/fontes-pedro-souza-irpf/aeb_1941_1945_paginas/pagina-501.png; outputs/fontes-pedro-souza-irpf/aeb_1941_1945_paginas/pagina-502.png";501-502;496-497;Tabela beta - Contribuintes no Distrito Federal e sua renda liquida por classes de renda - 1934/44;"Serie do Distrito Federal; nao comparar diretamente com a serie nacional. A tabela traz anos impressos 1934-1944; seguindo a regra dos Anuarios Estatisticos do Brasil usada no projeto, ano_calendario = ano_exercicio - 1.";;;;;;;;;;;;;;;;;;;;;;;;;;;;;;;;;;;;;;;;;;;;;;;;;;;;;;;;;;;;;;;;;;;;;;;;;;;;;;;;;;;;;;;;;;;;;;;;;;;;;;;;;;;;;;;;;;;;;;;;;;;;;;;;;;;;;;;;;;;;;;;;;;;;;;;;;;;;;;;;;;;;;;;;;;;;;;;;;;;;;;;;;;;;;;;;;;;;;;;;;;;;;;;;;;;;;;;;;;;;;;;;;;;;;;;;;;;;;;;;;;;;;;;;;;;;;;;;;;;;;;;;;;;;;;;;;;;;;;;;;;;;;;;;;;;;;;;;;;;;;;;;;;;;;;;;;;;;;;;;;;;;;;;;;;;;;;;;;;;;;;;;;;;;;;;;;;;;;;;;;strict_renda_liquida;regional;"renda liquida publicada em faixas compativeis; serie regional/local, nao comparar diretamente com Brasil"
irpf_aeb1941_1945_df_1933_1943_faixas;irpf_aeb1941_1945_df_1933_1943_faixas.csv;bracket_distribution;21;1934;1935;Distrito Federal;irpf_aeb1941_1945_df_1933_1943_faixas;1934;1935;Distrito Federal;F09;9;De mais de 250 a 300;250;300;0;29;7812;269393;28.998526;0.001474;Cr$;Cr$ 1.000;Cr$ 1.000;renda liquida;pessoas publicadas diretamente na tabela;Brasil. Instituto Brasileiro de Geografia e Estatistica. Anuario Estatistico do Brasil 1941-1945. Rio de Janeiro: IBGE, 1946, p. 496-497, tabela beta.;https://biblioteca.ibge.gov.br/visualizacao/periodicos/20/aeb_1941_1945.pdf;outputs/fontes-pedro-souza-irpf/aeb_1941_1945.pdf;"outputs/fontes-pedro-souza-irpf/aeb_1941_1945_paginas/pagina-501.png; outputs/fontes-pedro-souza-irpf/aeb_1941_1945_paginas/pagina-502.png";501-502;496-497;Tabela beta - Contribuintes no Distrito Federal e sua renda liquida por classes de renda - 1934/44;"Serie do Distrito Federal; nao comparar diretamente com a serie nacional. A tabela traz anos impressos 1934-1944; seguindo a regra dos Anuarios Estatisticos do Brasil usada no projeto, ano_calendario = ano_exercicio - 1.";;;;;;;;;;;;;;;;;;;;;;;;;;;;;;;;;;;;;;;;;;;;;;;;;;;;;;;;;;;;;;;;;;;;;;;;;;;;;;;;;;;;;;;;;;;;;;;;;;;;;;;;;;;;;;;;;;;;;;;;;;;;;;;;;;;;;;;;;;;;;;;;;;;;;;;;;;;;;;;;;;;;;;;;;;;;;;;;;;;;;;;;;;;;;;;;;;;;;;;;;;;;;;;;;;;;;;;;;;;;;;;;;;;;;;;;;;;;;;;;;;;;;;;;;;;;;;;;;;;;;;;;;;;;;;;;;;;;;;;;;;;;;;;;;;;;;;;;;;;;;;;;;;;;;;;;;;;;;;;;;;;;;;;;;;;;;;;;;;;;;;;;;;;;;;;;;;;;;;;;;strict_renda_liquida;regional;"renda liquida publicada em faixas compativeis; serie regional/local, nao comparar diretamente com Brasil"
irpf_aeb1941_1945_df_1933_1943_faixas;irpf_aeb1941_1945_df_1933_1943_faixas.csv;bracket_distribution;22;1934;1935;Distrito Federal;irpf_aeb1941_1945_df_1933_1943_faixas;1934;1935;Distrito Federal;F10;10;De mais de 300 a 400;300;400;0;33;11421;346084;33.000659;-0.000659;Cr$;Cr$ 1.000;Cr$ 1.000;renda liquida;pessoas publicadas diretamente na tabela;Brasil. Instituto Brasileiro de Geografia e Estatistica. Anuario Estatistico do Brasil 1941-1945. Rio de Janeiro: IBGE, 1946, p. 496-497, tabela beta.;https://biblioteca.ibge.gov.br/visualizacao/periodicos/20/aeb_1941_1945.pdf;outputs/fontes-pedro-souza-irpf/aeb_1941_1945.pdf;"outputs/fontes-pedro-souza-irpf/aeb_1941_1945_paginas/pagina-501.png; outputs/fontes-pedro-souza-irpf/aeb_1941_1945_paginas/pagina-502.png";501-502;496-497;Tabela beta - Contribuintes no Distrito Federal e sua renda liquida por classes de renda - 1934/44;"Serie do Distrito Federal; nao comparar diretamente com a serie nacional. A tabela traz anos impressos 1934-1944; seguindo a regra dos Anuarios Estatisticos do Brasil usada no projeto, ano_calendario = ano_exercicio - 1.";;;;;;;;;;;;;;;;;;;;;;;;;;;;;;;;;;;;;;;;;;;;;;;;;;;;;;;;;;;;;;;;;;;;;;;;;;;;;;;;;;;;;;;;;;;;;;;;;;;;;;;;;;;;;;;;;;;;;;;;;;;;;;;;;;;;;;;;;;;;;;;;;;;;;;;;;;;;;;;;;;;;;;;;;;;;;;;;;;;;;;;;;;;;;;;;;;;;;;;;;;;;;;;;;;;;;;;;;;;;;;;;;;;;;;;;;;;;;;;;;;;;;;;;;;;;;;;;;;;;;;;;;;;;;;;;;;;;;;;;;;;;;;;;;;;;;;;;;;;;;;;;;;;;;;;;;;;;;;;;;;;;;;;;;;;;;;;;;;;;;;;;;;;;;;;;;;;;;;;;;strict_renda_liquida;regional;"renda liquida publicada em faixas compativeis; serie regional/local, nao comparar diretamente com Brasil"
irpf_aeb1941_1945_df_1933_1943_faixas;irpf_aeb1941_1945_df_1933_1943_faixas.csv;bracket_distribution;23;1934;1935;Distrito Federal;irpf_aeb1941_1945_df_1933_1943_faixas;1934;1935;Distrito Federal;F11;11;De mais de 400 a 500;400;500;0;27;11937;442101;27.000618;-0.000618;Cr$;Cr$ 1.000;Cr$ 1.000;renda liquida;pessoas publicadas diretamente na tabela;Brasil. Instituto Brasileiro de Geografia e Estatistica. Anuario Estatistico do Brasil 1941-1945. Rio de Janeiro: IBGE, 1946, p. 496-497, tabela beta.;https://biblioteca.ibge.gov.br/visualizacao/periodicos/20/aeb_1941_1945.pdf;outputs/fontes-pedro-souza-irpf/aeb_1941_1945.pdf;"outputs/fontes-pedro-souza-irpf/aeb_1941_1945_paginas/pagina-501.png; outputs/fontes-pedro-souza-irpf/aeb_1941_1945_paginas/pagina-502.png";501-502;496-497;Tabela beta - Contribuintes no Distrito Federal e sua renda liquida por classes de renda - 1934/44;"Serie do Distrito Federal; nao comparar diretamente com a serie nacional. A tabela traz anos impressos 1934-1944; seguindo a regra dos Anuarios Estatisticos do Brasil usada no projeto, ano_calendario = ano_exercicio - 1.";;;;;;;;;;;;;;;;;;;;;;;;;;;;;;;;;;;;;;;;;;;;;;;;;;;;;;;;;;;;;;;;;;;;;;;;;;;;;;;;;;;;;;;;;;;;;;;;;;;;;;;;;;;;;;;;;;;;;;;;;;;;;;;;;;;;;;;;;;;;;;;;;;;;;;;;;;;;;;;;;;;;;;;;;;;;;;;;;;;;;;;;;;;;;;;;;;;;;;;;;;;;;;;;;;;;;;;;;;;;;;;;;;;;;;;;;;;;;;;;;;;;;;;;;;;;;;;;;;;;;;;;;;;;;;;;;;;;;;;;;;;;;;;;;;;;;;;;;;;;;;;;;;;;;;;;;;;;;;;;;;;;;;;;;;;;;;;;;;;;;;;;;;;;;;;;;;;;;;;;;strict_renda_liquida;regional;"renda liquida publicada em faixas compativeis; serie regional/local, nao comparar diretamente com Brasil"
irpf_aeb1941_1945_df_1933_1943_faixas;irpf_aeb1941_1945_df_1933_1943_faixas.csv;bracket_distribution;24;1934;1935;Distrito Federal;irpf_aeb1941_1945_df_1933_1943_faixas;1934;1935;Distrito Federal;F12;12;Mais de 500;500;;1;26;23427;901024;26.000417;-0.000417;Cr$;Cr$ 1.000;Cr$ 1.000;renda liquida;pessoas publicadas diretamente na tabela;Brasil. Instituto Brasileiro de Geografia e Estatistica. Anuario Estatistico do Brasil 1941-1945. Rio de Janeiro: IBGE, 1946, p. 496-497, tabela beta.;https://biblioteca.ibge.gov.br/visualizacao/periodicos/20/aeb_1941_1945.pdf;outputs/fontes-pedro-souza-irpf/aeb_1941_1945.pdf;"outputs/fontes-pedro-souza-irpf/aeb_1941_1945_paginas/pagina-501.png; outputs/fontes-pedro-souza-irpf/aeb_1941_1945_paginas/pagina-502.png";501-502;496-497;Tabela beta - Contribuintes no Distrito Federal e sua renda liquida por classes de renda - 1934/44;"Serie do Distrito Federal; nao comparar diretamente com a serie nacional. A tabela traz anos impressos 1934-1944; seguindo a regra dos Anuarios Estatisticos do Brasil usada no projeto, ano_calendario = ano_exercicio - 1.";;;;;;;;;;;;;;;;;;;;;;;;;;;;;;;;;;;;;;;;;;;;;;;;;;;;;;;;;;;;;;;;;;;;;;;;;;;;;;;;;;;;;;;;;;;;;;;;;;;;;;;;;;;;;;;;;;;;;;;;;;;;;;;;;;;;;;;;;;;;;;;;;;;;;;;;;;;;;;;;;;;;;;;;;;;;;;;;;;;;;;;;;;;;;;;;;;;;;;;;;;;;;;;;;;;;;;;;;;;;;;;;;;;;;;;;;;;;;;;;;;;;;;;;;;;;;;;;;;;;;;;;;;;;;;;;;;;;;;;;;;;;;;;;;;;;;;;;;;;;;;;;;;;;;;;;;;;;;;;;;;;;;;;;;;;;;;;;;;;;;;;;;;;;;;;;;;;;;;;;;strict_renda_liquida;regional;"renda liquida publicada em faixas compativeis; serie regional/local, nao comparar diretamente com Brasil"
irpf_aeb1941_1945_df_1933_1943_faixas;irpf_aeb1941_1945_df_1933_1943_faixas.csv;bracket_distribution;25;1935;1936;Distrito Federal;irpf_aeb1941_1945_df_1933_1943_faixas;1935;1936;Distrito Federal;F01;1;De mais de 12 a 20;12;20;0;6971;99311;14246;6971.149796;-0.149796;Cr$;Cr$ 1.000;Cr$ 1.000;renda liquida;pessoas publicadas diretamente na tabela;Brasil. Instituto Brasileiro de Geografia e Estatistica. Anuario Estatistico do Brasil 1941-1945. Rio de Janeiro: IBGE, 1946, p. 496-497, tabela beta.;https://biblioteca.ibge.gov.br/visualizacao/periodicos/20/aeb_1941_1945.pdf;outputs/fontes-pedro-souza-irpf/aeb_1941_1945.pdf;"outputs/fontes-pedro-souza-irpf/aeb_1941_1945_paginas/pagina-501.png; outputs/fontes-pedro-souza-irpf/aeb_1941_1945_paginas/pagina-502.png";501-502;496-497;Tabela beta - Contribuintes no Distrito Federal e sua renda liquida por classes de renda - 1934/44;"Serie do Distrito Federal; nao comparar diretamente com a serie nacional. A tabela traz anos impressos 1934-1944; seguindo a regra dos Anuarios Estatisticos do Brasil usada no projeto, ano_calendario = ano_exercicio - 1.";;;;;;;;;;;;;;;;;;;;;;;;;;;;;;;;;;;;;;;;;;;;;;;;;;;;;;;;;;;;;;;;;;;;;;;;;;;;;;;;;;;;;;;;;;;;;;;;;;;;;;;;;;;;;;;;;;;;;;;;;;;;;;;;;;;;;;;;;;;;;;;;;;;;;;;;;;;;;;;;;;;;;;;;;;;;;;;;;;;;;;;;;;;;;;;;;;;;;;;;;;;;;;;;;;;;;;;;;;;;;;;;;;;;;;;;;;;;;;;;;;;;;;;;;;;;;;;;;;;;;;;;;;;;;;;;;;;;;;;;;;;;;;;;;;;;;;;;;;;;;;;;;;;;;;;;;;;;;;;;;;;;;;;;;;;;;;;;;;;;;;;;;;;;;;;;;;;;;;;;;strict_renda_liquida;regional;"renda liquida publicada em faixas compativeis; serie regional/local, nao comparar diretamente com Brasil"
irpf_aeb1941_1945_df_1933_1943_faixas;irpf_aeb1941_1945_df_1933_1943_faixas.csv;bracket_distribution;26;1935;1936;Distrito Federal;irpf_aeb1941_1945_df_1933_1943_faixas;1935;1936;Distrito Federal;F02;2;De mais de 20 a 30;20;30;0;2794;68409;24484;2794.028753;-0.028753;Cr$;Cr$ 1.000;Cr$ 1.000;renda liquida;pessoas publicadas diretamente na tabela;Brasil. Instituto Brasileiro de Geografia e Estatistica. Anuario Estatistico do Brasil 1941-1945. Rio de Janeiro: IBGE, 1946, p. 496-497, tabela beta.;https://biblioteca.ibge.gov.br/visualizacao/periodicos/20/aeb_1941_1945.pdf;outputs/fontes-pedro-souza-irpf/aeb_1941_1945.pdf;"outputs/fontes-pedro-souza-irpf/aeb_1941_1945_paginas/pagina-501.png; outputs/fontes-pedro-souza-irpf/aeb_1941_1945_paginas/pagina-502.png";501-502;496-497;Tabela beta - Contribuintes no Distrito Federal e sua renda liquida por classes de renda - 1934/44;"Serie do Distrito Federal; nao comparar diretamente com a serie nacional. A tabela traz anos impressos 1934-1944; seguindo a regra dos Anuarios Estatisticos do Brasil usada no projeto, ano_calendario = ano_exercicio - 1.";;;;;;;;;;;;;;;;;;;;;;;;;;;;;;;;;;;;;;;;;;;;;;;;;;;;;;;;;;;;;;;;;;;;;;;;;;;;;;;;;;;;;;;;;;;;;;;;;;;;;;;;;;;;;;;;;;;;;;;;;;;;;;;;;;;;;;;;;;;;;;;;;;;;;;;;;;;;;;;;;;;;;;;;;;;;;;;;;;;;;;;;;;;;;;;;;;;;;;;;;;;;;;;;;;;;;;;;;;;;;;;;;;;;;;;;;;;;;;;;;;;;;;;;;;;;;;;;;;;;;;;;;;;;;;;;;;;;;;;;;;;;;;;;;;;;;;;;;;;;;;;;;;;;;;;;;;;;;;;;;;;;;;;;;;;;;;;;;;;;;;;;;;;;;;;;;;;;;;;;;strict_renda_liquida;regional;"renda liquida publicada em faixas compativeis; serie regional/local, nao comparar diretamente com Brasil"
irpf_aeb1941_1945_df_1933_1943_faixas;irpf_aeb1941_1945_df_1933_1943_faixas.csv;bracket_distribution;27;1935;1936;Distrito Federal;irpf_aeb1941_1945_df_1933_1943_faixas;1935;1936;Distrito Federal;F03;3;De mais de 30 a 60;30;60;0;2738;113012;41275;2738.025439;-0.025439;Cr$;Cr$ 1.000;Cr$ 1.000;renda liquida;pessoas publicadas diretamente na tabela;Brasil. Instituto Brasileiro de Geografia e Estatistica. Anuario Estatistico do Brasil 1941-1945. Rio de Janeiro: IBGE, 1946, p. 496-497, tabela beta.;https://biblioteca.ibge.gov.br/visualizacao/periodicos/20/aeb_1941_1945.pdf;outputs/fontes-pedro-souza-irpf/aeb_1941_1945.pdf;"outputs/fontes-pedro-souza-irpf/aeb_1941_1945_paginas/pagina-501.png; outputs/fontes-pedro-souza-irpf/aeb_1941_1945_paginas/pagina-502.png";501-502;496-497;Tabela beta - Contribuintes no Distrito Federal e sua renda liquida por classes de renda - 1934/44;"Serie do Distrito Federal; nao comparar diretamente com a serie nacional. A tabela traz anos impressos 1934-1944; seguindo a regra dos Anuarios Estatisticos do Brasil usada no projeto, ano_calendario = ano_exercicio - 1.";;;;;;;;;;;;;;;;;;;;;;;;;;;;;;;;;;;;;;;;;;;;;;;;;;;;;;;;;;;;;;;;;;;;;;;;;;;;;;;;;;;;;;;;;;;;;;;;;;;;;;;;;;;;;;;;;;;;;;;;;;;;;;;;;;;;;;;;;;;;;;;;;;;;;;;;;;;;;;;;;;;;;;;;;;;;;;;;;;;;;;;;;;;;;;;;;;;;;;;;;;;;;;;;;;;;;;;;;;;;;;;;;;;;;;;;;;;;;;;;;;;;;;;;;;;;;;;;;;;;;;;;;;;;;;;;;;;;;;;;;;;;;;;;;;;;;;;;;;;;;;;;;;;;;;;;;;;;;;;;;;;;;;;;;;;;;;;;;;;;;;;;;;;;;;;;;;;;;;;;;strict_renda_liquida;regional;"renda liquida publicada em faixas compativeis; serie regional/local, nao comparar diretamente com Brasil"
irpf_aeb1941_1945_df_1933_1943_faixas;irpf_aeb1941_1945_df_1933_1943_faixas.csv;bracket_distribution;28;1935;1936;Distrito Federal;irpf_aeb1941_1945_df_1933_1943_faixas;1935;1936;Distrito Federal;F04;4;De mais de 60 a 90;60;90;0;790;56966;72109;789.998475;0.001525;Cr$;Cr$ 1.000;Cr$ 1.000;renda liquida;pessoas publicadas diretamente na tabela;Brasil. Instituto Brasileiro de Geografia e Estatistica. Anuario Estatistico do Brasil 1941-1945. Rio de Janeiro: IBGE, 1946, p. 496-497, tabela beta.;https://biblioteca.ibge.gov.br/visualizacao/periodicos/20/aeb_1941_1945.pdf;outputs/fontes-pedro-souza-irpf/aeb_1941_1945.pdf;"outputs/fontes-pedro-souza-irpf/aeb_1941_1945_paginas/pagina-501.png; outputs/fontes-pedro-souza-irpf/aeb_1941_1945_paginas/pagina-502.png";501-502;496-497;Tabela beta - Contribuintes no Distrito Federal e sua renda liquida por classes de renda - 1934/44;"Serie do Distrito Federal; nao comparar diretamente com a serie nacional. A tabela traz anos impressos 1934-1944; seguindo a regra dos Anuarios Estatisticos do Brasil usada no projeto, ano_calendario = ano_exercicio - 1.";;;;;;;;;;;;;;;;;;;;;;;;;;;;;;;;;;;;;;;;;;;;;;;;;;;;;;;;;;;;;;;;;;;;;;;;;;;;;;;;;;;;;;;;;;;;;;;;;;;;;;;;;;;;;;;;;;;;;;;;;;;;;;;;;;;;;;;;;;;;;;;;;;;;;;;;;;;;;;;;;;;;;;;;;;;;;;;;;;;;;;;;;;;;;;;;;;;;;;;;;;;;;;;;;;;;;;;;;;;;;;;;;;;;;;;;;;;;;;;;;;;;;;;;;;;;;;;;;;;;;;;;;;;;;;;;;;;;;;;;;;;;;;;;;;;;;;;;;;;;;;;;;;;;;;;;;;;;;;;;;;;;;;;;;;;;;;;;;;;;;;;;;;;;;;;;;;;;;;;;;strict_renda_liquida;regional;"renda liquida publicada em faixas compativeis; serie regional/local, nao comparar diretamente com Brasil"
irpf_aeb1941_1945_df_1933_1943_faixas;irpf_aeb1941_1945_df_1933_1943_faixas.csv;bracket_distribution;29;1935;1936;Distrito Federal;irpf_aeb1941_1945_df_1933_1943_faixas;1935;1936;Distrito Federal;F05;5;De mais de 90 a 120;90;120;0;342;35604;104106;341.997579;0.002421;Cr$;Cr$ 1.000;Cr$ 1.000;renda liquida;pessoas publicadas diretamente na tabela;Brasil. Instituto Brasileiro de Geografia e Estatistica. Anuario Estatistico do Brasil 1941-1945. Rio de Janeiro: IBGE, 1946, p. 496-497, tabela beta.;https://biblioteca.ibge.gov.br/visualizacao/periodicos/20/aeb_1941_1945.pdf;outputs/fontes-pedro-souza-irpf/aeb_1941_1945.pdf;"outputs/fontes-pedro-souza-irpf/aeb_1941_1945_paginas/pagina-501.png; outputs/fontes-pedro-souza-irpf/aeb_1941_1945_paginas/pagina-502.png";501-502;496-497;Tabela beta - Contribuintes no Distrito Federal e sua renda liquida por classes de renda - 1934/44;"Serie do Distrito Federal; nao comparar diretamente com a serie nacional. A tabela traz anos impressos 1934-1944; seguindo a regra dos Anuarios Estatisticos do Brasil usada no projeto, ano_calendario = ano_exercicio - 1.";;;;;;;;;;;;;;;;;;;;;;;;;;;;;;;;;;;;;;;;;;;;;;;;;;;;;;;;;;;;;;;;;;;;;;;;;;;;;;;;;;;;;;;;;;;;;;;;;;;;;;;;;;;;;;;;;;;;;;;;;;;;;;;;;;;;;;;;;;;;;;;;;;;;;;;;;;;;;;;;;;;;;;;;;;;;;;;;;;;;;;;;;;;;;;;;;;;;;;;;;;;;;;;;;;;;;;;;;;;;;;;;;;;;;;;;;;;;;;;;;;;;;;;;;;;;;;;;;;;;;;;;;;;;;;;;;;;;;;;;;;;;;;;;;;;;;;;;;;;;;;;;;;;;;;;;;;;;;;;;;;;;;;;;;;;;;;;;;;;;;;;;;;;;;;;;;;;;;;;;;strict_renda_liquida;regional;"renda liquida publicada em faixas compativeis; serie regional/local, nao comparar diretamente com Brasil"
irpf_aeb1941_1945_df_1933_1943_faixas;irpf_aeb1941_1945_df_1933_1943_faixas.csv;bracket_distribution;30;1935;1936;Distrito Federal;irpf_aeb1941_1945_df_1933_1943_faixas;1935;1936;Distrito Federal;F06;6;De mais de 120 a 150;120;150;0;186;24710;132851;185.997847;0.002153;Cr$;Cr$ 1.000;Cr$ 1.000;renda liquida;pessoas publicadas diretamente na tabela;Brasil. Instituto Brasileiro de Geografia e Estatistica. Anuario Estatistico do Brasil 1941-1945. Rio de Janeiro: IBGE, 1946, p. 496-497, tabela beta.;https://biblioteca.ibge.gov.br/visualizacao/periodicos/20/aeb_1941_1945.pdf;outputs/fontes-pedro-souza-irpf/aeb_1941_1945.pdf;"outputs/fontes-pedro-souza-irpf/aeb_1941_1945_paginas/pagina-501.png; outputs/fontes-pedro-souza-irpf/aeb_1941_1945_paginas/pagina-502.png";501-502;496-497;Tabela beta - Contribuintes no Distrito Federal e sua renda liquida por classes de renda - 1934/44;"Serie do Distrito Federal; nao comparar diretamente com a serie nacional. A tabela traz anos impressos 1934-1944; seguindo a regra dos Anuarios Estatisticos do Brasil usada no projeto, ano_calendario = ano_exercicio - 1.";;;;;;;;;;;;;;;;;;;;;;;;;;;;;;;;;;;;;;;;;;;;;;;;;;;;;;;;;;;;;;;;;;;;;;;;;;;;;;;;;;;;;;;;;;;;;;;;;;;;;;;;;;;;;;;;;;;;;;;;;;;;;;;;;;;;;;;;;;;;;;;;;;;;;;;;;;;;;;;;;;;;;;;;;;;;;;;;;;;;;;;;;;;;;;;;;;;;;;;;;;;;;;;;;;;;;;;;;;;;;;;;;;;;;;;;;;;;;;;;;;;;;;;;;;;;;;;;;;;;;;;;;;;;;;;;;;;;;;;;;;;;;;;;;;;;;;;;;;;;;;;;;;;;;;;;;;;;;;;;;;;;;;;;;;;;;;;;;;;;;;;;;;;;;;;;;;;;;;;;;strict_renda_liquida;regional;"renda liquida publicada em faixas compativeis; serie regional/local, nao comparar diretamente com Brasil"
irpf_aeb1941_1945_df_1933_1943_faixas;irpf_aeb1941_1945_df_1933_1943_faixas.csv;bracket_distribution;31;1935;1936;Distrito Federal;irpf_aeb1941_1945_df_1933_1943_faixas;1935;1936;Distrito Federal;F07;7;De mais de 150 a 200;150;200;0;180;30683;170459;180.002229;-0.002229;Cr$;Cr$ 1.000;Cr$ 1.000;renda liquida;pessoas publicadas diretamente na tabela;Brasil. Instituto Brasileiro de Geografia e Estatistica. Anuario Estatistico do Brasil 1941-1945. Rio de Janeiro: IBGE, 1946, p. 496-497, tabela beta.;https://biblioteca.ibge.gov.br/visualizacao/periodicos/20/aeb_1941_1945.pdf;outputs/fontes-pedro-souza-irpf/aeb_1941_1945.pdf;"outputs/fontes-pedro-souza-irpf/aeb_1941_1945_paginas/pagina-501.png; outputs/fontes-pedro-souza-irpf/aeb_1941_1945_paginas/pagina-502.png";501-502;496-497;Tabela beta - Contribuintes no Distrito Federal e sua renda liquida por classes de renda - 1934/44;"Serie do Distrito Federal; nao comparar diretamente com a serie nacional. A tabela traz anos impressos 1934-1944; seguindo a regra dos Anuarios Estatisticos do Brasil usada no projeto, ano_calendario = ano_exercicio - 1.";;;;;;;;;;;;;;;;;;;;;;;;;;;;;;;;;;;;;;;;;;;;;;;;;;;;;;;;;;;;;;;;;;;;;;;;;;;;;;;;;;;;;;;;;;;;;;;;;;;;;;;;;;;;;;;;;;;;;;;;;;;;;;;;;;;;;;;;;;;;;;;;;;;;;;;;;;;;;;;;;;;;;;;;;;;;;;;;;;;;;;;;;;;;;;;;;;;;;;;;;;;;;;;;;;;;;;;;;;;;;;;;;;;;;;;;;;;;;;;;;;;;;;;;;;;;;;;;;;;;;;;;;;;;;;;;;;;;;;;;;;;;;;;;;;;;;;;;;;;;;;;;;;;;;;;;;;;;;;;;;;;;;;;;;;;;;;;;;;;;;;;;;;;;;;;;;;;;;;;;;strict_renda_liquida;regional;"renda liquida publicada em faixas compativeis; serie regional/local, nao comparar diretamente com Brasil"
irpf_aeb1941_1945_df_1933_1943_faixas;irpf_aeb1941_1945_df_1933_1943_faixas.csv;bracket_distribution;32;1935;1936;Distrito Federal;irpf_aeb1941_1945_df_1933_1943_faixas;1935;1936;Distrito Federal;F08;8;De mais de 200 a 250;200;250;0;83;18706;225379;82.997972;0.002028;Cr$;Cr$ 1.000;Cr$ 1.000;renda liquida;pessoas publicadas diretamente na tabela;Brasil. Instituto Brasileiro de Geografia e Estatistica. Anuario Estatistico do Brasil 1941-1945. Rio de Janeiro: IBGE, 1946, p. 496-497, tabela beta.;https://biblioteca.ibge.gov.br/visualizacao/periodicos/20/aeb_1941_1945.pdf;outputs/fontes-pedro-souza-irpf/aeb_1941_1945.pdf;"outputs/fontes-pedro-souza-irpf/aeb_1941_1945_paginas/pagina-501.png; outputs/fontes-pedro-souza-irpf/aeb_1941_1945_paginas/pagina-502.png";501-502;496-497;Tabela beta - Contribuintes no Distrito Federal e sua renda liquida por classes de renda - 1934/44;"Serie do Distrito Federal; nao comparar diretamente com a serie nacional. A tabela traz anos impressos 1934-1944; seguindo a regra dos Anuarios Estatisticos do Brasil usada no projeto, ano_calendario = ano_exercicio - 1.";;;;;;;;;;;;;;;;;;;;;;;;;;;;;;;;;;;;;;;;;;;;;;;;;;;;;;;;;;;;;;;;;;;;;;;;;;;;;;;;;;;;;;;;;;;;;;;;;;;;;;;;;;;;;;;;;;;;;;;;;;;;;;;;;;;;;;;;;;;;;;;;;;;;;;;;;;;;;;;;;;;;;;;;;;;;;;;;;;;;;;;;;;;;;;;;;;;;;;;;;;;;;;;;;;;;;;;;;;;;;;;;;;;;;;;;;;;;;;;;;;;;;;;;;;;;;;;;;;;;;;;;;;;;;;;;;;;;;;;;;;;;;;;;;;;;;;;;;;;;;;;;;;;;;;;;;;;;;;;;;;;;;;;;;;;;;;;;;;;;;;;;;;;;;;;;;;;;;;;;;strict_renda_liquida;regional;"renda liquida publicada em faixas compativeis; serie regional/local, nao comparar diretamente com Brasil"
irpf_aeb1941_1945_df_1933_1943_faixas;irpf_aeb1941_1945_df_1933_1943_faixas.csv;bracket_distribution;33;1935;1936;Distrito Federal;irpf_aeb1941_1945_df_1933_1943_faixas;1935;1936;Distrito Federal;F09;9;De mais de 250 a 300;250;300;0;40;10837;270927;39.999705;0.000295;Cr$;Cr$ 1.000;Cr$ 1.000;renda liquida;pessoas publicadas diretamente na tabela;Brasil. Instituto Brasileiro de Geografia e Estatistica. Anuario Estatistico do Brasil 1941-1945. Rio de Janeiro: IBGE, 1946, p. 496-497, tabela beta.;https://biblioteca.ibge.gov.br/visualizacao/periodicos/20/aeb_1941_1945.pdf;outputs/fontes-pedro-souza-irpf/aeb_1941_1945.pdf;"outputs/fontes-pedro-souza-irpf/aeb_1941_1945_paginas/pagina-501.png; outputs/fontes-pedro-souza-irpf/aeb_1941_1945_paginas/pagina-502.png";501-502;496-497;Tabela beta - Contribuintes no Distrito Federal e sua renda liquida por classes de renda - 1934/44;"Serie do Distrito Federal; nao comparar diretamente com a serie nacional. A tabela traz anos impressos 1934-1944; seguindo a regra dos Anuarios Estatisticos do Brasil usada no projeto, ano_calendario = ano_exercicio - 1.";;;;;;;;;;;;;;;;;;;;;;;;;;;;;;;;;;;;;;;;;;;;;;;;;;;;;;;;;;;;;;;;;;;;;;;;;;;;;;;;;;;;;;;;;;;;;;;;;;;;;;;;;;;;;;;;;;;;;;;;;;;;;;;;;;;;;;;;;;;;;;;;;;;;;;;;;;;;;;;;;;;;;;;;;;;;;;;;;;;;;;;;;;;;;;;;;;;;;;;;;;;;;;;;;;;;;;;;;;;;;;;;;;;;;;;;;;;;;;;;;;;;;;;;;;;;;;;;;;;;;;;;;;;;;;;;;;;;;;;;;;;;;;;;;;;;;;;;;;;;;;;;;;;;;;;;;;;;;;;;;;;;;;;;;;;;;;;;;;;;;;;;;;;;;;;;;;;;;;;;;strict_renda_liquida;regional;"renda liquida publicada em faixas compativeis; serie regional/local, nao comparar diretamente com Brasil"
irpf_aeb1941_1945_df_1933_1943_faixas;irpf_aeb1941_1945_df_1933_1943_faixas.csv;bracket_distribution;34;1935;1936;Distrito Federal;irpf_aeb1941_1945_df_1933_1943_faixas;1935;1936;Distrito Federal;F10;10;De mais de 300 a 400;300;400;0;43;14479;336717;43.000502;-0.000502;Cr$;Cr$ 1.000;Cr$ 1.000;renda liquida;pessoas publicadas diretamente na tabela;Brasil. Instituto Brasileiro de Geografia e Estatistica. Anuario Estatistico do Brasil 1941-1945. Rio de Janeiro: IBGE, 1946, p. 496-497, tabela beta.;https://biblioteca.ibge.gov.br/visualizacao/periodicos/20/aeb_1941_1945.pdf;outputs/fontes-pedro-souza-irpf/aeb_1941_1945.pdf;"outputs/fontes-pedro-souza-irpf/aeb_1941_1945_paginas/pagina-501.png; outputs/fontes-pedro-souza-irpf/aeb_1941_1945_paginas/pagina-502.png";501-502;496-497;Tabela beta - Contribuintes no Distrito Federal e sua renda liquida por classes de renda - 1934/44;"Serie do Distrito Federal; nao comparar diretamente com a serie nacional. A tabela traz anos impressos 1934-1944; seguindo a regra dos Anuarios Estatisticos do Brasil usada no projeto, ano_calendario = ano_exercicio - 1.";;;;;;;;;;;;;;;;;;;;;;;;;;;;;;;;;;;;;;;;;;;;;;;;;;;;;;;;;;;;;;;;;;;;;;;;;;;;;;;;;;;;;;;;;;;;;;;;;;;;;;;;;;;;;;;;;;;;;;;;;;;;;;;;;;;;;;;;;;;;;;;;;;;;;;;;;;;;;;;;;;;;;;;;;;;;;;;;;;;;;;;;;;;;;;;;;;;;;;;;;;;;;;;;;;;;;;;;;;;;;;;;;;;;;;;;;;;;;;;;;;;;;;;;;;;;;;;;;;;;;;;;;;;;;;;;;;;;;;;;;;;;;;;;;;;;;;;;;;;;;;;;;;;;;;;;;;;;;;;;;;;;;;;;;;;;;;;;;;;;;;;;;;;;;;;;;;;;;;;;;strict_renda_liquida;regional;"renda liquida publicada em faixas compativeis; serie regional/local, nao comparar diretamente com Brasil"
irpf_aeb1941_1945_df_1933_1943_faixas;irpf_aeb1941_1945_df_1933_1943_faixas.csv;bracket_distribution;35;1935;1936;Distrito Federal;irpf_aeb1941_1945_df_1933_1943_faixas;1935;1936;Distrito Federal;F11;11;De mais de 400 a 500;400;500;0;39;17467;447862;39.000853;-0.000853;Cr$;Cr$ 1.000;Cr$ 1.000;renda liquida;pessoas publicadas diretamente na tabela;Brasil. Instituto Brasileiro de Geografia e Estatistica. Anuario Estatistico do Brasil 1941-1945. Rio de Janeiro: IBGE, 1946, p. 496-497, tabela beta.;https://biblioteca.ibge.gov.br/visualizacao/periodicos/20/aeb_1941_1945.pdf;outputs/fontes-pedro-souza-irpf/aeb_1941_1945.pdf;"outputs/fontes-pedro-souza-irpf/aeb_1941_1945_paginas/pagina-501.png; outputs/fontes-pedro-souza-irpf/aeb_1941_1945_paginas/pagina-502.png";501-502;496-497;Tabela beta - Contribuintes no Distrito Federal e sua renda liquida por classes de renda - 1934/44;"Serie do Distrito Federal; nao comparar diretamente com a serie nacional. A tabela traz anos impressos 1934-1944; seguindo a regra dos Anuarios Estatisticos do Brasil usada no projeto, ano_calendario = ano_exercicio - 1.";;;;;;;;;;;;;;;;;;;;;;;;;;;;;;;;;;;;;;;;;;;;;;;;;;;;;;;;;;;;;;;;;;;;;;;;;;;;;;;;;;;;;;;;;;;;;;;;;;;;;;;;;;;;;;;;;;;;;;;;;;;;;;;;;;;;;;;;;;;;;;;;;;;;;;;;;;;;;;;;;;;;;;;;;;;;;;;;;;;;;;;;;;;;;;;;;;;;;;;;;;;;;;;;;;;;;;;;;;;;;;;;;;;;;;;;;;;;;;;;;;;;;;;;;;;;;;;;;;;;;;;;;;;;;;;;;;;;;;;;;;;;;;;;;;;;;;;;;;;;;;;;;;;;;;;;;;;;;;;;;;;;;;;;;;;;;;;;;;;;;;;;;;;;;;;;;;;;;;;;;strict_renda_liquida;regional;"renda liquida publicada em faixas compativeis; serie regional/local, nao comparar diretamente com Brasil"
irpf_aeb1941_1945_df_1933_1943_faixas;irpf_aeb1941_1945_df_1933_1943_faixas.csv;bracket_distribution;36;1935;1936;Distrito Federal;irpf_aeb1941_1945_df_1933_1943_faixas;1935;1936;Distrito Federal;F12;12;Mais de 500;500;;1;35;32927;940768;35.000128;-0.000128;Cr$;Cr$ 1.000;Cr$ 1.000;renda liquida;pessoas publicadas diretamente na tabela;Brasil. Instituto Brasileiro de Geografia e Estatistica. Anuario Estatistico do Brasil 1941-1945. Rio de Janeiro: IBGE, 1946, p. 496-497, tabela beta.;https://biblioteca.ibge.gov.br/visualizacao/periodicos/20/aeb_1941_1945.pdf;outputs/fontes-pedro-souza-irpf/aeb_1941_1945.pdf;"outputs/fontes-pedro-souza-irpf/aeb_1941_1945_paginas/pagina-501.png; outputs/fontes-pedro-souza-irpf/aeb_1941_1945_paginas/pagina-502.png";501-502;496-497;Tabela beta - Contribuintes no Distrito Federal e sua renda liquida por classes de renda - 1934/44;"Serie do Distrito Federal; nao comparar diretamente com a serie nacional. A tabela traz anos impressos 1934-1944; seguindo a regra dos Anuarios Estatisticos do Brasil usada no projeto, ano_calendario = ano_exercicio - 1.";;;;;;;;;;;;;;;;;;;;;;;;;;;;;;;;;;;;;;;;;;;;;;;;;;;;;;;;;;;;;;;;;;;;;;;;;;;;;;;;;;;;;;;;;;;;;;;;;;;;;;;;;;;;;;;;;;;;;;;;;;;;;;;;;;;;;;;;;;;;;;;;;;;;;;;;;;;;;;;;;;;;;;;;;;;;;;;;;;;;;;;;;;;;;;;;;;;;;;;;;;;;;;;;;;;;;;;;;;;;;;;;;;;;;;;;;;;;;;;;;;;;;;;;;;;;;;;;;;;;;;;;;;;;;;;;;;;;;;;;;;;;;;;;;;;;;;;;;;;;;;;;;;;;;;;;;;;;;;;;;;;;;;;;;;;;;;;;;;;;;;;;;;;;;;;;;;;;;;;;;strict_renda_liquida;regional;"renda liquida publicada em faixas compativeis; serie regional/local, nao comparar diretamente com Brasil"
irpf_aeb1941_1945_df_1933_1943_faixas;irpf_aeb1941_1945_df_1933_1943_faixas.csv;bracket_distribution;37;1936;1937;Distrito Federal;irpf_aeb1941_1945_df_1933_1943_faixas;1936;1937;Distrito Federal;F01;1;De mais de 12 a 20;12;20;0;7697;110294;14329;7697.25731;-0.25731;Cr$;Cr$ 1.000;Cr$ 1.000;renda liquida;pessoas publicadas diretamente na tabela;Brasil. Instituto Brasileiro de Geografia e Estatistica. Anuario Estatistico do Brasil 1941-1945. Rio de Janeiro: IBGE, 1946, p. 496-497, tabela beta.;https://biblioteca.ibge.gov.br/visualizacao/periodicos/20/aeb_1941_1945.pdf;outputs/fontes-pedro-souza-irpf/aeb_1941_1945.pdf;"outputs/fontes-pedro-souza-irpf/aeb_1941_1945_paginas/pagina-501.png; outputs/fontes-pedro-souza-irpf/aeb_1941_1945_paginas/pagina-502.png";501-502;496-497;Tabela beta - Contribuintes no Distrito Federal e sua renda liquida por classes de renda - 1934/44;"Serie do Distrito Federal; nao comparar diretamente com a serie nacional. A tabela traz anos impressos 1934-1944; seguindo a regra dos Anuarios Estatisticos do Brasil usada no projeto, ano_calendario = ano_exercicio - 1.";;;;;;;;;;;;;;;;;;;;;;;;;;;;;;;;;;;;;;;;;;;;;;;;;;;;;;;;;;;;;;;;;;;;;;;;;;;;;;;;;;;;;;;;;;;;;;;;;;;;;;;;;;;;;;;;;;;;;;;;;;;;;;;;;;;;;;;;;;;;;;;;;;;;;;;;;;;;;;;;;;;;;;;;;;;;;;;;;;;;;;;;;;;;;;;;;;;;;;;;;;;;;;;;;;;;;;;;;;;;;;;;;;;;;;;;;;;;;;;;;;;;;;;;;;;;;;;;;;;;;;;;;;;;;;;;;;;;;;;;;;;;;;;;;;;;;;;;;;;;;;;;;;;;;;;;;;;;;;;;;;;;;;;;;;;;;;;;;;;;;;;;;;;;;;;;;;;;;;;;;strict_renda_liquida;regional;"renda liquida publicada em faixas compativeis; serie regional/local, nao comparar diretamente com Brasil"
irpf_aeb1941_1945_df_1933_1943_faixas;irpf_aeb1941_1945_df_1933_1943_faixas.csv;bracket_distribution;38;1936;1937;Distrito Federal;irpf_aeb1941_1945_df_1933_1943_faixas;1936;1937;Distrito Federal;F02;2;De mais de 20 a 30;20;30;0;3331;81297;24406;3331.025158;-0.025158;Cr$;Cr$ 1.000;Cr$ 1.000;renda liquida;pessoas publicadas diretamente na tabela;Brasil. Instituto Brasileiro de Geografia e Estatistica. Anuario Estatistico do Brasil 1941-1945. Rio de Janeiro: IBGE, 1946, p. 496-497, tabela beta.;https://biblioteca.ibge.gov.br/visualizacao/periodicos/20/aeb_1941_1945.pdf;outputs/fontes-pedro-souza-irpf/aeb_1941_1945.pdf;"outputs/fontes-pedro-souza-irpf/aeb_1941_1945_paginas/pagina-501.png; outputs/fontes-pedro-souza-irpf/aeb_1941_1945_paginas/pagina-502.png";501-502;496-497;Tabela beta - Contribuintes no Distrito Federal e sua renda liquida por classes de renda - 1934/44;"Serie do Distrito Federal; nao comparar diretamente com a serie nacional. A tabela traz anos impressos 1934-1944; seguindo a regra dos Anuarios Estatisticos do Brasil usada no projeto, ano_calendario = ano_exercicio - 1.";;;;;;;;;;;;;;;;;;;;;;;;;;;;;;;;;;;;;;;;;;;;;;;;;;;;;;;;;;;;;;;;;;;;;;;;;;;;;;;;;;;;;;;;;;;;;;;;;;;;;;;;;;;;;;;;;;;;;;;;;;;;;;;;;;;;;;;;;;;;;;;;;;;;;;;;;;;;;;;;;;;;;;;;;;;;;;;;;;;;;;;;;;;;;;;;;;;;;;;;;;;;;;;;;;;;;;;;;;;;;;;;;;;;;;;;;;;;;;;;;;;;;;;;;;;;;;;;;;;;;;;;;;;;;;;;;;;;;;;;;;;;;;;;;;;;;;;;;;;;;;;;;;;;;;;;;;;;;;;;;;;;;;;;;;;;;;;;;;;;;;;;;;;;;;;;;;;;;;;;;strict_renda_liquida;regional;"renda liquida publicada em faixas compativeis; serie regional/local, nao comparar diretamente com Brasil"
irpf_aeb1941_1945_df_1933_1943_faixas;irpf_aeb1941_1945_df_1933_1943_faixas.csv;bracket_distribution;39;1936;1937;Distrito Federal;irpf_aeb1941_1945_df_1933_1943_faixas;1936;1937;Distrito Federal;F03;3;De mais de 30 a 60;30;60;0;3252;134104;41237;3252.030943;-0.030943;Cr$;Cr$ 1.000;Cr$ 1.000;renda liquida;pessoas publicadas diretamente na tabela;Brasil. Instituto Brasileiro de Geografia e Estatistica. Anuario Estatistico do Brasil 1941-1945. Rio de Janeiro: IBGE, 1946, p. 496-497, tabela beta.;https://biblioteca.ibge.gov.br/visualizacao/periodicos/20/aeb_1941_1945.pdf;outputs/fontes-pedro-souza-irpf/aeb_1941_1945.pdf;"outputs/fontes-pedro-souza-irpf/aeb_1941_1945_paginas/pagina-501.png; outputs/fontes-pedro-souza-irpf/aeb_1941_1945_paginas/pagina-502.png";501-502;496-497;Tabela beta - Contribuintes no Distrito Federal e sua renda liquida por classes de renda - 1934/44;"Serie do Distrito Federal; nao comparar diretamente com a serie nacional. A tabela traz anos impressos 1934-1944; seguindo a regra dos Anuarios Estatisticos do Brasil usada no projeto, ano_calendario = ano_exercicio - 1.";;;;;;;;;;;;;;;;;;;;;;;;;;;;;;;;;;;;;;;;;;;;;;;;;;;;;;;;;;;;;;;;;;;;;;;;;;;;;;;;;;;;;;;;;;;;;;;;;;;;;;;;;;;;;;;;;;;;;;;;;;;;;;;;;;;;;;;;;;;;;;;;;;;;;;;;;;;;;;;;;;;;;;;;;;;;;;;;;;;;;;;;;;;;;;;;;;;;;;;;;;;;;;;;;;;;;;;;;;;;;;;;;;;;;;;;;;;;;;;;;;;;;;;;;;;;;;;;;;;;;;;;;;;;;;;;;;;;;;;;;;;;;;;;;;;;;;;;;;;;;;;;;;;;;;;;;;;;;;;;;;;;;;;;;;;;;;;;;;;;;;;;;;;;;;;;;;;;;;;;;strict_renda_liquida;regional;"renda liquida publicada em faixas compativeis; serie regional/local, nao comparar diretamente com Brasil"
irpf_aeb1941_1945_df_1933_1943_faixas;irpf_aeb1941_1945_df_1933_1943_faixas.csv;bracket_distribution;40;1936;1937;Distrito Federal;irpf_aeb1941_1945_df_1933_1943_faixas;1936;1937;Distrito Federal;F04;4;De mais de 60 a 90;60;90;0;904;65642;72613;903.997907;0.002093;Cr$;Cr$ 1.000;Cr$ 1.000;renda liquida;pessoas publicadas diretamente na tabela;Brasil. Instituto Brasileiro de Geografia e Estatistica. Anuario Estatistico do Brasil 1941-1945. Rio de Janeiro: IBGE, 1946, p. 496-497, tabela beta.;https://biblioteca.ibge.gov.br/visualizacao/periodicos/20/aeb_1941_1945.pdf;outputs/fontes-pedro-souza-irpf/aeb_1941_1945.pdf;"outputs/fontes-pedro-souza-irpf/aeb_1941_1945_paginas/pagina-501.png; outputs/fontes-pedro-souza-irpf/aeb_1941_1945_paginas/pagina-502.png";501-502;496-497;Tabela beta - Contribuintes no Distrito Federal e sua renda liquida por classes de renda - 1934/44;"Serie do Distrito Federal; nao comparar diretamente com a serie nacional. A tabela traz anos impressos 1934-1944; seguindo a regra dos Anuarios Estatisticos do Brasil usada no projeto, ano_calendario = ano_exercicio - 1.";;;;;;;;;;;;;;;;;;;;;;;;;;;;;;;;;;;;;;;;;;;;;;;;;;;;;;;;;;;;;;;;;;;;;;;;;;;;;;;;;;;;;;;;;;;;;;;;;;;;;;;;;;;;;;;;;;;;;;;;;;;;;;;;;;;;;;;;;;;;;;;;;;;;;;;;;;;;;;;;;;;;;;;;;;;;;;;;;;;;;;;;;;;;;;;;;;;;;;;;;;;;;;;;;;;;;;;;;;;;;;;;;;;;;;;;;;;;;;;;;;;;;;;;;;;;;;;;;;;;;;;;;;;;;;;;;;;;;;;;;;;;;;;;;;;;;;;;;;;;;;;;;;;;;;;;;;;;;;;;;;;;;;;;;;;;;;;;;;;;;;;;;;;;;;;;;;;;;;;;;strict_renda_liquida;regional;"renda liquida publicada em faixas compativeis; serie regional/local, nao comparar diretamente com Brasil"
irpf_aeb1941_1945_df_1933_1943_faixas;irpf_aeb1941_1945_df_1933_1943_faixas.csv;bracket_distribution;41;1936;1937;Distrito Federal;irpf_aeb1941_1945_df_1933_1943_faixas;1936;1937;Distrito Federal;F05;5;De mais de 90 a 120;90;120;0;406;41764;102868;405.996034;0.003966;Cr$;Cr$ 1.000;Cr$ 1.000;renda liquida;pessoas publicadas diretamente na tabela;Brasil. Instituto Brasileiro de Geografia e Estatistica. Anuario Estatistico do Brasil 1941-1945. Rio de Janeiro: IBGE, 1946, p. 496-497, tabela beta.;https://biblioteca.ibge.gov.br/visualizacao/periodicos/20/aeb_1941_1945.pdf;outputs/fontes-pedro-souza-irpf/aeb_1941_1945.pdf;"outputs/fontes-pedro-souza-irpf/aeb_1941_1945_paginas/pagina-501.png; outputs/fontes-pedro-souza-irpf/aeb_1941_1945_paginas/pagina-502.png";501-502;496-497;Tabela beta - Contribuintes no Distrito Federal e sua renda liquida por classes de renda - 1934/44;"Serie do Distrito Federal; nao comparar diretamente com a serie nacional. A tabela traz anos impressos 1934-1944; seguindo a regra dos Anuarios Estatisticos do Brasil usada no projeto, ano_calendario = ano_exercicio - 1.";;;;;;;;;;;;;;;;;;;;;;;;;;;;;;;;;;;;;;;;;;;;;;;;;;;;;;;;;;;;;;;;;;;;;;;;;;;;;;;;;;;;;;;;;;;;;;;;;;;;;;;;;;;;;;;;;;;;;;;;;;;;;;;;;;;;;;;;;;;;;;;;;;;;;;;;;;;;;;;;;;;;;;;;;;;;;;;;;;;;;;;;;;;;;;;;;;;;;;;;;;;;;;;;;;;;;;;;;;;;;;;;;;;;;;;;;;;;;;;;;;;;;;;;;;;;;;;;;;;;;;;;;;;;;;;;;;;;;;;;;;;;;;;;;;;;;;;;;;;;;;;;;;;;;;;;;;;;;;;;;;;;;;;;;;;;;;;;;;;;;;;;;;;;;;;;;;;;;;;;;strict_renda_liquida;regional;"renda liquida publicada em faixas compativeis; serie regional/local, nao comparar diretamente com Brasil"
irpf_aeb1941_1945_df_1933_1943_faixas;irpf_aeb1941_1945_df_1933_1943_faixas.csv;bracket_distribution;42;1936;1937;Distrito Federal;irpf_aeb1941_1945_df_1933_1943_faixas;1936;1937;Distrito Federal;F06;6;De mais de 120 a 150;120;150;0;178;23700;133146;178.00009;-9e-05;Cr$;Cr$ 1.000;Cr$ 1.000;renda liquida;pessoas publicadas diretamente na tabela;Brasil. Instituto Brasileiro de Geografia e Estatistica. Anuario Estatistico do Brasil 1941-1945. Rio de Janeiro: IBGE, 1946, p. 496-497, tabela beta.;https://biblioteca.ibge.gov.br/visualizacao/periodicos/20/aeb_1941_1945.pdf;outputs/fontes-pedro-souza-irpf/aeb_1941_1945.pdf;"outputs/fontes-pedro-souza-irpf/aeb_1941_1945_paginas/pagina-501.png; outputs/fontes-pedro-souza-irpf/aeb_1941_1945_paginas/pagina-502.png";501-502;496-497;Tabela beta - Contribuintes no Distrito Federal e sua renda liquida por classes de renda - 1934/44;"Serie do Distrito Federal; nao comparar diretamente com a serie nacional. A tabela traz anos impressos 1934-1944; seguindo a regra dos Anuarios Estatisticos do Brasil usada no projeto, ano_calendario = ano_exercicio - 1.";;;;;;;;;;;;;;;;;;;;;;;;;;;;;;;;;;;;;;;;;;;;;;;;;;;;;;;;;;;;;;;;;;;;;;;;;;;;;;;;;;;;;;;;;;;;;;;;;;;;;;;;;;;;;;;;;;;;;;;;;;;;;;;;;;;;;;;;;;;;;;;;;;;;;;;;;;;;;;;;;;;;;;;;;;;;;;;;;;;;;;;;;;;;;;;;;;;;;;;;;;;;;;;;;;;;;;;;;;;;;;;;;;;;;;;;;;;;;;;;;;;;;;;;;;;;;;;;;;;;;;;;;;;;;;;;;;;;;;;;;;;;;;;;;;;;;;;;;;;;;;;;;;;;;;;;;;;;;;;;;;;;;;;;;;;;;;;;;;;;;;;;;;;;;;;;;;;;;;;;;strict_renda_liquida;regional;"renda liquida publicada em faixas compativeis; serie regional/local, nao comparar diretamente com Brasil"
irpf_aeb1941_1945_df_1933_1943_faixas;irpf_aeb1941_1945_df_1933_1943_faixas.csv;bracket_distribution;43;1936;1937;Distrito Federal;irpf_aeb1941_1945_df_1933_1943_faixas;1936;1937;Distrito Federal;F07;7;De mais de 150 a 200;150;200;0;156;26763;171560;155.997902;0.002098;Cr$;Cr$ 1.000;Cr$ 1.000;renda liquida;pessoas publicadas diretamente na tabela;Brasil. Instituto Brasileiro de Geografia e Estatistica. Anuario Estatistico do Brasil 1941-1945. Rio de Janeiro: IBGE, 1946, p. 496-497, tabela beta.;https://biblioteca.ibge.gov.br/visualizacao/periodicos/20/aeb_1941_1945.pdf;outputs/fontes-pedro-souza-irpf/aeb_1941_1945.pdf;"outputs/fontes-pedro-souza-irpf/aeb_1941_1945_paginas/pagina-501.png; outputs/fontes-pedro-souza-irpf/aeb_1941_1945_paginas/pagina-502.png";501-502;496-497;Tabela beta - Contribuintes no Distrito Federal e sua renda liquida por classes de renda - 1934/44;"Serie do Distrito Federal; nao comparar diretamente com a serie nacional. A tabela traz anos impressos 1934-1944; seguindo a regra dos Anuarios Estatisticos do Brasil usada no projeto, ano_calendario = ano_exercicio - 1.";;;;;;;;;;;;;;;;;;;;;;;;;;;;;;;;;;;;;;;;;;;;;;;;;;;;;;;;;;;;;;;;;;;;;;;;;;;;;;;;;;;;;;;;;;;;;;;;;;;;;;;;;;;;;;;;;;;;;;;;;;;;;;;;;;;;;;;;;;;;;;;;;;;;;;;;;;;;;;;;;;;;;;;;;;;;;;;;;;;;;;;;;;;;;;;;;;;;;;;;;;;;;;;;;;;;;;;;;;;;;;;;;;;;;;;;;;;;;;;;;;;;;;;;;;;;;;;;;;;;;;;;;;;;;;;;;;;;;;;;;;;;;;;;;;;;;;;;;;;;;;;;;;;;;;;;;;;;;;;;;;;;;;;;;;;;;;;;;;;;;;;;;;;;;;;;;;;;;;;;;strict_renda_liquida;regional;"renda liquida publicada em faixas compativeis; serie regional/local, nao comparar diretamente com Brasil"
irpf_aeb1941_1945_df_1933_1943_faixas;irpf_aeb1941_1945_df_1933_1943_faixas.csv;bracket_distribution;44;1936;1937;Distrito Federal;irpf_aeb1941_1945_df_1933_1943_faixas;1936;1937;Distrito Federal;F08;8;De mais de 200 a 250;200;250;0;61;13592;222820;60.99991;9e-05;Cr$;Cr$ 1.000;Cr$ 1.000;renda liquida;pessoas publicadas diretamente na tabela;Brasil. Instituto Brasileiro de Geografia e Estatistica. Anuario Estatistico do Brasil 1941-1945. Rio de Janeiro: IBGE, 1946, p. 496-497, tabela beta.;https://biblioteca.ibge.gov.br/visualizacao/periodicos/20/aeb_1941_1945.pdf;outputs/fontes-pedro-souza-irpf/aeb_1941_1945.pdf;"outputs/fontes-pedro-souza-irpf/aeb_1941_1945_paginas/pagina-501.png; outputs/fontes-pedro-souza-irpf/aeb_1941_1945_paginas/pagina-502.png";501-502;496-497;Tabela beta - Contribuintes no Distrito Federal e sua renda liquida por classes de renda - 1934/44;"Serie do Distrito Federal; nao comparar diretamente com a serie nacional. A tabela traz anos impressos 1934-1944; seguindo a regra dos Anuarios Estatisticos do Brasil usada no projeto, ano_calendario = ano_exercicio - 1.";;;;;;;;;;;;;;;;;;;;;;;;;;;;;;;;;;;;;;;;;;;;;;;;;;;;;;;;;;;;;;;;;;;;;;;;;;;;;;;;;;;;;;;;;;;;;;;;;;;;;;;;;;;;;;;;;;;;;;;;;;;;;;;;;;;;;;;;;;;;;;;;;;;;;;;;;;;;;;;;;;;;;;;;;;;;;;;;;;;;;;;;;;;;;;;;;;;;;;;;;;;;;;;;;;;;;;;;;;;;;;;;;;;;;;;;;;;;;;;;;;;;;;;;;;;;;;;;;;;;;;;;;;;;;;;;;;;;;;;;;;;;;;;;;;;;;;;;;;;;;;;;;;;;;;;;;;;;;;;;;;;;;;;;;;;;;;;;;;;;;;;;;;;;;;;;;;;;;;;;;strict_renda_liquida;regional;"renda liquida publicada em faixas compativeis; serie regional/local, nao comparar diretamente com Brasil"
irpf_aeb1941_1945_df_1933_1943_faixas;irpf_aeb1941_1945_df_1933_1943_faixas.csv;bracket_distribution;45;1936;1937;Distrito Federal;irpf_aeb1941_1945_df_1933_1943_faixas;1936;1937;Distrito Federal;F09;9;De mais de 250 a 300;250;300;0;51;13823;271046;50.998723;0.001277;Cr$;Cr$ 1.000;Cr$ 1.000;renda liquida;pessoas publicadas diretamente na tabela;Brasil. Instituto Brasileiro de Geografia e Estatistica. Anuario Estatistico do Brasil 1941-1945. Rio de Janeiro: IBGE, 1946, p. 496-497, tabela beta.;https://biblioteca.ibge.gov.br/visualizacao/periodicos/20/aeb_1941_1945.pdf;outputs/fontes-pedro-souza-irpf/aeb_1941_1945.pdf;"outputs/fontes-pedro-souza-irpf/aeb_1941_1945_paginas/pagina-501.png; outputs/fontes-pedro-souza-irpf/aeb_1941_1945_paginas/pagina-502.png";501-502;496-497;Tabela beta - Contribuintes no Distrito Federal e sua renda liquida por classes de renda - 1934/44;"Serie do Distrito Federal; nao comparar diretamente com a serie nacional. A tabela traz anos impressos 1934-1944; seguindo a regra dos Anuarios Estatisticos do Brasil usada no projeto, ano_calendario = ano_exercicio - 1.";;;;;;;;;;;;;;;;;;;;;;;;;;;;;;;;;;;;;;;;;;;;;;;;;;;;;;;;;;;;;;;;;;;;;;;;;;;;;;;;;;;;;;;;;;;;;;;;;;;;;;;;;;;;;;;;;;;;;;;;;;;;;;;;;;;;;;;;;;;;;;;;;;;;;;;;;;;;;;;;;;;;;;;;;;;;;;;;;;;;;;;;;;;;;;;;;;;;;;;;;;;;;;;;;;;;;;;;;;;;;;;;;;;;;;;;;;;;;;;;;;;;;;;;;;;;;;;;;;;;;;;;;;;;;;;;;;;;;;;;;;;;;;;;;;;;;;;;;;;;;;;;;;;;;;;;;;;;;;;;;;;;;;;;;;;;;;;;;;;;;;;;;;;;;;;;;;;;;;;;;strict_renda_liquida;regional;"renda liquida publicada em faixas compativeis; serie regional/local, nao comparar diretamente com Brasil"
irpf_aeb1941_1945_df_1933_1943_faixas;irpf_aeb1941_1945_df_1933_1943_faixas.csv;bracket_distribution;46;1936;1937;Distrito Federal;irpf_aeb1941_1945_df_1933_1943_faixas;1936;1937;Distrito Federal;F10;10;De mais de 300 a 400;300;400;0;47;15740;334895;46.999806;0.000194;Cr$;Cr$ 1.000;Cr$ 1.000;renda liquida;pessoas publicadas diretamente na tabela;Brasil. Instituto Brasileiro de Geografia e Estatistica. Anuario Estatistico do Brasil 1941-1945. Rio de Janeiro: IBGE, 1946, p. 496-497, tabela beta.;https://biblioteca.ibge.gov.br/visualizacao/periodicos/20/aeb_1941_1945.pdf;outputs/fontes-pedro-souza-irpf/aeb_1941_1945.pdf;"outputs/fontes-pedro-souza-irpf/aeb_1941_1945_paginas/pagina-501.png; outputs/fontes-pedro-souza-irpf/aeb_1941_1945_paginas/pagina-502.png";501-502;496-497;Tabela beta - Contribuintes no Distrito Federal e sua renda liquida por classes de renda - 1934/44;"Serie do Distrito Federal; nao comparar diretamente com a serie nacional. A tabela traz anos impressos 1934-1944; seguindo a regra dos Anuarios Estatisticos do Brasil usada no projeto, ano_calendario = ano_exercicio - 1.";;;;;;;;;;;;;;;;;;;;;;;;;;;;;;;;;;;;;;;;;;;;;;;;;;;;;;;;;;;;;;;;;;;;;;;;;;;;;;;;;;;;;;;;;;;;;;;;;;;;;;;;;;;;;;;;;;;;;;;;;;;;;;;;;;;;;;;;;;;;;;;;;;;;;;;;;;;;;;;;;;;;;;;;;;;;;;;;;;;;;;;;;;;;;;;;;;;;;;;;;;;;;;;;;;;;;;;;;;;;;;;;;;;;;;;;;;;;;;;;;;;;;;;;;;;;;;;;;;;;;;;;;;;;;;;;;;;;;;;;;;;;;;;;;;;;;;;;;;;;;;;;;;;;;;;;;;;;;;;;;;;;;;;;;;;;;;;;;;;;;;;;;;;;;;;;;;;;;;;;;strict_renda_liquida;regional;"renda liquida publicada em faixas compativeis; serie regional/local, nao comparar diretamente com Brasil"
irpf_aeb1941_1945_df_1933_1943_faixas;irpf_aeb1941_1945_df_1933_1943_faixas.csv;bracket_distribution;47;1936;1937;Distrito Federal;irpf_aeb1941_1945_df_1933_1943_faixas;1936;1937;Distrito Federal;F11;11;De mais de 400 a 500;400;500;0;24;10572;440509;23.99951;0.00049;Cr$;Cr$ 1.000;Cr$ 1.000;renda liquida;pessoas publicadas diretamente na tabela;Brasil. Instituto Brasileiro de Geografia e Estatistica. Anuario Estatistico do Brasil 1941-1945. Rio de Janeiro: IBGE, 1946, p. 496-497, tabela beta.;https://biblioteca.ibge.gov.br/visualizacao/periodicos/20/aeb_1941_1945.pdf;outputs/fontes-pedro-souza-irpf/aeb_1941_1945.pdf;"outputs/fontes-pedro-souza-irpf/aeb_1941_1945_paginas/pagina-501.png; outputs/fontes-pedro-souza-irpf/aeb_1941_1945_paginas/pagina-502.png";501-502;496-497;Tabela beta - Contribuintes no Distrito Federal e sua renda liquida por classes de renda - 1934/44;"Serie do Distrito Federal; nao comparar diretamente com a serie nacional. A tabela traz anos impressos 1934-1944; seguindo a regra dos Anuarios Estatisticos do Brasil usada no projeto, ano_calendario = ano_exercicio - 1.";;;;;;;;;;;;;;;;;;;;;;;;;;;;;;;;;;;;;;;;;;;;;;;;;;;;;;;;;;;;;;;;;;;;;;;;;;;;;;;;;;;;;;;;;;;;;;;;;;;;;;;;;;;;;;;;;;;;;;;;;;;;;;;;;;;;;;;;;;;;;;;;;;;;;;;;;;;;;;;;;;;;;;;;;;;;;;;;;;;;;;;;;;;;;;;;;;;;;;;;;;;;;;;;;;;;;;;;;;;;;;;;;;;;;;;;;;;;;;;;;;;;;;;;;;;;;;;;;;;;;;;;;;;;;;;;;;;;;;;;;;;;;;;;;;;;;;;;;;;;;;;;;;;;;;;;;;;;;;;;;;;;;;;;;;;;;;;;;;;;;;;;;;;;;;;;;;;;;;;;;strict_renda_liquida;regional;"renda liquida publicada em faixas compativeis; serie regional/local, nao comparar diretamente com Brasil"
irpf_aeb1941_1945_df_1933_1943_faixas;irpf_aeb1941_1945_df_1933_1943_faixas.csv;bracket_distribution;48;1936;1937;Distrito Federal;irpf_aeb1941_1945_df_1933_1943_faixas;1936;1937;Distrito Federal;F12;12;Mais de 500;500;;1;30;23378;779270;29.999872;0.000128;Cr$;Cr$ 1.000;Cr$ 1.000;renda liquida;pessoas publicadas diretamente na tabela;Brasil. Instituto Brasileiro de Geografia e Estatistica. Anuario Estatistico do Brasil 1941-1945. Rio de Janeiro: IBGE, 1946, p. 496-497, tabela beta.;https://biblioteca.ibge.gov.br/visualizacao/periodicos/20/aeb_1941_1945.pdf;outputs/fontes-pedro-souza-irpf/aeb_1941_1945.pdf;"outputs/fontes-pedro-souza-irpf/aeb_1941_1945_paginas/pagina-501.png; outputs/fontes-pedro-souza-irpf/aeb_1941_1945_paginas/pagina-502.png";501-502;496-497;Tabela beta - Contribuintes no Distrito Federal e sua renda liquida por classes de renda - 1934/44;"Serie do Distrito Federal; nao comparar diretamente com a serie nacional. A tabela traz anos impressos 1934-1944; seguindo a regra dos Anuarios Estatisticos do Brasil usada no projeto, ano_calendario = ano_exercicio - 1.";;;;;;;;;;;;;;;;;;;;;;;;;;;;;;;;;;;;;;;;;;;;;;;;;;;;;;;;;;;;;;;;;;;;;;;;;;;;;;;;;;;;;;;;;;;;;;;;;;;;;;;;;;;;;;;;;;;;;;;;;;;;;;;;;;;;;;;;;;;;;;;;;;;;;;;;;;;;;;;;;;;;;;;;;;;;;;;;;;;;;;;;;;;;;;;;;;;;;;;;;;;;;;;;;;;;;;;;;;;;;;;;;;;;;;;;;;;;;;;;;;;;;;;;;;;;;;;;;;;;;;;;;;;;;;;;;;;;;;;;;;;;;;;;;;;;;;;;;;;;;;;;;;;;;;;;;;;;;;;;;;;;;;;;;;;;;;;;;;;;;;;;;;;;;;;;;;;;;;;;;strict_renda_liquida;regional;"renda liquida publicada em faixas compativeis; serie regional/local, nao comparar diretamente com Brasil"
irpf_aeb1941_1945_df_1933_1943_faixas;irpf_aeb1941_1945_df_1933_1943_faixas.csv;bracket_distribution;49;1937;1938;Distrito Federal;irpf_aeb1941_1945_df_1933_1943_faixas;1937;1938;Distrito Federal;F01;1;De mais de 12 a 20;12;20;0;9349;133853;14317;9349.235175;-0.235175;Cr$;Cr$ 1.000;Cr$ 1.000;renda liquida;pessoas publicadas diretamente na tabela;Brasil. Instituto Brasileiro de Geografia e Estatistica. Anuario Estatistico do Brasil 1941-1945. Rio de Janeiro: IBGE, 1946, p. 496-497, tabela beta.;https://biblioteca.ibge.gov.br/visualizacao/periodicos/20/aeb_1941_1945.pdf;outputs/fontes-pedro-souza-irpf/aeb_1941_1945.pdf;"outputs/fontes-pedro-souza-irpf/aeb_1941_1945_paginas/pagina-501.png; outputs/fontes-pedro-souza-irpf/aeb_1941_1945_paginas/pagina-502.png";501-502;496-497;Tabela beta - Contribuintes no Distrito Federal e sua renda liquida por classes de renda - 1934/44;"Serie do Distrito Federal; nao comparar diretamente com a serie nacional. A tabela traz anos impressos 1934-1944; seguindo a regra dos Anuarios Estatisticos do Brasil usada no projeto, ano_calendario = ano_exercicio - 1.";;;;;;;;;;;;;;;;;;;;;;;;;;;;;;;;;;;;;;;;;;;;;;;;;;;;;;;;;;;;;;;;;;;;;;;;;;;;;;;;;;;;;;;;;;;;;;;;;;;;;;;;;;;;;;;;;;;;;;;;;;;;;;;;;;;;;;;;;;;;;;;;;;;;;;;;;;;;;;;;;;;;;;;;;;;;;;;;;;;;;;;;;;;;;;;;;;;;;;;;;;;;;;;;;;;;;;;;;;;;;;;;;;;;;;;;;;;;;;;;;;;;;;;;;;;;;;;;;;;;;;;;;;;;;;;;;;;;;;;;;;;;;;;;;;;;;;;;;;;;;;;;;;;;;;;;;;;;;;;;;;;;;;;;;;;;;;;;;;;;;;;;;;;;;;;;;;;;;;;;;strict_renda_liquida;regional;"renda liquida publicada em faixas compativeis; serie regional/local, nao comparar diretamente com Brasil"
irpf_aeb1941_1945_df_1933_1943_faixas;irpf_aeb1941_1945_df_1933_1943_faixas.csv;bracket_distribution;50;1937;1938;Distrito Federal;irpf_aeb1941_1945_df_1933_1943_faixas;1937;1938;Distrito Federal;F02;2;De mais de 20 a 30;20;30;0;3953;96895;24512;3952.961815;0.038185;Cr$;Cr$ 1.000;Cr$ 1.000;renda liquida;pessoas publicadas diretamente na tabela;Brasil. Instituto Brasileiro de Geografia e Estatistica. Anuario Estatistico do Brasil 1941-1945. Rio de Janeiro: IBGE, 1946, p. 496-497, tabela beta.;https://biblioteca.ibge.gov.br/visualizacao/periodicos/20/aeb_1941_1945.pdf;outputs/fontes-pedro-souza-irpf/aeb_1941_1945.pdf;"outputs/fontes-pedro-souza-irpf/aeb_1941_1945_paginas/pagina-501.png; outputs/fontes-pedro-souza-irpf/aeb_1941_1945_paginas/pagina-502.png";501-502;496-497;Tabela beta - Contribuintes no Distrito Federal e sua renda liquida por classes de renda - 1934/44;"Serie do Distrito Federal; nao comparar diretamente com a serie nacional. A tabela traz anos impressos 1934-1944; seguindo a regra dos Anuarios Estatisticos do Brasil usada no projeto, ano_calendario = ano_exercicio - 1.";;;;;;;;;;;;;;;;;;;;;;;;;;;;;;;;;;;;;;;;;;;;;;;;;;;;;;;;;;;;;;;;;;;;;;;;;;;;;;;;;;;;;;;;;;;;;;;;;;;;;;;;;;;;;;;;;;;;;;;;;;;;;;;;;;;;;;;;;;;;;;;;;;;;;;;;;;;;;;;;;;;;;;;;;;;;;;;;;;;;;;;;;;;;;;;;;;;;;;;;;;;;;;;;;;;;;;;;;;;;;;;;;;;;;;;;;;;;;;;;;;;;;;;;;;;;;;;;;;;;;;;;;;;;;;;;;;;;;;;;;;;;;;;;;;;;;;;;;;;;;;;;;;;;;;;;;;;;;;;;;;;;;;;;;;;;;;;;;;;;;;;;;;;;;;;;;;;;;;;;;strict_renda_liquida;regional;"renda liquida publicada em faixas compativeis; serie regional/local, nao comparar diretamente com Brasil"
irpf_aeb1941_1945_df_1933_1943_faixas;irpf_aeb1941_1945_df_1933_1943_faixas.csv;bracket_distribution;51;1937;1938;Distrito Federal;irpf_aeb1941_1945_df_1933_1943_faixas;1937;1938;Distrito Federal;F03;3;De mais de 30 a 60;30;60;0;3802;157911;41534;3801.969471;0.030529;Cr$;Cr$ 1.000;Cr$ 1.000;renda liquida;pessoas publicadas diretamente na tabela;Brasil. Instituto Brasileiro de Geografia e Estatistica. Anuario Estatistico do Brasil 1941-1945. Rio de Janeiro: IBGE, 1946, p. 496-497, tabela beta.;https://biblioteca.ibge.gov.br/visualizacao/periodicos/20/aeb_1941_1945.pdf;outputs/fontes-pedro-souza-irpf/aeb_1941_1945.pdf;"outputs/fontes-pedro-souza-irpf/aeb_1941_1945_paginas/pagina-501.png; outputs/fontes-pedro-souza-irpf/aeb_1941_1945_paginas/pagina-502.png";501-502;496-497;Tabela beta - Contribuintes no Distrito Federal e sua renda liquida por classes de renda - 1934/44;"Serie do Distrito Federal; nao comparar diretamente com a serie nacional. A tabela traz anos impressos 1934-1944; seguindo a regra dos Anuarios Estatisticos do Brasil usada no projeto, ano_calendario = ano_exercicio - 1.";;;;;;;;;;;;;;;;;;;;;;;;;;;;;;;;;;;;;;;;;;;;;;;;;;;;;;;;;;;;;;;;;;;;;;;;;;;;;;;;;;;;;;;;;;;;;;;;;;;;;;;;;;;;;;;;;;;;;;;;;;;;;;;;;;;;;;;;;;;;;;;;;;;;;;;;;;;;;;;;;;;;;;;;;;;;;;;;;;;;;;;;;;;;;;;;;;;;;;;;;;;;;;;;;;;;;;;;;;;;;;;;;;;;;;;;;;;;;;;;;;;;;;;;;;;;;;;;;;;;;;;;;;;;;;;;;;;;;;;;;;;;;;;;;;;;;;;;;;;;;;;;;;;;;;;;;;;;;;;;;;;;;;;;;;;;;;;;;;;;;;;;;;;;;;;;;;;;;;;;;strict_renda_liquida;regional;"renda liquida publicada em faixas compativeis; serie regional/local, nao comparar diretamente com Brasil"
irpf_aeb1941_1945_df_1933_1943_faixas;irpf_aeb1941_1945_df_1933_1943_faixas.csv;bracket_distribution;52;1937;1938;Distrito Federal;irpf_aeb1941_1945_df_1933_1943_faixas;1937;1938;Distrito Federal;F04;4;De mais de 60 a 90;60;90;0;1103;80565;73042;1102.995537;0.004463;Cr$;Cr$ 1.000;Cr$ 1.000;renda liquida;pessoas publicadas diretamente na tabela;Brasil. Instituto Brasileiro de Geografia e Estatistica. Anuario Estatistico do Brasil 1941-1945. Rio de Janeiro: IBGE, 1946, p. 496-497, tabela beta.;https://biblioteca.ibge.gov.br/visualizacao/periodicos/20/aeb_1941_1945.pdf;outputs/fontes-pedro-souza-irpf/aeb_1941_1945.pdf;"outputs/fontes-pedro-souza-irpf/aeb_1941_1945_paginas/pagina-501.png; outputs/fontes-pedro-souza-irpf/aeb_1941_1945_paginas/pagina-502.png";501-502;496-497;Tabela beta - Contribuintes no Distrito Federal e sua renda liquida por classes de renda - 1934/44;"Serie do Distrito Federal; nao comparar diretamente com a serie nacional. A tabela traz anos impressos 1934-1944; seguindo a regra dos Anuarios Estatisticos do Brasil usada no projeto, ano_calendario = ano_exercicio - 1.";;;;;;;;;;;;;;;;;;;;;;;;;;;;;;;;;;;;;;;;;;;;;;;;;;;;;;;;;;;;;;;;;;;;;;;;;;;;;;;;;;;;;;;;;;;;;;;;;;;;;;;;;;;;;;;;;;;;;;;;;;;;;;;;;;;;;;;;;;;;;;;;;;;;;;;;;;;;;;;;;;;;;;;;;;;;;;;;;;;;;;;;;;;;;;;;;;;;;;;;;;;;;;;;;;;;;;;;;;;;;;;;;;;;;;;;;;;;;;;;;;;;;;;;;;;;;;;;;;;;;;;;;;;;;;;;;;;;;;;;;;;;;;;;;;;;;;;;;;;;;;;;;;;;;;;;;;;;;;;;;;;;;;;;;;;;;;;;;;;;;;;;;;;;;;;;;;;;;;;;;strict_renda_liquida;regional;"renda liquida publicada em faixas compativeis; serie regional/local, nao comparar diretamente com Brasil"
irpf_aeb1941_1945_df_1933_1943_faixas;irpf_aeb1941_1945_df_1933_1943_faixas.csv;bracket_distribution;53;1937;1938;Distrito Federal;irpf_aeb1941_1945_df_1933_1943_faixas;1937;1938;Distrito Federal;F05;5;De mais de 90 a 120;90;120;0;480;49393;102902;480.000389;-0.000389;Cr$;Cr$ 1.000;Cr$ 1.000;renda liquida;pessoas publicadas diretamente na tabela;Brasil. Instituto Brasileiro de Geografia e Estatistica. Anuario Estatistico do Brasil 1941-1945. Rio de Janeiro: IBGE, 1946, p. 496-497, tabela beta.;https://biblioteca.ibge.gov.br/visualizacao/periodicos/20/aeb_1941_1945.pdf;outputs/fontes-pedro-souza-irpf/aeb_1941_1945.pdf;"outputs/fontes-pedro-souza-irpf/aeb_1941_1945_paginas/pagina-501.png; outputs/fontes-pedro-souza-irpf/aeb_1941_1945_paginas/pagina-502.png";501-502;496-497;Tabela beta - Contribuintes no Distrito Federal e sua renda liquida por classes de renda - 1934/44;"Serie do Distrito Federal; nao comparar diretamente com a serie nacional. A tabela traz anos impressos 1934-1944; seguindo a regra dos Anuarios Estatisticos do Brasil usada no projeto, ano_calendario = ano_exercicio - 1.";;;;;;;;;;;;;;;;;;;;;;;;;;;;;;;;;;;;;;;;;;;;;;;;;;;;;;;;;;;;;;;;;;;;;;;;;;;;;;;;;;;;;;;;;;;;;;;;;;;;;;;;;;;;;;;;;;;;;;;;;;;;;;;;;;;;;;;;;;;;;;;;;;;;;;;;;;;;;;;;;;;;;;;;;;;;;;;;;;;;;;;;;;;;;;;;;;;;;;;;;;;;;;;;;;;;;;;;;;;;;;;;;;;;;;;;;;;;;;;;;;;;;;;;;;;;;;;;;;;;;;;;;;;;;;;;;;;;;;;;;;;;;;;;;;;;;;;;;;;;;;;;;;;;;;;;;;;;;;;;;;;;;;;;;;;;;;;;;;;;;;;;;;;;;;;;;;;;;;;;;strict_renda_liquida;regional;"renda liquida publicada em faixas compativeis; serie regional/local, nao comparar diretamente com Brasil"
irpf_aeb1941_1945_df_1933_1943_faixas;irpf_aeb1941_1945_df_1933_1943_faixas.csv;bracket_distribution;54;1937;1938;Distrito Federal;irpf_aeb1941_1945_df_1933_1943_faixas;1937;1938;Distrito Federal;F06;6;De mais de 120 a 150;120;150;0;251;33589;133822;250.997594;0.002406;Cr$;Cr$ 1.000;Cr$ 1.000;renda liquida;pessoas publicadas diretamente na tabela;Brasil. Instituto Brasileiro de Geografia e Estatistica. Anuario Estatistico do Brasil 1941-1945. Rio de Janeiro: IBGE, 1946, p. 496-497, tabela beta.;https://biblioteca.ibge.gov.br/visualizacao/periodicos/20/aeb_1941_1945.pdf;outputs/fontes-pedro-souza-irpf/aeb_1941_1945.pdf;"outputs/fontes-pedro-souza-irpf/aeb_1941_1945_paginas/pagina-501.png; outputs/fontes-pedro-souza-irpf/aeb_1941_1945_paginas/pagina-502.png";501-502;496-497;Tabela beta - Contribuintes no Distrito Federal e sua renda liquida por classes de renda - 1934/44;"Serie do Distrito Federal; nao comparar diretamente com a serie nacional. A tabela traz anos impressos 1934-1944; seguindo a regra dos Anuarios Estatisticos do Brasil usada no projeto, ano_calendario = ano_exercicio - 1.";;;;;;;;;;;;;;;;;;;;;;;;;;;;;;;;;;;;;;;;;;;;;;;;;;;;;;;;;;;;;;;;;;;;;;;;;;;;;;;;;;;;;;;;;;;;;;;;;;;;;;;;;;;;;;;;;;;;;;;;;;;;;;;;;;;;;;;;;;;;;;;;;;;;;;;;;;;;;;;;;;;;;;;;;;;;;;;;;;;;;;;;;;;;;;;;;;;;;;;;;;;;;;;;;;;;;;;;;;;;;;;;;;;;;;;;;;;;;;;;;;;;;;;;;;;;;;;;;;;;;;;;;;;;;;;;;;;;;;;;;;;;;;;;;;;;;;;;;;;;;;;;;;;;;;;;;;;;;;;;;;;;;;;;;;;;;;;;;;;;;;;;;;;;;;;;;;;;;;;;;strict_renda_liquida;regional;"renda liquida publicada em faixas compativeis; serie regional/local, nao comparar diretamente com Brasil"
irpf_aeb1941_1945_df_1933_1943_faixas;irpf_aeb1941_1945_df_1933_1943_faixas.csv;bracket_distribution;55;1937;1938;Distrito Federal;irpf_aeb1941_1945_df_1933_1943_faixas;1937;1938;Distrito Federal;F07;7;De mais de 150 a 200;150;200;0;238;40693;170980;237.998596;0.001404;Cr$;Cr$ 1.000;Cr$ 1.000;renda liquida;pessoas publicadas diretamente na tabela;Brasil. Instituto Brasileiro de Geografia e Estatistica. Anuario Estatistico do Brasil 1941-1945. Rio de Janeiro: IBGE, 1946, p. 496-497, tabela beta.;https://biblioteca.ibge.gov.br/visualizacao/periodicos/20/aeb_1941_1945.pdf;outputs/fontes-pedro-souza-irpf/aeb_1941_1945.pdf;"outputs/fontes-pedro-souza-irpf/aeb_1941_1945_paginas/pagina-501.png; outputs/fontes-pedro-souza-irpf/aeb_1941_1945_paginas/pagina-502.png";501-502;496-497;Tabela beta - Contribuintes no Distrito Federal e sua renda liquida por classes de renda - 1934/44;"Serie do Distrito Federal; nao comparar diretamente com a serie nacional. A tabela traz anos impressos 1934-1944; seguindo a regra dos Anuarios Estatisticos do Brasil usada no projeto, ano_calendario = ano_exercicio - 1.";;;;;;;;;;;;;;;;;;;;;;;;;;;;;;;;;;;;;;;;;;;;;;;;;;;;;;;;;;;;;;;;;;;;;;;;;;;;;;;;;;;;;;;;;;;;;;;;;;;;;;;;;;;;;;;;;;;;;;;;;;;;;;;;;;;;;;;;;;;;;;;;;;;;;;;;;;;;;;;;;;;;;;;;;;;;;;;;;;;;;;;;;;;;;;;;;;;;;;;;;;;;;;;;;;;;;;;;;;;;;;;;;;;;;;;;;;;;;;;;;;;;;;;;;;;;;;;;;;;;;;;;;;;;;;;;;;;;;;;;;;;;;;;;;;;;;;;;;;;;;;;;;;;;;;;;;;;;;;;;;;;;;;;;;;;;;;;;;;;;;;;;;;;;;;;;;;;;;;;;;strict_renda_liquida;regional;"renda liquida publicada em faixas compativeis; serie regional/local, nao comparar diretamente com Brasil"
irpf_aeb1941_1945_df_1933_1943_faixas;irpf_aeb1941_1945_df_1933_1943_faixas.csv;bracket_distribution;56;1937;1938;Distrito Federal;irpf_aeb1941_1945_df_1933_1943_faixas;1937;1938;Distrito Federal;F08;8;De mais de 200 a 250;200;250;0;119;26396;221818;118.998458;0.001542;Cr$;Cr$ 1.000;Cr$ 1.000;renda liquida;pessoas publicadas diretamente na tabela;Brasil. Instituto Brasileiro de Geografia e Estatistica. Anuario Estatistico do Brasil 1941-1945. Rio de Janeiro: IBGE, 1946, p. 496-497, tabela beta.;https://biblioteca.ibge.gov.br/visualizacao/periodicos/20/aeb_1941_1945.pdf;outputs/fontes-pedro-souza-irpf/aeb_1941_1945.pdf;"outputs/fontes-pedro-souza-irpf/aeb_1941_1945_paginas/pagina-501.png; outputs/fontes-pedro-souza-irpf/aeb_1941_1945_paginas/pagina-502.png";501-502;496-497;Tabela beta - Contribuintes no Distrito Federal e sua renda liquida por classes de renda - 1934/44;"Serie do Distrito Federal; nao comparar diretamente com a serie nacional. A tabela traz anos impressos 1934-1944; seguindo a regra dos Anuarios Estatisticos do Brasil usada no projeto, ano_calendario = ano_exercicio - 1.";;;;;;;;;;;;;;;;;;;;;;;;;;;;;;;;;;;;;;;;;;;;;;;;;;;;;;;;;;;;;;;;;;;;;;;;;;;;;;;;;;;;;;;;;;;;;;;;;;;;;;;;;;;;;;;;;;;;;;;;;;;;;;;;;;;;;;;;;;;;;;;;;;;;;;;;;;;;;;;;;;;;;;;;;;;;;;;;;;;;;;;;;;;;;;;;;;;;;;;;;;;;;;;;;;;;;;;;;;;;;;;;;;;;;;;;;;;;;;;;;;;;;;;;;;;;;;;;;;;;;;;;;;;;;;;;;;;;;;;;;;;;;;;;;;;;;;;;;;;;;;;;;;;;;;;;;;;;;;;;;;;;;;;;;;;;;;;;;;;;;;;;;;;;;;;;;;;;;;;;;strict_renda_liquida;regional;"renda liquida publicada em faixas compativeis; serie regional/local, nao comparar diretamente com Brasil"
irpf_aeb1941_1945_df_1933_1943_faixas;irpf_aeb1941_1945_df_1933_1943_faixas.csv;bracket_distribution;57;1937;1938;Distrito Federal;irpf_aeb1941_1945_df_1933_1943_faixas;1937;1938;Distrito Federal;F09;9;De mais de 250 a 300;250;300;0;88;23919;271804;88.000912;-0.000912;Cr$;Cr$ 1.000;Cr$ 1.000;renda liquida;pessoas publicadas diretamente na tabela;Brasil. Instituto Brasileiro de Geografia e Estatistica. Anuario Estatistico do Brasil 1941-1945. Rio de Janeiro: IBGE, 1946, p. 496-497, tabela beta.;https://biblioteca.ibge.gov.br/visualizacao/periodicos/20/aeb_1941_1945.pdf;outputs/fontes-pedro-souza-irpf/aeb_1941_1945.pdf;"outputs/fontes-pedro-souza-irpf/aeb_1941_1945_paginas/pagina-501.png; outputs/fontes-pedro-souza-irpf/aeb_1941_1945_paginas/pagina-502.png";501-502;496-497;Tabela beta - Contribuintes no Distrito Federal e sua renda liquida por classes de renda - 1934/44;"Serie do Distrito Federal; nao comparar diretamente com a serie nacional. A tabela traz anos impressos 1934-1944; seguindo a regra dos Anuarios Estatisticos do Brasil usada no projeto, ano_calendario = ano_exercicio - 1.";;;;;;;;;;;;;;;;;;;;;;;;;;;;;;;;;;;;;;;;;;;;;;;;;;;;;;;;;;;;;;;;;;;;;;;;;;;;;;;;;;;;;;;;;;;;;;;;;;;;;;;;;;;;;;;;;;;;;;;;;;;;;;;;;;;;;;;;;;;;;;;;;;;;;;;;;;;;;;;;;;;;;;;;;;;;;;;;;;;;;;;;;;;;;;;;;;;;;;;;;;;;;;;;;;;;;;;;;;;;;;;;;;;;;;;;;;;;;;;;;;;;;;;;;;;;;;;;;;;;;;;;;;;;;;;;;;;;;;;;;;;;;;;;;;;;;;;;;;;;;;;;;;;;;;;;;;;;;;;;;;;;;;;;;;;;;;;;;;;;;;;;;;;;;;;;;;;;;;;;;strict_renda_liquida;regional;"renda liquida publicada em faixas compativeis; serie regional/local, nao comparar diretamente com Brasil"
irpf_aeb1941_1945_df_1933_1943_faixas;irpf_aeb1941_1945_df_1933_1943_faixas.csv;bracket_distribution;58;1937;1938;Distrito Federal;irpf_aeb1941_1945_df_1933_1943_faixas;1937;1938;Distrito Federal;F10;10;De mais de 300 a 400;300;400;0;77;26796;348001;76.999779;0.000221;Cr$;Cr$ 1.000;Cr$ 1.000;renda liquida;pessoas publicadas diretamente na tabela;Brasil. Instituto Brasileiro de Geografia e Estatistica. Anuario Estatistico do Brasil 1941-1945. Rio de Janeiro: IBGE, 1946, p. 496-497, tabela beta.;https://biblioteca.ibge.gov.br/visualizacao/periodicos/20/aeb_1941_1945.pdf;outputs/fontes-pedro-souza-irpf/aeb_1941_1945.pdf;"outputs/fontes-pedro-souza-irpf/aeb_1941_1945_paginas/pagina-501.png; outputs/fontes-pedro-souza-irpf/aeb_1941_1945_paginas/pagina-502.png";501-502;496-497;Tabela beta - Contribuintes no Distrito Federal e sua renda liquida por classes de renda - 1934/44;"Serie do Distrito Federal; nao comparar diretamente com a serie nacional. A tabela traz anos impressos 1934-1944; seguindo a regra dos Anuarios Estatisticos do Brasil usada no projeto, ano_calendario = ano_exercicio - 1.";;;;;;;;;;;;;;;;;;;;;;;;;;;;;;;;;;;;;;;;;;;;;;;;;;;;;;;;;;;;;;;;;;;;;;;;;;;;;;;;;;;;;;;;;;;;;;;;;;;;;;;;;;;;;;;;;;;;;;;;;;;;;;;;;;;;;;;;;;;;;;;;;;;;;;;;;;;;;;;;;;;;;;;;;;;;;;;;;;;;;;;;;;;;;;;;;;;;;;;;;;;;;;;;;;;;;;;;;;;;;;;;;;;;;;;;;;;;;;;;;;;;;;;;;;;;;;;;;;;;;;;;;;;;;;;;;;;;;;;;;;;;;;;;;;;;;;;;;;;;;;;;;;;;;;;;;;;;;;;;;;;;;;;;;;;;;;;;;;;;;;;;;;;;;;;;;;;;;;;;;strict_renda_liquida;regional;"renda liquida publicada em faixas compativeis; serie regional/local, nao comparar diretamente com Brasil"
irpf_aeb1941_1945_df_1933_1943_faixas;irpf_aeb1941_1945_df_1933_1943_faixas.csv;bracket_distribution;59;1937;1938;Distrito Federal;irpf_aeb1941_1945_df_1933_1943_faixas;1937;1938;Distrito Federal;F11;11;De mais de 400 a 500;400;500;0;40;17529;438221;40.000365;-0.000365;Cr$;Cr$ 1.000;Cr$ 1.000;renda liquida;pessoas publicadas diretamente na tabela;Brasil. Instituto Brasileiro de Geografia e Estatistica. Anuario Estatistico do Brasil 1941-1945. Rio de Janeiro: IBGE, 1946, p. 496-497, tabela beta.;https://biblioteca.ibge.gov.br/visualizacao/periodicos/20/aeb_1941_1945.pdf;outputs/fontes-pedro-souza-irpf/aeb_1941_1945.pdf;"outputs/fontes-pedro-souza-irpf/aeb_1941_1945_paginas/pagina-501.png; outputs/fontes-pedro-souza-irpf/aeb_1941_1945_paginas/pagina-502.png";501-502;496-497;Tabela beta - Contribuintes no Distrito Federal e sua renda liquida por classes de renda - 1934/44;"Serie do Distrito Federal; nao comparar diretamente com a serie nacional. A tabela traz anos impressos 1934-1944; seguindo a regra dos Anuarios Estatisticos do Brasil usada no projeto, ano_calendario = ano_exercicio - 1.";;;;;;;;;;;;;;;;;;;;;;;;;;;;;;;;;;;;;;;;;;;;;;;;;;;;;;;;;;;;;;;;;;;;;;;;;;;;;;;;;;;;;;;;;;;;;;;;;;;;;;;;;;;;;;;;;;;;;;;;;;;;;;;;;;;;;;;;;;;;;;;;;;;;;;;;;;;;;;;;;;;;;;;;;;;;;;;;;;;;;;;;;;;;;;;;;;;;;;;;;;;;;;;;;;;;;;;;;;;;;;;;;;;;;;;;;;;;;;;;;;;;;;;;;;;;;;;;;;;;;;;;;;;;;;;;;;;;;;;;;;;;;;;;;;;;;;;;;;;;;;;;;;;;;;;;;;;;;;;;;;;;;;;;;;;;;;;;;;;;;;;;;;;;;;;;;;;;;;;;;strict_renda_liquida;regional;"renda liquida publicada em faixas compativeis; serie regional/local, nao comparar diretamente com Brasil"
irpf_aeb1941_1945_df_1933_1943_faixas;irpf_aeb1941_1945_df_1933_1943_faixas.csv;bracket_distribution;60;1937;1938;Distrito Federal;irpf_aeb1941_1945_df_1933_1943_faixas;1937;1938;Distrito Federal;F12;12;Mais de 500;500;;1;71;62520;880560;71.000273;-0.000273;Cr$;Cr$ 1.000;Cr$ 1.000;renda liquida;pessoas publicadas diretamente na tabela;Brasil. Instituto Brasileiro de Geografia e Estatistica. Anuario Estatistico do Brasil 1941-1945. Rio de Janeiro: IBGE, 1946, p. 496-497, tabela beta.;https://biblioteca.ibge.gov.br/visualizacao/periodicos/20/aeb_1941_1945.pdf;outputs/fontes-pedro-souza-irpf/aeb_1941_1945.pdf;"outputs/fontes-pedro-souza-irpf/aeb_1941_1945_paginas/pagina-501.png; outputs/fontes-pedro-souza-irpf/aeb_1941_1945_paginas/pagina-502.png";501-502;496-497;Tabela beta - Contribuintes no Distrito Federal e sua renda liquida por classes de renda - 1934/44;"Serie do Distrito Federal; nao comparar diretamente com a serie nacional. A tabela traz anos impressos 1934-1944; seguindo a regra dos Anuarios Estatisticos do Brasil usada no projeto, ano_calendario = ano_exercicio - 1.";;;;;;;;;;;;;;;;;;;;;;;;;;;;;;;;;;;;;;;;;;;;;;;;;;;;;;;;;;;;;;;;;;;;;;;;;;;;;;;;;;;;;;;;;;;;;;;;;;;;;;;;;;;;;;;;;;;;;;;;;;;;;;;;;;;;;;;;;;;;;;;;;;;;;;;;;;;;;;;;;;;;;;;;;;;;;;;;;;;;;;;;;;;;;;;;;;;;;;;;;;;;;;;;;;;;;;;;;;;;;;;;;;;;;;;;;;;;;;;;;;;;;;;;;;;;;;;;;;;;;;;;;;;;;;;;;;;;;;;;;;;;;;;;;;;;;;;;;;;;;;;;;;;;;;;;;;;;;;;;;;;;;;;;;;;;;;;;;;;;;;;;;;;;;;;;;;;;;;;;;strict_renda_liquida;regional;"renda liquida publicada em faixas compativeis; serie regional/local, nao comparar diretamente com Brasil"
irpf_aeb1941_1945_df_1933_1943_faixas;irpf_aeb1941_1945_df_1933_1943_faixas.csv;bracket_distribution;61;1938;1939;Distrito Federal;irpf_aeb1941_1945_df_1933_1943_faixas;1938;1939;Distrito Federal;F01;1;De mais de 12 a 20;12;20;0;12377;190069;15357;12376.701179;0.298821;Cr$;Cr$ 1.000;Cr$ 1.000;renda liquida;pessoas publicadas diretamente na tabela;Brasil. Instituto Brasileiro de Geografia e Estatistica. Anuario Estatistico do Brasil 1941-1945. Rio de Janeiro: IBGE, 1946, p. 496-497, tabela beta.;https://biblioteca.ibge.gov.br/visualizacao/periodicos/20/aeb_1941_1945.pdf;outputs/fontes-pedro-souza-irpf/aeb_1941_1945.pdf;"outputs/fontes-pedro-souza-irpf/aeb_1941_1945_paginas/pagina-501.png; outputs/fontes-pedro-souza-irpf/aeb_1941_1945_paginas/pagina-502.png";501-502;496-497;Tabela beta - Contribuintes no Distrito Federal e sua renda liquida por classes de renda - 1934/44;"Serie do Distrito Federal; nao comparar diretamente com a serie nacional. A tabela traz anos impressos 1934-1944; seguindo a regra dos Anuarios Estatisticos do Brasil usada no projeto, ano_calendario = ano_exercicio - 1.";;;;;;;;;;;;;;;;;;;;;;;;;;;;;;;;;;;;;;;;;;;;;;;;;;;;;;;;;;;;;;;;;;;;;;;;;;;;;;;;;;;;;;;;;;;;;;;;;;;;;;;;;;;;;;;;;;;;;;;;;;;;;;;;;;;;;;;;;;;;;;;;;;;;;;;;;;;;;;;;;;;;;;;;;;;;;;;;;;;;;;;;;;;;;;;;;;;;;;;;;;;;;;;;;;;;;;;;;;;;;;;;;;;;;;;;;;;;;;;;;;;;;;;;;;;;;;;;;;;;;;;;;;;;;;;;;;;;;;;;;;;;;;;;;;;;;;;;;;;;;;;;;;;;;;;;;;;;;;;;;;;;;;;;;;;;;;;;;;;;;;;;;;;;;;;;;;;;;;;;;strict_renda_liquida;regional;"renda liquida publicada em faixas compativeis; serie regional/local, nao comparar diretamente com Brasil"
irpf_aeb1941_1945_df_1933_1943_faixas;irpf_aeb1941_1945_df_1933_1943_faixas.csv;bracket_distribution;62;1938;1939;Distrito Federal;irpf_aeb1941_1945_df_1933_1943_faixas;1938;1939;Distrito Federal;F02;2;De mais de 20 a 30;20;30;0;6200;150886;24336;6200.115056;-0.115056;Cr$;Cr$ 1.000;Cr$ 1.000;renda liquida;pessoas publicadas diretamente na tabela;Brasil. Instituto Brasileiro de Geografia e Estatistica. Anuario Estatistico do Brasil 1941-1945. Rio de Janeiro: IBGE, 1946, p. 496-497, tabela beta.;https://biblioteca.ibge.gov.br/visualizacao/periodicos/20/aeb_1941_1945.pdf;outputs/fontes-pedro-souza-irpf/aeb_1941_1945.pdf;"outputs/fontes-pedro-souza-irpf/aeb_1941_1945_paginas/pagina-501.png; outputs/fontes-pedro-souza-irpf/aeb_1941_1945_paginas/pagina-502.png";501-502;496-497;Tabela beta - Contribuintes no Distrito Federal e sua renda liquida por classes de renda - 1934/44;"Serie do Distrito Federal; nao comparar diretamente com a serie nacional. A tabela traz anos impressos 1934-1944; seguindo a regra dos Anuarios Estatisticos do Brasil usada no projeto, ano_calendario = ano_exercicio - 1.";;;;;;;;;;;;;;;;;;;;;;;;;;;;;;;;;;;;;;;;;;;;;;;;;;;;;;;;;;;;;;;;;;;;;;;;;;;;;;;;;;;;;;;;;;;;;;;;;;;;;;;;;;;;;;;;;;;;;;;;;;;;;;;;;;;;;;;;;;;;;;;;;;;;;;;;;;;;;;;;;;;;;;;;;;;;;;;;;;;;;;;;;;;;;;;;;;;;;;;;;;;;;;;;;;;;;;;;;;;;;;;;;;;;;;;;;;;;;;;;;;;;;;;;;;;;;;;;;;;;;;;;;;;;;;;;;;;;;;;;;;;;;;;;;;;;;;;;;;;;;;;;;;;;;;;;;;;;;;;;;;;;;;;;;;;;;;;;;;;;;;;;;;;;;;;;;;;;;;;;;strict_renda_liquida;regional;"renda liquida publicada em faixas compativeis; serie regional/local, nao comparar diretamente com Brasil"
irpf_aeb1941_1945_df_1933_1943_faixas;irpf_aeb1941_1945_df_1933_1943_faixas.csv;bracket_distribution;63;1938;1939;Distrito Federal;irpf_aeb1941_1945_df_1933_1943_faixas;1938;1939;Distrito Federal;F03;3;De mais de 30 a 60;30;60;0;5502;226101;41094;5502.044094;-0.044094;Cr$;Cr$ 1.000;Cr$ 1.000;renda liquida;pessoas publicadas diretamente na tabela;Brasil. Instituto Brasileiro de Geografia e Estatistica. Anuario Estatistico do Brasil 1941-1945. Rio de Janeiro: IBGE, 1946, p. 496-497, tabela beta.;https://biblioteca.ibge.gov.br/visualizacao/periodicos/20/aeb_1941_1945.pdf;outputs/fontes-pedro-souza-irpf/aeb_1941_1945.pdf;"outputs/fontes-pedro-souza-irpf/aeb_1941_1945_paginas/pagina-501.png; outputs/fontes-pedro-souza-irpf/aeb_1941_1945_paginas/pagina-502.png";501-502;496-497;Tabela beta - Contribuintes no Distrito Federal e sua renda liquida por classes de renda - 1934/44;"Serie do Distrito Federal; nao comparar diretamente com a serie nacional. A tabela traz anos impressos 1934-1944; seguindo a regra dos Anuarios Estatisticos do Brasil usada no projeto, ano_calendario = ano_exercicio - 1.";;;;;;;;;;;;;;;;;;;;;;;;;;;;;;;;;;;;;;;;;;;;;;;;;;;;;;;;;;;;;;;;;;;;;;;;;;;;;;;;;;;;;;;;;;;;;;;;;;;;;;;;;;;;;;;;;;;;;;;;;;;;;;;;;;;;;;;;;;;;;;;;;;;;;;;;;;;;;;;;;;;;;;;;;;;;;;;;;;;;;;;;;;;;;;;;;;;;;;;;;;;;;;;;;;;;;;;;;;;;;;;;;;;;;;;;;;;;;;;;;;;;;;;;;;;;;;;;;;;;;;;;;;;;;;;;;;;;;;;;;;;;;;;;;;;;;;;;;;;;;;;;;;;;;;;;;;;;;;;;;;;;;;;;;;;;;;;;;;;;;;;;;;;;;;;;;;;;;;;;;strict_renda_liquida;regional;"renda liquida publicada em faixas compativeis; serie regional/local, nao comparar diretamente com Brasil"
irpf_aeb1941_1945_df_1933_1943_faixas;irpf_aeb1941_1945_df_1933_1943_faixas.csv;bracket_distribution;64;1938;1939;Distrito Federal;irpf_aeb1941_1945_df_1933_1943_faixas;1938;1939;Distrito Federal;F04;4;De mais de 60 a 90;60;90;0;1369;99968;73023;1368.993331;0.006669;Cr$;Cr$ 1.000;Cr$ 1.000;renda liquida;pessoas publicadas diretamente na tabela;Brasil. Instituto Brasileiro de Geografia e Estatistica. Anuario Estatistico do Brasil 1941-1945. Rio de Janeiro: IBGE, 1946, p. 496-497, tabela beta.;https://biblioteca.ibge.gov.br/visualizacao/periodicos/20/aeb_1941_1945.pdf;outputs/fontes-pedro-souza-irpf/aeb_1941_1945.pdf;"outputs/fontes-pedro-souza-irpf/aeb_1941_1945_paginas/pagina-501.png; outputs/fontes-pedro-souza-irpf/aeb_1941_1945_paginas/pagina-502.png";501-502;496-497;Tabela beta - Contribuintes no Distrito Federal e sua renda liquida por classes de renda - 1934/44;"Serie do Distrito Federal; nao comparar diretamente com a serie nacional. A tabela traz anos impressos 1934-1944; seguindo a regra dos Anuarios Estatisticos do Brasil usada no projeto, ano_calendario = ano_exercicio - 1.";;;;;;;;;;;;;;;;;;;;;;;;;;;;;;;;;;;;;;;;;;;;;;;;;;;;;;;;;;;;;;;;;;;;;;;;;;;;;;;;;;;;;;;;;;;;;;;;;;;;;;;;;;;;;;;;;;;;;;;;;;;;;;;;;;;;;;;;;;;;;;;;;;;;;;;;;;;;;;;;;;;;;;;;;;;;;;;;;;;;;;;;;;;;;;;;;;;;;;;;;;;;;;;;;;;;;;;;;;;;;;;;;;;;;;;;;;;;;;;;;;;;;;;;;;;;;;;;;;;;;;;;;;;;;;;;;;;;;;;;;;;;;;;;;;;;;;;;;;;;;;;;;;;;;;;;;;;;;;;;;;;;;;;;;;;;;;;;;;;;;;;;;;;;;;;;;;;;;;;;;strict_renda_liquida;regional;"renda liquida publicada em faixas compativeis; serie regional/local, nao comparar diretamente com Brasil"
irpf_aeb1941_1945_df_1933_1943_faixas;irpf_aeb1941_1945_df_1933_1943_faixas.csv;bracket_distribution;65;1938;1939;Distrito Federal;irpf_aeb1941_1945_df_1933_1943_faixas;1938;1939;Distrito Federal;F05;5;De mais de 90 a 120;90;120;0;613;63220;103133;612.994871;0.005129;Cr$;Cr$ 1.000;Cr$ 1.000;renda liquida;pessoas publicadas diretamente na tabela;Brasil. Instituto Brasileiro de Geografia e Estatistica. Anuario Estatistico do Brasil 1941-1945. Rio de Janeiro: IBGE, 1946, p. 496-497, tabela beta.;https://biblioteca.ibge.gov.br/visualizacao/periodicos/20/aeb_1941_1945.pdf;outputs/fontes-pedro-souza-irpf/aeb_1941_1945.pdf;"outputs/fontes-pedro-souza-irpf/aeb_1941_1945_paginas/pagina-501.png; outputs/fontes-pedro-souza-irpf/aeb_1941_1945_paginas/pagina-502.png";501-502;496-497;Tabela beta - Contribuintes no Distrito Federal e sua renda liquida por classes de renda - 1934/44;"Serie do Distrito Federal; nao comparar diretamente com a serie nacional. A tabela traz anos impressos 1934-1944; seguindo a regra dos Anuarios Estatisticos do Brasil usada no projeto, ano_calendario = ano_exercicio - 1.";;;;;;;;;;;;;;;;;;;;;;;;;;;;;;;;;;;;;;;;;;;;;;;;;;;;;;;;;;;;;;;;;;;;;;;;;;;;;;;;;;;;;;;;;;;;;;;;;;;;;;;;;;;;;;;;;;;;;;;;;;;;;;;;;;;;;;;;;;;;;;;;;;;;;;;;;;;;;;;;;;;;;;;;;;;;;;;;;;;;;;;;;;;;;;;;;;;;;;;;;;;;;;;;;;;;;;;;;;;;;;;;;;;;;;;;;;;;;;;;;;;;;;;;;;;;;;;;;;;;;;;;;;;;;;;;;;;;;;;;;;;;;;;;;;;;;;;;;;;;;;;;;;;;;;;;;;;;;;;;;;;;;;;;;;;;;;;;;;;;;;;;;;;;;;;;;;;;;;;;;strict_renda_liquida;regional;"renda liquida publicada em faixas compativeis; serie regional/local, nao comparar diretamente com Brasil"
irpf_aeb1941_1945_df_1933_1943_faixas;irpf_aeb1941_1945_df_1933_1943_faixas.csv;bracket_distribution;66;1938;1939;Distrito Federal;irpf_aeb1941_1945_df_1933_1943_faixas;1938;1939;Distrito Federal;F06;6;De mais de 120 a 150;120;150;0;358;47614;133000;358.0;0.0;Cr$;Cr$ 1.000;Cr$ 1.000;renda liquida;pessoas publicadas diretamente na tabela;Brasil. Instituto Brasileiro de Geografia e Estatistica. Anuario Estatistico do Brasil 1941-1945. Rio de Janeiro: IBGE, 1946, p. 496-497, tabela beta.;https://biblioteca.ibge.gov.br/visualizacao/periodicos/20/aeb_1941_1945.pdf;outputs/fontes-pedro-souza-irpf/aeb_1941_1945.pdf;"outputs/fontes-pedro-souza-irpf/aeb_1941_1945_paginas/pagina-501.png; outputs/fontes-pedro-souza-irpf/aeb_1941_1945_paginas/pagina-502.png";501-502;496-497;Tabela beta - Contribuintes no Distrito Federal e sua renda liquida por classes de renda - 1934/44;"Serie do Distrito Federal; nao comparar diretamente com a serie nacional. A tabela traz anos impressos 1934-1944; seguindo a regra dos Anuarios Estatisticos do Brasil usada no projeto, ano_calendario = ano_exercicio - 1.";;;;;;;;;;;;;;;;;;;;;;;;;;;;;;;;;;;;;;;;;;;;;;;;;;;;;;;;;;;;;;;;;;;;;;;;;;;;;;;;;;;;;;;;;;;;;;;;;;;;;;;;;;;;;;;;;;;;;;;;;;;;;;;;;;;;;;;;;;;;;;;;;;;;;;;;;;;;;;;;;;;;;;;;;;;;;;;;;;;;;;;;;;;;;;;;;;;;;;;;;;;;;;;;;;;;;;;;;;;;;;;;;;;;;;;;;;;;;;;;;;;;;;;;;;;;;;;;;;;;;;;;;;;;;;;;;;;;;;;;;;;;;;;;;;;;;;;;;;;;;;;;;;;;;;;;;;;;;;;;;;;;;;;;;;;;;;;;;;;;;;;;;;;;;;;;;;;;;;;;;strict_renda_liquida;regional;"renda liquida publicada em faixas compativeis; serie regional/local, nao comparar diretamente com Brasil"
irpf_aeb1941_1945_df_1933_1943_faixas;irpf_aeb1941_1945_df_1933_1943_faixas.csv;bracket_distribution;67;1938;1939;Distrito Federal;irpf_aeb1941_1945_df_1933_1943_faixas;1938;1939;Distrito Federal;F07;7;De mais de 150 a 200;150;200;0;307;52745;171809;306.997887;0.002113;Cr$;Cr$ 1.000;Cr$ 1.000;renda liquida;pessoas publicadas diretamente na tabela;Brasil. Instituto Brasileiro de Geografia e Estatistica. Anuario Estatistico do Brasil 1941-1945. Rio de Janeiro: IBGE, 1946, p. 496-497, tabela beta.;https://biblioteca.ibge.gov.br/visualizacao/periodicos/20/aeb_1941_1945.pdf;outputs/fontes-pedro-souza-irpf/aeb_1941_1945.pdf;"outputs/fontes-pedro-souza-irpf/aeb_1941_1945_paginas/pagina-501.png; outputs/fontes-pedro-souza-irpf/aeb_1941_1945_paginas/pagina-502.png";501-502;496-497;Tabela beta - Contribuintes no Distrito Federal e sua renda liquida por classes de renda - 1934/44;"Serie do Distrito Federal; nao comparar diretamente com a serie nacional. A tabela traz anos impressos 1934-1944; seguindo a regra dos Anuarios Estatisticos do Brasil usada no projeto, ano_calendario = ano_exercicio - 1.";;;;;;;;;;;;;;;;;;;;;;;;;;;;;;;;;;;;;;;;;;;;;;;;;;;;;;;;;;;;;;;;;;;;;;;;;;;;;;;;;;;;;;;;;;;;;;;;;;;;;;;;;;;;;;;;;;;;;;;;;;;;;;;;;;;;;;;;;;;;;;;;;;;;;;;;;;;;;;;;;;;;;;;;;;;;;;;;;;;;;;;;;;;;;;;;;;;;;;;;;;;;;;;;;;;;;;;;;;;;;;;;;;;;;;;;;;;;;;;;;;;;;;;;;;;;;;;;;;;;;;;;;;;;;;;;;;;;;;;;;;;;;;;;;;;;;;;;;;;;;;;;;;;;;;;;;;;;;;;;;;;;;;;;;;;;;;;;;;;;;;;;;;;;;;;;;;;;;;;;;strict_renda_liquida;regional;"renda liquida publicada em faixas compativeis; serie regional/local, nao comparar diretamente com Brasil"
irpf_aeb1941_1945_df_1933_1943_faixas;irpf_aeb1941_1945_df_1933_1943_faixas.csv;bracket_distribution;68;1938;1939;Distrito Federal;irpf_aeb1941_1945_df_1933_1943_faixas;1938;1939;Distrito Federal;F08;8;De mais de 200 a 250;200;250;0;181;40408;223247;181.001312;-0.001312;Cr$;Cr$ 1.000;Cr$ 1.000;renda liquida;pessoas publicadas diretamente na tabela;Brasil. Instituto Brasileiro de Geografia e Estatistica. Anuario Estatistico do Brasil 1941-1945. Rio de Janeiro: IBGE, 1946, p. 496-497, tabela beta.;https://biblioteca.ibge.gov.br/visualizacao/periodicos/20/aeb_1941_1945.pdf;outputs/fontes-pedro-souza-irpf/aeb_1941_1945.pdf;"outputs/fontes-pedro-souza-irpf/aeb_1941_1945_paginas/pagina-501.png; outputs/fontes-pedro-souza-irpf/aeb_1941_1945_paginas/pagina-502.png";501-502;496-497;Tabela beta - Contribuintes no Distrito Federal e sua renda liquida por classes de renda - 1934/44;"Serie do Distrito Federal; nao comparar diretamente com a serie nacional. A tabela traz anos impressos 1934-1944; seguindo a regra dos Anuarios Estatisticos do Brasil usada no projeto, ano_calendario = ano_exercicio - 1.";;;;;;;;;;;;;;;;;;;;;;;;;;;;;;;;;;;;;;;;;;;;;;;;;;;;;;;;;;;;;;;;;;;;;;;;;;;;;;;;;;;;;;;;;;;;;;;;;;;;;;;;;;;;;;;;;;;;;;;;;;;;;;;;;;;;;;;;;;;;;;;;;;;;;;;;;;;;;;;;;;;;;;;;;;;;;;;;;;;;;;;;;;;;;;;;;;;;;;;;;;;;;;;;;;;;;;;;;;;;;;;;;;;;;;;;;;;;;;;;;;;;;;;;;;;;;;;;;;;;;;;;;;;;;;;;;;;;;;;;;;;;;;;;;;;;;;;;;;;;;;;;;;;;;;;;;;;;;;;;;;;;;;;;;;;;;;;;;;;;;;;;;;;;;;;;;;;;;;;;;strict_renda_liquida;regional;"renda liquida publicada em faixas compativeis; serie regional/local, nao comparar diretamente com Brasil"
irpf_aeb1941_1945_df_1933_1943_faixas;irpf_aeb1941_1945_df_1933_1943_faixas.csv;bracket_distribution;69;1938;1939;Distrito Federal;irpf_aeb1941_1945_df_1933_1943_faixas;1938;1939;Distrito Federal;F09;9;De mais de 250 a 300;250;300;0;93;25513;274333;93.000113;-0.000113;Cr$;Cr$ 1.000;Cr$ 1.000;renda liquida;pessoas publicadas diretamente na tabela;Brasil. Instituto Brasileiro de Geografia e Estatistica. Anuario Estatistico do Brasil 1941-1945. Rio de Janeiro: IBGE, 1946, p. 496-497, tabela beta.;https://biblioteca.ibge.gov.br/visualizacao/periodicos/20/aeb_1941_1945.pdf;outputs/fontes-pedro-souza-irpf/aeb_1941_1945.pdf;"outputs/fontes-pedro-souza-irpf/aeb_1941_1945_paginas/pagina-501.png; outputs/fontes-pedro-souza-irpf/aeb_1941_1945_paginas/pagina-502.png";501-502;496-497;Tabela beta - Contribuintes no Distrito Federal e sua renda liquida por classes de renda - 1934/44;"Serie do Distrito Federal; nao comparar diretamente com a serie nacional. A tabela traz anos impressos 1934-1944; seguindo a regra dos Anuarios Estatisticos do Brasil usada no projeto, ano_calendario = ano_exercicio - 1.";;;;;;;;;;;;;;;;;;;;;;;;;;;;;;;;;;;;;;;;;;;;;;;;;;;;;;;;;;;;;;;;;;;;;;;;;;;;;;;;;;;;;;;;;;;;;;;;;;;;;;;;;;;;;;;;;;;;;;;;;;;;;;;;;;;;;;;;;;;;;;;;;;;;;;;;;;;;;;;;;;;;;;;;;;;;;;;;;;;;;;;;;;;;;;;;;;;;;;;;;;;;;;;;;;;;;;;;;;;;;;;;;;;;;;;;;;;;;;;;;;;;;;;;;;;;;;;;;;;;;;;;;;;;;;;;;;;;;;;;;;;;;;;;;;;;;;;;;;;;;;;;;;;;;;;;;;;;;;;;;;;;;;;;;;;;;;;;;;;;;;;;;;;;;;;;;;;;;;;;;strict_renda_liquida;regional;"renda liquida publicada em faixas compativeis; serie regional/local, nao comparar diretamente com Brasil"
irpf_aeb1941_1945_df_1933_1943_faixas;irpf_aeb1941_1945_df_1933_1943_faixas.csv;bracket_distribution;70;1938;1939;Distrito Federal;irpf_aeb1941_1945_df_1933_1943_faixas;1938;1939;Distrito Federal;F10;10;De mais de 300 a 400;300;400;0;96;33159;345405;96.000347;-0.000347;Cr$;Cr$ 1.000;Cr$ 1.000;renda liquida;pessoas publicadas diretamente na tabela;Brasil. Instituto Brasileiro de Geografia e Estatistica. Anuario Estatistico do Brasil 1941-1945. Rio de Janeiro: IBGE, 1946, p. 496-497, tabela beta.;https://biblioteca.ibge.gov.br/visualizacao/periodicos/20/aeb_1941_1945.pdf;outputs/fontes-pedro-souza-irpf/aeb_1941_1945.pdf;"outputs/fontes-pedro-souza-irpf/aeb_1941_1945_paginas/pagina-501.png; outputs/fontes-pedro-souza-irpf/aeb_1941_1945_paginas/pagina-502.png";501-502;496-497;Tabela beta - Contribuintes no Distrito Federal e sua renda liquida por classes de renda - 1934/44;"Serie do Distrito Federal; nao comparar diretamente com a serie nacional. A tabela traz anos impressos 1934-1944; seguindo a regra dos Anuarios Estatisticos do Brasil usada no projeto, ano_calendario = ano_exercicio - 1.";;;;;;;;;;;;;;;;;;;;;;;;;;;;;;;;;;;;;;;;;;;;;;;;;;;;;;;;;;;;;;;;;;;;;;;;;;;;;;;;;;;;;;;;;;;;;;;;;;;;;;;;;;;;;;;;;;;;;;;;;;;;;;;;;;;;;;;;;;;;;;;;;;;;;;;;;;;;;;;;;;;;;;;;;;;;;;;;;;;;;;;;;;;;;;;;;;;;;;;;;;;;;;;;;;;;;;;;;;;;;;;;;;;;;;;;;;;;;;;;;;;;;;;;;;;;;;;;;;;;;;;;;;;;;;;;;;;;;;;;;;;;;;;;;;;;;;;;;;;;;;;;;;;;;;;;;;;;;;;;;;;;;;;;;;;;;;;;;;;;;;;;;;;;;;;;;;;;;;;;;strict_renda_liquida;regional;"renda liquida publicada em faixas compativeis; serie regional/local, nao comparar diretamente com Brasil"
irpf_aeb1941_1945_df_1933_1943_faixas;irpf_aeb1941_1945_df_1933_1943_faixas.csv;bracket_distribution;71;1938;1939;Distrito Federal;irpf_aeb1941_1945_df_1933_1943_faixas;1938;1939;Distrito Federal;F11;11;De mais de 400 a 500;400;500;0;53;23498;443359;52.999939;6.1e-05;Cr$;Cr$ 1.000;Cr$ 1.000;renda liquida;pessoas publicadas diretamente na tabela;Brasil. Instituto Brasileiro de Geografia e Estatistica. Anuario Estatistico do Brasil 1941-1945. Rio de Janeiro: IBGE, 1946, p. 496-497, tabela beta.;https://biblioteca.ibge.gov.br/visualizacao/periodicos/20/aeb_1941_1945.pdf;outputs/fontes-pedro-souza-irpf/aeb_1941_1945.pdf;"outputs/fontes-pedro-souza-irpf/aeb_1941_1945_paginas/pagina-501.png; outputs/fontes-pedro-souza-irpf/aeb_1941_1945_paginas/pagina-502.png";501-502;496-497;Tabela beta - Contribuintes no Distrito Federal e sua renda liquida por classes de renda - 1934/44;"Serie do Distrito Federal; nao comparar diretamente com a serie nacional. A tabela traz anos impressos 1934-1944; seguindo a regra dos Anuarios Estatisticos do Brasil usada no projeto, ano_calendario = ano_exercicio - 1.";;;;;;;;;;;;;;;;;;;;;;;;;;;;;;;;;;;;;;;;;;;;;;;;;;;;;;;;;;;;;;;;;;;;;;;;;;;;;;;;;;;;;;;;;;;;;;;;;;;;;;;;;;;;;;;;;;;;;;;;;;;;;;;;;;;;;;;;;;;;;;;;;;;;;;;;;;;;;;;;;;;;;;;;;;;;;;;;;;;;;;;;;;;;;;;;;;;;;;;;;;;;;;;;;;;;;;;;;;;;;;;;;;;;;;;;;;;;;;;;;;;;;;;;;;;;;;;;;;;;;;;;;;;;;;;;;;;;;;;;;;;;;;;;;;;;;;;;;;;;;;;;;;;;;;;;;;;;;;;;;;;;;;;;;;;;;;;;;;;;;;;;;;;;;;;;;;;;;;;;;strict_renda_liquida;regional;"renda liquida publicada em faixas compativeis; serie regional/local, nao comparar diretamente com Brasil"
irpf_aeb1941_1945_df_1933_1943_faixas;irpf_aeb1941_1945_df_1933_1943_faixas.csv;bracket_distribution;72;1938;1939;Distrito Federal;irpf_aeb1941_1945_df_1933_1943_faixas;1938;1939;Distrito Federal;F12;12;Mais de 500;500;;1;65;51822;797263;64.999881;0.000119;Cr$;Cr$ 1.000;Cr$ 1.000;renda liquida;pessoas publicadas diretamente na tabela;Brasil. Instituto Brasileiro de Geografia e Estatistica. Anuario Estatistico do Brasil 1941-1945. Rio de Janeiro: IBGE, 1946, p. 496-497, tabela beta.;https://biblioteca.ibge.gov.br/visualizacao/periodicos/20/aeb_1941_1945.pdf;outputs/fontes-pedro-souza-irpf/aeb_1941_1945.pdf;"outputs/fontes-pedro-souza-irpf/aeb_1941_1945_paginas/pagina-501.png; outputs/fontes-pedro-souza-irpf/aeb_1941_1945_paginas/pagina-502.png";501-502;496-497;Tabela beta - Contribuintes no Distrito Federal e sua renda liquida por classes de renda - 1934/44;"Serie do Distrito Federal; nao comparar diretamente com a serie nacional. A tabela traz anos impressos 1934-1944; seguindo a regra dos Anuarios Estatisticos do Brasil usada no projeto, ano_calendario = ano_exercicio - 1.";;;;;;;;;;;;;;;;;;;;;;;;;;;;;;;;;;;;;;;;;;;;;;;;;;;;;;;;;;;;;;;;;;;;;;;;;;;;;;;;;;;;;;;;;;;;;;;;;;;;;;;;;;;;;;;;;;;;;;;;;;;;;;;;;;;;;;;;;;;;;;;;;;;;;;;;;;;;;;;;;;;;;;;;;;;;;;;;;;;;;;;;;;;;;;;;;;;;;;;;;;;;;;;;;;;;;;;;;;;;;;;;;;;;;;;;;;;;;;;;;;;;;;;;;;;;;;;;;;;;;;;;;;;;;;;;;;;;;;;;;;;;;;;;;;;;;;;;;;;;;;;;;;;;;;;;;;;;;;;;;;;;;;;;;;;;;;;;;;;;;;;;;;;;;;;;;;;;;;;;;strict_renda_liquida;regional;"renda liquida publicada em faixas compativeis; serie regional/local, nao comparar diretamente com Brasil"
irpf_aeb1941_1945_df_1933_1943_faixas;irpf_aeb1941_1945_df_1933_1943_faixas.csv;bracket_distribution;73;1939;1940;Distrito Federal;irpf_aeb1941_1945_df_1933_1943_faixas;1939;1940;Distrito Federal;F01;1;De mais de 12 a 20;12;20;0;14134;218081;15430;14133.570966;0.429034;Cr$;Cr$ 1.000;Cr$ 1.000;renda liquida;pessoas publicadas diretamente na tabela;Brasil. Instituto Brasileiro de Geografia e Estatistica. Anuario Estatistico do Brasil 1941-1945. Rio de Janeiro: IBGE, 1946, p. 496-497, tabela beta.;https://biblioteca.ibge.gov.br/visualizacao/periodicos/20/aeb_1941_1945.pdf;outputs/fontes-pedro-souza-irpf/aeb_1941_1945.pdf;"outputs/fontes-pedro-souza-irpf/aeb_1941_1945_paginas/pagina-501.png; outputs/fontes-pedro-souza-irpf/aeb_1941_1945_paginas/pagina-502.png";501-502;496-497;Tabela beta - Contribuintes no Distrito Federal e sua renda liquida por classes de renda - 1934/44;"Serie do Distrito Federal; nao comparar diretamente com a serie nacional. A tabela traz anos impressos 1934-1944; seguindo a regra dos Anuarios Estatisticos do Brasil usada no projeto, ano_calendario = ano_exercicio - 1.";;;;;;;;;;;;;;;;;;;;;;;;;;;;;;;;;;;;;;;;;;;;;;;;;;;;;;;;;;;;;;;;;;;;;;;;;;;;;;;;;;;;;;;;;;;;;;;;;;;;;;;;;;;;;;;;;;;;;;;;;;;;;;;;;;;;;;;;;;;;;;;;;;;;;;;;;;;;;;;;;;;;;;;;;;;;;;;;;;;;;;;;;;;;;;;;;;;;;;;;;;;;;;;;;;;;;;;;;;;;;;;;;;;;;;;;;;;;;;;;;;;;;;;;;;;;;;;;;;;;;;;;;;;;;;;;;;;;;;;;;;;;;;;;;;;;;;;;;;;;;;;;;;;;;;;;;;;;;;;;;;;;;;;;;;;;;;;;;;;;;;;;;;;;;;;;;;;;;;;;;strict_renda_liquida;regional;"renda liquida publicada em faixas compativeis; serie regional/local, nao comparar diretamente com Brasil"
irpf_aeb1941_1945_df_1933_1943_faixas;irpf_aeb1941_1945_df_1933_1943_faixas.csv;bracket_distribution;74;1939;1940;Distrito Federal;irpf_aeb1941_1945_df_1933_1943_faixas;1939;1940;Distrito Federal;F02;2;De mais de 20 a 30;20;30;0;7218;175594;24327;7218.070457;-0.070457;Cr$;Cr$ 1.000;Cr$ 1.000;renda liquida;pessoas publicadas diretamente na tabela;Brasil. Instituto Brasileiro de Geografia e Estatistica. Anuario Estatistico do Brasil 1941-1945. Rio de Janeiro: IBGE, 1946, p. 496-497, tabela beta.;https://biblioteca.ibge.gov.br/visualizacao/periodicos/20/aeb_1941_1945.pdf;outputs/fontes-pedro-souza-irpf/aeb_1941_1945.pdf;"outputs/fontes-pedro-souza-irpf/aeb_1941_1945_paginas/pagina-501.png; outputs/fontes-pedro-souza-irpf/aeb_1941_1945_paginas/pagina-502.png";501-502;496-497;Tabela beta - Contribuintes no Distrito Federal e sua renda liquida por classes de renda - 1934/44;"Serie do Distrito Federal; nao comparar diretamente com a serie nacional. A tabela traz anos impressos 1934-1944; seguindo a regra dos Anuarios Estatisticos do Brasil usada no projeto, ano_calendario = ano_exercicio - 1.";;;;;;;;;;;;;;;;;;;;;;;;;;;;;;;;;;;;;;;;;;;;;;;;;;;;;;;;;;;;;;;;;;;;;;;;;;;;;;;;;;;;;;;;;;;;;;;;;;;;;;;;;;;;;;;;;;;;;;;;;;;;;;;;;;;;;;;;;;;;;;;;;;;;;;;;;;;;;;;;;;;;;;;;;;;;;;;;;;;;;;;;;;;;;;;;;;;;;;;;;;;;;;;;;;;;;;;;;;;;;;;;;;;;;;;;;;;;;;;;;;;;;;;;;;;;;;;;;;;;;;;;;;;;;;;;;;;;;;;;;;;;;;;;;;;;;;;;;;;;;;;;;;;;;;;;;;;;;;;;;;;;;;;;;;;;;;;;;;;;;;;;;;;;;;;;;;;;;;;;;strict_renda_liquida;regional;"renda liquida publicada em faixas compativeis; serie regional/local, nao comparar diretamente com Brasil"
irpf_aeb1941_1945_df_1933_1943_faixas;irpf_aeb1941_1945_df_1933_1943_faixas.csv;bracket_distribution;75;1939;1940;Distrito Federal;irpf_aeb1941_1945_df_1933_1943_faixas;1939;1940;Distrito Federal;F03;3;De mais de 30 a 60;30;60;0;6526;268713;41176;6525.961725;0.038275;Cr$;Cr$ 1.000;Cr$ 1.000;renda liquida;pessoas publicadas diretamente na tabela;Brasil. Instituto Brasileiro de Geografia e Estatistica. Anuario Estatistico do Brasil 1941-1945. Rio de Janeiro: IBGE, 1946, p. 496-497, tabela beta.;https://biblioteca.ibge.gov.br/visualizacao/periodicos/20/aeb_1941_1945.pdf;outputs/fontes-pedro-souza-irpf/aeb_1941_1945.pdf;"outputs/fontes-pedro-souza-irpf/aeb_1941_1945_paginas/pagina-501.png; outputs/fontes-pedro-souza-irpf/aeb_1941_1945_paginas/pagina-502.png";501-502;496-497;Tabela beta - Contribuintes no Distrito Federal e sua renda liquida por classes de renda - 1934/44;"Serie do Distrito Federal; nao comparar diretamente com a serie nacional. A tabela traz anos impressos 1934-1944; seguindo a regra dos Anuarios Estatisticos do Brasil usada no projeto, ano_calendario = ano_exercicio - 1.";;;;;;;;;;;;;;;;;;;;;;;;;;;;;;;;;;;;;;;;;;;;;;;;;;;;;;;;;;;;;;;;;;;;;;;;;;;;;;;;;;;;;;;;;;;;;;;;;;;;;;;;;;;;;;;;;;;;;;;;;;;;;;;;;;;;;;;;;;;;;;;;;;;;;;;;;;;;;;;;;;;;;;;;;;;;;;;;;;;;;;;;;;;;;;;;;;;;;;;;;;;;;;;;;;;;;;;;;;;;;;;;;;;;;;;;;;;;;;;;;;;;;;;;;;;;;;;;;;;;;;;;;;;;;;;;;;;;;;;;;;;;;;;;;;;;;;;;;;;;;;;;;;;;;;;;;;;;;;;;;;;;;;;;;;;;;;;;;;;;;;;;;;;;;;;;;;;;;;;;;strict_renda_liquida;regional;"renda liquida publicada em faixas compativeis; serie regional/local, nao comparar diretamente com Brasil"
irpf_aeb1941_1945_df_1933_1943_faixas;irpf_aeb1941_1945_df_1933_1943_faixas.csv;bracket_distribution;76;1939;1940;Distrito Federal;irpf_aeb1941_1945_df_1933_1943_faixas;1939;1940;Distrito Federal;F04;4;De mais de 60 a 90;60;90;0;1711;124261;72625;1710.994836;0.005164;Cr$;Cr$ 1.000;Cr$ 1.000;renda liquida;pessoas publicadas diretamente na tabela;Brasil. Instituto Brasileiro de Geografia e Estatistica. Anuario Estatistico do Brasil 1941-1945. Rio de Janeiro: IBGE, 1946, p. 496-497, tabela beta.;https://biblioteca.ibge.gov.br/visualizacao/periodicos/20/aeb_1941_1945.pdf;outputs/fontes-pedro-souza-irpf/aeb_1941_1945.pdf;"outputs/fontes-pedro-souza-irpf/aeb_1941_1945_paginas/pagina-501.png; outputs/fontes-pedro-souza-irpf/aeb_1941_1945_paginas/pagina-502.png";501-502;496-497;Tabela beta - Contribuintes no Distrito Federal e sua renda liquida por classes de renda - 1934/44;"Serie do Distrito Federal; nao comparar diretamente com a serie nacional. A tabela traz anos impressos 1934-1944; seguindo a regra dos Anuarios Estatisticos do Brasil usada no projeto, ano_calendario = ano_exercicio - 1.";;;;;;;;;;;;;;;;;;;;;;;;;;;;;;;;;;;;;;;;;;;;;;;;;;;;;;;;;;;;;;;;;;;;;;;;;;;;;;;;;;;;;;;;;;;;;;;;;;;;;;;;;;;;;;;;;;;;;;;;;;;;;;;;;;;;;;;;;;;;;;;;;;;;;;;;;;;;;;;;;;;;;;;;;;;;;;;;;;;;;;;;;;;;;;;;;;;;;;;;;;;;;;;;;;;;;;;;;;;;;;;;;;;;;;;;;;;;;;;;;;;;;;;;;;;;;;;;;;;;;;;;;;;;;;;;;;;;;;;;;;;;;;;;;;;;;;;;;;;;;;;;;;;;;;;;;;;;;;;;;;;;;;;;;;;;;;;;;;;;;;;;;;;;;;;;;;;;;;;;;strict_renda_liquida;regional;"renda liquida publicada em faixas compativeis; serie regional/local, nao comparar diretamente com Brasil"
irpf_aeb1941_1945_df_1933_1943_faixas;irpf_aeb1941_1945_df_1933_1943_faixas.csv;bracket_distribution;77;1939;1940;Distrito Federal;irpf_aeb1941_1945_df_1933_1943_faixas;1939;1940;Distrito Federal;F05;5;De mais de 90 a 120;90;120;0;727;75010;103177;727.003111;-0.003111;Cr$;Cr$ 1.000;Cr$ 1.000;renda liquida;pessoas publicadas diretamente na tabela;Brasil. Instituto Brasileiro de Geografia e Estatistica. Anuario Estatistico do Brasil 1941-1945. Rio de Janeiro: IBGE, 1946, p. 496-497, tabela beta.;https://biblioteca.ibge.gov.br/visualizacao/periodicos/20/aeb_1941_1945.pdf;outputs/fontes-pedro-souza-irpf/aeb_1941_1945.pdf;"outputs/fontes-pedro-souza-irpf/aeb_1941_1945_paginas/pagina-501.png; outputs/fontes-pedro-souza-irpf/aeb_1941_1945_paginas/pagina-502.png";501-502;496-497;Tabela beta - Contribuintes no Distrito Federal e sua renda liquida por classes de renda - 1934/44;"Serie do Distrito Federal; nao comparar diretamente com a serie nacional. A tabela traz anos impressos 1934-1944; seguindo a regra dos Anuarios Estatisticos do Brasil usada no projeto, ano_calendario = ano_exercicio - 1.";;;;;;;;;;;;;;;;;;;;;;;;;;;;;;;;;;;;;;;;;;;;;;;;;;;;;;;;;;;;;;;;;;;;;;;;;;;;;;;;;;;;;;;;;;;;;;;;;;;;;;;;;;;;;;;;;;;;;;;;;;;;;;;;;;;;;;;;;;;;;;;;;;;;;;;;;;;;;;;;;;;;;;;;;;;;;;;;;;;;;;;;;;;;;;;;;;;;;;;;;;;;;;;;;;;;;;;;;;;;;;;;;;;;;;;;;;;;;;;;;;;;;;;;;;;;;;;;;;;;;;;;;;;;;;;;;;;;;;;;;;;;;;;;;;;;;;;;;;;;;;;;;;;;;;;;;;;;;;;;;;;;;;;;;;;;;;;;;;;;;;;;;;;;;;;;;;;;;;;;;strict_renda_liquida;regional;"renda liquida publicada em faixas compativeis; serie regional/local, nao comparar diretamente com Brasil"
irpf_aeb1941_1945_df_1933_1943_faixas;irpf_aeb1941_1945_df_1933_1943_faixas.csv;bracket_distribution;78;1939;1940;Distrito Federal;irpf_aeb1941_1945_df_1933_1943_faixas;1939;1940;Distrito Federal;F06;6;De mais de 120 a 150;120;150;0;439;58829;134007;438.999455;0.000545;Cr$;Cr$ 1.000;Cr$ 1.000;renda liquida;pessoas publicadas diretamente na tabela;Brasil. Instituto Brasileiro de Geografia e Estatistica. Anuario Estatistico do Brasil 1941-1945. Rio de Janeiro: IBGE, 1946, p. 496-497, tabela beta.;https://biblioteca.ibge.gov.br/visualizacao/periodicos/20/aeb_1941_1945.pdf;outputs/fontes-pedro-souza-irpf/aeb_1941_1945.pdf;"outputs/fontes-pedro-souza-irpf/aeb_1941_1945_paginas/pagina-501.png; outputs/fontes-pedro-souza-irpf/aeb_1941_1945_paginas/pagina-502.png";501-502;496-497;Tabela beta - Contribuintes no Distrito Federal e sua renda liquida por classes de renda - 1934/44;"Serie do Distrito Federal; nao comparar diretamente com a serie nacional. A tabela traz anos impressos 1934-1944; seguindo a regra dos Anuarios Estatisticos do Brasil usada no projeto, ano_calendario = ano_exercicio - 1.";;;;;;;;;;;;;;;;;;;;;;;;;;;;;;;;;;;;;;;;;;;;;;;;;;;;;;;;;;;;;;;;;;;;;;;;;;;;;;;;;;;;;;;;;;;;;;;;;;;;;;;;;;;;;;;;;;;;;;;;;;;;;;;;;;;;;;;;;;;;;;;;;;;;;;;;;;;;;;;;;;;;;;;;;;;;;;;;;;;;;;;;;;;;;;;;;;;;;;;;;;;;;;;;;;;;;;;;;;;;;;;;;;;;;;;;;;;;;;;;;;;;;;;;;;;;;;;;;;;;;;;;;;;;;;;;;;;;;;;;;;;;;;;;;;;;;;;;;;;;;;;;;;;;;;;;;;;;;;;;;;;;;;;;;;;;;;;;;;;;;;;;;;;;;;;;;;;;;;;;;strict_renda_liquida;regional;"renda liquida publicada em faixas compativeis; serie regional/local, nao comparar diretamente com Brasil"
irpf_aeb1941_1945_df_1933_1943_faixas;irpf_aeb1941_1945_df_1933_1943_faixas.csv;bracket_distribution;79;1939;1940;Distrito Federal;irpf_aeb1941_1945_df_1933_1943_faixas;1939;1940;Distrito Federal;F07;7;De mais de 150 a 200;150;200;0;385;66100;171688;385.000699;-0.000699;Cr$;Cr$ 1.000;Cr$ 1.000;renda liquida;pessoas publicadas diretamente na tabela;Brasil. Instituto Brasileiro de Geografia e Estatistica. Anuario Estatistico do Brasil 1941-1945. Rio de Janeiro: IBGE, 1946, p. 496-497, tabela beta.;https://biblioteca.ibge.gov.br/visualizacao/periodicos/20/aeb_1941_1945.pdf;outputs/fontes-pedro-souza-irpf/aeb_1941_1945.pdf;"outputs/fontes-pedro-souza-irpf/aeb_1941_1945_paginas/pagina-501.png; outputs/fontes-pedro-souza-irpf/aeb_1941_1945_paginas/pagina-502.png";501-502;496-497;Tabela beta - Contribuintes no Distrito Federal e sua renda liquida por classes de renda - 1934/44;"Serie do Distrito Federal; nao comparar diretamente com a serie nacional. A tabela traz anos impressos 1934-1944; seguindo a regra dos Anuarios Estatisticos do Brasil usada no projeto, ano_calendario = ano_exercicio - 1.";;;;;;;;;;;;;;;;;;;;;;;;;;;;;;;;;;;;;;;;;;;;;;;;;;;;;;;;;;;;;;;;;;;;;;;;;;;;;;;;;;;;;;;;;;;;;;;;;;;;;;;;;;;;;;;;;;;;;;;;;;;;;;;;;;;;;;;;;;;;;;;;;;;;;;;;;;;;;;;;;;;;;;;;;;;;;;;;;;;;;;;;;;;;;;;;;;;;;;;;;;;;;;;;;;;;;;;;;;;;;;;;;;;;;;;;;;;;;;;;;;;;;;;;;;;;;;;;;;;;;;;;;;;;;;;;;;;;;;;;;;;;;;;;;;;;;;;;;;;;;;;;;;;;;;;;;;;;;;;;;;;;;;;;;;;;;;;;;;;;;;;;;;;;;;;;;;;;;;;;;strict_renda_liquida;regional;"renda liquida publicada em faixas compativeis; serie regional/local, nao comparar diretamente com Brasil"
irpf_aeb1941_1945_df_1933_1943_faixas;irpf_aeb1941_1945_df_1933_1943_faixas.csv;bracket_distribution;80;1939;1940;Distrito Federal;irpf_aeb1941_1945_df_1933_1943_faixas;1939;1940;Distrito Federal;F08;8;De mais de 200 a 250;200;250;0;209;46707;223477;209.001374;-0.001374;Cr$;Cr$ 1.000;Cr$ 1.000;renda liquida;pessoas publicadas diretamente na tabela;Brasil. Instituto Brasileiro de Geografia e Estatistica. Anuario Estatistico do Brasil 1941-1945. Rio de Janeiro: IBGE, 1946, p. 496-497, tabela beta.;https://biblioteca.ibge.gov.br/visualizacao/periodicos/20/aeb_1941_1945.pdf;outputs/fontes-pedro-souza-irpf/aeb_1941_1945.pdf;"outputs/fontes-pedro-souza-irpf/aeb_1941_1945_paginas/pagina-501.png; outputs/fontes-pedro-souza-irpf/aeb_1941_1945_paginas/pagina-502.png";501-502;496-497;Tabela beta - Contribuintes no Distrito Federal e sua renda liquida por classes de renda - 1934/44;"Serie do Distrito Federal; nao comparar diretamente com a serie nacional. A tabela traz anos impressos 1934-1944; seguindo a regra dos Anuarios Estatisticos do Brasil usada no projeto, ano_calendario = ano_exercicio - 1.";;;;;;;;;;;;;;;;;;;;;;;;;;;;;;;;;;;;;;;;;;;;;;;;;;;;;;;;;;;;;;;;;;;;;;;;;;;;;;;;;;;;;;;;;;;;;;;;;;;;;;;;;;;;;;;;;;;;;;;;;;;;;;;;;;;;;;;;;;;;;;;;;;;;;;;;;;;;;;;;;;;;;;;;;;;;;;;;;;;;;;;;;;;;;;;;;;;;;;;;;;;;;;;;;;;;;;;;;;;;;;;;;;;;;;;;;;;;;;;;;;;;;;;;;;;;;;;;;;;;;;;;;;;;;;;;;;;;;;;;;;;;;;;;;;;;;;;;;;;;;;;;;;;;;;;;;;;;;;;;;;;;;;;;;;;;;;;;;;;;;;;;;;;;;;;;;;;;;;;;;strict_renda_liquida;regional;"renda liquida publicada em faixas compativeis; serie regional/local, nao comparar diretamente com Brasil"
irpf_aeb1941_1945_df_1933_1943_faixas;irpf_aeb1941_1945_df_1933_1943_faixas.csv;bracket_distribution;81;1939;1940;Distrito Federal;irpf_aeb1941_1945_df_1933_1943_faixas;1939;1940;Distrito Federal;F09;9;De mais de 250 a 300;250;300;0;109;29693;272412;109.000338;-0.000338;Cr$;Cr$ 1.000;Cr$ 1.000;renda liquida;pessoas publicadas diretamente na tabela;Brasil. Instituto Brasileiro de Geografia e Estatistica. Anuario Estatistico do Brasil 1941-1945. Rio de Janeiro: IBGE, 1946, p. 496-497, tabela beta.;https://biblioteca.ibge.gov.br/visualizacao/periodicos/20/aeb_1941_1945.pdf;outputs/fontes-pedro-souza-irpf/aeb_1941_1945.pdf;"outputs/fontes-pedro-souza-irpf/aeb_1941_1945_paginas/pagina-501.png; outputs/fontes-pedro-souza-irpf/aeb_1941_1945_paginas/pagina-502.png";501-502;496-497;Tabela beta - Contribuintes no Distrito Federal e sua renda liquida por classes de renda - 1934/44;"Serie do Distrito Federal; nao comparar diretamente com a serie nacional. A tabela traz anos impressos 1934-1944; seguindo a regra dos Anuarios Estatisticos do Brasil usada no projeto, ano_calendario = ano_exercicio - 1.";;;;;;;;;;;;;;;;;;;;;;;;;;;;;;;;;;;;;;;;;;;;;;;;;;;;;;;;;;;;;;;;;;;;;;;;;;;;;;;;;;;;;;;;;;;;;;;;;;;;;;;;;;;;;;;;;;;;;;;;;;;;;;;;;;;;;;;;;;;;;;;;;;;;;;;;;;;;;;;;;;;;;;;;;;;;;;;;;;;;;;;;;;;;;;;;;;;;;;;;;;;;;;;;;;;;;;;;;;;;;;;;;;;;;;;;;;;;;;;;;;;;;;;;;;;;;;;;;;;;;;;;;;;;;;;;;;;;;;;;;;;;;;;;;;;;;;;;;;;;;;;;;;;;;;;;;;;;;;;;;;;;;;;;;;;;;;;;;;;;;;;;;;;;;;;;;;;;;;;;;strict_renda_liquida;regional;"renda liquida publicada em faixas compativeis; serie regional/local, nao comparar diretamente com Brasil"
irpf_aeb1941_1945_df_1933_1943_faixas;irpf_aeb1941_1945_df_1933_1943_faixas.csv;bracket_distribution;82;1939;1940;Distrito Federal;irpf_aeb1941_1945_df_1933_1943_faixas;1939;1940;Distrito Federal;F10;10;De mais de 300 a 400;300;400;0;134;46213;344871;134.000829;-0.000829;Cr$;Cr$ 1.000;Cr$ 1.000;renda liquida;pessoas publicadas diretamente na tabela;Brasil. Instituto Brasileiro de Geografia e Estatistica. Anuario Estatistico do Brasil 1941-1945. Rio de Janeiro: IBGE, 1946, p. 496-497, tabela beta.;https://biblioteca.ibge.gov.br/visualizacao/periodicos/20/aeb_1941_1945.pdf;outputs/fontes-pedro-souza-irpf/aeb_1941_1945.pdf;"outputs/fontes-pedro-souza-irpf/aeb_1941_1945_paginas/pagina-501.png; outputs/fontes-pedro-souza-irpf/aeb_1941_1945_paginas/pagina-502.png";501-502;496-497;Tabela beta - Contribuintes no Distrito Federal e sua renda liquida por classes de renda - 1934/44;"Serie do Distrito Federal; nao comparar diretamente com a serie nacional. A tabela traz anos impressos 1934-1944; seguindo a regra dos Anuarios Estatisticos do Brasil usada no projeto, ano_calendario = ano_exercicio - 1.";;;;;;;;;;;;;;;;;;;;;;;;;;;;;;;;;;;;;;;;;;;;;;;;;;;;;;;;;;;;;;;;;;;;;;;;;;;;;;;;;;;;;;;;;;;;;;;;;;;;;;;;;;;;;;;;;;;;;;;;;;;;;;;;;;;;;;;;;;;;;;;;;;;;;;;;;;;;;;;;;;;;;;;;;;;;;;;;;;;;;;;;;;;;;;;;;;;;;;;;;;;;;;;;;;;;;;;;;;;;;;;;;;;;;;;;;;;;;;;;;;;;;;;;;;;;;;;;;;;;;;;;;;;;;;;;;;;;;;;;;;;;;;;;;;;;;;;;;;;;;;;;;;;;;;;;;;;;;;;;;;;;;;;;;;;;;;;;;;;;;;;;;;;;;;;;;;;;;;;;;strict_renda_liquida;regional;"renda liquida publicada em faixas compativeis; serie regional/local, nao comparar diretamente com Brasil"
irpf_aeb1941_1945_df_1933_1943_faixas;irpf_aeb1941_1945_df_1933_1943_faixas.csv;bracket_distribution;83;1939;1940;Distrito Federal;irpf_aeb1941_1945_df_1933_1943_faixas;1939;1940;Distrito Federal;F11;11;De mais de 400 a 500;400;500;0;68;30218;444383;67.999901;9.9e-05;Cr$;Cr$ 1.000;Cr$ 1.000;renda liquida;pessoas publicadas diretamente na tabela;Brasil. Instituto Brasileiro de Geografia e Estatistica. Anuario Estatistico do Brasil 1941-1945. Rio de Janeiro: IBGE, 1946, p. 496-497, tabela beta.;https://biblioteca.ibge.gov.br/visualizacao/periodicos/20/aeb_1941_1945.pdf;outputs/fontes-pedro-souza-irpf/aeb_1941_1945.pdf;"outputs/fontes-pedro-souza-irpf/aeb_1941_1945_paginas/pagina-501.png; outputs/fontes-pedro-souza-irpf/aeb_1941_1945_paginas/pagina-502.png";501-502;496-497;Tabela beta - Contribuintes no Distrito Federal e sua renda liquida por classes de renda - 1934/44;"Serie do Distrito Federal; nao comparar diretamente com a serie nacional. A tabela traz anos impressos 1934-1944; seguindo a regra dos Anuarios Estatisticos do Brasil usada no projeto, ano_calendario = ano_exercicio - 1.";;;;;;;;;;;;;;;;;;;;;;;;;;;;;;;;;;;;;;;;;;;;;;;;;;;;;;;;;;;;;;;;;;;;;;;;;;;;;;;;;;;;;;;;;;;;;;;;;;;;;;;;;;;;;;;;;;;;;;;;;;;;;;;;;;;;;;;;;;;;;;;;;;;;;;;;;;;;;;;;;;;;;;;;;;;;;;;;;;;;;;;;;;;;;;;;;;;;;;;;;;;;;;;;;;;;;;;;;;;;;;;;;;;;;;;;;;;;;;;;;;;;;;;;;;;;;;;;;;;;;;;;;;;;;;;;;;;;;;;;;;;;;;;;;;;;;;;;;;;;;;;;;;;;;;;;;;;;;;;;;;;;;;;;;;;;;;;;;;;;;;;;;;;;;;;;;;;;;;;;;strict_renda_liquida;regional;"renda liquida publicada em faixas compativeis; serie regional/local, nao comparar diretamente com Brasil"
irpf_aeb1941_1945_df_1933_1943_faixas;irpf_aeb1941_1945_df_1933_1943_faixas.csv;bracket_distribution;84;1939;1940;Distrito Federal;irpf_aeb1941_1945_df_1933_1943_faixas;1939;1940;Distrito Federal;F12;12;Mais de 500;500;;1;104;84203;809641;104.000415;-0.000415;Cr$;Cr$ 1.000;Cr$ 1.000;renda liquida;pessoas publicadas diretamente na tabela;Brasil. Instituto Brasileiro de Geografia e Estatistica. Anuario Estatistico do Brasil 1941-1945. Rio de Janeiro: IBGE, 1946, p. 496-497, tabela beta.;https://biblioteca.ibge.gov.br/visualizacao/periodicos/20/aeb_1941_1945.pdf;outputs/fontes-pedro-souza-irpf/aeb_1941_1945.pdf;"outputs/fontes-pedro-souza-irpf/aeb_1941_1945_paginas/pagina-501.png; outputs/fontes-pedro-souza-irpf/aeb_1941_1945_paginas/pagina-502.png";501-502;496-497;Tabela beta - Contribuintes no Distrito Federal e sua renda liquida por classes de renda - 1934/44;"Serie do Distrito Federal; nao comparar diretamente com a serie nacional. A tabela traz anos impressos 1934-1944; seguindo a regra dos Anuarios Estatisticos do Brasil usada no projeto, ano_calendario = ano_exercicio - 1.";;;;;;;;;;;;;;;;;;;;;;;;;;;;;;;;;;;;;;;;;;;;;;;;;;;;;;;;;;;;;;;;;;;;;;;;;;;;;;;;;;;;;;;;;;;;;;;;;;;;;;;;;;;;;;;;;;;;;;;;;;;;;;;;;;;;;;;;;;;;;;;;;;;;;;;;;;;;;;;;;;;;;;;;;;;;;;;;;;;;;;;;;;;;;;;;;;;;;;;;;;;;;;;;;;;;;;;;;;;;;;;;;;;;;;;;;;;;;;;;;;;;;;;;;;;;;;;;;;;;;;;;;;;;;;;;;;;;;;;;;;;;;;;;;;;;;;;;;;;;;;;;;;;;;;;;;;;;;;;;;;;;;;;;;;;;;;;;;;;;;;;;;;;;;;;;;;;;;;;;;strict_renda_liquida;regional;"renda liquida publicada em faixas compativeis; serie regional/local, nao comparar diretamente com Brasil"
irpf_aeb1941_1945_df_1933_1943_faixas;irpf_aeb1941_1945_df_1933_1943_faixas.csv;bracket_distribution;85;1940;1941;Distrito Federal;irpf_aeb1941_1945_df_1933_1943_faixas;1940;1941;Distrito Federal;F01;1;De mais de 12 a 20;12;20;0;15951;246115;15429;15951.455052;-0.455052;Cr$;Cr$ 1.000;Cr$ 1.000;renda liquida;pessoas publicadas diretamente na tabela;Brasil. Instituto Brasileiro de Geografia e Estatistica. Anuario Estatistico do Brasil 1941-1945. Rio de Janeiro: IBGE, 1946, p. 496-497, tabela beta.;https://biblioteca.ibge.gov.br/visualizacao/periodicos/20/aeb_1941_1945.pdf;outputs/fontes-pedro-souza-irpf/aeb_1941_1945.pdf;"outputs/fontes-pedro-souza-irpf/aeb_1941_1945_paginas/pagina-501.png; outputs/fontes-pedro-souza-irpf/aeb_1941_1945_paginas/pagina-502.png";501-502;496-497;Tabela beta - Contribuintes no Distrito Federal e sua renda liquida por classes de renda - 1934/44;"Serie do Distrito Federal; nao comparar diretamente com a serie nacional. A tabela traz anos impressos 1934-1944; seguindo a regra dos Anuarios Estatisticos do Brasil usada no projeto, ano_calendario = ano_exercicio - 1.";;;;;;;;;;;;;;;;;;;;;;;;;;;;;;;;;;;;;;;;;;;;;;;;;;;;;;;;;;;;;;;;;;;;;;;;;;;;;;;;;;;;;;;;;;;;;;;;;;;;;;;;;;;;;;;;;;;;;;;;;;;;;;;;;;;;;;;;;;;;;;;;;;;;;;;;;;;;;;;;;;;;;;;;;;;;;;;;;;;;;;;;;;;;;;;;;;;;;;;;;;;;;;;;;;;;;;;;;;;;;;;;;;;;;;;;;;;;;;;;;;;;;;;;;;;;;;;;;;;;;;;;;;;;;;;;;;;;;;;;;;;;;;;;;;;;;;;;;;;;;;;;;;;;;;;;;;;;;;;;;;;;;;;;;;;;;;;;;;;;;;;;;;;;;;;;;;;;;;;;;strict_renda_liquida;regional;"renda liquida publicada em faixas compativeis; serie regional/local, nao comparar diretamente com Brasil"
irpf_aeb1941_1945_df_1933_1943_faixas;irpf_aeb1941_1945_df_1933_1943_faixas.csv;bracket_distribution;86;1940;1941;Distrito Federal;irpf_aeb1941_1945_df_1933_1943_faixas;1940;1941;Distrito Federal;F02;2;De mais de 20 a 30;20;30;0;8056;195932;24321;8056.08322;-0.08322;Cr$;Cr$ 1.000;Cr$ 1.000;renda liquida;pessoas publicadas diretamente na tabela;Brasil. Instituto Brasileiro de Geografia e Estatistica. Anuario Estatistico do Brasil 1941-1945. Rio de Janeiro: IBGE, 1946, p. 496-497, tabela beta.;https://biblioteca.ibge.gov.br/visualizacao/periodicos/20/aeb_1941_1945.pdf;outputs/fontes-pedro-souza-irpf/aeb_1941_1945.pdf;"outputs/fontes-pedro-souza-irpf/aeb_1941_1945_paginas/pagina-501.png; outputs/fontes-pedro-souza-irpf/aeb_1941_1945_paginas/pagina-502.png";501-502;496-497;Tabela beta - Contribuintes no Distrito Federal e sua renda liquida por classes de renda - 1934/44;"Serie do Distrito Federal; nao comparar diretamente com a serie nacional. A tabela traz anos impressos 1934-1944; seguindo a regra dos Anuarios Estatisticos do Brasil usada no projeto, ano_calendario = ano_exercicio - 1.";;;;;;;;;;;;;;;;;;;;;;;;;;;;;;;;;;;;;;;;;;;;;;;;;;;;;;;;;;;;;;;;;;;;;;;;;;;;;;;;;;;;;;;;;;;;;;;;;;;;;;;;;;;;;;;;;;;;;;;;;;;;;;;;;;;;;;;;;;;;;;;;;;;;;;;;;;;;;;;;;;;;;;;;;;;;;;;;;;;;;;;;;;;;;;;;;;;;;;;;;;;;;;;;;;;;;;;;;;;;;;;;;;;;;;;;;;;;;;;;;;;;;;;;;;;;;;;;;;;;;;;;;;;;;;;;;;;;;;;;;;;;;;;;;;;;;;;;;;;;;;;;;;;;;;;;;;;;;;;;;;;;;;;;;;;;;;;;;;;;;;;;;;;;;;;;;;;;;;;;;strict_renda_liquida;regional;"renda liquida publicada em faixas compativeis; serie regional/local, nao comparar diretamente com Brasil"
irpf_aeb1941_1945_df_1933_1943_faixas;irpf_aeb1941_1945_df_1933_1943_faixas.csv;bracket_distribution;87;1940;1941;Distrito Federal;irpf_aeb1941_1945_df_1933_1943_faixas;1940;1941;Distrito Federal;F03;3;De mais de 30 a 60;30;60;0;7347;302921;41231;7346.923431;0.076569;Cr$;Cr$ 1.000;Cr$ 1.000;renda liquida;pessoas publicadas diretamente na tabela;Brasil. Instituto Brasileiro de Geografia e Estatistica. Anuario Estatistico do Brasil 1941-1945. Rio de Janeiro: IBGE, 1946, p. 496-497, tabela beta.;https://biblioteca.ibge.gov.br/visualizacao/periodicos/20/aeb_1941_1945.pdf;outputs/fontes-pedro-souza-irpf/aeb_1941_1945.pdf;"outputs/fontes-pedro-souza-irpf/aeb_1941_1945_paginas/pagina-501.png; outputs/fontes-pedro-souza-irpf/aeb_1941_1945_paginas/pagina-502.png";501-502;496-497;Tabela beta - Contribuintes no Distrito Federal e sua renda liquida por classes de renda - 1934/44;"Serie do Distrito Federal; nao comparar diretamente com a serie nacional. A tabela traz anos impressos 1934-1944; seguindo a regra dos Anuarios Estatisticos do Brasil usada no projeto, ano_calendario = ano_exercicio - 1.";;;;;;;;;;;;;;;;;;;;;;;;;;;;;;;;;;;;;;;;;;;;;;;;;;;;;;;;;;;;;;;;;;;;;;;;;;;;;;;;;;;;;;;;;;;;;;;;;;;;;;;;;;;;;;;;;;;;;;;;;;;;;;;;;;;;;;;;;;;;;;;;;;;;;;;;;;;;;;;;;;;;;;;;;;;;;;;;;;;;;;;;;;;;;;;;;;;;;;;;;;;;;;;;;;;;;;;;;;;;;;;;;;;;;;;;;;;;;;;;;;;;;;;;;;;;;;;;;;;;;;;;;;;;;;;;;;;;;;;;;;;;;;;;;;;;;;;;;;;;;;;;;;;;;;;;;;;;;;;;;;;;;;;;;;;;;;;;;;;;;;;;;;;;;;;;;;;;;;;;;strict_renda_liquida;regional;"renda liquida publicada em faixas compativeis; serie regional/local, nao comparar diretamente com Brasil"
irpf_aeb1941_1945_df_1933_1943_faixas;irpf_aeb1941_1945_df_1933_1943_faixas.csv;bracket_distribution;88;1940;1941;Distrito Federal;irpf_aeb1941_1945_df_1933_1943_faixas;1940;1941;Distrito Federal;F04;4;De mais de 60 a 90;60;90;0;1944;141381;72727;1943.99604;0.00396;Cr$;Cr$ 1.000;Cr$ 1.000;renda liquida;pessoas publicadas diretamente na tabela;Brasil. Instituto Brasileiro de Geografia e Estatistica. Anuario Estatistico do Brasil 1941-1945. Rio de Janeiro: IBGE, 1946, p. 496-497, tabela beta.;https://biblioteca.ibge.gov.br/visualizacao/periodicos/20/aeb_1941_1945.pdf;outputs/fontes-pedro-souza-irpf/aeb_1941_1945.pdf;"outputs/fontes-pedro-souza-irpf/aeb_1941_1945_paginas/pagina-501.png; outputs/fontes-pedro-souza-irpf/aeb_1941_1945_paginas/pagina-502.png";501-502;496-497;Tabela beta - Contribuintes no Distrito Federal e sua renda liquida por classes de renda - 1934/44;"Serie do Distrito Federal; nao comparar diretamente com a serie nacional. A tabela traz anos impressos 1934-1944; seguindo a regra dos Anuarios Estatisticos do Brasil usada no projeto, ano_calendario = ano_exercicio - 1.";;;;;;;;;;;;;;;;;;;;;;;;;;;;;;;;;;;;;;;;;;;;;;;;;;;;;;;;;;;;;;;;;;;;;;;;;;;;;;;;;;;;;;;;;;;;;;;;;;;;;;;;;;;;;;;;;;;;;;;;;;;;;;;;;;;;;;;;;;;;;;;;;;;;;;;;;;;;;;;;;;;;;;;;;;;;;;;;;;;;;;;;;;;;;;;;;;;;;;;;;;;;;;;;;;;;;;;;;;;;;;;;;;;;;;;;;;;;;;;;;;;;;;;;;;;;;;;;;;;;;;;;;;;;;;;;;;;;;;;;;;;;;;;;;;;;;;;;;;;;;;;;;;;;;;;;;;;;;;;;;;;;;;;;;;;;;;;;;;;;;;;;;;;;;;;;;;;;;;;;;strict_renda_liquida;regional;"renda liquida publicada em faixas compativeis; serie regional/local, nao comparar diretamente com Brasil"
irpf_aeb1941_1945_df_1933_1943_faixas;irpf_aeb1941_1945_df_1933_1943_faixas.csv;bracket_distribution;89;1940;1941;Distrito Federal;irpf_aeb1941_1945_df_1933_1943_faixas;1940;1941;Distrito Federal;F05;5;De mais de 90 a 120;90;120;0;886;91744;103548;886.004558;-0.004558;Cr$;Cr$ 1.000;Cr$ 1.000;renda liquida;pessoas publicadas diretamente na tabela;Brasil. Instituto Brasileiro de Geografia e Estatistica. Anuario Estatistico do Brasil 1941-1945. Rio de Janeiro: IBGE, 1946, p. 496-497, tabela beta.;https://biblioteca.ibge.gov.br/visualizacao/periodicos/20/aeb_1941_1945.pdf;outputs/fontes-pedro-souza-irpf/aeb_1941_1945.pdf;"outputs/fontes-pedro-souza-irpf/aeb_1941_1945_paginas/pagina-501.png; outputs/fontes-pedro-souza-irpf/aeb_1941_1945_paginas/pagina-502.png";501-502;496-497;Tabela beta - Contribuintes no Distrito Federal e sua renda liquida por classes de renda - 1934/44;"Serie do Distrito Federal; nao comparar diretamente com a serie nacional. A tabela traz anos impressos 1934-1944; seguindo a regra dos Anuarios Estatisticos do Brasil usada no projeto, ano_calendario = ano_exercicio - 1.";;;;;;;;;;;;;;;;;;;;;;;;;;;;;;;;;;;;;;;;;;;;;;;;;;;;;;;;;;;;;;;;;;;;;;;;;;;;;;;;;;;;;;;;;;;;;;;;;;;;;;;;;;;;;;;;;;;;;;;;;;;;;;;;;;;;;;;;;;;;;;;;;;;;;;;;;;;;;;;;;;;;;;;;;;;;;;;;;;;;;;;;;;;;;;;;;;;;;;;;;;;;;;;;;;;;;;;;;;;;;;;;;;;;;;;;;;;;;;;;;;;;;;;;;;;;;;;;;;;;;;;;;;;;;;;;;;;;;;;;;;;;;;;;;;;;;;;;;;;;;;;;;;;;;;;;;;;;;;;;;;;;;;;;;;;;;;;;;;;;;;;;;;;;;;;;;;;;;;;;;strict_renda_liquida;regional;"renda liquida publicada em faixas compativeis; serie regional/local, nao comparar diretamente com Brasil"
irpf_aeb1941_1945_df_1933_1943_faixas;irpf_aeb1941_1945_df_1933_1943_faixas.csv;bracket_distribution;90;1940;1941;Distrito Federal;irpf_aeb1941_1945_df_1933_1943_faixas;1940;1941;Distrito Federal;F06;6;De mais de 120 a 150;120;150;0;499;66887;134042;499.000313;-0.000313;Cr$;Cr$ 1.000;Cr$ 1.000;renda liquida;pessoas publicadas diretamente na tabela;Brasil. Instituto Brasileiro de Geografia e Estatistica. Anuario Estatistico do Brasil 1941-1945. Rio de Janeiro: IBGE, 1946, p. 496-497, tabela beta.;https://biblioteca.ibge.gov.br/visualizacao/periodicos/20/aeb_1941_1945.pdf;outputs/fontes-pedro-souza-irpf/aeb_1941_1945.pdf;"outputs/fontes-pedro-souza-irpf/aeb_1941_1945_paginas/pagina-501.png; outputs/fontes-pedro-souza-irpf/aeb_1941_1945_paginas/pagina-502.png";501-502;496-497;Tabela beta - Contribuintes no Distrito Federal e sua renda liquida por classes de renda - 1934/44;"Serie do Distrito Federal; nao comparar diretamente com a serie nacional. A tabela traz anos impressos 1934-1944; seguindo a regra dos Anuarios Estatisticos do Brasil usada no projeto, ano_calendario = ano_exercicio - 1.";;;;;;;;;;;;;;;;;;;;;;;;;;;;;;;;;;;;;;;;;;;;;;;;;;;;;;;;;;;;;;;;;;;;;;;;;;;;;;;;;;;;;;;;;;;;;;;;;;;;;;;;;;;;;;;;;;;;;;;;;;;;;;;;;;;;;;;;;;;;;;;;;;;;;;;;;;;;;;;;;;;;;;;;;;;;;;;;;;;;;;;;;;;;;;;;;;;;;;;;;;;;;;;;;;;;;;;;;;;;;;;;;;;;;;;;;;;;;;;;;;;;;;;;;;;;;;;;;;;;;;;;;;;;;;;;;;;;;;;;;;;;;;;;;;;;;;;;;;;;;;;;;;;;;;;;;;;;;;;;;;;;;;;;;;;;;;;;;;;;;;;;;;;;;;;;;;;;;;;;;strict_renda_liquida;regional;"renda liquida publicada em faixas compativeis; serie regional/local, nao comparar diretamente com Brasil"
irpf_aeb1941_1945_df_1933_1943_faixas;irpf_aeb1941_1945_df_1933_1943_faixas.csv;bracket_distribution;91;1940;1941;Distrito Federal;irpf_aeb1941_1945_df_1933_1943_faixas;1940;1941;Distrito Federal;F07;7;De mais de 150 a 200;150;200;0;461;79132;171653;460.999808;0.000192;Cr$;Cr$ 1.000;Cr$ 1.000;renda liquida;pessoas publicadas diretamente na tabela;Brasil. Instituto Brasileiro de Geografia e Estatistica. Anuario Estatistico do Brasil 1941-1945. Rio de Janeiro: IBGE, 1946, p. 496-497, tabela beta.;https://biblioteca.ibge.gov.br/visualizacao/periodicos/20/aeb_1941_1945.pdf;outputs/fontes-pedro-souza-irpf/aeb_1941_1945.pdf;"outputs/fontes-pedro-souza-irpf/aeb_1941_1945_paginas/pagina-501.png; outputs/fontes-pedro-souza-irpf/aeb_1941_1945_paginas/pagina-502.png";501-502;496-497;Tabela beta - Contribuintes no Distrito Federal e sua renda liquida por classes de renda - 1934/44;"Serie do Distrito Federal; nao comparar diretamente com a serie nacional. A tabela traz anos impressos 1934-1944; seguindo a regra dos Anuarios Estatisticos do Brasil usada no projeto, ano_calendario = ano_exercicio - 1.";;;;;;;;;;;;;;;;;;;;;;;;;;;;;;;;;;;;;;;;;;;;;;;;;;;;;;;;;;;;;;;;;;;;;;;;;;;;;;;;;;;;;;;;;;;;;;;;;;;;;;;;;;;;;;;;;;;;;;;;;;;;;;;;;;;;;;;;;;;;;;;;;;;;;;;;;;;;;;;;;;;;;;;;;;;;;;;;;;;;;;;;;;;;;;;;;;;;;;;;;;;;;;;;;;;;;;;;;;;;;;;;;;;;;;;;;;;;;;;;;;;;;;;;;;;;;;;;;;;;;;;;;;;;;;;;;;;;;;;;;;;;;;;;;;;;;;;;;;;;;;;;;;;;;;;;;;;;;;;;;;;;;;;;;;;;;;;;;;;;;;;;;;;;;;;;;;;;;;;;;strict_renda_liquida;regional;"renda liquida publicada em faixas compativeis; serie regional/local, nao comparar diretamente com Brasil"
irpf_aeb1941_1945_df_1933_1943_faixas;irpf_aeb1941_1945_df_1933_1943_faixas.csv;bracket_distribution;92;1940;1941;Distrito Federal;irpf_aeb1941_1945_df_1933_1943_faixas;1940;1941;Distrito Federal;F08;8;De mais de 200 a 250;200;250;0;228;50941;223427;227.998407;0.001593;Cr$;Cr$ 1.000;Cr$ 1.000;renda liquida;pessoas publicadas diretamente na tabela;Brasil. Instituto Brasileiro de Geografia e Estatistica. Anuario Estatistico do Brasil 1941-1945. Rio de Janeiro: IBGE, 1946, p. 496-497, tabela beta.;https://biblioteca.ibge.gov.br/visualizacao/periodicos/20/aeb_1941_1945.pdf;outputs/fontes-pedro-souza-irpf/aeb_1941_1945.pdf;"outputs/fontes-pedro-souza-irpf/aeb_1941_1945_paginas/pagina-501.png; outputs/fontes-pedro-souza-irpf/aeb_1941_1945_paginas/pagina-502.png";501-502;496-497;Tabela beta - Contribuintes no Distrito Federal e sua renda liquida por classes de renda - 1934/44;"Serie do Distrito Federal; nao comparar diretamente com a serie nacional. A tabela traz anos impressos 1934-1944; seguindo a regra dos Anuarios Estatisticos do Brasil usada no projeto, ano_calendario = ano_exercicio - 1.";;;;;;;;;;;;;;;;;;;;;;;;;;;;;;;;;;;;;;;;;;;;;;;;;;;;;;;;;;;;;;;;;;;;;;;;;;;;;;;;;;;;;;;;;;;;;;;;;;;;;;;;;;;;;;;;;;;;;;;;;;;;;;;;;;;;;;;;;;;;;;;;;;;;;;;;;;;;;;;;;;;;;;;;;;;;;;;;;;;;;;;;;;;;;;;;;;;;;;;;;;;;;;;;;;;;;;;;;;;;;;;;;;;;;;;;;;;;;;;;;;;;;;;;;;;;;;;;;;;;;;;;;;;;;;;;;;;;;;;;;;;;;;;;;;;;;;;;;;;;;;;;;;;;;;;;;;;;;;;;;;;;;;;;;;;;;;;;;;;;;;;;;;;;;;;;;;;;;;;;;strict_renda_liquida;regional;"renda liquida publicada em faixas compativeis; serie regional/local, nao comparar diretamente com Brasil"
irpf_aeb1941_1945_df_1933_1943_faixas;irpf_aeb1941_1945_df_1933_1943_faixas.csv;bracket_distribution;93;1940;1941;Distrito Federal;irpf_aeb1941_1945_df_1933_1943_faixas;1940;1941;Distrito Federal;F09;9;De mais de 250 a 300;250;300;0;145;39828;274678;144.998871;0.001129;Cr$;Cr$ 1.000;Cr$ 1.000;renda liquida;pessoas publicadas diretamente na tabela;Brasil. Instituto Brasileiro de Geografia e Estatistica. Anuario Estatistico do Brasil 1941-1945. Rio de Janeiro: IBGE, 1946, p. 496-497, tabela beta.;https://biblioteca.ibge.gov.br/visualizacao/periodicos/20/aeb_1941_1945.pdf;outputs/fontes-pedro-souza-irpf/aeb_1941_1945.pdf;"outputs/fontes-pedro-souza-irpf/aeb_1941_1945_paginas/pagina-501.png; outputs/fontes-pedro-souza-irpf/aeb_1941_1945_paginas/pagina-502.png";501-502;496-497;Tabela beta - Contribuintes no Distrito Federal e sua renda liquida por classes de renda - 1934/44;"Serie do Distrito Federal; nao comparar diretamente com a serie nacional. A tabela traz anos impressos 1934-1944; seguindo a regra dos Anuarios Estatisticos do Brasil usada no projeto, ano_calendario = ano_exercicio - 1.";;;;;;;;;;;;;;;;;;;;;;;;;;;;;;;;;;;;;;;;;;;;;;;;;;;;;;;;;;;;;;;;;;;;;;;;;;;;;;;;;;;;;;;;;;;;;;;;;;;;;;;;;;;;;;;;;;;;;;;;;;;;;;;;;;;;;;;;;;;;;;;;;;;;;;;;;;;;;;;;;;;;;;;;;;;;;;;;;;;;;;;;;;;;;;;;;;;;;;;;;;;;;;;;;;;;;;;;;;;;;;;;;;;;;;;;;;;;;;;;;;;;;;;;;;;;;;;;;;;;;;;;;;;;;;;;;;;;;;;;;;;;;;;;;;;;;;;;;;;;;;;;;;;;;;;;;;;;;;;;;;;;;;;;;;;;;;;;;;;;;;;;;;;;;;;;;;;;;;;;;strict_renda_liquida;regional;"renda liquida publicada em faixas compativeis; serie regional/local, nao comparar diretamente com Brasil"
irpf_aeb1941_1945_df_1933_1943_faixas;irpf_aeb1941_1945_df_1933_1943_faixas.csv;bracket_distribution;94;1940;1941;Distrito Federal;irpf_aeb1941_1945_df_1933_1943_faixas;1940;1941;Distrito Federal;F10;10;De mais de 300 a 400;300;400;0;167;57080;341796;167.000199;-0.000199;Cr$;Cr$ 1.000;Cr$ 1.000;renda liquida;pessoas publicadas diretamente na tabela;Brasil. Instituto Brasileiro de Geografia e Estatistica. Anuario Estatistico do Brasil 1941-1945. Rio de Janeiro: IBGE, 1946, p. 496-497, tabela beta.;https://biblioteca.ibge.gov.br/visualizacao/periodicos/20/aeb_1941_1945.pdf;outputs/fontes-pedro-souza-irpf/aeb_1941_1945.pdf;"outputs/fontes-pedro-souza-irpf/aeb_1941_1945_paginas/pagina-501.png; outputs/fontes-pedro-souza-irpf/aeb_1941_1945_paginas/pagina-502.png";501-502;496-497;Tabela beta - Contribuintes no Distrito Federal e sua renda liquida por classes de renda - 1934/44;"Serie do Distrito Federal; nao comparar diretamente com a serie nacional. A tabela traz anos impressos 1934-1944; seguindo a regra dos Anuarios Estatisticos do Brasil usada no projeto, ano_calendario = ano_exercicio - 1.";;;;;;;;;;;;;;;;;;;;;;;;;;;;;;;;;;;;;;;;;;;;;;;;;;;;;;;;;;;;;;;;;;;;;;;;;;;;;;;;;;;;;;;;;;;;;;;;;;;;;;;;;;;;;;;;;;;;;;;;;;;;;;;;;;;;;;;;;;;;;;;;;;;;;;;;;;;;;;;;;;;;;;;;;;;;;;;;;;;;;;;;;;;;;;;;;;;;;;;;;;;;;;;;;;;;;;;;;;;;;;;;;;;;;;;;;;;;;;;;;;;;;;;;;;;;;;;;;;;;;;;;;;;;;;;;;;;;;;;;;;;;;;;;;;;;;;;;;;;;;;;;;;;;;;;;;;;;;;;;;;;;;;;;;;;;;;;;;;;;;;;;;;;;;;;;;;;;;;;;;strict_renda_liquida;regional;"renda liquida publicada em faixas compativeis; serie regional/local, nao comparar diretamente com Brasil"
irpf_aeb1941_1945_df_1933_1943_faixas;irpf_aeb1941_1945_df_1933_1943_faixas.csv;bracket_distribution;95;1940;1941;Distrito Federal;irpf_aeb1941_1945_df_1933_1943_faixas;1940;1941;Distrito Federal;F11;11;De mais de 400 a 500;400;500;0;97;43106;444392;96.999946;5.4e-05;Cr$;Cr$ 1.000;Cr$ 1.000;renda liquida;pessoas publicadas diretamente na tabela;Brasil. Instituto Brasileiro de Geografia e Estatistica. Anuario Estatistico do Brasil 1941-1945. Rio de Janeiro: IBGE, 1946, p. 496-497, tabela beta.;https://biblioteca.ibge.gov.br/visualizacao/periodicos/20/aeb_1941_1945.pdf;outputs/fontes-pedro-souza-irpf/aeb_1941_1945.pdf;"outputs/fontes-pedro-souza-irpf/aeb_1941_1945_paginas/pagina-501.png; outputs/fontes-pedro-souza-irpf/aeb_1941_1945_paginas/pagina-502.png";501-502;496-497;Tabela beta - Contribuintes no Distrito Federal e sua renda liquida por classes de renda - 1934/44;"Serie do Distrito Federal; nao comparar diretamente com a serie nacional. A tabela traz anos impressos 1934-1944; seguindo a regra dos Anuarios Estatisticos do Brasil usada no projeto, ano_calendario = ano_exercicio - 1.";;;;;;;;;;;;;;;;;;;;;;;;;;;;;;;;;;;;;;;;;;;;;;;;;;;;;;;;;;;;;;;;;;;;;;;;;;;;;;;;;;;;;;;;;;;;;;;;;;;;;;;;;;;;;;;;;;;;;;;;;;;;;;;;;;;;;;;;;;;;;;;;;;;;;;;;;;;;;;;;;;;;;;;;;;;;;;;;;;;;;;;;;;;;;;;;;;;;;;;;;;;;;;;;;;;;;;;;;;;;;;;;;;;;;;;;;;;;;;;;;;;;;;;;;;;;;;;;;;;;;;;;;;;;;;;;;;;;;;;;;;;;;;;;;;;;;;;;;;;;;;;;;;;;;;;;;;;;;;;;;;;;;;;;;;;;;;;;;;;;;;;;;;;;;;;;;;;;;;;;;strict_renda_liquida;regional;"renda liquida publicada em faixas compativeis; serie regional/local, nao comparar diretamente com Brasil"
irpf_aeb1941_1945_df_1933_1943_faixas;irpf_aeb1941_1945_df_1933_1943_faixas.csv;bracket_distribution;96;1940;1941;Distrito Federal;irpf_aeb1941_1945_df_1933_1943_faixas;1940;1941;Distrito Federal;F12;12;Mais de 500;500;;1;156;147671;946608;156.000161;-0.000161;Cr$;Cr$ 1.000;Cr$ 1.000;renda liquida;pessoas publicadas diretamente na tabela;Brasil. Instituto Brasileiro de Geografia e Estatistica. Anuario Estatistico do Brasil 1941-1945. Rio de Janeiro: IBGE, 1946, p. 496-497, tabela beta.;https://biblioteca.ibge.gov.br/visualizacao/periodicos/20/aeb_1941_1945.pdf;outputs/fontes-pedro-souza-irpf/aeb_1941_1945.pdf;"outputs/fontes-pedro-souza-irpf/aeb_1941_1945_paginas/pagina-501.png; outputs/fontes-pedro-souza-irpf/aeb_1941_1945_paginas/pagina-502.png";501-502;496-497;Tabela beta - Contribuintes no Distrito Federal e sua renda liquida por classes de renda - 1934/44;"Serie do Distrito Federal; nao comparar diretamente com a serie nacional. A tabela traz anos impressos 1934-1944; seguindo a regra dos Anuarios Estatisticos do Brasil usada no projeto, ano_calendario = ano_exercicio - 1.";;;;;;;;;;;;;;;;;;;;;;;;;;;;;;;;;;;;;;;;;;;;;;;;;;;;;;;;;;;;;;;;;;;;;;;;;;;;;;;;;;;;;;;;;;;;;;;;;;;;;;;;;;;;;;;;;;;;;;;;;;;;;;;;;;;;;;;;;;;;;;;;;;;;;;;;;;;;;;;;;;;;;;;;;;;;;;;;;;;;;;;;;;;;;;;;;;;;;;;;;;;;;;;;;;;;;;;;;;;;;;;;;;;;;;;;;;;;;;;;;;;;;;;;;;;;;;;;;;;;;;;;;;;;;;;;;;;;;;;;;;;;;;;;;;;;;;;;;;;;;;;;;;;;;;;;;;;;;;;;;;;;;;;;;;;;;;;;;;;;;;;;;;;;;;;;;;;;;;;;;strict_renda_liquida;regional;"renda liquida publicada em faixas compativeis; serie regional/local, nao comparar diretamente com Brasil"
irpf_aeb1941_1945_df_1933_1943_faixas;irpf_aeb1941_1945_df_1933_1943_faixas.csv;bracket_distribution;100;1941;1942;Distrito Federal;irpf_aeb1941_1945_df_1933_1943_faixas;1941;1942;Distrito Federal;F04;4;De mais de 60 a 90;60;90;0;2499;182102;72870;2498.998216;0.001784;Cr$;Cr$ 1.000;Cr$ 1.000;renda liquida;pessoas publicadas diretamente na tabela;Brasil. Instituto Brasileiro de Geografia e Estatistica. Anuario Estatistico do Brasil 1941-1945. Rio de Janeiro: IBGE, 1946, p. 496-497, tabela beta.;https://biblioteca.ibge.gov.br/visualizacao/periodicos/20/aeb_1941_1945.pdf;outputs/fontes-pedro-souza-irpf/aeb_1941_1945.pdf;"outputs/fontes-pedro-souza-irpf/aeb_1941_1945_paginas/pagina-501.png; outputs/fontes-pedro-souza-irpf/aeb_1941_1945_paginas/pagina-502.png";501-502;496-497;Tabela beta - Contribuintes no Distrito Federal e sua renda liquida por classes de renda - 1934/44;"Serie do Distrito Federal; nao comparar diretamente com a serie nacional. A tabela traz anos impressos 1934-1944; seguindo a regra dos Anuarios Estatisticos do Brasil usada no projeto, ano_calendario = ano_exercicio - 1.";;;;;;;;;;;;;;;;;;;;;;;;;;;;;;;;;;;;;;;;;;;;;;;;;;;;;;;;;;;;;;;;;;;;;;;;;;;;;;;;;;;;;;;;;;;;;;;;;;;;;;;;;;;;;;;;;;;;;;;;;;;;;;;;;;;;;;;;;;;;;;;;;;;;;;;;;;;;;;;;;;;;;;;;;;;;;;;;;;;;;;;;;;;;;;;;;;;;;;;;;;;;;;;;;;;;;;;;;;;;;;;;;;;;;;;;;;;;;;;;;;;;;;;;;;;;;;;;;;;;;;;;;;;;;;;;;;;;;;;;;;;;;;;;;;;;;;;;;;;;;;;;;;;;;;;;;;;;;;;;;;;;;;;;;;;;;;;;;;;;;;;;;;;;;;;;;;;;;;;;;strict_renda_liquida;regional;"renda liquida publicada em faixas compativeis; serie regional/local, nao comparar diretamente com Brasil"
irpf_aeb1941_1945_df_1933_1943_faixas;irpf_aeb1941_1945_df_1933_1943_faixas.csv;bracket_distribution;101;1941;1942;Distrito Federal;irpf_aeb1941_1945_df_1933_1943_faixas;1941;1942;Distrito Federal;F05;5;De mais de 90 a 120;90;120;0;1153;118956;103171;1152.99842;0.00158;Cr$;Cr$ 1.000;Cr$ 1.000;renda liquida;pessoas publicadas diretamente na tabela;Brasil. Instituto Brasileiro de Geografia e Estatistica. Anuario Estatistico do Brasil 1941-1945. Rio de Janeiro: IBGE, 1946, p. 496-497, tabela beta.;https://biblioteca.ibge.gov.br/visualizacao/periodicos/20/aeb_1941_1945.pdf;outputs/fontes-pedro-souza-irpf/aeb_1941_1945.pdf;"outputs/fontes-pedro-souza-irpf/aeb_1941_1945_paginas/pagina-501.png; outputs/fontes-pedro-souza-irpf/aeb_1941_1945_paginas/pagina-502.png";501-502;496-497;Tabela beta - Contribuintes no Distrito Federal e sua renda liquida por classes de renda - 1934/44;"Serie do Distrito Federal; nao comparar diretamente com a serie nacional. A tabela traz anos impressos 1934-1944; seguindo a regra dos Anuarios Estatisticos do Brasil usada no projeto, ano_calendario = ano_exercicio - 1.";;;;;;;;;;;;;;;;;;;;;;;;;;;;;;;;;;;;;;;;;;;;;;;;;;;;;;;;;;;;;;;;;;;;;;;;;;;;;;;;;;;;;;;;;;;;;;;;;;;;;;;;;;;;;;;;;;;;;;;;;;;;;;;;;;;;;;;;;;;;;;;;;;;;;;;;;;;;;;;;;;;;;;;;;;;;;;;;;;;;;;;;;;;;;;;;;;;;;;;;;;;;;;;;;;;;;;;;;;;;;;;;;;;;;;;;;;;;;;;;;;;;;;;;;;;;;;;;;;;;;;;;;;;;;;;;;;;;;;;;;;;;;;;;;;;;;;;;;;;;;;;;;;;;;;;;;;;;;;;;;;;;;;;;;;;;;;;;;;;;;;;;;;;;;;;;;;;;;;;;;strict_renda_liquida;regional;"renda liquida publicada em faixas compativeis; serie regional/local, nao comparar diretamente com Brasil"
irpf_aeb1941_1945_df_1933_1943_faixas;irpf_aeb1941_1945_df_1933_1943_faixas.csv;bracket_distribution;102;1941;1942;Distrito Federal;irpf_aeb1941_1945_df_1933_1943_faixas;1941;1942;Distrito Federal;F06;6;De mais de 120 a 150;120;150;0;641;85850;133931;641.00171;-0.00171;Cr$;Cr$ 1.000;Cr$ 1.000;renda liquida;pessoas publicadas diretamente na tabela;Brasil. Instituto Brasileiro de Geografia e Estatistica. Anuario Estatistico do Brasil 1941-1945. Rio de Janeiro: IBGE, 1946, p. 496-497, tabela beta.;https://biblioteca.ibge.gov.br/visualizacao/periodicos/20/aeb_1941_1945.pdf;outputs/fontes-pedro-souza-irpf/aeb_1941_1945.pdf;"outputs/fontes-pedro-souza-irpf/aeb_1941_1945_paginas/pagina-501.png; outputs/fontes-pedro-souza-irpf/aeb_1941_1945_paginas/pagina-502.png";501-502;496-497;Tabela beta - Contribuintes no Distrito Federal e sua renda liquida por classes de renda - 1934/44;"Serie do Distrito Federal; nao comparar diretamente com a serie nacional. A tabela traz anos impressos 1934-1944; seguindo a regra dos Anuarios Estatisticos do Brasil usada no projeto, ano_calendario = ano_exercicio - 1.";;;;;;;;;;;;;;;;;;;;;;;;;;;;;;;;;;;;;;;;;;;;;;;;;;;;;;;;;;;;;;;;;;;;;;;;;;;;;;;;;;;;;;;;;;;;;;;;;;;;;;;;;;;;;;;;;;;;;;;;;;;;;;;;;;;;;;;;;;;;;;;;;;;;;;;;;;;;;;;;;;;;;;;;;;;;;;;;;;;;;;;;;;;;;;;;;;;;;;;;;;;;;;;;;;;;;;;;;;;;;;;;;;;;;;;;;;;;;;;;;;;;;;;;;;;;;;;;;;;;;;;;;;;;;;;;;;;;;;;;;;;;;;;;;;;;;;;;;;;;;;;;;;;;;;;;;;;;;;;;;;;;;;;;;;;;;;;;;;;;;;;;;;;;;;;;;;;;;;;;;strict_renda_liquida;regional;"renda liquida publicada em faixas compativeis; serie regional/local, nao comparar diretamente com Brasil"
irpf_aeb1941_1945_df_1933_1943_faixas;irpf_aeb1941_1945_df_1933_1943_faixas.csv;bracket_distribution;103;1941;1942;Distrito Federal;irpf_aeb1941_1945_df_1933_1943_faixas;1941;1942;Distrito Federal;F07;7;De mais de 150 a 200;150;200;0;677;117295;173257;677.000063;-6.3e-05;Cr$;Cr$ 1.000;Cr$ 1.000;renda liquida;pessoas publicadas diretamente na tabela;Brasil. Instituto Brasileiro de Geografia e Estatistica. Anuario Estatistico do Brasil 1941-1945. Rio de Janeiro: IBGE, 1946, p. 496-497, tabela beta.;https://biblioteca.ibge.gov.br/visualizacao/periodicos/20/aeb_1941_1945.pdf;outputs/fontes-pedro-souza-irpf/aeb_1941_1945.pdf;"outputs/fontes-pedro-souza-irpf/aeb_1941_1945_paginas/pagina-501.png; outputs/fontes-pedro-souza-irpf/aeb_1941_1945_paginas/pagina-502.png";501-502;496-497;Tabela beta - Contribuintes no Distrito Federal e sua renda liquida por classes de renda - 1934/44;"Serie do Distrito Federal; nao comparar diretamente com a serie nacional. A tabela traz anos impressos 1934-1944; seguindo a regra dos Anuarios Estatisticos do Brasil usada no projeto, ano_calendario = ano_exercicio - 1.";;;;;;;;;;;;;;;;;;;;;;;;;;;;;;;;;;;;;;;;;;;;;;;;;;;;;;;;;;;;;;;;;;;;;;;;;;;;;;;;;;;;;;;;;;;;;;;;;;;;;;;;;;;;;;;;;;;;;;;;;;;;;;;;;;;;;;;;;;;;;;;;;;;;;;;;;;;;;;;;;;;;;;;;;;;;;;;;;;;;;;;;;;;;;;;;;;;;;;;;;;;;;;;;;;;;;;;;;;;;;;;;;;;;;;;;;;;;;;;;;;;;;;;;;;;;;;;;;;;;;;;;;;;;;;;;;;;;;;;;;;;;;;;;;;;;;;;;;;;;;;;;;;;;;;;;;;;;;;;;;;;;;;;;;;;;;;;;;;;;;;;;;;;;;;;;;;;;;;;;;strict_renda_liquida;regional;"renda liquida publicada em faixas compativeis; serie regional/local, nao comparar diretamente com Brasil"
irpf_aeb1941_1945_df_1933_1943_faixas;irpf_aeb1941_1945_df_1933_1943_faixas.csv;bracket_distribution;104;1941;1942;Distrito Federal;irpf_aeb1941_1945_df_1933_1943_faixas;1941;1942;Distrito Federal;F08;8;De mais de 200 a 250;200;250;0;396;88306;222995;395.99991;9e-05;Cr$;Cr$ 1.000;Cr$ 1.000;renda liquida;pessoas publicadas diretamente na tabela;Brasil. Instituto Brasileiro de Geografia e Estatistica. Anuario Estatistico do Brasil 1941-1945. Rio de Janeiro: IBGE, 1946, p. 496-497, tabela beta.;https://biblioteca.ibge.gov.br/visualizacao/periodicos/20/aeb_1941_1945.pdf;outputs/fontes-pedro-souza-irpf/aeb_1941_1945.pdf;"outputs/fontes-pedro-souza-irpf/aeb_1941_1945_paginas/pagina-501.png; outputs/fontes-pedro-souza-irpf/aeb_1941_1945_paginas/pagina-502.png";501-502;496-497;Tabela beta - Contribuintes no Distrito Federal e sua renda liquida por classes de renda - 1934/44;"Serie do Distrito Federal; nao comparar diretamente com a serie nacional. A tabela traz anos impressos 1934-1944; seguindo a regra dos Anuarios Estatisticos do Brasil usada no projeto, ano_calendario = ano_exercicio - 1.";;;;;;;;;;;;;;;;;;;;;;;;;;;;;;;;;;;;;;;;;;;;;;;;;;;;;;;;;;;;;;;;;;;;;;;;;;;;;;;;;;;;;;;;;;;;;;;;;;;;;;;;;;;;;;;;;;;;;;;;;;;;;;;;;;;;;;;;;;;;;;;;;;;;;;;;;;;;;;;;;;;;;;;;;;;;;;;;;;;;;;;;;;;;;;;;;;;;;;;;;;;;;;;;;;;;;;;;;;;;;;;;;;;;;;;;;;;;;;;;;;;;;;;;;;;;;;;;;;;;;;;;;;;;;;;;;;;;;;;;;;;;;;;;;;;;;;;;;;;;;;;;;;;;;;;;;;;;;;;;;;;;;;;;;;;;;;;;;;;;;;;;;;;;;;;;;;;;;;;;;strict_renda_liquida;regional;"renda liquida publicada em faixas compativeis; serie regional/local, nao comparar diretamente com Brasil"
irpf_aeb1941_1945_df_1933_1943_faixas;irpf_aeb1941_1945_df_1933_1943_faixas.csv;bracket_distribution;105;1941;1942;Distrito Federal;irpf_aeb1941_1945_df_1933_1943_faixas;1941;1942;Distrito Federal;F09;9;De mais de 250 a 300;250;300;0;243;66289;272794;243.000213;-0.000213;Cr$;Cr$ 1.000;Cr$ 1.000;renda liquida;pessoas publicadas diretamente na tabela;Brasil. Instituto Brasileiro de Geografia e Estatistica. Anuario Estatistico do Brasil 1941-1945. Rio de Janeiro: IBGE, 1946, p. 496-497, tabela beta.;https://biblioteca.ibge.gov.br/visualizacao/periodicos/20/aeb_1941_1945.pdf;outputs/fontes-pedro-souza-irpf/aeb_1941_1945.pdf;"outputs/fontes-pedro-souza-irpf/aeb_1941_1945_paginas/pagina-501.png; outputs/fontes-pedro-souza-irpf/aeb_1941_1945_paginas/pagina-502.png";501-502;496-497;Tabela beta - Contribuintes no Distrito Federal e sua renda liquida por classes de renda - 1934/44;"Serie do Distrito Federal; nao comparar diretamente com a serie nacional. A tabela traz anos impressos 1934-1944; seguindo a regra dos Anuarios Estatisticos do Brasil usada no projeto, ano_calendario = ano_exercicio - 1.";;;;;;;;;;;;;;;;;;;;;;;;;;;;;;;;;;;;;;;;;;;;;;;;;;;;;;;;;;;;;;;;;;;;;;;;;;;;;;;;;;;;;;;;;;;;;;;;;;;;;;;;;;;;;;;;;;;;;;;;;;;;;;;;;;;;;;;;;;;;;;;;;;;;;;;;;;;;;;;;;;;;;;;;;;;;;;;;;;;;;;;;;;;;;;;;;;;;;;;;;;;;;;;;;;;;;;;;;;;;;;;;;;;;;;;;;;;;;;;;;;;;;;;;;;;;;;;;;;;;;;;;;;;;;;;;;;;;;;;;;;;;;;;;;;;;;;;;;;;;;;;;;;;;;;;;;;;;;;;;;;;;;;;;;;;;;;;;;;;;;;;;;;;;;;;;;;;;;;;;;strict_renda_liquida;regional;"renda liquida publicada em faixas compativeis; serie regional/local, nao comparar diretamente com Brasil"
irpf_aeb1941_1945_df_1933_1943_faixas;irpf_aeb1941_1945_df_1933_1943_faixas.csv;bracket_distribution;106;1941;1942;Distrito Federal;irpf_aeb1941_1945_df_1933_1943_faixas;1941;1942;Distrito Federal;F10;10;De mais de 300 a 400;300;400;0;251;86600;345021;250.999215;0.000785;Cr$;Cr$ 1.000;Cr$ 1.000;renda liquida;pessoas publicadas diretamente na tabela;Brasil. Instituto Brasileiro de Geografia e Estatistica. Anuario Estatistico do Brasil 1941-1945. Rio de Janeiro: IBGE, 1946, p. 496-497, tabela beta.;https://biblioteca.ibge.gov.br/visualizacao/periodicos/20/aeb_1941_1945.pdf;outputs/fontes-pedro-souza-irpf/aeb_1941_1945.pdf;"outputs/fontes-pedro-souza-irpf/aeb_1941_1945_paginas/pagina-501.png; outputs/fontes-pedro-souza-irpf/aeb_1941_1945_paginas/pagina-502.png";501-502;496-497;Tabela beta - Contribuintes no Distrito Federal e sua renda liquida por classes de renda - 1934/44;"Serie do Distrito Federal; nao comparar diretamente com a serie nacional. A tabela traz anos impressos 1934-1944; seguindo a regra dos Anuarios Estatisticos do Brasil usada no projeto, ano_calendario = ano_exercicio - 1.";;;;;;;;;;;;;;;;;;;;;;;;;;;;;;;;;;;;;;;;;;;;;;;;;;;;;;;;;;;;;;;;;;;;;;;;;;;;;;;;;;;;;;;;;;;;;;;;;;;;;;;;;;;;;;;;;;;;;;;;;;;;;;;;;;;;;;;;;;;;;;;;;;;;;;;;;;;;;;;;;;;;;;;;;;;;;;;;;;;;;;;;;;;;;;;;;;;;;;;;;;;;;;;;;;;;;;;;;;;;;;;;;;;;;;;;;;;;;;;;;;;;;;;;;;;;;;;;;;;;;;;;;;;;;;;;;;;;;;;;;;;;;;;;;;;;;;;;;;;;;;;;;;;;;;;;;;;;;;;;;;;;;;;;;;;;;;;;;;;;;;;;;;;;;;;;;;;;;;;;;strict_renda_liquida;regional;"renda liquida publicada em faixas compativeis; serie regional/local, nao comparar diretamente com Brasil"
irpf_aeb1941_1945_df_1933_1943_faixas;irpf_aeb1941_1945_df_1933_1943_faixas.csv;bracket_distribution;107;1941;1942;Distrito Federal;irpf_aeb1941_1945_df_1933_1943_faixas;1941;1942;Distrito Federal;F11;11;De mais de 400 a 500;400;500;0;152;68158;448409;151.999625;0.000375;Cr$;Cr$ 1.000;Cr$ 1.000;renda liquida;pessoas publicadas diretamente na tabela;Brasil. Instituto Brasileiro de Geografia e Estatistica. Anuario Estatistico do Brasil 1941-1945. Rio de Janeiro: IBGE, 1946, p. 496-497, tabela beta.;https://biblioteca.ibge.gov.br/visualizacao/periodicos/20/aeb_1941_1945.pdf;outputs/fontes-pedro-souza-irpf/aeb_1941_1945.pdf;"outputs/fontes-pedro-souza-irpf/aeb_1941_1945_paginas/pagina-501.png; outputs/fontes-pedro-souza-irpf/aeb_1941_1945_paginas/pagina-502.png";501-502;496-497;Tabela beta - Contribuintes no Distrito Federal e sua renda liquida por classes de renda - 1934/44;"Serie do Distrito Federal; nao comparar diretamente com a serie nacional. A tabela traz anos impressos 1934-1944; seguindo a regra dos Anuarios Estatisticos do Brasil usada no projeto, ano_calendario = ano_exercicio - 1.";;;;;;;;;;;;;;;;;;;;;;;;;;;;;;;;;;;;;;;;;;;;;;;;;;;;;;;;;;;;;;;;;;;;;;;;;;;;;;;;;;;;;;;;;;;;;;;;;;;;;;;;;;;;;;;;;;;;;;;;;;;;;;;;;;;;;;;;;;;;;;;;;;;;;;;;;;;;;;;;;;;;;;;;;;;;;;;;;;;;;;;;;;;;;;;;;;;;;;;;;;;;;;;;;;;;;;;;;;;;;;;;;;;;;;;;;;;;;;;;;;;;;;;;;;;;;;;;;;;;;;;;;;;;;;;;;;;;;;;;;;;;;;;;;;;;;;;;;;;;;;;;;;;;;;;;;;;;;;;;;;;;;;;;;;;;;;;;;;;;;;;;;;;;;;;;;;;;;;;;;strict_renda_liquida;regional;"renda liquida publicada em faixas compativeis; serie regional/local, nao comparar diretamente com Brasil"
irpf_aeb1941_1945_df_1933_1943_faixas;irpf_aeb1941_1945_df_1933_1943_faixas.csv;bracket_distribution;108;1941;1942;Distrito Federal;irpf_aeb1941_1945_df_1933_1943_faixas;1941;1942;Distrito Federal;F12;12;Mais de 500;500;;1;335;361039;1077728;335.000111;-0.000111;Cr$;Cr$ 1.000;Cr$ 1.000;renda liquida;pessoas publicadas diretamente na tabela;Brasil. Instituto Brasileiro de Geografia e Estatistica. Anuario Estatistico do Brasil 1941-1945. Rio de Janeiro: IBGE, 1946, p. 496-497, tabela beta.;https://biblioteca.ibge.gov.br/visualizacao/periodicos/20/aeb_1941_1945.pdf;outputs/fontes-pedro-souza-irpf/aeb_1941_1945.pdf;"outputs/fontes-pedro-souza-irpf/aeb_1941_1945_paginas/pagina-501.png; outputs/fontes-pedro-souza-irpf/aeb_1941_1945_paginas/pagina-502.png";501-502;496-497;Tabela beta - Contribuintes no Distrito Federal e sua renda liquida por classes de renda - 1934/44;"Serie do Distrito Federal; nao comparar diretamente com a serie nacional. A tabela traz anos impressos 1934-1944; seguindo a regra dos Anuarios Estatisticos do Brasil usada no projeto, ano_calendario = ano_exercicio - 1.";;;;;;;;;;;;;;;;;;;;;;;;;;;;;;;;;;;;;;;;;;;;;;;;;;;;;;;;;;;;;;;;;;;;;;;;;;;;;;;;;;;;;;;;;;;;;;;;;;;;;;;;;;;;;;;;;;;;;;;;;;;;;;;;;;;;;;;;;;;;;;;;;;;;;;;;;;;;;;;;;;;;;;;;;;;;;;;;;;;;;;;;;;;;;;;;;;;;;;;;;;;;;;;;;;;;;;;;;;;;;;;;;;;;;;;;;;;;;;;;;;;;;;;;;;;;;;;;;;;;;;;;;;;;;;;;;;;;;;;;;;;;;;;;;;;;;;;;;;;;;;;;;;;;;;;;;;;;;;;;;;;;;;;;;;;;;;;;;;;;;;;;;;;;;;;;;;;;;;;;;strict_renda_liquida;regional;"renda liquida publicada em faixas compativeis; serie regional/local, nao comparar diretamente com Brasil"
irpf_aeb1941_1945_df_1933_1943_faixas;irpf_aeb1941_1945_df_1933_1943_faixas.csv;bracket_distribution;97;1941;1942;Distrito Federal;irpf_aeb1941_1945_df_1933_1943_faixas;1941;1942;Distrito Federal;F01;1;De mais de 12 a 20;12;20;0;15323;236119;15409;15323.447336;-0.447336;Cr$;Cr$ 1.000;Cr$ 1.000;renda liquida;pessoas publicadas diretamente na tabela;Brasil. Instituto Brasileiro de Geografia e Estatistica. Anuario Estatistico do Brasil 1941-1945. Rio de Janeiro: IBGE, 1946, p. 496-497, tabela beta.;https://biblioteca.ibge.gov.br/visualizacao/periodicos/20/aeb_1941_1945.pdf;outputs/fontes-pedro-souza-irpf/aeb_1941_1945.pdf;"outputs/fontes-pedro-souza-irpf/aeb_1941_1945_paginas/pagina-501.png; outputs/fontes-pedro-souza-irpf/aeb_1941_1945_paginas/pagina-502.png";501-502;496-497;Tabela beta - Contribuintes no Distrito Federal e sua renda liquida por classes de renda - 1934/44;"Serie do Distrito Federal; nao comparar diretamente com a serie nacional. A tabela traz anos impressos 1934-1944; seguindo a regra dos Anuarios Estatisticos do Brasil usada no projeto, ano_calendario = ano_exercicio - 1.";;;;;;;;;;;;;;;;;;;;;;;;;;;;;;;;;;;;;;;;;;;;;;;;;;;;;;;;;;;;;;;;;;;;;;;;;;;;;;;;;;;;;;;;;;;;;;;;;;;;;;;;;;;;;;;;;;;;;;;;;;;;;;;;;;;;;;;;;;;;;;;;;;;;;;;;;;;;;;;;;;;;;;;;;;;;;;;;;;;;;;;;;;;;;;;;;;;;;;;;;;;;;;;;;;;;;;;;;;;;;;;;;;;;;;;;;;;;;;;;;;;;;;;;;;;;;;;;;;;;;;;;;;;;;;;;;;;;;;;;;;;;;;;;;;;;;;;;;;;;;;;;;;;;;;;;;;;;;;;;;;;;;;;;;;;;;;;;;;;;;;;;;;;;;;;;;;;;;;;;;strict_renda_liquida;regional;"renda liquida publicada em faixas compativeis; serie regional/local, nao comparar diretamente com Brasil"
irpf_aeb1941_1945_df_1933_1943_faixas;irpf_aeb1941_1945_df_1933_1943_faixas.csv;bracket_distribution;98;1941;1942;Distrito Federal;irpf_aeb1941_1945_df_1933_1943_faixas;1941;1942;Distrito Federal;F02;2;De mais de 20 a 30;20;30;0;8438;205398;24342;8438.008381;-0.008381;Cr$;Cr$ 1.000;Cr$ 1.000;renda liquida;pessoas publicadas diretamente na tabela;Brasil. Instituto Brasileiro de Geografia e Estatistica. Anuario Estatistico do Brasil 1941-1945. Rio de Janeiro: IBGE, 1946, p. 496-497, tabela beta.;https://biblioteca.ibge.gov.br/visualizacao/periodicos/20/aeb_1941_1945.pdf;outputs/fontes-pedro-souza-irpf/aeb_1941_1945.pdf;"outputs/fontes-pedro-souza-irpf/aeb_1941_1945_paginas/pagina-501.png; outputs/fontes-pedro-souza-irpf/aeb_1941_1945_paginas/pagina-502.png";501-502;496-497;Tabela beta - Contribuintes no Distrito Federal e sua renda liquida por classes de renda - 1934/44;"Serie do Distrito Federal; nao comparar diretamente com a serie nacional. A tabela traz anos impressos 1934-1944; seguindo a regra dos Anuarios Estatisticos do Brasil usada no projeto, ano_calendario = ano_exercicio - 1.";;;;;;;;;;;;;;;;;;;;;;;;;;;;;;;;;;;;;;;;;;;;;;;;;;;;;;;;;;;;;;;;;;;;;;;;;;;;;;;;;;;;;;;;;;;;;;;;;;;;;;;;;;;;;;;;;;;;;;;;;;;;;;;;;;;;;;;;;;;;;;;;;;;;;;;;;;;;;;;;;;;;;;;;;;;;;;;;;;;;;;;;;;;;;;;;;;;;;;;;;;;;;;;;;;;;;;;;;;;;;;;;;;;;;;;;;;;;;;;;;;;;;;;;;;;;;;;;;;;;;;;;;;;;;;;;;;;;;;;;;;;;;;;;;;;;;;;;;;;;;;;;;;;;;;;;;;;;;;;;;;;;;;;;;;;;;;;;;;;;;;;;;;;;;;;;;;;;;;;;;strict_renda_liquida;regional;"renda liquida publicada em faixas compativeis; serie regional/local, nao comparar diretamente com Brasil"
irpf_aeb1941_1945_df_1933_1943_faixas;irpf_aeb1941_1945_df_1933_1943_faixas.csv;bracket_distribution;99;1941;1942;Distrito Federal;irpf_aeb1941_1945_df_1933_1943_faixas;1941;1942;Distrito Federal;F03;3;De mais de 30 a 60;30;60;0;8114;335203;41312;8113.937839;0.062161;Cr$;Cr$ 1.000;Cr$ 1.000;renda liquida;pessoas publicadas diretamente na tabela;Brasil. Instituto Brasileiro de Geografia e Estatistica. Anuario Estatistico do Brasil 1941-1945. Rio de Janeiro: IBGE, 1946, p. 496-497, tabela beta.;https://biblioteca.ibge.gov.br/visualizacao/periodicos/20/aeb_1941_1945.pdf;outputs/fontes-pedro-souza-irpf/aeb_1941_1945.pdf;"outputs/fontes-pedro-souza-irpf/aeb_1941_1945_paginas/pagina-501.png; outputs/fontes-pedro-souza-irpf/aeb_1941_1945_paginas/pagina-502.png";501-502;496-497;Tabela beta - Contribuintes no Distrito Federal e sua renda liquida por classes de renda - 1934/44;"Serie do Distrito Federal; nao comparar diretamente com a serie nacional. A tabela traz anos impressos 1934-1944; seguindo a regra dos Anuarios Estatisticos do Brasil usada no projeto, ano_calendario = ano_exercicio - 1.";;;;;;;;;;;;;;;;;;;;;;;;;;;;;;;;;;;;;;;;;;;;;;;;;;;;;;;;;;;;;;;;;;;;;;;;;;;;;;;;;;;;;;;;;;;;;;;;;;;;;;;;;;;;;;;;;;;;;;;;;;;;;;;;;;;;;;;;;;;;;;;;;;;;;;;;;;;;;;;;;;;;;;;;;;;;;;;;;;;;;;;;;;;;;;;;;;;;;;;;;;;;;;;;;;;;;;;;;;;;;;;;;;;;;;;;;;;;;;;;;;;;;;;;;;;;;;;;;;;;;;;;;;;;;;;;;;;;;;;;;;;;;;;;;;;;;;;;;;;;;;;;;;;;;;;;;;;;;;;;;;;;;;;;;;;;;;;;;;;;;;;;;;;;;;;;;;;;;;;;;strict_renda_liquida;regional;"renda liquida publicada em faixas compativeis; serie regional/local, nao comparar diretamente com Brasil"
irpf_aeb1941_1945_df_1933_1943_faixas;irpf_aeb1941_1945_df_1933_1943_faixas.csv;bracket_distribution;109;1942;1943;Distrito Federal;irpf_aeb1941_1945_df_1933_1943_faixas;1942;1943;Distrito Federal;F01;1;De mais de 12 a 20;12;20;0;16643;257722;15485;16643.332257;-0.332257;Cr$;Cr$ 1.000;Cr$ 1.000;renda liquida;pessoas publicadas diretamente na tabela;Brasil. Instituto Brasileiro de Geografia e Estatistica. Anuario Estatistico do Brasil 1941-1945. Rio de Janeiro: IBGE, 1946, p. 496-497, tabela beta.;https://biblioteca.ibge.gov.br/visualizacao/periodicos/20/aeb_1941_1945.pdf;outputs/fontes-pedro-souza-irpf/aeb_1941_1945.pdf;"outputs/fontes-pedro-souza-irpf/aeb_1941_1945_paginas/pagina-501.png; outputs/fontes-pedro-souza-irpf/aeb_1941_1945_paginas/pagina-502.png";501-502;496-497;Tabela beta - Contribuintes no Distrito Federal e sua renda liquida por classes de renda - 1934/44;"Serie do Distrito Federal; nao comparar diretamente com a serie nacional. A tabela traz anos impressos 1934-1944; seguindo a regra dos Anuarios Estatisticos do Brasil usada no projeto, ano_calendario = ano_exercicio - 1.";;;;;;;;;;;;;;;;;;;;;;;;;;;;;;;;;;;;;;;;;;;;;;;;;;;;;;;;;;;;;;;;;;;;;;;;;;;;;;;;;;;;;;;;;;;;;;;;;;;;;;;;;;;;;;;;;;;;;;;;;;;;;;;;;;;;;;;;;;;;;;;;;;;;;;;;;;;;;;;;;;;;;;;;;;;;;;;;;;;;;;;;;;;;;;;;;;;;;;;;;;;;;;;;;;;;;;;;;;;;;;;;;;;;;;;;;;;;;;;;;;;;;;;;;;;;;;;;;;;;;;;;;;;;;;;;;;;;;;;;;;;;;;;;;;;;;;;;;;;;;;;;;;;;;;;;;;;;;;;;;;;;;;;;;;;;;;;;;;;;;;;;;;;;;;;;;;;;;;;;;strict_renda_liquida;regional;"renda liquida publicada em faixas compativeis; serie regional/local, nao comparar diretamente com Brasil"
irpf_aeb1941_1945_df_1933_1943_faixas;irpf_aeb1941_1945_df_1933_1943_faixas.csv;bracket_distribution;110;1942;1943;Distrito Federal;irpf_aeb1941_1945_df_1933_1943_faixas;1942;1943;Distrito Federal;F02;2;De mais de 20 a 30;20;30;0;9385;229265;24429;9384.952311;0.047689;Cr$;Cr$ 1.000;Cr$ 1.000;renda liquida;pessoas publicadas diretamente na tabela;Brasil. Instituto Brasileiro de Geografia e Estatistica. Anuario Estatistico do Brasil 1941-1945. Rio de Janeiro: IBGE, 1946, p. 496-497, tabela beta.;https://biblioteca.ibge.gov.br/visualizacao/periodicos/20/aeb_1941_1945.pdf;outputs/fontes-pedro-souza-irpf/aeb_1941_1945.pdf;"outputs/fontes-pedro-souza-irpf/aeb_1941_1945_paginas/pagina-501.png; outputs/fontes-pedro-souza-irpf/aeb_1941_1945_paginas/pagina-502.png";501-502;496-497;Tabela beta - Contribuintes no Distrito Federal e sua renda liquida por classes de renda - 1934/44;"Serie do Distrito Federal; nao comparar diretamente com a serie nacional. A tabela traz anos impressos 1934-1944; seguindo a regra dos Anuarios Estatisticos do Brasil usada no projeto, ano_calendario = ano_exercicio - 1.";;;;;;;;;;;;;;;;;;;;;;;;;;;;;;;;;;;;;;;;;;;;;;;;;;;;;;;;;;;;;;;;;;;;;;;;;;;;;;;;;;;;;;;;;;;;;;;;;;;;;;;;;;;;;;;;;;;;;;;;;;;;;;;;;;;;;;;;;;;;;;;;;;;;;;;;;;;;;;;;;;;;;;;;;;;;;;;;;;;;;;;;;;;;;;;;;;;;;;;;;;;;;;;;;;;;;;;;;;;;;;;;;;;;;;;;;;;;;;;;;;;;;;;;;;;;;;;;;;;;;;;;;;;;;;;;;;;;;;;;;;;;;;;;;;;;;;;;;;;;;;;;;;;;;;;;;;;;;;;;;;;;;;;;;;;;;;;;;;;;;;;;;;;;;;;;;;;;;;;;;strict_renda_liquida;regional;"renda liquida publicada em faixas compativeis; serie regional/local, nao comparar diretamente com Brasil"
irpf_aeb1941_1945_df_1933_1943_faixas;irpf_aeb1941_1945_df_1933_1943_faixas.csv;bracket_distribution;111;1942;1943;Distrito Federal;irpf_aeb1941_1945_df_1933_1943_faixas;1942;1943;Distrito Federal;F03;3;De mais de 30 a 60;30;60;0;9379;389652;41545;9379.034782;-0.034782;Cr$;Cr$ 1.000;Cr$ 1.000;renda liquida;pessoas publicadas diretamente na tabela;Brasil. Instituto Brasileiro de Geografia e Estatistica. Anuario Estatistico do Brasil 1941-1945. Rio de Janeiro: IBGE, 1946, p. 496-497, tabela beta.;https://biblioteca.ibge.gov.br/visualizacao/periodicos/20/aeb_1941_1945.pdf;outputs/fontes-pedro-souza-irpf/aeb_1941_1945.pdf;"outputs/fontes-pedro-souza-irpf/aeb_1941_1945_paginas/pagina-501.png; outputs/fontes-pedro-souza-irpf/aeb_1941_1945_paginas/pagina-502.png";501-502;496-497;Tabela beta - Contribuintes no Distrito Federal e sua renda liquida por classes de renda - 1934/44;"Serie do Distrito Federal; nao comparar diretamente com a serie nacional. A tabela traz anos impressos 1934-1944; seguindo a regra dos Anuarios Estatisticos do Brasil usada no projeto, ano_calendario = ano_exercicio - 1.";;;;;;;;;;;;;;;;;;;;;;;;;;;;;;;;;;;;;;;;;;;;;;;;;;;;;;;;;;;;;;;;;;;;;;;;;;;;;;;;;;;;;;;;;;;;;;;;;;;;;;;;;;;;;;;;;;;;;;;;;;;;;;;;;;;;;;;;;;;;;;;;;;;;;;;;;;;;;;;;;;;;;;;;;;;;;;;;;;;;;;;;;;;;;;;;;;;;;;;;;;;;;;;;;;;;;;;;;;;;;;;;;;;;;;;;;;;;;;;;;;;;;;;;;;;;;;;;;;;;;;;;;;;;;;;;;;;;;;;;;;;;;;;;;;;;;;;;;;;;;;;;;;;;;;;;;;;;;;;;;;;;;;;;;;;;;;;;;;;;;;;;;;;;;;;;;;;;;;;;;strict_renda_liquida;regional;"renda liquida publicada em faixas compativeis; serie regional/local, nao comparar diretamente com Brasil"
irpf_aeb1941_1945_df_1933_1943_faixas;irpf_aeb1941_1945_df_1933_1943_faixas.csv;bracket_distribution;112;1942;1943;Distrito Federal;irpf_aeb1941_1945_df_1933_1943_faixas;1942;1943;Distrito Federal;F04;4;De mais de 60 a 90;60;90;0;2978;216131;72576;2977.995481;0.004519;Cr$;Cr$ 1.000;Cr$ 1.000;renda liquida;pessoas publicadas diretamente na tabela;Brasil. Instituto Brasileiro de Geografia e Estatistica. Anuario Estatistico do Brasil 1941-1945. Rio de Janeiro: IBGE, 1946, p. 496-497, tabela beta.;https://biblioteca.ibge.gov.br/visualizacao/periodicos/20/aeb_1941_1945.pdf;outputs/fontes-pedro-souza-irpf/aeb_1941_1945.pdf;"outputs/fontes-pedro-souza-irpf/aeb_1941_1945_paginas/pagina-501.png; outputs/fontes-pedro-souza-irpf/aeb_1941_1945_paginas/pagina-502.png";501-502;496-497;Tabela beta - Contribuintes no Distrito Federal e sua renda liquida por classes de renda - 1934/44;"Serie do Distrito Federal; nao comparar diretamente com a serie nacional. A tabela traz anos impressos 1934-1944; seguindo a regra dos Anuarios Estatisticos do Brasil usada no projeto, ano_calendario = ano_exercicio - 1.";;;;;;;;;;;;;;;;;;;;;;;;;;;;;;;;;;;;;;;;;;;;;;;;;;;;;;;;;;;;;;;;;;;;;;;;;;;;;;;;;;;;;;;;;;;;;;;;;;;;;;;;;;;;;;;;;;;;;;;;;;;;;;;;;;;;;;;;;;;;;;;;;;;;;;;;;;;;;;;;;;;;;;;;;;;;;;;;;;;;;;;;;;;;;;;;;;;;;;;;;;;;;;;;;;;;;;;;;;;;;;;;;;;;;;;;;;;;;;;;;;;;;;;;;;;;;;;;;;;;;;;;;;;;;;;;;;;;;;;;;;;;;;;;;;;;;;;;;;;;;;;;;;;;;;;;;;;;;;;;;;;;;;;;;;;;;;;;;;;;;;;;;;;;;;;;;;;;;;;;;strict_renda_liquida;regional;"renda liquida publicada em faixas compativeis; serie regional/local, nao comparar diretamente com Brasil"
irpf_aeb1941_1945_df_1933_1943_faixas;irpf_aeb1941_1945_df_1933_1943_faixas.csv;bracket_distribution;113;1942;1943;Distrito Federal;irpf_aeb1941_1945_df_1933_1943_faixas;1942;1943;Distrito Federal;F05;5;De mais de 90 a 120;90;120;0;1503;155859;103699;1502.994243;0.005757;Cr$;Cr$ 1.000;Cr$ 1.000;renda liquida;pessoas publicadas diretamente na tabela;Brasil. Instituto Brasileiro de Geografia e Estatistica. Anuario Estatistico do Brasil 1941-1945. Rio de Janeiro: IBGE, 1946, p. 496-497, tabela beta.;https://biblioteca.ibge.gov.br/visualizacao/periodicos/20/aeb_1941_1945.pdf;outputs/fontes-pedro-souza-irpf/aeb_1941_1945.pdf;"outputs/fontes-pedro-souza-irpf/aeb_1941_1945_paginas/pagina-501.png; outputs/fontes-pedro-souza-irpf/aeb_1941_1945_paginas/pagina-502.png";501-502;496-497;Tabela beta - Contribuintes no Distrito Federal e sua renda liquida por classes de renda - 1934/44;"Serie do Distrito Federal; nao comparar diretamente com a serie nacional. A tabela traz anos impressos 1934-1944; seguindo a regra dos Anuarios Estatisticos do Brasil usada no projeto, ano_calendario = ano_exercicio - 1.";;;;;;;;;;;;;;;;;;;;;;;;;;;;;;;;;;;;;;;;;;;;;;;;;;;;;;;;;;;;;;;;;;;;;;;;;;;;;;;;;;;;;;;;;;;;;;;;;;;;;;;;;;;;;;;;;;;;;;;;;;;;;;;;;;;;;;;;;;;;;;;;;;;;;;;;;;;;;;;;;;;;;;;;;;;;;;;;;;;;;;;;;;;;;;;;;;;;;;;;;;;;;;;;;;;;;;;;;;;;;;;;;;;;;;;;;;;;;;;;;;;;;;;;;;;;;;;;;;;;;;;;;;;;;;;;;;;;;;;;;;;;;;;;;;;;;;;;;;;;;;;;;;;;;;;;;;;;;;;;;;;;;;;;;;;;;;;;;;;;;;;;;;;;;;;;;;;;;;;;;strict_renda_liquida;regional;"renda liquida publicada em faixas compativeis; serie regional/local, nao comparar diretamente com Brasil"
irpf_aeb1941_1945_df_1933_1943_faixas;irpf_aeb1941_1945_df_1933_1943_faixas.csv;bracket_distribution;114;1942;1943;Distrito Federal;irpf_aeb1941_1945_df_1933_1943_faixas;1942;1943;Distrito Federal;F06;6;De mais de 120 a 150;120;150;0;860;114680;133349;859.99895;0.00105;Cr$;Cr$ 1.000;Cr$ 1.000;renda liquida;pessoas publicadas diretamente na tabela;Brasil. Instituto Brasileiro de Geografia e Estatistica. Anuario Estatistico do Brasil 1941-1945. Rio de Janeiro: IBGE, 1946, p. 496-497, tabela beta.;https://biblioteca.ibge.gov.br/visualizacao/periodicos/20/aeb_1941_1945.pdf;outputs/fontes-pedro-souza-irpf/aeb_1941_1945.pdf;"outputs/fontes-pedro-souza-irpf/aeb_1941_1945_paginas/pagina-501.png; outputs/fontes-pedro-souza-irpf/aeb_1941_1945_paginas/pagina-502.png";501-502;496-497;Tabela beta - Contribuintes no Distrito Federal e sua renda liquida por classes de renda - 1934/44;"Serie do Distrito Federal; nao comparar diretamente com a serie nacional. A tabela traz anos impressos 1934-1944; seguindo a regra dos Anuarios Estatisticos do Brasil usada no projeto, ano_calendario = ano_exercicio - 1.";;;;;;;;;;;;;;;;;;;;;;;;;;;;;;;;;;;;;;;;;;;;;;;;;;;;;;;;;;;;;;;;;;;;;;;;;;;;;;;;;;;;;;;;;;;;;;;;;;;;;;;;;;;;;;;;;;;;;;;;;;;;;;;;;;;;;;;;;;;;;;;;;;;;;;;;;;;;;;;;;;;;;;;;;;;;;;;;;;;;;;;;;;;;;;;;;;;;;;;;;;;;;;;;;;;;;;;;;;;;;;;;;;;;;;;;;;;;;;;;;;;;;;;;;;;;;;;;;;;;;;;;;;;;;;;;;;;;;;;;;;;;;;;;;;;;;;;;;;;;;;;;;;;;;;;;;;;;;;;;;;;;;;;;;;;;;;;;;;;;;;;;;;;;;;;;;;;;;;;;;strict_renda_liquida;regional;"renda liquida publicada em faixas compativeis; serie regional/local, nao comparar diretamente com Brasil"
irpf_aeb1941_1945_df_1933_1943_faixas;irpf_aeb1941_1945_df_1933_1943_faixas.csv;bracket_distribution;115;1942;1943;Distrito Federal;irpf_aeb1941_1945_df_1933_1943_faixas;1942;1943;Distrito Federal;F07;7;De mais de 150 a 200;150;200;0;932;162249;174087;931.999517;0.000483;Cr$;Cr$ 1.000;Cr$ 1.000;renda liquida;pessoas publicadas diretamente na tabela;Brasil. Instituto Brasileiro de Geografia e Estatistica. Anuario Estatistico do Brasil 1941-1945. Rio de Janeiro: IBGE, 1946, p. 496-497, tabela beta.;https://biblioteca.ibge.gov.br/visualizacao/periodicos/20/aeb_1941_1945.pdf;outputs/fontes-pedro-souza-irpf/aeb_1941_1945.pdf;"outputs/fontes-pedro-souza-irpf/aeb_1941_1945_paginas/pagina-501.png; outputs/fontes-pedro-souza-irpf/aeb_1941_1945_paginas/pagina-502.png";501-502;496-497;Tabela beta - Contribuintes no Distrito Federal e sua renda liquida por classes de renda - 1934/44;"Serie do Distrito Federal; nao comparar diretamente com a serie nacional. A tabela traz anos impressos 1934-1944; seguindo a regra dos Anuarios Estatisticos do Brasil usada no projeto, ano_calendario = ano_exercicio - 1.";;;;;;;;;;;;;;;;;;;;;;;;;;;;;;;;;;;;;;;;;;;;;;;;;;;;;;;;;;;;;;;;;;;;;;;;;;;;;;;;;;;;;;;;;;;;;;;;;;;;;;;;;;;;;;;;;;;;;;;;;;;;;;;;;;;;;;;;;;;;;;;;;;;;;;;;;;;;;;;;;;;;;;;;;;;;;;;;;;;;;;;;;;;;;;;;;;;;;;;;;;;;;;;;;;;;;;;;;;;;;;;;;;;;;;;;;;;;;;;;;;;;;;;;;;;;;;;;;;;;;;;;;;;;;;;;;;;;;;;;;;;;;;;;;;;;;;;;;;;;;;;;;;;;;;;;;;;;;;;;;;;;;;;;;;;;;;;;;;;;;;;;;;;;;;;;;;;;;;;;;strict_renda_liquida;regional;"renda liquida publicada em faixas compativeis; serie regional/local, nao comparar diretamente com Brasil"
irpf_aeb1941_1945_df_1933_1943_faixas;irpf_aeb1941_1945_df_1933_1943_faixas.csv;bracket_distribution;116;1942;1943;Distrito Federal;irpf_aeb1941_1945_df_1933_1943_faixas;1942;1943;Distrito Federal;F08;8;De mais de 200 a 250;200;250;0;528;117816;223137;527.998494;0.001506;Cr$;Cr$ 1.000;Cr$ 1.000;renda liquida;pessoas publicadas diretamente na tabela;Brasil. Instituto Brasileiro de Geografia e Estatistica. Anuario Estatistico do Brasil 1941-1945. Rio de Janeiro: IBGE, 1946, p. 496-497, tabela beta.;https://biblioteca.ibge.gov.br/visualizacao/periodicos/20/aeb_1941_1945.pdf;outputs/fontes-pedro-souza-irpf/aeb_1941_1945.pdf;"outputs/fontes-pedro-souza-irpf/aeb_1941_1945_paginas/pagina-501.png; outputs/fontes-pedro-souza-irpf/aeb_1941_1945_paginas/pagina-502.png";501-502;496-497;Tabela beta - Contribuintes no Distrito Federal e sua renda liquida por classes de renda - 1934/44;"Serie do Distrito Federal; nao comparar diretamente com a serie nacional. A tabela traz anos impressos 1934-1944; seguindo a regra dos Anuarios Estatisticos do Brasil usada no projeto, ano_calendario = ano_exercicio - 1.";;;;;;;;;;;;;;;;;;;;;;;;;;;;;;;;;;;;;;;;;;;;;;;;;;;;;;;;;;;;;;;;;;;;;;;;;;;;;;;;;;;;;;;;;;;;;;;;;;;;;;;;;;;;;;;;;;;;;;;;;;;;;;;;;;;;;;;;;;;;;;;;;;;;;;;;;;;;;;;;;;;;;;;;;;;;;;;;;;;;;;;;;;;;;;;;;;;;;;;;;;;;;;;;;;;;;;;;;;;;;;;;;;;;;;;;;;;;;;;;;;;;;;;;;;;;;;;;;;;;;;;;;;;;;;;;;;;;;;;;;;;;;;;;;;;;;;;;;;;;;;;;;;;;;;;;;;;;;;;;;;;;;;;;;;;;;;;;;;;;;;;;;;;;;;;;;;;;;;;;;strict_renda_liquida;regional;"renda liquida publicada em faixas compativeis; serie regional/local, nao comparar diretamente com Brasil"
irpf_aeb1941_1945_df_1933_1943_faixas;irpf_aeb1941_1945_df_1933_1943_faixas.csv;bracket_distribution;117;1942;1943;Distrito Federal;irpf_aeb1941_1945_df_1933_1943_faixas;1942;1943;Distrito Federal;F09;9;De mais de 250 a 300;250;300;0;346;94409;272860;345.997948;0.002052;Cr$;Cr$ 1.000;Cr$ 1.000;renda liquida;pessoas publicadas diretamente na tabela;Brasil. Instituto Brasileiro de Geografia e Estatistica. Anuario Estatistico do Brasil 1941-1945. Rio de Janeiro: IBGE, 1946, p. 496-497, tabela beta.;https://biblioteca.ibge.gov.br/visualizacao/periodicos/20/aeb_1941_1945.pdf;outputs/fontes-pedro-souza-irpf/aeb_1941_1945.pdf;"outputs/fontes-pedro-souza-irpf/aeb_1941_1945_paginas/pagina-501.png; outputs/fontes-pedro-souza-irpf/aeb_1941_1945_paginas/pagina-502.png";501-502;496-497;Tabela beta - Contribuintes no Distrito Federal e sua renda liquida por classes de renda - 1934/44;"Serie do Distrito Federal; nao comparar diretamente com a serie nacional. A tabela traz anos impressos 1934-1944; seguindo a regra dos Anuarios Estatisticos do Brasil usada no projeto, ano_calendario = ano_exercicio - 1.";;;;;;;;;;;;;;;;;;;;;;;;;;;;;;;;;;;;;;;;;;;;;;;;;;;;;;;;;;;;;;;;;;;;;;;;;;;;;;;;;;;;;;;;;;;;;;;;;;;;;;;;;;;;;;;;;;;;;;;;;;;;;;;;;;;;;;;;;;;;;;;;;;;;;;;;;;;;;;;;;;;;;;;;;;;;;;;;;;;;;;;;;;;;;;;;;;;;;;;;;;;;;;;;;;;;;;;;;;;;;;;;;;;;;;;;;;;;;;;;;;;;;;;;;;;;;;;;;;;;;;;;;;;;;;;;;;;;;;;;;;;;;;;;;;;;;;;;;;;;;;;;;;;;;;;;;;;;;;;;;;;;;;;;;;;;;;;;;;;;;;;;;;;;;;;;;;;;;;;;;strict_renda_liquida;regional;"renda liquida publicada em faixas compativeis; serie regional/local, nao comparar diretamente com Brasil"
irpf_aeb1941_1945_df_1933_1943_faixas;irpf_aeb1941_1945_df_1933_1943_faixas.csv;bracket_distribution;118;1942;1943;Distrito Federal;irpf_aeb1941_1945_df_1933_1943_faixas;1942;1943;Distrito Federal;F10;10;De mais de 300 a 400;300;400;0;391;135020;345321;390.99852;0.00148;Cr$;Cr$ 1.000;Cr$ 1.000;renda liquida;pessoas publicadas diretamente na tabela;Brasil. Instituto Brasileiro de Geografia e Estatistica. Anuario Estatistico do Brasil 1941-1945. Rio de Janeiro: IBGE, 1946, p. 496-497, tabela beta.;https://biblioteca.ibge.gov.br/visualizacao/periodicos/20/aeb_1941_1945.pdf;outputs/fontes-pedro-souza-irpf/aeb_1941_1945.pdf;"outputs/fontes-pedro-souza-irpf/aeb_1941_1945_paginas/pagina-501.png; outputs/fontes-pedro-souza-irpf/aeb_1941_1945_paginas/pagina-502.png";501-502;496-497;Tabela beta - Contribuintes no Distrito Federal e sua renda liquida por classes de renda - 1934/44;"Serie do Distrito Federal; nao comparar diretamente com a serie nacional. A tabela traz anos impressos 1934-1944; seguindo a regra dos Anuarios Estatisticos do Brasil usada no projeto, ano_calendario = ano_exercicio - 1.";;;;;;;;;;;;;;;;;;;;;;;;;;;;;;;;;;;;;;;;;;;;;;;;;;;;;;;;;;;;;;;;;;;;;;;;;;;;;;;;;;;;;;;;;;;;;;;;;;;;;;;;;;;;;;;;;;;;;;;;;;;;;;;;;;;;;;;;;;;;;;;;;;;;;;;;;;;;;;;;;;;;;;;;;;;;;;;;;;;;;;;;;;;;;;;;;;;;;;;;;;;;;;;;;;;;;;;;;;;;;;;;;;;;;;;;;;;;;;;;;;;;;;;;;;;;;;;;;;;;;;;;;;;;;;;;;;;;;;;;;;;;;;;;;;;;;;;;;;;;;;;;;;;;;;;;;;;;;;;;;;;;;;;;;;;;;;;;;;;;;;;;;;;;;;;;;;;;;;;;;strict_renda_liquida;regional;"renda liquida publicada em faixas compativeis; serie regional/local, nao comparar diretamente com Brasil"
irpf_aeb1941_1945_df_1933_1943_faixas;irpf_aeb1941_1945_df_1933_1943_faixas.csv;bracket_distribution;119;1942;1943;Distrito Federal;irpf_aeb1941_1945_df_1933_1943_faixas;1942;1943;Distrito Federal;F11;11;De mais de 400 a 500;400;500;0;230;101894;443016;230.000722;-0.000722;Cr$;Cr$ 1.000;Cr$ 1.000;renda liquida;pessoas publicadas diretamente na tabela;Brasil. Instituto Brasileiro de Geografia e Estatistica. Anuario Estatistico do Brasil 1941-1945. Rio de Janeiro: IBGE, 1946, p. 496-497, tabela beta.;https://biblioteca.ibge.gov.br/visualizacao/periodicos/20/aeb_1941_1945.pdf;outputs/fontes-pedro-souza-irpf/aeb_1941_1945.pdf;"outputs/fontes-pedro-souza-irpf/aeb_1941_1945_paginas/pagina-501.png; outputs/fontes-pedro-souza-irpf/aeb_1941_1945_paginas/pagina-502.png";501-502;496-497;Tabela beta - Contribuintes no Distrito Federal e sua renda liquida por classes de renda - 1934/44;"Serie do Distrito Federal; nao comparar diretamente com a serie nacional. A tabela traz anos impressos 1934-1944; seguindo a regra dos Anuarios Estatisticos do Brasil usada no projeto, ano_calendario = ano_exercicio - 1.";;;;;;;;;;;;;;;;;;;;;;;;;;;;;;;;;;;;;;;;;;;;;;;;;;;;;;;;;;;;;;;;;;;;;;;;;;;;;;;;;;;;;;;;;;;;;;;;;;;;;;;;;;;;;;;;;;;;;;;;;;;;;;;;;;;;;;;;;;;;;;;;;;;;;;;;;;;;;;;;;;;;;;;;;;;;;;;;;;;;;;;;;;;;;;;;;;;;;;;;;;;;;;;;;;;;;;;;;;;;;;;;;;;;;;;;;;;;;;;;;;;;;;;;;;;;;;;;;;;;;;;;;;;;;;;;;;;;;;;;;;;;;;;;;;;;;;;;;;;;;;;;;;;;;;;;;;;;;;;;;;;;;;;;;;;;;;;;;;;;;;;;;;;;;;;;;;;;;;;;;strict_renda_liquida;regional;"renda liquida publicada em faixas compativeis; serie regional/local, nao comparar diretamente com Brasil"
irpf_aeb1941_1945_df_1933_1943_faixas;irpf_aeb1941_1945_df_1933_1943_faixas.csv;bracket_distribution;120;1942;1943;Distrito Federal;irpf_aeb1941_1945_df_1933_1943_faixas;1942;1943;Distrito Federal;F12;12;Mais de 500;500;;1;558;692254;1240599;557.999805;0.000195;Cr$;Cr$ 1.000;Cr$ 1.000;renda liquida;pessoas publicadas diretamente na tabela;Brasil. Instituto Brasileiro de Geografia e Estatistica. Anuario Estatistico do Brasil 1941-1945. Rio de Janeiro: IBGE, 1946, p. 496-497, tabela beta.;https://biblioteca.ibge.gov.br/visualizacao/periodicos/20/aeb_1941_1945.pdf;outputs/fontes-pedro-souza-irpf/aeb_1941_1945.pdf;"outputs/fontes-pedro-souza-irpf/aeb_1941_1945_paginas/pagina-501.png; outputs/fontes-pedro-souza-irpf/aeb_1941_1945_paginas/pagina-502.png";501-502;496-497;Tabela beta - Contribuintes no Distrito Federal e sua renda liquida por classes de renda - 1934/44;"Serie do Distrito Federal; nao comparar diretamente com a serie nacional. A tabela traz anos impressos 1934-1944; seguindo a regra dos Anuarios Estatisticos do Brasil usada no projeto, ano_calendario = ano_exercicio - 1.";;;;;;;;;;;;;;;;;;;;;;;;;;;;;;;;;;;;;;;;;;;;;;;;;;;;;;;;;;;;;;;;;;;;;;;;;;;;;;;;;;;;;;;;;;;;;;;;;;;;;;;;;;;;;;;;;;;;;;;;;;;;;;;;;;;;;;;;;;;;;;;;;;;;;;;;;;;;;;;;;;;;;;;;;;;;;;;;;;;;;;;;;;;;;;;;;;;;;;;;;;;;;;;;;;;;;;;;;;;;;;;;;;;;;;;;;;;;;;;;;;;;;;;;;;;;;;;;;;;;;;;;;;;;;;;;;;;;;;;;;;;;;;;;;;;;;;;;;;;;;;;;;;;;;;;;;;;;;;;;;;;;;;;;;;;;;;;;;;;;;;;;;;;;;;;;;;;;;;;;;strict_renda_liquida;regional;"renda liquida publicada em faixas compativeis; serie regional/local, nao comparar diretamente com Brasil"
irpf_aeb1941_1945_df_1933_1943_faixas;irpf_aeb1941_1945_df_1933_1943_faixas.csv;bracket_distribution;121;1943;1944;Distrito Federal;irpf_aeb1941_1945_df_1933_1943_faixas;1943;1944;Distrito Federal;F01;1;De mais de 12 a 20;12;20;0;16055;249856;15562;16055.519856;-0.519856;Cr$;Cr$ 1.000;Cr$ 1.000;renda liquida;pessoas publicadas diretamente na tabela;Brasil. Instituto Brasileiro de Geografia e Estatistica. Anuario Estatistico do Brasil 1941-1945. Rio de Janeiro: IBGE, 1946, p. 496-497, tabela beta.;https://biblioteca.ibge.gov.br/visualizacao/periodicos/20/aeb_1941_1945.pdf;outputs/fontes-pedro-souza-irpf/aeb_1941_1945.pdf;"outputs/fontes-pedro-souza-irpf/aeb_1941_1945_paginas/pagina-501.png; outputs/fontes-pedro-souza-irpf/aeb_1941_1945_paginas/pagina-502.png";501-502;496-497;Tabela beta - Contribuintes no Distrito Federal e sua renda liquida por classes de renda - 1934/44;"Serie do Distrito Federal; nao comparar diretamente com a serie nacional. A tabela traz anos impressos 1934-1944; seguindo a regra dos Anuarios Estatisticos do Brasil usada no projeto, ano_calendario = ano_exercicio - 1.";;;;;;;;;;;;;;;;;;;;;;;;;;;;;;;;;;;;;;;;;;;;;;;;;;;;;;;;;;;;;;;;;;;;;;;;;;;;;;;;;;;;;;;;;;;;;;;;;;;;;;;;;;;;;;;;;;;;;;;;;;;;;;;;;;;;;;;;;;;;;;;;;;;;;;;;;;;;;;;;;;;;;;;;;;;;;;;;;;;;;;;;;;;;;;;;;;;;;;;;;;;;;;;;;;;;;;;;;;;;;;;;;;;;;;;;;;;;;;;;;;;;;;;;;;;;;;;;;;;;;;;;;;;;;;;;;;;;;;;;;;;;;;;;;;;;;;;;;;;;;;;;;;;;;;;;;;;;;;;;;;;;;;;;;;;;;;;;;;;;;;;;;;;;;;;;;;;;;;;;;strict_renda_liquida;regional;"renda liquida publicada em faixas compativeis; serie regional/local, nao comparar diretamente com Brasil"
irpf_aeb1941_1945_df_1933_1943_faixas;irpf_aeb1941_1945_df_1933_1943_faixas.csv;bracket_distribution;122;1943;1944;Distrito Federal;irpf_aeb1941_1945_df_1933_1943_faixas;1943;1944;Distrito Federal;F02;2;De mais de 20 a 30;20;30;0;9698;237321;24471;9698.050754;-0.050754;Cr$;Cr$ 1.000;Cr$ 1.000;renda liquida;pessoas publicadas diretamente na tabela;Brasil. Instituto Brasileiro de Geografia e Estatistica. Anuario Estatistico do Brasil 1941-1945. Rio de Janeiro: IBGE, 1946, p. 496-497, tabela beta.;https://biblioteca.ibge.gov.br/visualizacao/periodicos/20/aeb_1941_1945.pdf;outputs/fontes-pedro-souza-irpf/aeb_1941_1945.pdf;"outputs/fontes-pedro-souza-irpf/aeb_1941_1945_paginas/pagina-501.png; outputs/fontes-pedro-souza-irpf/aeb_1941_1945_paginas/pagina-502.png";501-502;496-497;Tabela beta - Contribuintes no Distrito Federal e sua renda liquida por classes de renda - 1934/44;"Serie do Distrito Federal; nao comparar diretamente com a serie nacional. A tabela traz anos impressos 1934-1944; seguindo a regra dos Anuarios Estatisticos do Brasil usada no projeto, ano_calendario = ano_exercicio - 1.";;;;;;;;;;;;;;;;;;;;;;;;;;;;;;;;;;;;;;;;;;;;;;;;;;;;;;;;;;;;;;;;;;;;;;;;;;;;;;;;;;;;;;;;;;;;;;;;;;;;;;;;;;;;;;;;;;;;;;;;;;;;;;;;;;;;;;;;;;;;;;;;;;;;;;;;;;;;;;;;;;;;;;;;;;;;;;;;;;;;;;;;;;;;;;;;;;;;;;;;;;;;;;;;;;;;;;;;;;;;;;;;;;;;;;;;;;;;;;;;;;;;;;;;;;;;;;;;;;;;;;;;;;;;;;;;;;;;;;;;;;;;;;;;;;;;;;;;;;;;;;;;;;;;;;;;;;;;;;;;;;;;;;;;;;;;;;;;;;;;;;;;;;;;;;;;;;;;;;;;;strict_renda_liquida;regional;"renda liquida publicada em faixas compativeis; serie regional/local, nao comparar diretamente com Brasil"
irpf_aeb1941_1945_df_1933_1943_faixas;irpf_aeb1941_1945_df_1933_1943_faixas.csv;bracket_distribution;123;1943;1944;Distrito Federal;irpf_aeb1941_1945_df_1933_1943_faixas;1943;1944;Distrito Federal;F03;3;De mais de 30 a 60;30;60;0;10476;437724;41784;10475.875933;0.124067;Cr$;Cr$ 1.000;Cr$ 1.000;renda liquida;pessoas publicadas diretamente na tabela;Brasil. Instituto Brasileiro de Geografia e Estatistica. Anuario Estatistico do Brasil 1941-1945. Rio de Janeiro: IBGE, 1946, p. 496-497, tabela beta.;https://biblioteca.ibge.gov.br/visualizacao/periodicos/20/aeb_1941_1945.pdf;outputs/fontes-pedro-souza-irpf/aeb_1941_1945.pdf;"outputs/fontes-pedro-souza-irpf/aeb_1941_1945_paginas/pagina-501.png; outputs/fontes-pedro-souza-irpf/aeb_1941_1945_paginas/pagina-502.png";501-502;496-497;Tabela beta - Contribuintes no Distrito Federal e sua renda liquida por classes de renda - 1934/44;"Serie do Distrito Federal; nao comparar diretamente com a serie nacional. A tabela traz anos impressos 1934-1944; seguindo a regra dos Anuarios Estatisticos do Brasil usada no projeto, ano_calendario = ano_exercicio - 1.";;;;;;;;;;;;;;;;;;;;;;;;;;;;;;;;;;;;;;;;;;;;;;;;;;;;;;;;;;;;;;;;;;;;;;;;;;;;;;;;;;;;;;;;;;;;;;;;;;;;;;;;;;;;;;;;;;;;;;;;;;;;;;;;;;;;;;;;;;;;;;;;;;;;;;;;;;;;;;;;;;;;;;;;;;;;;;;;;;;;;;;;;;;;;;;;;;;;;;;;;;;;;;;;;;;;;;;;;;;;;;;;;;;;;;;;;;;;;;;;;;;;;;;;;;;;;;;;;;;;;;;;;;;;;;;;;;;;;;;;;;;;;;;;;;;;;;;;;;;;;;;;;;;;;;;;;;;;;;;;;;;;;;;;;;;;;;;;;;;;;;;;;;;;;;;;;;;;;;;;;strict_renda_liquida;regional;"renda liquida publicada em faixas compativeis; serie regional/local, nao comparar diretamente com Brasil"
irpf_aeb1941_1945_df_1933_1943_faixas;irpf_aeb1941_1945_df_1933_1943_faixas.csv;bracket_distribution;124;1943;1944;Distrito Federal;irpf_aeb1941_1945_df_1933_1943_faixas;1943;1944;Distrito Federal;F04;4;De mais de 60 a 90;60;90;0;3483;254647;73111;3483.018971;-0.018971;Cr$;Cr$ 1.000;Cr$ 1.000;renda liquida;pessoas publicadas diretamente na tabela;Brasil. Instituto Brasileiro de Geografia e Estatistica. Anuario Estatistico do Brasil 1941-1945. Rio de Janeiro: IBGE, 1946, p. 496-497, tabela beta.;https://biblioteca.ibge.gov.br/visualizacao/periodicos/20/aeb_1941_1945.pdf;outputs/fontes-pedro-souza-irpf/aeb_1941_1945.pdf;"outputs/fontes-pedro-souza-irpf/aeb_1941_1945_paginas/pagina-501.png; outputs/fontes-pedro-souza-irpf/aeb_1941_1945_paginas/pagina-502.png";501-502;496-497;Tabela beta - Contribuintes no Distrito Federal e sua renda liquida por classes de renda - 1934/44;"Serie do Distrito Federal; nao comparar diretamente com a serie nacional. A tabela traz anos impressos 1934-1944; seguindo a regra dos Anuarios Estatisticos do Brasil usada no projeto, ano_calendario = ano_exercicio - 1.";;;;;;;;;;;;;;;;;;;;;;;;;;;;;;;;;;;;;;;;;;;;;;;;;;;;;;;;;;;;;;;;;;;;;;;;;;;;;;;;;;;;;;;;;;;;;;;;;;;;;;;;;;;;;;;;;;;;;;;;;;;;;;;;;;;;;;;;;;;;;;;;;;;;;;;;;;;;;;;;;;;;;;;;;;;;;;;;;;;;;;;;;;;;;;;;;;;;;;;;;;;;;;;;;;;;;;;;;;;;;;;;;;;;;;;;;;;;;;;;;;;;;;;;;;;;;;;;;;;;;;;;;;;;;;;;;;;;;;;;;;;;;;;;;;;;;;;;;;;;;;;;;;;;;;;;;;;;;;;;;;;;;;;;;;;;;;;;;;;;;;;;;;;;;;;;;;;;;;;;;strict_renda_liquida;regional;"renda liquida publicada em faixas compativeis; serie regional/local, nao comparar diretamente com Brasil"
irpf_aeb1941_1945_df_1933_1943_faixas;irpf_aeb1941_1945_df_1933_1943_faixas.csv;bracket_distribution;125;1943;1944;Distrito Federal;irpf_aeb1941_1945_df_1933_1943_faixas;1943;1944;Distrito Federal;F05;5;De mais de 90 a 120;90;120;0;1708;177105;103691;1708.007445;-0.007445;Cr$;Cr$ 1.000;Cr$ 1.000;renda liquida;pessoas publicadas diretamente na tabela;Brasil. Instituto Brasileiro de Geografia e Estatistica. Anuario Estatistico do Brasil 1941-1945. Rio de Janeiro: IBGE, 1946, p. 496-497, tabela beta.;https://biblioteca.ibge.gov.br/visualizacao/periodicos/20/aeb_1941_1945.pdf;outputs/fontes-pedro-souza-irpf/aeb_1941_1945.pdf;"outputs/fontes-pedro-souza-irpf/aeb_1941_1945_paginas/pagina-501.png; outputs/fontes-pedro-souza-irpf/aeb_1941_1945_paginas/pagina-502.png";501-502;496-497;Tabela beta - Contribuintes no Distrito Federal e sua renda liquida por classes de renda - 1934/44;"Serie do Distrito Federal; nao comparar diretamente com a serie nacional. A tabela traz anos impressos 1934-1944; seguindo a regra dos Anuarios Estatisticos do Brasil usada no projeto, ano_calendario = ano_exercicio - 1.";;;;;;;;;;;;;;;;;;;;;;;;;;;;;;;;;;;;;;;;;;;;;;;;;;;;;;;;;;;;;;;;;;;;;;;;;;;;;;;;;;;;;;;;;;;;;;;;;;;;;;;;;;;;;;;;;;;;;;;;;;;;;;;;;;;;;;;;;;;;;;;;;;;;;;;;;;;;;;;;;;;;;;;;;;;;;;;;;;;;;;;;;;;;;;;;;;;;;;;;;;;;;;;;;;;;;;;;;;;;;;;;;;;;;;;;;;;;;;;;;;;;;;;;;;;;;;;;;;;;;;;;;;;;;;;;;;;;;;;;;;;;;;;;;;;;;;;;;;;;;;;;;;;;;;;;;;;;;;;;;;;;;;;;;;;;;;;;;;;;;;;;;;;;;;;;;;;;;;;;;strict_renda_liquida;regional;"renda liquida publicada em faixas compativeis; serie regional/local, nao comparar diretamente com Brasil"
irpf_aeb1941_1945_df_1933_1943_faixas;irpf_aeb1941_1945_df_1933_1943_faixas.csv;bracket_distribution;126;1943;1944;Distrito Federal;irpf_aeb1941_1945_df_1933_1943_faixas;1943;1944;Distrito Federal;F06;6;De mais de 120 a 150;120;150;0;1041;139474;133981;1040.998351;0.001649;Cr$;Cr$ 1.000;Cr$ 1.000;renda liquida;pessoas publicadas diretamente na tabela;Brasil. Instituto Brasileiro de Geografia e Estatistica. Anuario Estatistico do Brasil 1941-1945. Rio de Janeiro: IBGE, 1946, p. 496-497, tabela beta.;https://biblioteca.ibge.gov.br/visualizacao/periodicos/20/aeb_1941_1945.pdf;outputs/fontes-pedro-souza-irpf/aeb_1941_1945.pdf;"outputs/fontes-pedro-souza-irpf/aeb_1941_1945_paginas/pagina-501.png; outputs/fontes-pedro-souza-irpf/aeb_1941_1945_paginas/pagina-502.png";501-502;496-497;Tabela beta - Contribuintes no Distrito Federal e sua renda liquida por classes de renda - 1934/44;"Serie do Distrito Federal; nao comparar diretamente com a serie nacional. A tabela traz anos impressos 1934-1944; seguindo a regra dos Anuarios Estatisticos do Brasil usada no projeto, ano_calendario = ano_exercicio - 1.";;;;;;;;;;;;;;;;;;;;;;;;;;;;;;;;;;;;;;;;;;;;;;;;;;;;;;;;;;;;;;;;;;;;;;;;;;;;;;;;;;;;;;;;;;;;;;;;;;;;;;;;;;;;;;;;;;;;;;;;;;;;;;;;;;;;;;;;;;;;;;;;;;;;;;;;;;;;;;;;;;;;;;;;;;;;;;;;;;;;;;;;;;;;;;;;;;;;;;;;;;;;;;;;;;;;;;;;;;;;;;;;;;;;;;;;;;;;;;;;;;;;;;;;;;;;;;;;;;;;;;;;;;;;;;;;;;;;;;;;;;;;;;;;;;;;;;;;;;;;;;;;;;;;;;;;;;;;;;;;;;;;;;;;;;;;;;;;;;;;;;;;;;;;;;;;;;;;;;;;;strict_renda_liquida;regional;"renda liquida publicada em faixas compativeis; serie regional/local, nao comparar diretamente com Brasil"
irpf_aeb1941_1945_df_1933_1943_faixas;irpf_aeb1941_1945_df_1933_1943_faixas.csv;bracket_distribution;127;1943;1944;Distrito Federal;irpf_aeb1941_1945_df_1933_1943_faixas;1943;1944;Distrito Federal;F07;7;De mais de 150 a 200;150;200;0;982;169406;172511;982.001148;-0.001148;Cr$;Cr$ 1.000;Cr$ 1.000;renda liquida;pessoas publicadas diretamente na tabela;Brasil. Instituto Brasileiro de Geografia e Estatistica. Anuario Estatistico do Brasil 1941-1945. Rio de Janeiro: IBGE, 1946, p. 496-497, tabela beta.;https://biblioteca.ibge.gov.br/visualizacao/periodicos/20/aeb_1941_1945.pdf;outputs/fontes-pedro-souza-irpf/aeb_1941_1945.pdf;"outputs/fontes-pedro-souza-irpf/aeb_1941_1945_paginas/pagina-501.png; outputs/fontes-pedro-souza-irpf/aeb_1941_1945_paginas/pagina-502.png";501-502;496-497;Tabela beta - Contribuintes no Distrito Federal e sua renda liquida por classes de renda - 1934/44;"Serie do Distrito Federal; nao comparar diretamente com a serie nacional. A tabela traz anos impressos 1934-1944; seguindo a regra dos Anuarios Estatisticos do Brasil usada no projeto, ano_calendario = ano_exercicio - 1.";;;;;;;;;;;;;;;;;;;;;;;;;;;;;;;;;;;;;;;;;;;;;;;;;;;;;;;;;;;;;;;;;;;;;;;;;;;;;;;;;;;;;;;;;;;;;;;;;;;;;;;;;;;;;;;;;;;;;;;;;;;;;;;;;;;;;;;;;;;;;;;;;;;;;;;;;;;;;;;;;;;;;;;;;;;;;;;;;;;;;;;;;;;;;;;;;;;;;;;;;;;;;;;;;;;;;;;;;;;;;;;;;;;;;;;;;;;;;;;;;;;;;;;;;;;;;;;;;;;;;;;;;;;;;;;;;;;;;;;;;;;;;;;;;;;;;;;;;;;;;;;;;;;;;;;;;;;;;;;;;;;;;;;;;;;;;;;;;;;;;;;;;;;;;;;;;;;;;;;;;strict_renda_liquida;regional;"renda liquida publicada em faixas compativeis; serie regional/local, nao comparar diretamente com Brasil"
irpf_aeb1941_1945_df_1933_1943_faixas;irpf_aeb1941_1945_df_1933_1943_faixas.csv;bracket_distribution;128;1943;1944;Distrito Federal;irpf_aeb1941_1945_df_1933_1943_faixas;1943;1944;Distrito Federal;F08_09;8;De mais de 200 a 300;200;300;0;1034;252394;244095;1033.999058;0.000942;Cr$;Cr$ 1.000;Cr$ 1.000;renda liquida;pessoas publicadas diretamente na tabela;Brasil. Instituto Brasileiro de Geografia e Estatistica. Anuario Estatistico do Brasil 1941-1945. Rio de Janeiro: IBGE, 1946, p. 496-497, tabela beta.;https://biblioteca.ibge.gov.br/visualizacao/periodicos/20/aeb_1941_1945.pdf;outputs/fontes-pedro-souza-irpf/aeb_1941_1945.pdf;"outputs/fontes-pedro-souza-irpf/aeb_1941_1945_paginas/pagina-501.png; outputs/fontes-pedro-souza-irpf/aeb_1941_1945_paginas/pagina-502.png";501-502;496-497;Tabela beta - Contribuintes no Distrito Federal e sua renda liquida por classes de renda - 1934/44;"Serie do Distrito Federal; nao comparar diretamente com a serie nacional. A tabela traz anos impressos 1934-1944; seguindo a regra dos Anuarios Estatisticos do Brasil usada no projeto, ano_calendario = ano_exercicio - 1. Na coluna 1944, a fonte agrega as faixas 200-250 e 250-300 como 200-300.";;;;;;;;;;;;;;;;;;;;;;;;;;;;;;;;;;;;;;;;;;;;;;;;;;;;;;;;;;;;;;;;;;;;;;;;;;;;;;;;;;;;;;;;;;;;;;;;;;;;;;;;;;;;;;;;;;;;;;;;;;;;;;;;;;;;;;;;;;;;;;;;;;;;;;;;;;;;;;;;;;;;;;;;;;;;;;;;;;;;;;;;;;;;;;;;;;;;;;;;;;;;;;;;;;;;;;;;;;;;;;;;;;;;;;;;;;;;;;;;;;;;;;;;;;;;;;;;;;;;;;;;;;;;;;;;;;;;;;;;;;;;;;;;;;;;;;;;;;;;;;;;;;;;;;;;;;;;;;;;;;;;;;;;;;;;;;;;;;;;;;;;;;;;;;;;;;;;;;;;;strict_renda_liquida;regional;"renda liquida publicada em faixas compativeis; serie regional/local, nao comparar diretamente com Brasil"
irpf_aeb1941_1945_df_1933_1943_faixas;irpf_aeb1941_1945_df_1933_1943_faixas.csv;bracket_distribution;129;1943;1944;Distrito Federal;irpf_aeb1941_1945_df_1933_1943_faixas;1943;1944;Distrito Federal;F10;9;De mais de 300 a 400;300;400;0;484;166491;343989;484.000942;-0.000942;Cr$;Cr$ 1.000;Cr$ 1.000;renda liquida;pessoas publicadas diretamente na tabela;Brasil. Instituto Brasileiro de Geografia e Estatistica. Anuario Estatistico do Brasil 1941-1945. Rio de Janeiro: IBGE, 1946, p. 496-497, tabela beta.;https://biblioteca.ibge.gov.br/visualizacao/periodicos/20/aeb_1941_1945.pdf;outputs/fontes-pedro-souza-irpf/aeb_1941_1945.pdf;"outputs/fontes-pedro-souza-irpf/aeb_1941_1945_paginas/pagina-501.png; outputs/fontes-pedro-souza-irpf/aeb_1941_1945_paginas/pagina-502.png";501-502;496-497;Tabela beta - Contribuintes no Distrito Federal e sua renda liquida por classes de renda - 1934/44;"Serie do Distrito Federal; nao comparar diretamente com a serie nacional. A tabela traz anos impressos 1934-1944; seguindo a regra dos Anuarios Estatisticos do Brasil usada no projeto, ano_calendario = ano_exercicio - 1.";;;;;;;;;;;;;;;;;;;;;;;;;;;;;;;;;;;;;;;;;;;;;;;;;;;;;;;;;;;;;;;;;;;;;;;;;;;;;;;;;;;;;;;;;;;;;;;;;;;;;;;;;;;;;;;;;;;;;;;;;;;;;;;;;;;;;;;;;;;;;;;;;;;;;;;;;;;;;;;;;;;;;;;;;;;;;;;;;;;;;;;;;;;;;;;;;;;;;;;;;;;;;;;;;;;;;;;;;;;;;;;;;;;;;;;;;;;;;;;;;;;;;;;;;;;;;;;;;;;;;;;;;;;;;;;;;;;;;;;;;;;;;;;;;;;;;;;;;;;;;;;;;;;;;;;;;;;;;;;;;;;;;;;;;;;;;;;;;;;;;;;;;;;;;;;;;;;;;;;;;strict_renda_liquida;regional;"renda liquida publicada em faixas compativeis; serie regional/local, nao comparar diretamente com Brasil"
irpf_aeb1941_1945_df_1933_1943_faixas;irpf_aeb1941_1945_df_1933_1943_faixas.csv;bracket_distribution;130;1943;1944;Distrito Federal;irpf_aeb1941_1945_df_1933_1943_faixas;1943;1944;Distrito Federal;F11;10;De mais de 400 a 500;400;500;0;250;112073;448292;250.0;0.0;Cr$;Cr$ 1.000;Cr$ 1.000;renda liquida;pessoas publicadas diretamente na tabela;Brasil. Instituto Brasileiro de Geografia e Estatistica. Anuario Estatistico do Brasil 1941-1945. Rio de Janeiro: IBGE, 1946, p. 496-497, tabela beta.;https://biblioteca.ibge.gov.br/visualizacao/periodicos/20/aeb_1941_1945.pdf;outputs/fontes-pedro-souza-irpf/aeb_1941_1945.pdf;"outputs/fontes-pedro-souza-irpf/aeb_1941_1945_paginas/pagina-501.png; outputs/fontes-pedro-souza-irpf/aeb_1941_1945_paginas/pagina-502.png";501-502;496-497;Tabela beta - Contribuintes no Distrito Federal e sua renda liquida por classes de renda - 1934/44;"Serie do Distrito Federal; nao comparar diretamente com a serie nacional. A tabela traz anos impressos 1934-1944; seguindo a regra dos Anuarios Estatisticos do Brasil usada no projeto, ano_calendario = ano_exercicio - 1.";;;;;;;;;;;;;;;;;;;;;;;;;;;;;;;;;;;;;;;;;;;;;;;;;;;;;;;;;;;;;;;;;;;;;;;;;;;;;;;;;;;;;;;;;;;;;;;;;;;;;;;;;;;;;;;;;;;;;;;;;;;;;;;;;;;;;;;;;;;;;;;;;;;;;;;;;;;;;;;;;;;;;;;;;;;;;;;;;;;;;;;;;;;;;;;;;;;;;;;;;;;;;;;;;;;;;;;;;;;;;;;;;;;;;;;;;;;;;;;;;;;;;;;;;;;;;;;;;;;;;;;;;;;;;;;;;;;;;;;;;;;;;;;;;;;;;;;;;;;;;;;;;;;;;;;;;;;;;;;;;;;;;;;;;;;;;;;;;;;;;;;;;;;;;;;;;;;;;;;;;strict_renda_liquida;regional;"renda liquida publicada em faixas compativeis; serie regional/local, nao comparar diretamente com Brasil"
irpf_aeb1941_1945_df_1933_1943_faixas;irpf_aeb1941_1945_df_1933_1943_faixas.csv;bracket_distribution;131;1943;1944;Distrito Federal;irpf_aeb1941_1945_df_1933_1943_faixas;1943;1944;Distrito Federal;F12;11;Mais de 500;500;;1;625;667794;1068470;625.000234;-0.000234;Cr$;Cr$ 1.000;Cr$ 1.000;renda liquida;pessoas publicadas diretamente na tabela;Brasil. Instituto Brasileiro de Geografia e Estatistica. Anuario Estatistico do Brasil 1941-1945. Rio de Janeiro: IBGE, 1946, p. 496-497, tabela beta.;https://biblioteca.ibge.gov.br/visualizacao/periodicos/20/aeb_1941_1945.pdf;outputs/fontes-pedro-souza-irpf/aeb_1941_1945.pdf;"outputs/fontes-pedro-souza-irpf/aeb_1941_1945_paginas/pagina-501.png; outputs/fontes-pedro-souza-irpf/aeb_1941_1945_paginas/pagina-502.png";501-502;496-497;Tabela beta - Contribuintes no Distrito Federal e sua renda liquida por classes de renda - 1934/44;"Serie do Distrito Federal; nao comparar diretamente com a serie nacional. A tabela traz anos impressos 1934-1944; seguindo a regra dos Anuarios Estatisticos do Brasil usada no projeto, ano_calendario = ano_exercicio - 1.";;;;;;;;;;;;;;;;;;;;;;;;;;;;;;;;;;;;;;;;;;;;;;;;;;;;;;;;;;;;;;;;;;;;;;;;;;;;;;;;;;;;;;;;;;;;;;;;;;;;;;;;;;;;;;;;;;;;;;;;;;;;;;;;;;;;;;;;;;;;;;;;;;;;;;;;;;;;;;;;;;;;;;;;;;;;;;;;;;;;;;;;;;;;;;;;;;;;;;;;;;;;;;;;;;;;;;;;;;;;;;;;;;;;;;;;;;;;;;;;;;;;;;;;;;;;;;;;;;;;;;;;;;;;;;;;;;;;;;;;;;;;;;;;;;;;;;;;;;;;;;;;;;;;;;;;;;;;;;;;;;;;;;;;;;;;;;;;;;;;;;;;;;;;;;;;;;;;;;;;;strict_renda_liquida;regional;"renda liquida publicada em faixas compativeis; serie regional/local, nao comparar diretamente com Brasil"
irpf_aeb_brasil_1946_1960_faixas;irpf_aeb_brasil_1946_1960_faixas.csv;bracket_distribution;1;1946;1947;Brasil;irpf_aeb_brasil_1946_1960_faixas;1946;;Brasil;F01;1;De mais de 24 a 30;24;30;0;32137;;27364.813144;;;;;;renda liquida;;IBGE, Anuario Estatistico do Brasil 1949, p. 570, Tabela b;https://biblioteca.ibge.gov.br/visualizacao/periodicos/20/aeb_1949.pdf;outputs/fontes-pedro-souza-irpf/aeb_1949.pdf;;603;570;;;1947;879423;;;;;;;;;;;;;;;;;;;;;;;;;;;;;;;;;;;;;;;;;;;;;;;;;;;;;;;;;;;;;;;;;;;;;;;;;;;;;;;;;;;;;;;;;;;;;;;;;;;;;;;;;;;;;;;;;;;;;;;;;;;;;;;;;;;;;;;;;;;;;;;;;;;;;;;;;;;;;;;;;;;;;;;;;;;;;;;;;;;;;;;;;;;;;;;;;;;;;;;;;;;;;;;;;;;;;;;;;;;;;;;;;;;;;;;;;;;;;;;;;;;;;;;;;;;;;;;;;;;;;;;;;;;;;;;;;;;;;;;;;;;;;;;;;;;;;;;;;;;;;;;;;;;;;;;;;;;;;;;;;;;;;;;;;;;;;;;;;;;;;;;;;;;;;;;;;;;;;;;strict_renda_liquida;national;renda liquida publicada em faixas compativeis
irpf_aeb_brasil_1946_1960_faixas;irpf_aeb_brasil_1946_1960_faixas.csv;bracket_distribution;10;1946;1947;Brasil;irpf_aeb_brasil_1946_1960_faixas;1946;;Brasil;F10;10;De mais de 500 a 600;500;600;0;766;;543862.924282;;;;;;renda liquida;;IBGE, Anuario Estatistico do Brasil 1949, p. 570, Tabela b;https://biblioteca.ibge.gov.br/visualizacao/periodicos/20/aeb_1949.pdf;outputs/fontes-pedro-souza-irpf/aeb_1949.pdf;;603;570;;;1947;416599;;;;;;;;;;;;;;;;;;;;;;;;;;;;;;;;;;;;;;;;;;;;;;;;;;;;;;;;;;;;;;;;;;;;;;;;;;;;;;;;;;;;;;;;;;;;;;;;;;;;;;;;;;;;;;;;;;;;;;;;;;;;;;;;;;;;;;;;;;;;;;;;;;;;;;;;;;;;;;;;;;;;;;;;;;;;;;;;;;;;;;;;;;;;;;;;;;;;;;;;;;;;;;;;;;;;;;;;;;;;;;;;;;;;;;;;;;;;;;;;;;;;;;;;;;;;;;;;;;;;;;;;;;;;;;;;;;;;;;;;;;;;;;;;;;;;;;;;;;;;;;;;;;;;;;;;;;;;;;;;;;;;;;;;;;;;;;;;;;;;;;;;;;;;;;;;;;;;;;;strict_renda_liquida;national;renda liquida publicada em faixas compativeis
irpf_aeb_brasil_1946_1960_faixas;irpf_aeb_brasil_1946_1960_faixas.csv;bracket_distribution;11;1946;1947;Brasil;irpf_aeb_brasil_1946_1960_faixas;1946;;Brasil;F11;11;De mais de 600 a 700;600;700;0;483;;641072.463768;;;;;;renda liquida;;IBGE, Anuario Estatistico do Brasil 1949, p. 570, Tabela b;https://biblioteca.ibge.gov.br/visualizacao/periodicos/20/aeb_1949.pdf;outputs/fontes-pedro-souza-irpf/aeb_1949.pdf;;603;570;;;1947;309638;;;;;;;;;;;;;;;;;;;;;;;;;;;;;;;;;;;;;;;;;;;;;;;;;;;;;;;;;;;;;;;;;;;;;;;;;;;;;;;;;;;;;;;;;;;;;;;;;;;;;;;;;;;;;;;;;;;;;;;;;;;;;;;;;;;;;;;;;;;;;;;;;;;;;;;;;;;;;;;;;;;;;;;;;;;;;;;;;;;;;;;;;;;;;;;;;;;;;;;;;;;;;;;;;;;;;;;;;;;;;;;;;;;;;;;;;;;;;;;;;;;;;;;;;;;;;;;;;;;;;;;;;;;;;;;;;;;;;;;;;;;;;;;;;;;;;;;;;;;;;;;;;;;;;;;;;;;;;;;;;;;;;;;;;;;;;;;;;;;;;;;;;;;;;;;;;;;;;;;strict_renda_liquida;national;renda liquida publicada em faixas compativeis
irpf_aeb_brasil_1946_1960_faixas;irpf_aeb_brasil_1946_1960_faixas.csv;bracket_distribution;12;1946;1947;Brasil;irpf_aeb_brasil_1946_1960_faixas;1946;;Brasil;F12;12;De mais de 700 a 1000;700;1000;0;765;;825913.72549;;;;;;renda liquida;;IBGE, Anuario Estatistico do Brasil 1949, p. 570, Tabela b;https://biblioteca.ibge.gov.br/visualizacao/periodicos/20/aeb_1949.pdf;outputs/fontes-pedro-souza-irpf/aeb_1949.pdf;;603;570;;;1947;631824;;;;;;;;;;;;;;;;;;;;;;;;;;;;;;;;;;;;;;;;;;;;;;;;;;;;;;;;;;;;;;;;;;;;;;;;;;;;;;;;;;;;;;;;;;;;;;;;;;;;;;;;;;;;;;;;;;;;;;;;;;;;;;;;;;;;;;;;;;;;;;;;;;;;;;;;;;;;;;;;;;;;;;;;;;;;;;;;;;;;;;;;;;;;;;;;;;;;;;;;;;;;;;;;;;;;;;;;;;;;;;;;;;;;;;;;;;;;;;;;;;;;;;;;;;;;;;;;;;;;;;;;;;;;;;;;;;;;;;;;;;;;;;;;;;;;;;;;;;;;;;;;;;;;;;;;;;;;;;;;;;;;;;;;;;;;;;;;;;;;;;;;;;;;;;;;;;;;;;;strict_renda_liquida;national;renda liquida publicada em faixas compativeis
irpf_aeb_brasil_1946_1960_faixas;irpf_aeb_brasil_1946_1960_faixas.csv;bracket_distribution;13;1946;1947;Brasil;irpf_aeb_brasil_1946_1960_faixas;1946;;Brasil;F13;13;De mais de 1000 a 2000;1000;2000;0;509;;1332385.068762;;;;;;renda liquida;;IBGE, Anuario Estatistico do Brasil 1949, p. 570, Tabela b;https://biblioteca.ibge.gov.br/visualizacao/periodicos/20/aeb_1949.pdf;outputs/fontes-pedro-souza-irpf/aeb_1949.pdf;;603;570;;;1947;678184;;;;;;;;;;;;;;;;;;;;;;;;;;;;;;;;;;;;;;;;;;;;;;;;;;;;;;;;;;;;;;;;;;;;;;;;;;;;;;;;;;;;;;;;;;;;;;;;;;;;;;;;;;;;;;;;;;;;;;;;;;;;;;;;;;;;;;;;;;;;;;;;;;;;;;;;;;;;;;;;;;;;;;;;;;;;;;;;;;;;;;;;;;;;;;;;;;;;;;;;;;;;;;;;;;;;;;;;;;;;;;;;;;;;;;;;;;;;;;;;;;;;;;;;;;;;;;;;;;;;;;;;;;;;;;;;;;;;;;;;;;;;;;;;;;;;;;;;;;;;;;;;;;;;;;;;;;;;;;;;;;;;;;;;;;;;;;;;;;;;;;;;;;;;;;;;;;;;;;;strict_renda_liquida;national;renda liquida publicada em faixas compativeis
irpf_aeb_brasil_1946_1960_faixas;irpf_aeb_brasil_1946_1960_faixas.csv;bracket_distribution;14;1946;1947;Brasil;irpf_aeb_brasil_1946_1960_faixas;1946;;Brasil;F14;14;De mais de 2000 a 3000;2000;3000;0;116;;2389275.862069;;;;;;renda liquida;;IBGE, Anuario Estatistico do Brasil 1949, p. 570, Tabela b;https://biblioteca.ibge.gov.br/visualizacao/periodicos/20/aeb_1949.pdf;outputs/fontes-pedro-souza-irpf/aeb_1949.pdf;;603;570;;;1947;277156;;;;;;;;;;;;;;;;;;;;;;;;;;;;;;;;;;;;;;;;;;;;;;;;;;;;;;;;;;;;;;;;;;;;;;;;;;;;;;;;;;;;;;;;;;;;;;;;;;;;;;;;;;;;;;;;;;;;;;;;;;;;;;;;;;;;;;;;;;;;;;;;;;;;;;;;;;;;;;;;;;;;;;;;;;;;;;;;;;;;;;;;;;;;;;;;;;;;;;;;;;;;;;;;;;;;;;;;;;;;;;;;;;;;;;;;;;;;;;;;;;;;;;;;;;;;;;;;;;;;;;;;;;;;;;;;;;;;;;;;;;;;;;;;;;;;;;;;;;;;;;;;;;;;;;;;;;;;;;;;;;;;;;;;;;;;;;;;;;;;;;;;;;;;;;;;;;;;;;;strict_renda_liquida;national;renda liquida publicada em faixas compativeis
irpf_aeb_brasil_1946_1960_faixas;irpf_aeb_brasil_1946_1960_faixas.csv;bracket_distribution;15;1946;1947;Brasil;irpf_aeb_brasil_1946_1960_faixas;1946;;Brasil;F15;15;Mais de 3000;3000;;1;68;;5886544.117647;;;;;;renda liquida;;IBGE, Anuario Estatistico do Brasil 1949, p. 570, Tabela b;https://biblioteca.ibge.gov.br/visualizacao/periodicos/20/aeb_1949.pdf;outputs/fontes-pedro-souza-irpf/aeb_1949.pdf;;603;570;;;1947;400285;;;;;;;;;;;;;;;;;;;;;;;;;;;;;;;;;;;;;;;;;;;;;;;;;;;;;;;;;;;;;;;;;;;;;;;;;;;;;;;;;;;;;;;;;;;;;;;;;;;;;;;;;;;;;;;;;;;;;;;;;;;;;;;;;;;;;;;;;;;;;;;;;;;;;;;;;;;;;;;;;;;;;;;;;;;;;;;;;;;;;;;;;;;;;;;;;;;;;;;;;;;;;;;;;;;;;;;;;;;;;;;;;;;;;;;;;;;;;;;;;;;;;;;;;;;;;;;;;;;;;;;;;;;;;;;;;;;;;;;;;;;;;;;;;;;;;;;;;;;;;;;;;;;;;;;;;;;;;;;;;;;;;;;;;;;;;;;;;;;;;;;;;;;;;;;;;;;;;;;strict_renda_liquida;national;renda liquida publicada em faixas compativeis
irpf_aeb_brasil_1946_1960_faixas;irpf_aeb_brasil_1946_1960_faixas.csv;bracket_distribution;2;1946;1947;Brasil;irpf_aeb_brasil_1946_1960_faixas;1946;;Brasil;F02;2;De mais de 30 a 60;30;60;0;76433;;41999.398166;;;;;;renda liquida;;IBGE, Anuario Estatistico do Brasil 1949, p. 570, Tabela b;https://biblioteca.ibge.gov.br/visualizacao/periodicos/20/aeb_1949.pdf;outputs/fontes-pedro-souza-irpf/aeb_1949.pdf;;603;570;;;1947;3210140;;;;;;;;;;;;;;;;;;;;;;;;;;;;;;;;;;;;;;;;;;;;;;;;;;;;;;;;;;;;;;;;;;;;;;;;;;;;;;;;;;;;;;;;;;;;;;;;;;;;;;;;;;;;;;;;;;;;;;;;;;;;;;;;;;;;;;;;;;;;;;;;;;;;;;;;;;;;;;;;;;;;;;;;;;;;;;;;;;;;;;;;;;;;;;;;;;;;;;;;;;;;;;;;;;;;;;;;;;;;;;;;;;;;;;;;;;;;;;;;;;;;;;;;;;;;;;;;;;;;;;;;;;;;;;;;;;;;;;;;;;;;;;;;;;;;;;;;;;;;;;;;;;;;;;;;;;;;;;;;;;;;;;;;;;;;;;;;;;;;;;;;;;;;;;;;;;;;;;;strict_renda_liquida;national;renda liquida publicada em faixas compativeis
irpf_aeb_brasil_1946_1960_faixas;irpf_aeb_brasil_1946_1960_faixas.csv;bracket_distribution;3;1946;1947;Brasil;irpf_aeb_brasil_1946_1960_faixas;1946;;Brasil;F03;3;De mais de 60 a 90;60;90;0;23733;;78675.220158;;;;;;renda liquida;;IBGE, Anuario Estatistico do Brasil 1949, p. 570, Tabela b;https://biblioteca.ibge.gov.br/visualizacao/periodicos/20/aeb_1949.pdf;outputs/fontes-pedro-souza-irpf/aeb_1949.pdf;;603;570;;;1947;1867199;;;;;;;;;;;;;;;;;;;;;;;;;;;;;;;;;;;;;;;;;;;;;;;;;;;;;;;;;;;;;;;;;;;;;;;;;;;;;;;;;;;;;;;;;;;;;;;;;;;;;;;;;;;;;;;;;;;;;;;;;;;;;;;;;;;;;;;;;;;;;;;;;;;;;;;;;;;;;;;;;;;;;;;;;;;;;;;;;;;;;;;;;;;;;;;;;;;;;;;;;;;;;;;;;;;;;;;;;;;;;;;;;;;;;;;;;;;;;;;;;;;;;;;;;;;;;;;;;;;;;;;;;;;;;;;;;;;;;;;;;;;;;;;;;;;;;;;;;;;;;;;;;;;;;;;;;;;;;;;;;;;;;;;;;;;;;;;;;;;;;;;;;;;;;;;;;;;;;;;strict_renda_liquida;national;renda liquida publicada em faixas compativeis
irpf_aeb_brasil_1946_1960_faixas;irpf_aeb_brasil_1946_1960_faixas.csv;bracket_distribution;4;1946;1947;Brasil;irpf_aeb_brasil_1946_1960_faixas;1946;;Brasil;F04;4;De mais de 90 a 120;90;120;0;12483;;103928.703036;;;;;;renda liquida;;IBGE, Anuario Estatistico do Brasil 1949, p. 570, Tabela b;https://biblioteca.ibge.gov.br/visualizacao/periodicos/20/aeb_1949.pdf;outputs/fontes-pedro-souza-irpf/aeb_1949.pdf;;603;570;;;1947;1297342;;;;;;;;;;;;;;;;;;;;;;;;;;;;;;;;;;;;;;;;;;;;;;;;;;;;;;;;;;;;;;;;;;;;;;;;;;;;;;;;;;;;;;;;;;;;;;;;;;;;;;;;;;;;;;;;;;;;;;;;;;;;;;;;;;;;;;;;;;;;;;;;;;;;;;;;;;;;;;;;;;;;;;;;;;;;;;;;;;;;;;;;;;;;;;;;;;;;;;;;;;;;;;;;;;;;;;;;;;;;;;;;;;;;;;;;;;;;;;;;;;;;;;;;;;;;;;;;;;;;;;;;;;;;;;;;;;;;;;;;;;;;;;;;;;;;;;;;;;;;;;;;;;;;;;;;;;;;;;;;;;;;;;;;;;;;;;;;;;;;;;;;;;;;;;;;;;;;;;;strict_renda_liquida;national;renda liquida publicada em faixas compativeis
irpf_aeb_brasil_1946_1960_faixas;irpf_aeb_brasil_1946_1960_faixas.csv;bracket_distribution;5;1946;1947;Brasil;irpf_aeb_brasil_1946_1960_faixas;1946;;Brasil;F05;5;De mais de 120 a 150;120;150;0;7070;;134538.472419;;;;;;renda liquida;;IBGE, Anuario Estatistico do Brasil 1949, p. 570, Tabela b;https://biblioteca.ibge.gov.br/visualizacao/periodicos/20/aeb_1949.pdf;outputs/fontes-pedro-souza-irpf/aeb_1949.pdf;;603;570;;;1947;951187;;;;;;;;;;;;;;;;;;;;;;;;;;;;;;;;;;;;;;;;;;;;;;;;;;;;;;;;;;;;;;;;;;;;;;;;;;;;;;;;;;;;;;;;;;;;;;;;;;;;;;;;;;;;;;;;;;;;;;;;;;;;;;;;;;;;;;;;;;;;;;;;;;;;;;;;;;;;;;;;;;;;;;;;;;;;;;;;;;;;;;;;;;;;;;;;;;;;;;;;;;;;;;;;;;;;;;;;;;;;;;;;;;;;;;;;;;;;;;;;;;;;;;;;;;;;;;;;;;;;;;;;;;;;;;;;;;;;;;;;;;;;;;;;;;;;;;;;;;;;;;;;;;;;;;;;;;;;;;;;;;;;;;;;;;;;;;;;;;;;;;;;;;;;;;;;;;;;;;;strict_renda_liquida;national;renda liquida publicada em faixas compativeis
irpf_aeb_brasil_1946_1960_faixas;irpf_aeb_brasil_1946_1960_faixas.csv;bracket_distribution;6;1946;1947;Brasil;irpf_aeb_brasil_1946_1960_faixas;1946;;Brasil;F06;6;De mais de 150 a 200;150;200;0;6717;;172132.648504;;;;;;renda liquida;;IBGE, Anuario Estatistico do Brasil 1949, p. 570, Tabela b;https://biblioteca.ibge.gov.br/visualizacao/periodicos/20/aeb_1949.pdf;outputs/fontes-pedro-souza-irpf/aeb_1949.pdf;;603;570;;;1947;1156215;;;;;;;;;;;;;;;;;;;;;;;;;;;;;;;;;;;;;;;;;;;;;;;;;;;;;;;;;;;;;;;;;;;;;;;;;;;;;;;;;;;;;;;;;;;;;;;;;;;;;;;;;;;;;;;;;;;;;;;;;;;;;;;;;;;;;;;;;;;;;;;;;;;;;;;;;;;;;;;;;;;;;;;;;;;;;;;;;;;;;;;;;;;;;;;;;;;;;;;;;;;;;;;;;;;;;;;;;;;;;;;;;;;;;;;;;;;;;;;;;;;;;;;;;;;;;;;;;;;;;;;;;;;;;;;;;;;;;;;;;;;;;;;;;;;;;;;;;;;;;;;;;;;;;;;;;;;;;;;;;;;;;;;;;;;;;;;;;;;;;;;;;;;;;;;;;;;;;;;strict_renda_liquida;national;renda liquida publicada em faixas compativeis
irpf_aeb_brasil_1946_1960_faixas;irpf_aeb_brasil_1946_1960_faixas.csv;bracket_distribution;7;1946;1947;Brasil;irpf_aeb_brasil_1946_1960_faixas;1946;;Brasil;F07;7;De mais de 200 a 300;200;300;0;5731;;241222.997732;;;;;;renda liquida;;IBGE, Anuario Estatistico do Brasil 1949, p. 570, Tabela b;https://biblioteca.ibge.gov.br/visualizacao/periodicos/20/aeb_1949.pdf;outputs/fontes-pedro-souza-irpf/aeb_1949.pdf;;603;570;;;1947;1382449;;;;;;;;;;;;;;;;;;;;;;;;;;;;;;;;;;;;;;;;;;;;;;;;;;;;;;;;;;;;;;;;;;;;;;;;;;;;;;;;;;;;;;;;;;;;;;;;;;;;;;;;;;;;;;;;;;;;;;;;;;;;;;;;;;;;;;;;;;;;;;;;;;;;;;;;;;;;;;;;;;;;;;;;;;;;;;;;;;;;;;;;;;;;;;;;;;;;;;;;;;;;;;;;;;;;;;;;;;;;;;;;;;;;;;;;;;;;;;;;;;;;;;;;;;;;;;;;;;;;;;;;;;;;;;;;;;;;;;;;;;;;;;;;;;;;;;;;;;;;;;;;;;;;;;;;;;;;;;;;;;;;;;;;;;;;;;;;;;;;;;;;;;;;;;;;;;;;;;;strict_renda_liquida;national;renda liquida publicada em faixas compativeis
irpf_aeb_brasil_1946_1960_faixas;irpf_aeb_brasil_1946_1960_faixas.csv;bracket_distribution;8;1946;1947;Brasil;irpf_aeb_brasil_1946_1960_faixas;1946;;Brasil;F08;8;De mais de 300 a 400;300;400;0;2457;;344662.596663;;;;;;renda liquida;;IBGE, Anuario Estatistico do Brasil 1949, p. 570, Tabela b;https://biblioteca.ibge.gov.br/visualizacao/periodicos/20/aeb_1949.pdf;outputs/fontes-pedro-souza-irpf/aeb_1949.pdf;;603;570;;;1947;846836;;;;;;;;;;;;;;;;;;;;;;;;;;;;;;;;;;;;;;;;;;;;;;;;;;;;;;;;;;;;;;;;;;;;;;;;;;;;;;;;;;;;;;;;;;;;;;;;;;;;;;;;;;;;;;;;;;;;;;;;;;;;;;;;;;;;;;;;;;;;;;;;;;;;;;;;;;;;;;;;;;;;;;;;;;;;;;;;;;;;;;;;;;;;;;;;;;;;;;;;;;;;;;;;;;;;;;;;;;;;;;;;;;;;;;;;;;;;;;;;;;;;;;;;;;;;;;;;;;;;;;;;;;;;;;;;;;;;;;;;;;;;;;;;;;;;;;;;;;;;;;;;;;;;;;;;;;;;;;;;;;;;;;;;;;;;;;;;;;;;;;;;;;;;;;;;;;;;;;;strict_renda_liquida;national;renda liquida publicada em faixas compativeis
irpf_aeb_brasil_1946_1960_faixas;irpf_aeb_brasil_1946_1960_faixas.csv;bracket_distribution;9;1946;1947;Brasil;irpf_aeb_brasil_1946_1960_faixas;1946;;Brasil;F09;9;De mais de 400 a 500;400;500;0;1348;;443018.545994;;;;;;renda liquida;;IBGE, Anuario Estatistico do Brasil 1949, p. 570, Tabela b;https://biblioteca.ibge.gov.br/visualizacao/periodicos/20/aeb_1949.pdf;outputs/fontes-pedro-souza-irpf/aeb_1949.pdf;;603;570;;;1947;597189;;;;;;;;;;;;;;;;;;;;;;;;;;;;;;;;;;;;;;;;;;;;;;;;;;;;;;;;;;;;;;;;;;;;;;;;;;;;;;;;;;;;;;;;;;;;;;;;;;;;;;;;;;;;;;;;;;;;;;;;;;;;;;;;;;;;;;;;;;;;;;;;;;;;;;;;;;;;;;;;;;;;;;;;;;;;;;;;;;;;;;;;;;;;;;;;;;;;;;;;;;;;;;;;;;;;;;;;;;;;;;;;;;;;;;;;;;;;;;;;;;;;;;;;;;;;;;;;;;;;;;;;;;;;;;;;;;;;;;;;;;;;;;;;;;;;;;;;;;;;;;;;;;;;;;;;;;;;;;;;;;;;;;;;;;;;;;;;;;;;;;;;;;;;;;;;;;;;;;;strict_renda_liquida;national;renda liquida publicada em faixas compativeis
irpf_aeb_brasil_1946_1960_faixas;irpf_aeb_brasil_1946_1960_faixas.csv;bracket_distribution;16;1947;1948;Brasil;irpf_aeb_brasil_1946_1960_faixas;1947;;Brasil;F01;1;De mais de 24 a 30;24;30;0;31161;;27086.935593;;;;;;renda liquida;;IBGE, Anuario Estatistico do Brasil 1949, p. 570, Tabela b;https://biblioteca.ibge.gov.br/visualizacao/periodicos/20/aeb_1949.pdf;outputs/fontes-pedro-souza-irpf/aeb_1949.pdf;;603;570;;;1948;844056;15195;;;;;;;;;;;;;;;;;;;;;;;;;;;;;;;;;;;;;;;;;;;;;;;;;;;;;;;;;;;;;;;;;;;;;;;;;;;;;;;;;;;;;;;;;;;;;;;;;;;;;;;;;;;;;;;;;;;;;;;;;;;;;;;;;;;;;;;;;;;;;;;;;;;;;;;;;;;;;;;;;;;;;;;;;;;;;;;;;;;;;;;;;;;;;;;;;;;;;;;;;;;;;;;;;;;;;;;;;;;;;;;;;;;;;;;;;;;;;;;;;;;;;;;;;;;;;;;;;;;;;;;;;;;;;;;;;;;;;;;;;;;;;;;;;;;;;;;;;;;;;;;;;;;;;;;;;;;;;;;;;;;;;;;;;;;;;;;;;;;;;;;;;;;;;;;;;;;;;;strict_renda_liquida;national;renda liquida publicada em faixas compativeis
irpf_aeb_brasil_1946_1960_faixas;irpf_aeb_brasil_1946_1960_faixas.csv;bracket_distribution;17;1947;1948;Brasil;irpf_aeb_brasil_1946_1960_faixas;1947;;Brasil;F02;2;De mais de 30 a 60;30;60;0;76657;;41791.891151;;;;;;renda liquida;;IBGE, Anuario Estatistico do Brasil 1949, p. 570, Tabela b;https://biblioteca.ibge.gov.br/visualizacao/periodicos/20/aeb_1949.pdf;outputs/fontes-pedro-souza-irpf/aeb_1949.pdf;;603;570;;;1948;3203641;85245;;;;;;;;;;;;;;;;;;;;;;;;;;;;;;;;;;;;;;;;;;;;;;;;;;;;;;;;;;;;;;;;;;;;;;;;;;;;;;;;;;;;;;;;;;;;;;;;;;;;;;;;;;;;;;;;;;;;;;;;;;;;;;;;;;;;;;;;;;;;;;;;;;;;;;;;;;;;;;;;;;;;;;;;;;;;;;;;;;;;;;;;;;;;;;;;;;;;;;;;;;;;;;;;;;;;;;;;;;;;;;;;;;;;;;;;;;;;;;;;;;;;;;;;;;;;;;;;;;;;;;;;;;;;;;;;;;;;;;;;;;;;;;;;;;;;;;;;;;;;;;;;;;;;;;;;;;;;;;;;;;;;;;;;;;;;;;;;;;;;;;;;;;;;;;;;;;;;;;strict_renda_liquida;national;renda liquida publicada em faixas compativeis
irpf_aeb_brasil_1946_1960_faixas;irpf_aeb_brasil_1946_1960_faixas.csv;bracket_distribution;18;1947;1948;Brasil;irpf_aeb_brasil_1946_1960_faixas;1947;;Brasil;F03;3;De mais de 60 a 90;60;90;0;25908;;73375.521075;;;;;;renda liquida;;IBGE, Anuario Estatistico do Brasil 1949, p. 570, Tabela b;https://biblioteca.ibge.gov.br/visualizacao/periodicos/20/aeb_1949.pdf;outputs/fontes-pedro-souza-irpf/aeb_1949.pdf;;603;570;;;1948;1901013;73639;;;;;;;;;;;;;;;;;;;;;;;;;;;;;;;;;;;;;;;;;;;;;;;;;;;;;;;;;;;;;;;;;;;;;;;;;;;;;;;;;;;;;;;;;;;;;;;;;;;;;;;;;;;;;;;;;;;;;;;;;;;;;;;;;;;;;;;;;;;;;;;;;;;;;;;;;;;;;;;;;;;;;;;;;;;;;;;;;;;;;;;;;;;;;;;;;;;;;;;;;;;;;;;;;;;;;;;;;;;;;;;;;;;;;;;;;;;;;;;;;;;;;;;;;;;;;;;;;;;;;;;;;;;;;;;;;;;;;;;;;;;;;;;;;;;;;;;;;;;;;;;;;;;;;;;;;;;;;;;;;;;;;;;;;;;;;;;;;;;;;;;;;;;;;;;;;;;;;;strict_renda_liquida;national;renda liquida publicada em faixas compativeis
irpf_aeb_brasil_1946_1960_faixas;irpf_aeb_brasil_1946_1960_faixas.csv;bracket_distribution;19;1947;1948;Brasil;irpf_aeb_brasil_1946_1960_faixas;1947;;Brasil;F04;4;De mais de 90 a 120;90;120;0;12247;;103512.043766;;;;;;renda liquida;;IBGE, Anuario Estatistico do Brasil 1949, p. 570, Tabela b;https://biblioteca.ibge.gov.br/visualizacao/periodicos/20/aeb_1949.pdf;outputs/fontes-pedro-souza-irpf/aeb_1949.pdf;;603;570;;;1948;1267712;62014;;;;;;;;;;;;;;;;;;;;;;;;;;;;;;;;;;;;;;;;;;;;;;;;;;;;;;;;;;;;;;;;;;;;;;;;;;;;;;;;;;;;;;;;;;;;;;;;;;;;;;;;;;;;;;;;;;;;;;;;;;;;;;;;;;;;;;;;;;;;;;;;;;;;;;;;;;;;;;;;;;;;;;;;;;;;;;;;;;;;;;;;;;;;;;;;;;;;;;;;;;;;;;;;;;;;;;;;;;;;;;;;;;;;;;;;;;;;;;;;;;;;;;;;;;;;;;;;;;;;;;;;;;;;;;;;;;;;;;;;;;;;;;;;;;;;;;;;;;;;;;;;;;;;;;;;;;;;;;;;;;;;;;;;;;;;;;;;;;;;;;;;;;;;;;;;;;;;;;strict_renda_liquida;national;renda liquida publicada em faixas compativeis
irpf_aeb_brasil_1946_1960_faixas;irpf_aeb_brasil_1946_1960_faixas.csv;bracket_distribution;20;1947;1948;Brasil;irpf_aeb_brasil_1946_1960_faixas;1947;;Brasil;F05;5;De mais de 120 a 150;120;150;0;7291;;133899.465094;;;;;;renda liquida;;IBGE, Anuario Estatistico do Brasil 1949, p. 570, Tabela b;https://biblioteca.ibge.gov.br/visualizacao/periodicos/20/aeb_1949.pdf;outputs/fontes-pedro-souza-irpf/aeb_1949.pdf;;603;570;;;1948;976261;57674;;;;;;;;;;;;;;;;;;;;;;;;;;;;;;;;;;;;;;;;;;;;;;;;;;;;;;;;;;;;;;;;;;;;;;;;;;;;;;;;;;;;;;;;;;;;;;;;;;;;;;;;;;;;;;;;;;;;;;;;;;;;;;;;;;;;;;;;;;;;;;;;;;;;;;;;;;;;;;;;;;;;;;;;;;;;;;;;;;;;;;;;;;;;;;;;;;;;;;;;;;;;;;;;;;;;;;;;;;;;;;;;;;;;;;;;;;;;;;;;;;;;;;;;;;;;;;;;;;;;;;;;;;;;;;;;;;;;;;;;;;;;;;;;;;;;;;;;;;;;;;;;;;;;;;;;;;;;;;;;;;;;;;;;;;;;;;;;;;;;;;;;;;;;;;;;;;;;;;strict_renda_liquida;national;renda liquida publicada em faixas compativeis
irpf_aeb_brasil_1946_1960_faixas;irpf_aeb_brasil_1946_1960_faixas.csv;bracket_distribution;21;1947;1948;Brasil;irpf_aeb_brasil_1946_1960_faixas;1947;;Brasil;F06;6;De mais de 150 a 200;150;200;0;6665;;173068.117029;;;;;;renda liquida;;IBGE, Anuario Estatistico do Brasil 1949, p. 570, Tabela b;https://biblioteca.ibge.gov.br/visualizacao/periodicos/20/aeb_1949.pdf;outputs/fontes-pedro-souza-irpf/aeb_1949.pdf;;603;570;;;1948;1153499;85003;;;;;;;;;;;;;;;;;;;;;;;;;;;;;;;;;;;;;;;;;;;;;;;;;;;;;;;;;;;;;;;;;;;;;;;;;;;;;;;;;;;;;;;;;;;;;;;;;;;;;;;;;;;;;;;;;;;;;;;;;;;;;;;;;;;;;;;;;;;;;;;;;;;;;;;;;;;;;;;;;;;;;;;;;;;;;;;;;;;;;;;;;;;;;;;;;;;;;;;;;;;;;;;;;;;;;;;;;;;;;;;;;;;;;;;;;;;;;;;;;;;;;;;;;;;;;;;;;;;;;;;;;;;;;;;;;;;;;;;;;;;;;;;;;;;;;;;;;;;;;;;;;;;;;;;;;;;;;;;;;;;;;;;;;;;;;;;;;;;;;;;;;;;;;;;;;;;;;;strict_renda_liquida;national;renda liquida publicada em faixas compativeis
irpf_aeb_brasil_1946_1960_faixas;irpf_aeb_brasil_1946_1960_faixas.csv;bracket_distribution;22;1947;1948;Brasil;irpf_aeb_brasil_1946_1960_faixas;1947;;Brasil;F07;7;De mais de 200 a 300;200;300;0;5750;;243572.521739;;;;;;renda liquida;;IBGE, Anuario Estatistico do Brasil 1949, p. 570, Tabela b;https://biblioteca.ibge.gov.br/visualizacao/periodicos/20/aeb_1949.pdf;outputs/fontes-pedro-souza-irpf/aeb_1949.pdf;;603;570;;;1948;1400542;136071;;;;;;;;;;;;;;;;;;;;;;;;;;;;;;;;;;;;;;;;;;;;;;;;;;;;;;;;;;;;;;;;;;;;;;;;;;;;;;;;;;;;;;;;;;;;;;;;;;;;;;;;;;;;;;;;;;;;;;;;;;;;;;;;;;;;;;;;;;;;;;;;;;;;;;;;;;;;;;;;;;;;;;;;;;;;;;;;;;;;;;;;;;;;;;;;;;;;;;;;;;;;;;;;;;;;;;;;;;;;;;;;;;;;;;;;;;;;;;;;;;;;;;;;;;;;;;;;;;;;;;;;;;;;;;;;;;;;;;;;;;;;;;;;;;;;;;;;;;;;;;;;;;;;;;;;;;;;;;;;;;;;;;;;;;;;;;;;;;;;;;;;;;;;;;;;;;;;;;strict_renda_liquida;national;renda liquida publicada em faixas compativeis
irpf_aeb_brasil_1946_1960_faixas;irpf_aeb_brasil_1946_1960_faixas.csv;bracket_distribution;23;1947;1948;Brasil;irpf_aeb_brasil_1946_1960_faixas;1947;;Brasil;F08;8;De mais de 300 a 400;300;400;0;2480;;344632.66129;;;;;;renda liquida;;IBGE, Anuario Estatistico do Brasil 1949, p. 570, Tabela b;https://biblioteca.ibge.gov.br/visualizacao/periodicos/20/aeb_1949.pdf;outputs/fontes-pedro-souza-irpf/aeb_1949.pdf;;603;570;;;1948;854689;103317;;;;;;;;;;;;;;;;;;;;;;;;;;;;;;;;;;;;;;;;;;;;;;;;;;;;;;;;;;;;;;;;;;;;;;;;;;;;;;;;;;;;;;;;;;;;;;;;;;;;;;;;;;;;;;;;;;;;;;;;;;;;;;;;;;;;;;;;;;;;;;;;;;;;;;;;;;;;;;;;;;;;;;;;;;;;;;;;;;;;;;;;;;;;;;;;;;;;;;;;;;;;;;;;;;;;;;;;;;;;;;;;;;;;;;;;;;;;;;;;;;;;;;;;;;;;;;;;;;;;;;;;;;;;;;;;;;;;;;;;;;;;;;;;;;;;;;;;;;;;;;;;;;;;;;;;;;;;;;;;;;;;;;;;;;;;;;;;;;;;;;;;;;;;;;;;;;;;;;strict_renda_liquida;national;renda liquida publicada em faixas compativeis
irpf_aeb_brasil_1946_1960_faixas;irpf_aeb_brasil_1946_1960_faixas.csv;bracket_distribution;24;1947;1948;Brasil;irpf_aeb_brasil_1946_1960_faixas;1947;;Brasil;F09;9;De mais de 400 a 500;400;500;0;1267;;445674.033149;;;;;;renda liquida;;IBGE, Anuario Estatistico do Brasil 1949, p. 570, Tabela b;https://biblioteca.ibge.gov.br/visualizacao/periodicos/20/aeb_1949.pdf;outputs/fontes-pedro-souza-irpf/aeb_1949.pdf;;603;570;;;1948;564669;79216;;;;;;;;;;;;;;;;;;;;;;;;;;;;;;;;;;;;;;;;;;;;;;;;;;;;;;;;;;;;;;;;;;;;;;;;;;;;;;;;;;;;;;;;;;;;;;;;;;;;;;;;;;;;;;;;;;;;;;;;;;;;;;;;;;;;;;;;;;;;;;;;;;;;;;;;;;;;;;;;;;;;;;;;;;;;;;;;;;;;;;;;;;;;;;;;;;;;;;;;;;;;;;;;;;;;;;;;;;;;;;;;;;;;;;;;;;;;;;;;;;;;;;;;;;;;;;;;;;;;;;;;;;;;;;;;;;;;;;;;;;;;;;;;;;;;;;;;;;;;;;;;;;;;;;;;;;;;;;;;;;;;;;;;;;;;;;;;;;;;;;;;;;;;;;;;;;;;;;strict_renda_liquida;national;renda liquida publicada em faixas compativeis
irpf_aeb_brasil_1946_1960_faixas;irpf_aeb_brasil_1946_1960_faixas.csv;bracket_distribution;25;1947;1948;Brasil;irpf_aeb_brasil_1946_1960_faixas;1947;;Brasil;F10;10;De mais de 500 a 600;500;600;0;734;;545167.574932;;;;;;renda liquida;;IBGE, Anuario Estatistico do Brasil 1949, p. 570, Tabela b;https://biblioteca.ibge.gov.br/visualizacao/periodicos/20/aeb_1949.pdf;outputs/fontes-pedro-souza-irpf/aeb_1949.pdf;;603;570;;;1948;400153;63423;;;;;;;;;;;;;;;;;;;;;;;;;;;;;;;;;;;;;;;;;;;;;;;;;;;;;;;;;;;;;;;;;;;;;;;;;;;;;;;;;;;;;;;;;;;;;;;;;;;;;;;;;;;;;;;;;;;;;;;;;;;;;;;;;;;;;;;;;;;;;;;;;;;;;;;;;;;;;;;;;;;;;;;;;;;;;;;;;;;;;;;;;;;;;;;;;;;;;;;;;;;;;;;;;;;;;;;;;;;;;;;;;;;;;;;;;;;;;;;;;;;;;;;;;;;;;;;;;;;;;;;;;;;;;;;;;;;;;;;;;;;;;;;;;;;;;;;;;;;;;;;;;;;;;;;;;;;;;;;;;;;;;;;;;;;;;;;;;;;;;;;;;;;;;;;;;;;;;;strict_renda_liquida;national;renda liquida publicada em faixas compativeis
irpf_aeb_brasil_1946_1960_faixas;irpf_aeb_brasil_1946_1960_faixas.csv;bracket_distribution;26;1947;1948;Brasil;irpf_aeb_brasil_1946_1960_faixas;1947;;Brasil;F11;11;De mais de 600 a 700;600;700;0;433;;647103.926097;;;;;;renda liquida;;IBGE, Anuario Estatistico do Brasil 1949, p. 570, Tabela b;https://biblioteca.ibge.gov.br/visualizacao/periodicos/20/aeb_1949.pdf;outputs/fontes-pedro-souza-irpf/aeb_1949.pdf;;603;570;;;1948;280196;49396;;;;;;;;;;;;;;;;;;;;;;;;;;;;;;;;;;;;;;;;;;;;;;;;;;;;;;;;;;;;;;;;;;;;;;;;;;;;;;;;;;;;;;;;;;;;;;;;;;;;;;;;;;;;;;;;;;;;;;;;;;;;;;;;;;;;;;;;;;;;;;;;;;;;;;;;;;;;;;;;;;;;;;;;;;;;;;;;;;;;;;;;;;;;;;;;;;;;;;;;;;;;;;;;;;;;;;;;;;;;;;;;;;;;;;;;;;;;;;;;;;;;;;;;;;;;;;;;;;;;;;;;;;;;;;;;;;;;;;;;;;;;;;;;;;;;;;;;;;;;;;;;;;;;;;;;;;;;;;;;;;;;;;;;;;;;;;;;;;;;;;;;;;;;;;;;;;;;;;strict_renda_liquida;national;renda liquida publicada em faixas compativeis
irpf_aeb_brasil_1946_1960_faixas;irpf_aeb_brasil_1946_1960_faixas.csv;bracket_distribution;27;1947;1948;Brasil;irpf_aeb_brasil_1946_1960_faixas;1947;;Brasil;F12;12;De mais de 700 a 1000;700;1000;0;627;;822272.727273;;;;;;renda liquida;;IBGE, Anuario Estatistico do Brasil 1949, p. 570, Tabela b;https://biblioteca.ibge.gov.br/visualizacao/periodicos/20/aeb_1949.pdf;outputs/fontes-pedro-souza-irpf/aeb_1949.pdf;;603;570;;;1948;515565;104022;;;;;;;;;;;;;;;;;;;;;;;;;;;;;;;;;;;;;;;;;;;;;;;;;;;;;;;;;;;;;;;;;;;;;;;;;;;;;;;;;;;;;;;;;;;;;;;;;;;;;;;;;;;;;;;;;;;;;;;;;;;;;;;;;;;;;;;;;;;;;;;;;;;;;;;;;;;;;;;;;;;;;;;;;;;;;;;;;;;;;;;;;;;;;;;;;;;;;;;;;;;;;;;;;;;;;;;;;;;;;;;;;;;;;;;;;;;;;;;;;;;;;;;;;;;;;;;;;;;;;;;;;;;;;;;;;;;;;;;;;;;;;;;;;;;;;;;;;;;;;;;;;;;;;;;;;;;;;;;;;;;;;;;;;;;;;;;;;;;;;;;;;;;;;;;;;;;;;;strict_renda_liquida;national;renda liquida publicada em faixas compativeis
irpf_aeb_brasil_1946_1960_faixas;irpf_aeb_brasil_1946_1960_faixas.csv;bracket_distribution;28;1947;1948;Brasil;irpf_aeb_brasil_1946_1960_faixas;1947;;Brasil;F13;13;De mais de 1000 a 2000;1000;2000;0;480;;1339712.5;;;;;;renda liquida;;IBGE, Anuario Estatistico do Brasil 1949, p. 570, Tabela b;https://biblioteca.ibge.gov.br/visualizacao/periodicos/20/aeb_1949.pdf;outputs/fontes-pedro-souza-irpf/aeb_1949.pdf;;603;570;;;1948;643062;165721;;;;;;;;;;;;;;;;;;;;;;;;;;;;;;;;;;;;;;;;;;;;;;;;;;;;;;;;;;;;;;;;;;;;;;;;;;;;;;;;;;;;;;;;;;;;;;;;;;;;;;;;;;;;;;;;;;;;;;;;;;;;;;;;;;;;;;;;;;;;;;;;;;;;;;;;;;;;;;;;;;;;;;;;;;;;;;;;;;;;;;;;;;;;;;;;;;;;;;;;;;;;;;;;;;;;;;;;;;;;;;;;;;;;;;;;;;;;;;;;;;;;;;;;;;;;;;;;;;;;;;;;;;;;;;;;;;;;;;;;;;;;;;;;;;;;;;;;;;;;;;;;;;;;;;;;;;;;;;;;;;;;;;;;;;;;;;;;;;;;;;;;;;;;;;;;;;;;;;strict_renda_liquida;national;renda liquida publicada em faixas compativeis
irpf_aeb_brasil_1946_1960_faixas;irpf_aeb_brasil_1946_1960_faixas.csv;bracket_distribution;29;1947;1948;Brasil;irpf_aeb_brasil_1946_1960_faixas;1947;;Brasil;F14;14;De mais de 2000 a 3000;2000;3000;0;78;;2316282.051282;;;;;;renda liquida;;IBGE, Anuario Estatistico do Brasil 1949, p. 570, Tabela b;https://biblioteca.ibge.gov.br/visualizacao/periodicos/20/aeb_1949.pdf;outputs/fontes-pedro-souza-irpf/aeb_1949.pdf;;603;570;;;1948;180670;55116;;;;;;;;;;;;;;;;;;;;;;;;;;;;;;;;;;;;;;;;;;;;;;;;;;;;;;;;;;;;;;;;;;;;;;;;;;;;;;;;;;;;;;;;;;;;;;;;;;;;;;;;;;;;;;;;;;;;;;;;;;;;;;;;;;;;;;;;;;;;;;;;;;;;;;;;;;;;;;;;;;;;;;;;;;;;;;;;;;;;;;;;;;;;;;;;;;;;;;;;;;;;;;;;;;;;;;;;;;;;;;;;;;;;;;;;;;;;;;;;;;;;;;;;;;;;;;;;;;;;;;;;;;;;;;;;;;;;;;;;;;;;;;;;;;;;;;;;;;;;;;;;;;;;;;;;;;;;;;;;;;;;;;;;;;;;;;;;;;;;;;;;;;;;;;;;;;;;;;strict_renda_liquida;national;renda liquida publicada em faixas compativeis
irpf_aeb_brasil_1946_1960_faixas;irpf_aeb_brasil_1946_1960_faixas.csv;bracket_distribution;30;1947;1948;Brasil;irpf_aeb_brasil_1946_1960_faixas;1947;;Brasil;F15;15;Mais de 3000;3000;;1;43;;4188116.27907;;;;;;renda liquida;;IBGE, Anuario Estatistico do Brasil 1949, p. 570, Tabela b;https://biblioteca.ibge.gov.br/visualizacao/periodicos/20/aeb_1949.pdf;outputs/fontes-pedro-souza-irpf/aeb_1949.pdf;;603;570;;;1948;180089;68275;;;;;;;;;;;;;;;;;;;;;;;;;;;;;;;;;;;;;;;;;;;;;;;;;;;;;;;;;;;;;;;;;;;;;;;;;;;;;;;;;;;;;;;;;;;;;;;;;;;;;;;;;;;;;;;;;;;;;;;;;;;;;;;;;;;;;;;;;;;;;;;;;;;;;;;;;;;;;;;;;;;;;;;;;;;;;;;;;;;;;;;;;;;;;;;;;;;;;;;;;;;;;;;;;;;;;;;;;;;;;;;;;;;;;;;;;;;;;;;;;;;;;;;;;;;;;;;;;;;;;;;;;;;;;;;;;;;;;;;;;;;;;;;;;;;;;;;;;;;;;;;;;;;;;;;;;;;;;;;;;;;;;;;;;;;;;;;;;;;;;;;;;;;;;;;;;;;;;;strict_renda_liquida;national;renda liquida publicada em faixas compativeis
irpf_aeb_brasil_1946_1960_faixas;irpf_aeb_brasil_1946_1960_faixas.csv;bracket_distribution;31;1948;1949;Brasil;irpf_aeb_brasil_1946_1960_faixas;1948;;Brasil;F01;1;De mais de 24 a 30;24;30;0;37136;;27046.585523;;;;;;renda liquida;;IBGE, Anuario Estatistico do Brasil 1950, p. 496, Tabela b;https://biblioteca.ibge.gov.br/visualizacao/periodicos/20/aeb_1950.pdf;outputs/fontes-pedro-souza-irpf/aeb_1950.pdf;;512;496;;;1949;1004402;18410;;;;;;;;;;;;;;;;;;;;;;;;;;;;;;;;;;;;;;;;;;;;;;;;;;;;;;;;;;;;;;;;;;;;;;;;;;;;;;;;;;;;;;;;;;;;;;;;;;;;;;;;;;;;;;;;;;;;;;;;;;;;;;;;;;;;;;;;;;;;;;;;;;;;;;;;;;;;;;;;;;;;;;;;;;;;;;;;;;;;;;;;;;;;;;;;;;;;;;;;;;;;;;;;;;;;;;;;;;;;;;;;;;;;;;;;;;;;;;;;;;;;;;;;;;;;;;;;;;;;;;;;;;;;;;;;;;;;;;;;;;;;;;;;;;;;;;;;;;;;;;;;;;;;;;;;;;;;;;;;;;;;;;;;;;;;;;;;;;;;;;;;;;;;;;;;;;;;;;strict_renda_liquida;national;renda liquida publicada em faixas compativeis
irpf_aeb_brasil_1946_1960_faixas;irpf_aeb_brasil_1946_1960_faixas.csv;bracket_distribution;32;1948;1949;Brasil;irpf_aeb_brasil_1946_1960_faixas;1948;;Brasil;F02;2;De mais de 30 a 60;30;60;0;90389;;40927.524367;;;;;;renda liquida;;IBGE, Anuario Estatistico do Brasil 1950, p. 496, Tabela b;https://biblioteca.ibge.gov.br/visualizacao/periodicos/20/aeb_1950.pdf;outputs/fontes-pedro-souza-irpf/aeb_1950.pdf;;512;496;;;1949;3699398;104023;;;;;;;;;;;;;;;;;;;;;;;;;;;;;;;;;;;;;;;;;;;;;;;;;;;;;;;;;;;;;;;;;;;;;;;;;;;;;;;;;;;;;;;;;;;;;;;;;;;;;;;;;;;;;;;;;;;;;;;;;;;;;;;;;;;;;;;;;;;;;;;;;;;;;;;;;;;;;;;;;;;;;;;;;;;;;;;;;;;;;;;;;;;;;;;;;;;;;;;;;;;;;;;;;;;;;;;;;;;;;;;;;;;;;;;;;;;;;;;;;;;;;;;;;;;;;;;;;;;;;;;;;;;;;;;;;;;;;;;;;;;;;;;;;;;;;;;;;;;;;;;;;;;;;;;;;;;;;;;;;;;;;;;;;;;;;;;;;;;;;;;;;;;;;;;;;;;;;;strict_renda_liquida;national;renda liquida publicada em faixas compativeis
irpf_aeb_brasil_1946_1960_faixas;irpf_aeb_brasil_1946_1960_faixas.csv;bracket_distribution;33;1948;1949;Brasil;irpf_aeb_brasil_1946_1960_faixas;1948;;Brasil;F03;3;De mais de 60 a 90;60;90;0;29515;;73381.704218;;;;;;renda liquida;;IBGE, Anuario Estatistico do Brasil 1950, p. 496, Tabela b;https://biblioteca.ibge.gov.br/visualizacao/periodicos/20/aeb_1950.pdf;outputs/fontes-pedro-souza-irpf/aeb_1950.pdf;;512;496;;;1949;2165861;85261;;;;;;;;;;;;;;;;;;;;;;;;;;;;;;;;;;;;;;;;;;;;;;;;;;;;;;;;;;;;;;;;;;;;;;;;;;;;;;;;;;;;;;;;;;;;;;;;;;;;;;;;;;;;;;;;;;;;;;;;;;;;;;;;;;;;;;;;;;;;;;;;;;;;;;;;;;;;;;;;;;;;;;;;;;;;;;;;;;;;;;;;;;;;;;;;;;;;;;;;;;;;;;;;;;;;;;;;;;;;;;;;;;;;;;;;;;;;;;;;;;;;;;;;;;;;;;;;;;;;;;;;;;;;;;;;;;;;;;;;;;;;;;;;;;;;;;;;;;;;;;;;;;;;;;;;;;;;;;;;;;;;;;;;;;;;;;;;;;;;;;;;;;;;;;;;;;;;;;strict_renda_liquida;national;renda liquida publicada em faixas compativeis
irpf_aeb_brasil_1946_1960_faixas;irpf_aeb_brasil_1946_1960_faixas.csv;bracket_distribution;34;1948;1949;Brasil;irpf_aeb_brasil_1946_1960_faixas;1948;;Brasil;F04;4;De mais de 90 a 120;90;120;0;14191;;103835.670495;;;;;;renda liquida;;IBGE, Anuario Estatistico do Brasil 1950, p. 496, Tabela b;https://biblioteca.ibge.gov.br/visualizacao/periodicos/20/aeb_1950.pdf;outputs/fontes-pedro-souza-irpf/aeb_1950.pdf;;512;496;;;1949;1473532;73750;;;;;;;;;;;;;;;;;;;;;;;;;;;;;;;;;;;;;;;;;;;;;;;;;;;;;;;;;;;;;;;;;;;;;;;;;;;;;;;;;;;;;;;;;;;;;;;;;;;;;;;;;;;;;;;;;;;;;;;;;;;;;;;;;;;;;;;;;;;;;;;;;;;;;;;;;;;;;;;;;;;;;;;;;;;;;;;;;;;;;;;;;;;;;;;;;;;;;;;;;;;;;;;;;;;;;;;;;;;;;;;;;;;;;;;;;;;;;;;;;;;;;;;;;;;;;;;;;;;;;;;;;;;;;;;;;;;;;;;;;;;;;;;;;;;;;;;;;;;;;;;;;;;;;;;;;;;;;;;;;;;;;;;;;;;;;;;;;;;;;;;;;;;;;;;;;;;;;;strict_renda_liquida;national;renda liquida publicada em faixas compativeis
irpf_aeb_brasil_1946_1960_faixas;irpf_aeb_brasil_1946_1960_faixas.csv;bracket_distribution;35;1948;1949;Brasil;irpf_aeb_brasil_1946_1960_faixas;1948;;Brasil;F05;5;De mais de 120 a 150;120;150;0;8302;;134126.596001;;;;;;renda liquida;;IBGE, Anuario Estatistico do Brasil 1950, p. 496, Tabela b;https://biblioteca.ibge.gov.br/visualizacao/periodicos/20/aeb_1950.pdf;outputs/fontes-pedro-souza-irpf/aeb_1950.pdf;;512;496;;;1949;1113519;67309;;;;;;;;;;;;;;;;;;;;;;;;;;;;;;;;;;;;;;;;;;;;;;;;;;;;;;;;;;;;;;;;;;;;;;;;;;;;;;;;;;;;;;;;;;;;;;;;;;;;;;;;;;;;;;;;;;;;;;;;;;;;;;;;;;;;;;;;;;;;;;;;;;;;;;;;;;;;;;;;;;;;;;;;;;;;;;;;;;;;;;;;;;;;;;;;;;;;;;;;;;;;;;;;;;;;;;;;;;;;;;;;;;;;;;;;;;;;;;;;;;;;;;;;;;;;;;;;;;;;;;;;;;;;;;;;;;;;;;;;;;;;;;;;;;;;;;;;;;;;;;;;;;;;;;;;;;;;;;;;;;;;;;;;;;;;;;;;;;;;;;;;;;;;;;;;;;;;;;strict_renda_liquida;national;renda liquida publicada em faixas compativeis
irpf_aeb_brasil_1946_1960_faixas;irpf_aeb_brasil_1946_1960_faixas.csv;bracket_distribution;36;1948;1949;Brasil;irpf_aeb_brasil_1946_1960_faixas;1948;;Brasil;F06;6;De mais de 150 a 200;150;200;0;7552;;172622.881356;;;;;;renda liquida;;IBGE, Anuario Estatistico do Brasil 1950, p. 496, Tabela b;https://biblioteca.ibge.gov.br/visualizacao/periodicos/20/aeb_1950.pdf;outputs/fontes-pedro-souza-irpf/aeb_1950.pdf;;512;496;;;1949;1303648;97183;;;;;;;;;;;;;;;;;;;;;;;;;;;;;;;;;;;;;;;;;;;;;;;;;;;;;;;;;;;;;;;;;;;;;;;;;;;;;;;;;;;;;;;;;;;;;;;;;;;;;;;;;;;;;;;;;;;;;;;;;;;;;;;;;;;;;;;;;;;;;;;;;;;;;;;;;;;;;;;;;;;;;;;;;;;;;;;;;;;;;;;;;;;;;;;;;;;;;;;;;;;;;;;;;;;;;;;;;;;;;;;;;;;;;;;;;;;;;;;;;;;;;;;;;;;;;;;;;;;;;;;;;;;;;;;;;;;;;;;;;;;;;;;;;;;;;;;;;;;;;;;;;;;;;;;;;;;;;;;;;;;;;;;;;;;;;;;;;;;;;;;;;;;;;;;;;;;;;;strict_renda_liquida;national;renda liquida publicada em faixas compativeis
irpf_aeb_brasil_1946_1960_faixas;irpf_aeb_brasil_1946_1960_faixas.csv;bracket_distribution;37;1948;1949;Brasil;irpf_aeb_brasil_1946_1960_faixas;1948;;Brasil;F07;7;De mais de 200 a 300;200;300;0;6653;;242768.375169;;;;;;renda liquida;;IBGE, Anuario Estatistico do Brasil 1950, p. 496, Tabela b;https://biblioteca.ibge.gov.br/visualizacao/periodicos/20/aeb_1950.pdf;outputs/fontes-pedro-souza-irpf/aeb_1950.pdf;;512;496;;;1949;1615138;159062;;;;;;;;;;;;;;;;;;;;;;;;;;;;;;;;;;;;;;;;;;;;;;;;;;;;;;;;;;;;;;;;;;;;;;;;;;;;;;;;;;;;;;;;;;;;;;;;;;;;;;;;;;;;;;;;;;;;;;;;;;;;;;;;;;;;;;;;;;;;;;;;;;;;;;;;;;;;;;;;;;;;;;;;;;;;;;;;;;;;;;;;;;;;;;;;;;;;;;;;;;;;;;;;;;;;;;;;;;;;;;;;;;;;;;;;;;;;;;;;;;;;;;;;;;;;;;;;;;;;;;;;;;;;;;;;;;;;;;;;;;;;;;;;;;;;;;;;;;;;;;;;;;;;;;;;;;;;;;;;;;;;;;;;;;;;;;;;;;;;;;;;;;;;;;;;;;;;;;strict_renda_liquida;national;renda liquida publicada em faixas compativeis
irpf_aeb_brasil_1946_1960_faixas;irpf_aeb_brasil_1946_1960_faixas.csv;bracket_distribution;38;1948;1949;Brasil;irpf_aeb_brasil_1946_1960_faixas;1948;;Brasil;F08;8;De mais de 300 a 400;300;400;0;2851;;344084.180989;;;;;;renda liquida;;IBGE, Anuario Estatistico do Brasil 1950, p. 496, Tabela b;https://biblioteca.ibge.gov.br/visualizacao/periodicos/20/aeb_1950.pdf;outputs/fontes-pedro-souza-irpf/aeb_1950.pdf;;512;496;;;1949;980984;119727;;;;;;;;;;;;;;;;;;;;;;;;;;;;;;;;;;;;;;;;;;;;;;;;;;;;;;;;;;;;;;;;;;;;;;;;;;;;;;;;;;;;;;;;;;;;;;;;;;;;;;;;;;;;;;;;;;;;;;;;;;;;;;;;;;;;;;;;;;;;;;;;;;;;;;;;;;;;;;;;;;;;;;;;;;;;;;;;;;;;;;;;;;;;;;;;;;;;;;;;;;;;;;;;;;;;;;;;;;;;;;;;;;;;;;;;;;;;;;;;;;;;;;;;;;;;;;;;;;;;;;;;;;;;;;;;;;;;;;;;;;;;;;;;;;;;;;;;;;;;;;;;;;;;;;;;;;;;;;;;;;;;;;;;;;;;;;;;;;;;;;;;;;;;;;;;;;;;;;strict_renda_liquida;national;renda liquida publicada em faixas compativeis
irpf_aeb_brasil_1946_1960_faixas;irpf_aeb_brasil_1946_1960_faixas.csv;bracket_distribution;39;1948;1949;Brasil;irpf_aeb_brasil_1946_1960_faixas;1948;;Brasil;F09;9;De mais de 400 a 500;400;500;0;1511;;445448.709464;;;;;;renda liquida;;IBGE, Anuario Estatistico do Brasil 1950, p. 496, Tabela b;https://biblioteca.ibge.gov.br/visualizacao/periodicos/20/aeb_1950.pdf;outputs/fontes-pedro-souza-irpf/aeb_1950.pdf;;512;496;;;1949;673073;95000;;;;;;;;;;;;;;;;;;;;;;;;;;;;;;;;;;;;;;;;;;;;;;;;;;;;;;;;;;;;;;;;;;;;;;;;;;;;;;;;;;;;;;;;;;;;;;;;;;;;;;;;;;;;;;;;;;;;;;;;;;;;;;;;;;;;;;;;;;;;;;;;;;;;;;;;;;;;;;;;;;;;;;;;;;;;;;;;;;;;;;;;;;;;;;;;;;;;;;;;;;;;;;;;;;;;;;;;;;;;;;;;;;;;;;;;;;;;;;;;;;;;;;;;;;;;;;;;;;;;;;;;;;;;;;;;;;;;;;;;;;;;;;;;;;;;;;;;;;;;;;;;;;;;;;;;;;;;;;;;;;;;;;;;;;;;;;;;;;;;;;;;;;;;;;;;;;;;;;strict_renda_liquida;national;renda liquida publicada em faixas compativeis
irpf_aeb_brasil_1946_1960_faixas;irpf_aeb_brasil_1946_1960_faixas.csv;bracket_distribution;40;1948;1949;Brasil;irpf_aeb_brasil_1946_1960_faixas;1948;;Brasil;F10;10;De mais de 500 a 600;500;600;0;828;;545549.516908;;;;;;renda liquida;;IBGE, Anuario Estatistico do Brasil 1950, p. 496, Tabela b;https://biblioteca.ibge.gov.br/visualizacao/periodicos/20/aeb_1950.pdf;outputs/fontes-pedro-souza-irpf/aeb_1950.pdf;;512;496;;;1949;451715;72912;;;;;;;;;;;;;;;;;;;;;;;;;;;;;;;;;;;;;;;;;;;;;;;;;;;;;;;;;;;;;;;;;;;;;;;;;;;;;;;;;;;;;;;;;;;;;;;;;;;;;;;;;;;;;;;;;;;;;;;;;;;;;;;;;;;;;;;;;;;;;;;;;;;;;;;;;;;;;;;;;;;;;;;;;;;;;;;;;;;;;;;;;;;;;;;;;;;;;;;;;;;;;;;;;;;;;;;;;;;;;;;;;;;;;;;;;;;;;;;;;;;;;;;;;;;;;;;;;;;;;;;;;;;;;;;;;;;;;;;;;;;;;;;;;;;;;;;;;;;;;;;;;;;;;;;;;;;;;;;;;;;;;;;;;;;;;;;;;;;;;;;;;;;;;;;;;;;;;;strict_renda_liquida;national;renda liquida publicada em faixas compativeis
irpf_aeb_brasil_1946_1960_faixas;irpf_aeb_brasil_1946_1960_faixas.csv;bracket_distribution;41;1948;1949;Brasil;irpf_aeb_brasil_1946_1960_faixas;1948;;Brasil;F11;11;De mais de 600 a 700;600;700;0;487;;634217.659138;;;;;;renda liquida;;IBGE, Anuario Estatistico do Brasil 1950, p. 496, Tabela b;https://biblioteca.ibge.gov.br/visualizacao/periodicos/20/aeb_1950.pdf;outputs/fontes-pedro-souza-irpf/aeb_1950.pdf;;512;496;;;1949;308864;53936;;;;;;;;;;;;;;;;;;;;;;;;;;;;;;;;;;;;;;;;;;;;;;;;;;;;;;;;;;;;;;;;;;;;;;;;;;;;;;;;;;;;;;;;;;;;;;;;;;;;;;;;;;;;;;;;;;;;;;;;;;;;;;;;;;;;;;;;;;;;;;;;;;;;;;;;;;;;;;;;;;;;;;;;;;;;;;;;;;;;;;;;;;;;;;;;;;;;;;;;;;;;;;;;;;;;;;;;;;;;;;;;;;;;;;;;;;;;;;;;;;;;;;;;;;;;;;;;;;;;;;;;;;;;;;;;;;;;;;;;;;;;;;;;;;;;;;;;;;;;;;;;;;;;;;;;;;;;;;;;;;;;;;;;;;;;;;;;;;;;;;;;;;;;;;;;;;;;;;strict_renda_liquida;national;renda liquida publicada em faixas compativeis
irpf_aeb_brasil_1946_1960_faixas;irpf_aeb_brasil_1946_1960_faixas.csv;bracket_distribution;42;1948;1949;Brasil;irpf_aeb_brasil_1946_1960_faixas;1948;;Brasil;F12;12;De mais de 700 a 1000;700;1000;0;645;;821440.310078;;;;;;renda liquida;;IBGE, Anuario Estatistico do Brasil 1950, p. 496, Tabela b;https://biblioteca.ibge.gov.br/visualizacao/periodicos/20/aeb_1950.pdf;outputs/fontes-pedro-souza-irpf/aeb_1950.pdf;;512;496;;;1949;529829;107818;;;;;;;;;;;;;;;;;;;;;;;;;;;;;;;;;;;;;;;;;;;;;;;;;;;;;;;;;;;;;;;;;;;;;;;;;;;;;;;;;;;;;;;;;;;;;;;;;;;;;;;;;;;;;;;;;;;;;;;;;;;;;;;;;;;;;;;;;;;;;;;;;;;;;;;;;;;;;;;;;;;;;;;;;;;;;;;;;;;;;;;;;;;;;;;;;;;;;;;;;;;;;;;;;;;;;;;;;;;;;;;;;;;;;;;;;;;;;;;;;;;;;;;;;;;;;;;;;;;;;;;;;;;;;;;;;;;;;;;;;;;;;;;;;;;;;;;;;;;;;;;;;;;;;;;;;;;;;;;;;;;;;;;;;;;;;;;;;;;;;;;;;;;;;;;;;;;;;;strict_renda_liquida;national;renda liquida publicada em faixas compativeis
irpf_aeb_brasil_1946_1960_faixas;irpf_aeb_brasil_1946_1960_faixas.csv;bracket_distribution;43;1948;1949;Brasil;irpf_aeb_brasil_1946_1960_faixas;1948;;Brasil;F13;13;De mais de 1000 a 2000;1000;2000;0;442;;1315886.877828;;;;;;renda liquida;;IBGE, Anuario Estatistico do Brasil 1950, p. 496, Tabela b;https://biblioteca.ibge.gov.br/visualizacao/periodicos/20/aeb_1950.pdf;outputs/fontes-pedro-souza-irpf/aeb_1950.pdf;;512;496;;;1949;581622;149200;;;;;;;;;;;;;;;;;;;;;;;;;;;;;;;;;;;;;;;;;;;;;;;;;;;;;;;;;;;;;;;;;;;;;;;;;;;;;;;;;;;;;;;;;;;;;;;;;;;;;;;;;;;;;;;;;;;;;;;;;;;;;;;;;;;;;;;;;;;;;;;;;;;;;;;;;;;;;;;;;;;;;;;;;;;;;;;;;;;;;;;;;;;;;;;;;;;;;;;;;;;;;;;;;;;;;;;;;;;;;;;;;;;;;;;;;;;;;;;;;;;;;;;;;;;;;;;;;;;;;;;;;;;;;;;;;;;;;;;;;;;;;;;;;;;;;;;;;;;;;;;;;;;;;;;;;;;;;;;;;;;;;;;;;;;;;;;;;;;;;;;;;;;;;;;;;;;;;;strict_renda_liquida;national;renda liquida publicada em faixas compativeis
irpf_aeb_brasil_1946_1960_faixas;irpf_aeb_brasil_1946_1960_faixas.csv;bracket_distribution;44;1948;1949;Brasil;irpf_aeb_brasil_1946_1960_faixas;1948;;Brasil;F14;14;De mais de 2000 a 3000;2000;3000;0;64;;2480906.25;;;;;;renda liquida;;IBGE, Anuario Estatistico do Brasil 1950, p. 496, Tabela b;https://biblioteca.ibge.gov.br/visualizacao/periodicos/20/aeb_1950.pdf;outputs/fontes-pedro-souza-irpf/aeb_1950.pdf;;512;496;;;1949;158778;50480;;;;;;;;;;;;;;;;;;;;;;;;;;;;;;;;;;;;;;;;;;;;;;;;;;;;;;;;;;;;;;;;;;;;;;;;;;;;;;;;;;;;;;;;;;;;;;;;;;;;;;;;;;;;;;;;;;;;;;;;;;;;;;;;;;;;;;;;;;;;;;;;;;;;;;;;;;;;;;;;;;;;;;;;;;;;;;;;;;;;;;;;;;;;;;;;;;;;;;;;;;;;;;;;;;;;;;;;;;;;;;;;;;;;;;;;;;;;;;;;;;;;;;;;;;;;;;;;;;;;;;;;;;;;;;;;;;;;;;;;;;;;;;;;;;;;;;;;;;;;;;;;;;;;;;;;;;;;;;;;;;;;;;;;;;;;;;;;;;;;;;;;;;;;;;;;;;;;;;strict_renda_liquida;national;renda liquida publicada em faixas compativeis
irpf_aeb_brasil_1946_1960_faixas;irpf_aeb_brasil_1946_1960_faixas.csv;bracket_distribution;45;1948;1949;Brasil;irpf_aeb_brasil_1946_1960_faixas;1948;;Brasil;F15;15;Mais de 3000;3000;;1;34;;4405558.823529;;;;;;renda liquida;;IBGE, Anuario Estatistico do Brasil 1950, p. 496, Tabela b;https://biblioteca.ibge.gov.br/visualizacao/periodicos/20/aeb_1950.pdf;outputs/fontes-pedro-souza-irpf/aeb_1950.pdf;;512;496;;;1949;149789;57855;;;;;;;;;;;;;;;;;;;;;;;;;;;;;;;;;;;;;;;;;;;;;;;;;;;;;;;;;;;;;;;;;;;;;;;;;;;;;;;;;;;;;;;;;;;;;;;;;;;;;;;;;;;;;;;;;;;;;;;;;;;;;;;;;;;;;;;;;;;;;;;;;;;;;;;;;;;;;;;;;;;;;;;;;;;;;;;;;;;;;;;;;;;;;;;;;;;;;;;;;;;;;;;;;;;;;;;;;;;;;;;;;;;;;;;;;;;;;;;;;;;;;;;;;;;;;;;;;;;;;;;;;;;;;;;;;;;;;;;;;;;;;;;;;;;;;;;;;;;;;;;;;;;;;;;;;;;;;;;;;;;;;;;;;;;;;;;;;;;;;;;;;;;;;;;;;;;;;;strict_renda_liquida;national;renda liquida publicada em faixas compativeis
irpf_aeb_brasil_1946_1960_faixas;irpf_aeb_brasil_1946_1960_faixas.csv;bracket_distribution;46;1949;1950;Brasil;irpf_aeb_brasil_1946_1960_faixas;1949;;Brasil;F01;1;De mais de 24 a 30;24;30;0;44604;;27227.176935;;;;;;renda liquida;;IBGE, Anuario Estatistico do Brasil 1951, p. 506, Tabela b;https://biblioteca.ibge.gov.br/visualizacao/periodicos/20/aeb_1951.pdf;outputs/fontes-pedro-souza-irpf/aeb_1951.pdf;;529;506;;;1950;1214441;23400;;;;;;;;;;;;;;;;;;;;;;;;;;;;;;;;;;;;;;;;;;;;;;;;;;;;;;;;;;;;;;;;;;;;;;;;;;;;;;;;;;;;;;;;;;;;;;;;;;;;;;;;;;;;;;;;;;;;;;;;;;;;;;;;;;;;;;;;;;;;;;;;;;;;;;;;;;;;;;;;;;;;;;;;;;;;;;;;;;;;;;;;;;;;;;;;;;;;;;;;;;;;;;;;;;;;;;;;;;;;;;;;;;;;;;;;;;;;;;;;;;;;;;;;;;;;;;;;;;;;;;;;;;;;;;;;;;;;;;;;;;;;;;;;;;;;;;;;;;;;;;;;;;;;;;;;;;;;;;;;;;;;;;;;;;;;;;;;;;;;;;;;;;;;;;;;;;;;;;strict_renda_liquida;national;renda liquida publicada em faixas compativeis
irpf_aeb_brasil_1946_1960_faixas;irpf_aeb_brasil_1946_1960_faixas.csv;bracket_distribution;47;1949;1950;Brasil;irpf_aeb_brasil_1946_1960_faixas;1949;;Brasil;F02;2;De mais de 30 a 60;30;60;0;106834;;41664.629238;;;;;;renda liquida;;IBGE, Anuario Estatistico do Brasil 1951, p. 506, Tabela b;https://biblioteca.ibge.gov.br/visualizacao/periodicos/20/aeb_1951.pdf;outputs/fontes-pedro-souza-irpf/aeb_1951.pdf;;529;506;;;1950;4451199;118998;;;;;;;;;;;;;;;;;;;;;;;;;;;;;;;;;;;;;;;;;;;;;;;;;;;;;;;;;;;;;;;;;;;;;;;;;;;;;;;;;;;;;;;;;;;;;;;;;;;;;;;;;;;;;;;;;;;;;;;;;;;;;;;;;;;;;;;;;;;;;;;;;;;;;;;;;;;;;;;;;;;;;;;;;;;;;;;;;;;;;;;;;;;;;;;;;;;;;;;;;;;;;;;;;;;;;;;;;;;;;;;;;;;;;;;;;;;;;;;;;;;;;;;;;;;;;;;;;;;;;;;;;;;;;;;;;;;;;;;;;;;;;;;;;;;;;;;;;;;;;;;;;;;;;;;;;;;;;;;;;;;;;;;;;;;;;;;;;;;;;;;;;;;;;;;;;;;;;;strict_renda_liquida;national;renda liquida publicada em faixas compativeis
irpf_aeb_brasil_1946_1960_faixas;irpf_aeb_brasil_1946_1960_faixas.csv;bracket_distribution;48;1949;1950;Brasil;irpf_aeb_brasil_1946_1960_faixas;1949;;Brasil;F03;3;De mais de 60 a 90;60;90;0;34869;;72424.388425;;;;;;renda liquida;;IBGE, Anuario Estatistico do Brasil 1951, p. 506, Tabela b;https://biblioteca.ibge.gov.br/visualizacao/periodicos/20/aeb_1951.pdf;outputs/fontes-pedro-souza-irpf/aeb_1951.pdf;;529;506;;;1950;2525366;100477;;;;;;;;;;;;;;;;;;;;;;;;;;;;;;;;;;;;;;;;;;;;;;;;;;;;;;;;;;;;;;;;;;;;;;;;;;;;;;;;;;;;;;;;;;;;;;;;;;;;;;;;;;;;;;;;;;;;;;;;;;;;;;;;;;;;;;;;;;;;;;;;;;;;;;;;;;;;;;;;;;;;;;;;;;;;;;;;;;;;;;;;;;;;;;;;;;;;;;;;;;;;;;;;;;;;;;;;;;;;;;;;;;;;;;;;;;;;;;;;;;;;;;;;;;;;;;;;;;;;;;;;;;;;;;;;;;;;;;;;;;;;;;;;;;;;;;;;;;;;;;;;;;;;;;;;;;;;;;;;;;;;;;;;;;;;;;;;;;;;;;;;;;;;;;;;;;;;;;strict_renda_liquida;national;renda liquida publicada em faixas compativeis
irpf_aeb_brasil_1946_1960_faixas;irpf_aeb_brasil_1946_1960_faixas.csv;bracket_distribution;49;1949;1950;Brasil;irpf_aeb_brasil_1946_1960_faixas;1949;;Brasil;F04;4;De mais de 90 a 120;90;120;0;16599;;103592.385083;;;;;;renda liquida;;IBGE, Anuario Estatistico do Brasil 1951, p. 506, Tabela b;https://biblioteca.ibge.gov.br/visualizacao/periodicos/20/aeb_1951.pdf;outputs/fontes-pedro-souza-irpf/aeb_1951.pdf;;529;506;;;1950;1719530;85389;;;;;;;;;;;;;;;;;;;;;;;;;;;;;;;;;;;;;;;;;;;;;;;;;;;;;;;;;;;;;;;;;;;;;;;;;;;;;;;;;;;;;;;;;;;;;;;;;;;;;;;;;;;;;;;;;;;;;;;;;;;;;;;;;;;;;;;;;;;;;;;;;;;;;;;;;;;;;;;;;;;;;;;;;;;;;;;;;;;;;;;;;;;;;;;;;;;;;;;;;;;;;;;;;;;;;;;;;;;;;;;;;;;;;;;;;;;;;;;;;;;;;;;;;;;;;;;;;;;;;;;;;;;;;;;;;;;;;;;;;;;;;;;;;;;;;;;;;;;;;;;;;;;;;;;;;;;;;;;;;;;;;;;;;;;;;;;;;;;;;;;;;;;;;;;;;;;;;;strict_renda_liquida;national;renda liquida publicada em faixas compativeis
irpf_aeb_brasil_1946_1960_faixas;irpf_aeb_brasil_1946_1960_faixas.csv;bracket_distribution;50;1949;1950;Brasil;irpf_aeb_brasil_1946_1960_faixas;1949;;Brasil;F05;5;De mais de 120 a 150;120;150;0;9496;;133874.684078;;;;;;renda liquida;;IBGE, Anuario Estatistico do Brasil 1951, p. 506, Tabela b;https://biblioteca.ibge.gov.br/visualizacao/periodicos/20/aeb_1951.pdf;outputs/fontes-pedro-souza-irpf/aeb_1951.pdf;;529;506;;;1950;1271274;77411;;;;;;;;;;;;;;;;;;;;;;;;;;;;;;;;;;;;;;;;;;;;;;;;;;;;;;;;;;;;;;;;;;;;;;;;;;;;;;;;;;;;;;;;;;;;;;;;;;;;;;;;;;;;;;;;;;;;;;;;;;;;;;;;;;;;;;;;;;;;;;;;;;;;;;;;;;;;;;;;;;;;;;;;;;;;;;;;;;;;;;;;;;;;;;;;;;;;;;;;;;;;;;;;;;;;;;;;;;;;;;;;;;;;;;;;;;;;;;;;;;;;;;;;;;;;;;;;;;;;;;;;;;;;;;;;;;;;;;;;;;;;;;;;;;;;;;;;;;;;;;;;;;;;;;;;;;;;;;;;;;;;;;;;;;;;;;;;;;;;;;;;;;;;;;;;;;;;;;strict_renda_liquida;national;renda liquida publicada em faixas compativeis
irpf_aeb_brasil_1946_1960_faixas;irpf_aeb_brasil_1946_1960_faixas.csv;bracket_distribution;51;1949;1950;Brasil;irpf_aeb_brasil_1946_1960_faixas;1949;;Brasil;F06;6;De mais de 150 a 200;150;200;0;8427;;172481.78474;;;;;;renda liquida;;IBGE, Anuario Estatistico do Brasil 1951, p. 506, Tabela b;https://biblioteca.ibge.gov.br/visualizacao/periodicos/20/aeb_1951.pdf;outputs/fontes-pedro-souza-irpf/aeb_1951.pdf;;529;506;;;1950;1453504;109880;;;;;;;;;;;;;;;;;;;;;;;;;;;;;;;;;;;;;;;;;;;;;;;;;;;;;;;;;;;;;;;;;;;;;;;;;;;;;;;;;;;;;;;;;;;;;;;;;;;;;;;;;;;;;;;;;;;;;;;;;;;;;;;;;;;;;;;;;;;;;;;;;;;;;;;;;;;;;;;;;;;;;;;;;;;;;;;;;;;;;;;;;;;;;;;;;;;;;;;;;;;;;;;;;;;;;;;;;;;;;;;;;;;;;;;;;;;;;;;;;;;;;;;;;;;;;;;;;;;;;;;;;;;;;;;;;;;;;;;;;;;;;;;;;;;;;;;;;;;;;;;;;;;;;;;;;;;;;;;;;;;;;;;;;;;;;;;;;;;;;;;;;;;;;;;;;;;;;;strict_renda_liquida;national;renda liquida publicada em faixas compativeis
irpf_aeb_brasil_1946_1960_faixas;irpf_aeb_brasil_1946_1960_faixas.csv;bracket_distribution;52;1949;1950;Brasil;irpf_aeb_brasil_1946_1960_faixas;1949;;Brasil;F07;7;De mais de 200 a 300;200;300;0;7168;;249702.148438;;;;;;renda liquida;;IBGE, Anuario Estatistico do Brasil 1951, p. 506, Tabela b;https://biblioteca.ibge.gov.br/visualizacao/periodicos/20/aeb_1951.pdf;outputs/fontes-pedro-souza-irpf/aeb_1951.pdf;;529;506;;;1950;1789865;178362;;;;;;;;;;;;;;;;;;;;;;;;;;;;;;;;;;;;;;;;;;;;;;;;;;;;;;;;;;;;;;;;;;;;;;;;;;;;;;;;;;;;;;;;;;;;;;;;;;;;;;;;;;;;;;;;;;;;;;;;;;;;;;;;;;;;;;;;;;;;;;;;;;;;;;;;;;;;;;;;;;;;;;;;;;;;;;;;;;;;;;;;;;;;;;;;;;;;;;;;;;;;;;;;;;;;;;;;;;;;;;;;;;;;;;;;;;;;;;;;;;;;;;;;;;;;;;;;;;;;;;;;;;;;;;;;;;;;;;;;;;;;;;;;;;;;;;;;;;;;;;;;;;;;;;;;;;;;;;;;;;;;;;;;;;;;;;;;;;;;;;;;;;;;;;;;;;;;;;strict_renda_liquida;national;renda liquida publicada em faixas compativeis
irpf_aeb_brasil_1946_1960_faixas;irpf_aeb_brasil_1946_1960_faixas.csv;bracket_distribution;53;1949;1950;Brasil;irpf_aeb_brasil_1946_1960_faixas;1949;;Brasil;F08;8;De mais de 300 a 400;300;400;0;3191;;343735.819492;;;;;;renda liquida;;IBGE, Anuario Estatistico do Brasil 1951, p. 506, Tabela b;https://biblioteca.ibge.gov.br/visualizacao/periodicos/20/aeb_1951.pdf;outputs/fontes-pedro-souza-irpf/aeb_1951.pdf;;529;506;;;1950;1096861;134297;;;;;;;;;;;;;;;;;;;;;;;;;;;;;;;;;;;;;;;;;;;;;;;;;;;;;;;;;;;;;;;;;;;;;;;;;;;;;;;;;;;;;;;;;;;;;;;;;;;;;;;;;;;;;;;;;;;;;;;;;;;;;;;;;;;;;;;;;;;;;;;;;;;;;;;;;;;;;;;;;;;;;;;;;;;;;;;;;;;;;;;;;;;;;;;;;;;;;;;;;;;;;;;;;;;;;;;;;;;;;;;;;;;;;;;;;;;;;;;;;;;;;;;;;;;;;;;;;;;;;;;;;;;;;;;;;;;;;;;;;;;;;;;;;;;;;;;;;;;;;;;;;;;;;;;;;;;;;;;;;;;;;;;;;;;;;;;;;;;;;;;;;;;;;;;;;;;;;;strict_renda_liquida;national;renda liquida publicada em faixas compativeis
irpf_aeb_brasil_1946_1960_faixas;irpf_aeb_brasil_1946_1960_faixas.csv;bracket_distribution;54;1949;1950;Brasil;irpf_aeb_brasil_1946_1960_faixas;1949;;Brasil;F09;9;De mais de 400 a 500;400;500;0;1618;;444997.527812;;;;;;renda liquida;;IBGE, Anuario Estatistico do Brasil 1951, p. 506, Tabela b;https://biblioteca.ibge.gov.br/visualizacao/periodicos/20/aeb_1951.pdf;outputs/fontes-pedro-souza-irpf/aeb_1951.pdf;;529;506;;;1950;720006;102361;;;;;;;;;;;;;;;;;;;;;;;;;;;;;;;;;;;;;;;;;;;;;;;;;;;;;;;;;;;;;;;;;;;;;;;;;;;;;;;;;;;;;;;;;;;;;;;;;;;;;;;;;;;;;;;;;;;;;;;;;;;;;;;;;;;;;;;;;;;;;;;;;;;;;;;;;;;;;;;;;;;;;;;;;;;;;;;;;;;;;;;;;;;;;;;;;;;;;;;;;;;;;;;;;;;;;;;;;;;;;;;;;;;;;;;;;;;;;;;;;;;;;;;;;;;;;;;;;;;;;;;;;;;;;;;;;;;;;;;;;;;;;;;;;;;;;;;;;;;;;;;;;;;;;;;;;;;;;;;;;;;;;;;;;;;;;;;;;;;;;;;;;;;;;;;;;;;;;;strict_renda_liquida;national;renda liquida publicada em faixas compativeis
irpf_aeb_brasil_1946_1960_faixas;irpf_aeb_brasil_1946_1960_faixas.csv;bracket_distribution;55;1949;1950;Brasil;irpf_aeb_brasil_1946_1960_faixas;1949;;Brasil;F10;10;De mais de 500 a 600;500;600;0;901;;546619.311876;;;;;;renda liquida;;IBGE, Anuario Estatistico do Brasil 1951, p. 506, Tabela b;https://biblioteca.ibge.gov.br/visualizacao/periodicos/20/aeb_1951.pdf;outputs/fontes-pedro-souza-irpf/aeb_1951.pdf;;529;506;;;1950;492504;79344;;;;;;;;;;;;;;;;;;;;;;;;;;;;;;;;;;;;;;;;;;;;;;;;;;;;;;;;;;;;;;;;;;;;;;;;;;;;;;;;;;;;;;;;;;;;;;;;;;;;;;;;;;;;;;;;;;;;;;;;;;;;;;;;;;;;;;;;;;;;;;;;;;;;;;;;;;;;;;;;;;;;;;;;;;;;;;;;;;;;;;;;;;;;;;;;;;;;;;;;;;;;;;;;;;;;;;;;;;;;;;;;;;;;;;;;;;;;;;;;;;;;;;;;;;;;;;;;;;;;;;;;;;;;;;;;;;;;;;;;;;;;;;;;;;;;;;;;;;;;;;;;;;;;;;;;;;;;;;;;;;;;;;;;;;;;;;;;;;;;;;;;;;;;;;;;;;;;;;strict_renda_liquida;national;renda liquida publicada em faixas compativeis
irpf_aeb_brasil_1946_1960_faixas;irpf_aeb_brasil_1946_1960_faixas.csv;bracket_distribution;56;1949;1950;Brasil;irpf_aeb_brasil_1946_1960_faixas;1949;;Brasil;F11;11;De mais de 600 a 700;600;700;0;558;;649281.362007;;;;;;renda liquida;;IBGE, Anuario Estatistico do Brasil 1951, p. 506, Tabela b;https://biblioteca.ibge.gov.br/visualizacao/periodicos/20/aeb_1951.pdf;outputs/fontes-pedro-souza-irpf/aeb_1951.pdf;;529;506;;;1950;362299;64813;;;;;;;;;;;;;;;;;;;;;;;;;;;;;;;;;;;;;;;;;;;;;;;;;;;;;;;;;;;;;;;;;;;;;;;;;;;;;;;;;;;;;;;;;;;;;;;;;;;;;;;;;;;;;;;;;;;;;;;;;;;;;;;;;;;;;;;;;;;;;;;;;;;;;;;;;;;;;;;;;;;;;;;;;;;;;;;;;;;;;;;;;;;;;;;;;;;;;;;;;;;;;;;;;;;;;;;;;;;;;;;;;;;;;;;;;;;;;;;;;;;;;;;;;;;;;;;;;;;;;;;;;;;;;;;;;;;;;;;;;;;;;;;;;;;;;;;;;;;;;;;;;;;;;;;;;;;;;;;;;;;;;;;;;;;;;;;;;;;;;;;;;;;;;;;;;;;;;;strict_renda_liquida;national;renda liquida publicada em faixas compativeis
irpf_aeb_brasil_1946_1960_faixas;irpf_aeb_brasil_1946_1960_faixas.csv;bracket_distribution;57;1949;1950;Brasil;irpf_aeb_brasil_1946_1960_faixas;1949;;Brasil;F12;12;De mais de 700 a 1000;700;1000;0;794;;821052.896725;;;;;;renda liquida;;IBGE, Anuario Estatistico do Brasil 1951, p. 506, Tabela b;https://biblioteca.ibge.gov.br/visualizacao/periodicos/20/aeb_1951.pdf;outputs/fontes-pedro-souza-irpf/aeb_1951.pdf;;529;506;;;1950;651916;133409;;;;;;;;;;;;;;;;;;;;;;;;;;;;;;;;;;;;;;;;;;;;;;;;;;;;;;;;;;;;;;;;;;;;;;;;;;;;;;;;;;;;;;;;;;;;;;;;;;;;;;;;;;;;;;;;;;;;;;;;;;;;;;;;;;;;;;;;;;;;;;;;;;;;;;;;;;;;;;;;;;;;;;;;;;;;;;;;;;;;;;;;;;;;;;;;;;;;;;;;;;;;;;;;;;;;;;;;;;;;;;;;;;;;;;;;;;;;;;;;;;;;;;;;;;;;;;;;;;;;;;;;;;;;;;;;;;;;;;;;;;;;;;;;;;;;;;;;;;;;;;;;;;;;;;;;;;;;;;;;;;;;;;;;;;;;;;;;;;;;;;;;;;;;;;;;;;;;;;strict_renda_liquida;national;renda liquida publicada em faixas compativeis
irpf_aeb_brasil_1946_1960_faixas;irpf_aeb_brasil_1946_1960_faixas.csv;bracket_distribution;58;1949;1950;Brasil;irpf_aeb_brasil_1946_1960_faixas;1949;;Brasil;F13;13;De mais de 1000 a 2000;1000;2000;0;465;;1315686.021505;;;;;;renda liquida;;IBGE, Anuario Estatistico do Brasil 1951, p. 506, Tabela b;https://biblioteca.ibge.gov.br/visualizacao/periodicos/20/aeb_1951.pdf;outputs/fontes-pedro-souza-irpf/aeb_1951.pdf;;529;506;;;1950;611794;156917;;;;;;;;;;;;;;;;;;;;;;;;;;;;;;;;;;;;;;;;;;;;;;;;;;;;;;;;;;;;;;;;;;;;;;;;;;;;;;;;;;;;;;;;;;;;;;;;;;;;;;;;;;;;;;;;;;;;;;;;;;;;;;;;;;;;;;;;;;;;;;;;;;;;;;;;;;;;;;;;;;;;;;;;;;;;;;;;;;;;;;;;;;;;;;;;;;;;;;;;;;;;;;;;;;;;;;;;;;;;;;;;;;;;;;;;;;;;;;;;;;;;;;;;;;;;;;;;;;;;;;;;;;;;;;;;;;;;;;;;;;;;;;;;;;;;;;;;;;;;;;;;;;;;;;;;;;;;;;;;;;;;;;;;;;;;;;;;;;;;;;;;;;;;;;;;;;;;;;strict_renda_liquida;national;renda liquida publicada em faixas compativeis
irpf_aeb_brasil_1946_1960_faixas;irpf_aeb_brasil_1946_1960_faixas.csv;bracket_distribution;59;1949;1950;Brasil;irpf_aeb_brasil_1946_1960_faixas;1949;;Brasil;F14;14;De mais de 2000 a 3000;2000;3000;0;61;;2403737.704918;;;;;;renda liquida;;IBGE, Anuario Estatistico do Brasil 1951, p. 506, Tabela b;https://biblioteca.ibge.gov.br/visualizacao/periodicos/20/aeb_1951.pdf;outputs/fontes-pedro-souza-irpf/aeb_1951.pdf;;529;506;;;1950;146628;45628;;;;;;;;;;;;;;;;;;;;;;;;;;;;;;;;;;;;;;;;;;;;;;;;;;;;;;;;;;;;;;;;;;;;;;;;;;;;;;;;;;;;;;;;;;;;;;;;;;;;;;;;;;;;;;;;;;;;;;;;;;;;;;;;;;;;;;;;;;;;;;;;;;;;;;;;;;;;;;;;;;;;;;;;;;;;;;;;;;;;;;;;;;;;;;;;;;;;;;;;;;;;;;;;;;;;;;;;;;;;;;;;;;;;;;;;;;;;;;;;;;;;;;;;;;;;;;;;;;;;;;;;;;;;;;;;;;;;;;;;;;;;;;;;;;;;;;;;;;;;;;;;;;;;;;;;;;;;;;;;;;;;;;;;;;;;;;;;;;;;;;;;;;;;;;;;;;;;;;strict_renda_liquida;national;renda liquida publicada em faixas compativeis
irpf_aeb_brasil_1946_1960_faixas;irpf_aeb_brasil_1946_1960_faixas.csv;bracket_distribution;60;1949;1950;Brasil;irpf_aeb_brasil_1946_1960_faixas;1949;;Brasil;F15;15;Mais de 3000;3000;;1;38;;4133026.315789;;;;;;renda liquida;;IBGE, Anuario Estatistico do Brasil 1951, p. 506, Tabela b;https://biblioteca.ibge.gov.br/visualizacao/periodicos/20/aeb_1951.pdf;outputs/fontes-pedro-souza-irpf/aeb_1951.pdf;;529;506;;;1950;157055;58635;;;;;;;;;;;;;;;;;;;;;;;;;;;;;;;;;;;;;;;;;;;;;;;;;;;;;;;;;;;;;;;;;;;;;;;;;;;;;;;;;;;;;;;;;;;;;;;;;;;;;;;;;;;;;;;;;;;;;;;;;;;;;;;;;;;;;;;;;;;;;;;;;;;;;;;;;;;;;;;;;;;;;;;;;;;;;;;;;;;;;;;;;;;;;;;;;;;;;;;;;;;;;;;;;;;;;;;;;;;;;;;;;;;;;;;;;;;;;;;;;;;;;;;;;;;;;;;;;;;;;;;;;;;;;;;;;;;;;;;;;;;;;;;;;;;;;;;;;;;;;;;;;;;;;;;;;;;;;;;;;;;;;;;;;;;;;;;;;;;;;;;;;;;;;;;;;;;;;;strict_renda_liquida;national;renda liquida publicada em faixas compativeis
irpf_aeb_brasil_1946_1960_faixas;irpf_aeb_brasil_1946_1960_faixas.csv;bracket_distribution;61;1950;1951;Brasil;irpf_aeb_brasil_1946_1960_faixas;1950;;Brasil;F01;1;De mais de 24 a 30;24;30;0;47278;;27456.872118;;;;;;renda liquida;;IBGE, Anuario Estatistico do Brasil 1952, p. 515, Tabela d;https://biblioteca.ibge.gov.br/visualizacao/periodicos/20/aeb_1952.pdf;outputs/fontes-pedro-souza-irpf/aeb_1952.pdf;;530;515;;;1951;1298106;27852;;;;;;;;;;;;;;;;;;;;;;;;;;;;;;;;;;;;;;;;;;;;;;;;;;;;;;;;;;;;;;;;;;;;;;;;;;;;;;;;;;;;;;;;;;;;;;;;;;;;;;;;;;;;;;;;;;;;;;;;;;;;;;;;;;;;;;;;;;;;;;;;;;;;;;;;;;;;;;;;;;;;;;;;;;;;;;;;;;;;;;;;;;;;;;;;;;;;;;;;;;;;;;;;;;;;;;;;;;;;;;;;;;;;;;;;;;;;;;;;;;;;;;;;;;;;;;;;;;;;;;;;;;;;;;;;;;;;;;;;;;;;;;;;;;;;;;;;;;;;;;;;;;;;;;;;;;;;;;;;;;;;;;;;;;;;;;;;;;;;;;;;;;;;;;;;;;;;;;strict_renda_liquida;national;renda liquida publicada em faixas compativeis
irpf_aeb_brasil_1946_1960_faixas;irpf_aeb_brasil_1946_1960_faixas.csv;bracket_distribution;62;1950;1951;Brasil;irpf_aeb_brasil_1946_1960_faixas;1950;;Brasil;F02;2;De mais de 30 a 60;30;60;0;121283;;41830.569824;;;;;;renda liquida;;IBGE, Anuario Estatistico do Brasil 1952, p. 515, Tabela d;https://biblioteca.ibge.gov.br/visualizacao/periodicos/20/aeb_1952.pdf;outputs/fontes-pedro-souza-irpf/aeb_1952.pdf;;530;515;;;1951;5073337;140115;;;;;;;;;;;;;;;;;;;;;;;;;;;;;;;;;;;;;;;;;;;;;;;;;;;;;;;;;;;;;;;;;;;;;;;;;;;;;;;;;;;;;;;;;;;;;;;;;;;;;;;;;;;;;;;;;;;;;;;;;;;;;;;;;;;;;;;;;;;;;;;;;;;;;;;;;;;;;;;;;;;;;;;;;;;;;;;;;;;;;;;;;;;;;;;;;;;;;;;;;;;;;;;;;;;;;;;;;;;;;;;;;;;;;;;;;;;;;;;;;;;;;;;;;;;;;;;;;;;;;;;;;;;;;;;;;;;;;;;;;;;;;;;;;;;;;;;;;;;;;;;;;;;;;;;;;;;;;;;;;;;;;;;;;;;;;;;;;;;;;;;;;;;;;;;;;;;;;;strict_renda_liquida;national;renda liquida publicada em faixas compativeis
irpf_aeb_brasil_1946_1960_faixas;irpf_aeb_brasil_1946_1960_faixas.csv;bracket_distribution;63;1950;1951;Brasil;irpf_aeb_brasil_1946_1960_faixas;1950;;Brasil;F03;3;De mais de 60 a 90;60;90;0;42383;;74889.342425;;;;;;renda liquida;;IBGE, Anuario Estatistico do Brasil 1952, p. 515, Tabela d;https://biblioteca.ibge.gov.br/visualizacao/periodicos/20/aeb_1952.pdf;outputs/fontes-pedro-souza-irpf/aeb_1952.pdf;;530;515;;;1951;3174035;129509;;;;;;;;;;;;;;;;;;;;;;;;;;;;;;;;;;;;;;;;;;;;;;;;;;;;;;;;;;;;;;;;;;;;;;;;;;;;;;;;;;;;;;;;;;;;;;;;;;;;;;;;;;;;;;;;;;;;;;;;;;;;;;;;;;;;;;;;;;;;;;;;;;;;;;;;;;;;;;;;;;;;;;;;;;;;;;;;;;;;;;;;;;;;;;;;;;;;;;;;;;;;;;;;;;;;;;;;;;;;;;;;;;;;;;;;;;;;;;;;;;;;;;;;;;;;;;;;;;;;;;;;;;;;;;;;;;;;;;;;;;;;;;;;;;;;;;;;;;;;;;;;;;;;;;;;;;;;;;;;;;;;;;;;;;;;;;;;;;;;;;;;;;;;;;;;;;;;;;strict_renda_liquida;national;renda liquida publicada em faixas compativeis
irpf_aeb_brasil_1946_1960_faixas;irpf_aeb_brasil_1946_1960_faixas.csv;bracket_distribution;64;1950;1951;Brasil;irpf_aeb_brasil_1946_1960_faixas;1950;;Brasil;F04;4;De mais de 90 a 120;90;120;0;21326;;104913.204539;;;;;;renda liquida;;IBGE, Anuario Estatistico do Brasil 1952, p. 515, Tabela d;https://biblioteca.ibge.gov.br/visualizacao/periodicos/20/aeb_1952.pdf;outputs/fontes-pedro-souza-irpf/aeb_1952.pdf;;530;515;;;1951;2237379;113219;;;;;;;;;;;;;;;;;;;;;;;;;;;;;;;;;;;;;;;;;;;;;;;;;;;;;;;;;;;;;;;;;;;;;;;;;;;;;;;;;;;;;;;;;;;;;;;;;;;;;;;;;;;;;;;;;;;;;;;;;;;;;;;;;;;;;;;;;;;;;;;;;;;;;;;;;;;;;;;;;;;;;;;;;;;;;;;;;;;;;;;;;;;;;;;;;;;;;;;;;;;;;;;;;;;;;;;;;;;;;;;;;;;;;;;;;;;;;;;;;;;;;;;;;;;;;;;;;;;;;;;;;;;;;;;;;;;;;;;;;;;;;;;;;;;;;;;;;;;;;;;;;;;;;;;;;;;;;;;;;;;;;;;;;;;;;;;;;;;;;;;;;;;;;;;;;;;;;;strict_renda_liquida;national;renda liquida publicada em faixas compativeis
irpf_aeb_brasil_1946_1960_faixas;irpf_aeb_brasil_1946_1960_faixas.csv;bracket_distribution;65;1950;1951;Brasil;irpf_aeb_brasil_1946_1960_faixas;1950;;Brasil;F05;5;De mais de 120 a 150;120;150;0;11805;;134810.504024;;;;;;renda liquida;;IBGE, Anuario Estatistico do Brasil 1952, p. 515, Tabela d;https://biblioteca.ibge.gov.br/visualizacao/periodicos/20/aeb_1952.pdf;outputs/fontes-pedro-souza-irpf/aeb_1952.pdf;;530;515;;;1951;1591438;97544;;;;;;;;;;;;;;;;;;;;;;;;;;;;;;;;;;;;;;;;;;;;;;;;;;;;;;;;;;;;;;;;;;;;;;;;;;;;;;;;;;;;;;;;;;;;;;;;;;;;;;;;;;;;;;;;;;;;;;;;;;;;;;;;;;;;;;;;;;;;;;;;;;;;;;;;;;;;;;;;;;;;;;;;;;;;;;;;;;;;;;;;;;;;;;;;;;;;;;;;;;;;;;;;;;;;;;;;;;;;;;;;;;;;;;;;;;;;;;;;;;;;;;;;;;;;;;;;;;;;;;;;;;;;;;;;;;;;;;;;;;;;;;;;;;;;;;;;;;;;;;;;;;;;;;;;;;;;;;;;;;;;;;;;;;;;;;;;;;;;;;;;;;;;;;;;;;;;;;strict_renda_liquida;national;renda liquida publicada em faixas compativeis
irpf_aeb_brasil_1946_1960_faixas;irpf_aeb_brasil_1946_1960_faixas.csv;bracket_distribution;66;1950;1951;Brasil;irpf_aeb_brasil_1946_1960_faixas;1950;;Brasil;F06;6;De mais de 150 a 200;150;200;0;10876;;177451.544686;;;;;;renda liquida;;IBGE, Anuario Estatistico do Brasil 1952, p. 515, Tabela d;https://biblioteca.ibge.gov.br/visualizacao/periodicos/20/aeb_1952.pdf;outputs/fontes-pedro-souza-irpf/aeb_1952.pdf;;530;515;;;1951;1929963;146639;;;;;;;;;;;;;;;;;;;;;;;;;;;;;;;;;;;;;;;;;;;;;;;;;;;;;;;;;;;;;;;;;;;;;;;;;;;;;;;;;;;;;;;;;;;;;;;;;;;;;;;;;;;;;;;;;;;;;;;;;;;;;;;;;;;;;;;;;;;;;;;;;;;;;;;;;;;;;;;;;;;;;;;;;;;;;;;;;;;;;;;;;;;;;;;;;;;;;;;;;;;;;;;;;;;;;;;;;;;;;;;;;;;;;;;;;;;;;;;;;;;;;;;;;;;;;;;;;;;;;;;;;;;;;;;;;;;;;;;;;;;;;;;;;;;;;;;;;;;;;;;;;;;;;;;;;;;;;;;;;;;;;;;;;;;;;;;;;;;;;;;;;;;;;;;;;;;;;;strict_renda_liquida;national;renda liquida publicada em faixas compativeis
irpf_aeb_brasil_1946_1960_faixas;irpf_aeb_brasil_1946_1960_faixas.csv;bracket_distribution;67;1950;1951;Brasil;irpf_aeb_brasil_1946_1960_faixas;1950;;Brasil;F07;7;De mais de 200 a 300;200;300;0;9984;;246875.200321;;;;;;renda liquida;;IBGE, Anuario Estatistico do Brasil 1952, p. 515, Tabela d;https://biblioteca.ibge.gov.br/visualizacao/periodicos/20/aeb_1952.pdf;outputs/fontes-pedro-souza-irpf/aeb_1952.pdf;;530;515;;;1951;2464802;241131;;;;;;;;;;;;;;;;;;;;;;;;;;;;;;;;;;;;;;;;;;;;;;;;;;;;;;;;;;;;;;;;;;;;;;;;;;;;;;;;;;;;;;;;;;;;;;;;;;;;;;;;;;;;;;;;;;;;;;;;;;;;;;;;;;;;;;;;;;;;;;;;;;;;;;;;;;;;;;;;;;;;;;;;;;;;;;;;;;;;;;;;;;;;;;;;;;;;;;;;;;;;;;;;;;;;;;;;;;;;;;;;;;;;;;;;;;;;;;;;;;;;;;;;;;;;;;;;;;;;;;;;;;;;;;;;;;;;;;;;;;;;;;;;;;;;;;;;;;;;;;;;;;;;;;;;;;;;;;;;;;;;;;;;;;;;;;;;;;;;;;;;;;;;;;;;;;;;;;strict_renda_liquida;national;renda liquida publicada em faixas compativeis
irpf_aeb_brasil_1946_1960_faixas;irpf_aeb_brasil_1946_1960_faixas.csv;bracket_distribution;68;1950;1951;Brasil;irpf_aeb_brasil_1946_1960_faixas;1950;;Brasil;F08;8;De mais de 300 a 400;300;400;0;4196;;350396.091516;;;;;;renda liquida;;IBGE, Anuario Estatistico do Brasil 1952, p. 515, Tabela d;https://biblioteca.ibge.gov.br/visualizacao/periodicos/20/aeb_1952.pdf;outputs/fontes-pedro-souza-irpf/aeb_1952.pdf;;530;515;;;1951;1470262;177464;;;;;;;;;;;;;;;;;;;;;;;;;;;;;;;;;;;;;;;;;;;;;;;;;;;;;;;;;;;;;;;;;;;;;;;;;;;;;;;;;;;;;;;;;;;;;;;;;;;;;;;;;;;;;;;;;;;;;;;;;;;;;;;;;;;;;;;;;;;;;;;;;;;;;;;;;;;;;;;;;;;;;;;;;;;;;;;;;;;;;;;;;;;;;;;;;;;;;;;;;;;;;;;;;;;;;;;;;;;;;;;;;;;;;;;;;;;;;;;;;;;;;;;;;;;;;;;;;;;;;;;;;;;;;;;;;;;;;;;;;;;;;;;;;;;;;;;;;;;;;;;;;;;;;;;;;;;;;;;;;;;;;;;;;;;;;;;;;;;;;;;;;;;;;;;;;;;;;;strict_renda_liquida;national;renda liquida publicada em faixas compativeis
irpf_aeb_brasil_1946_1960_faixas;irpf_aeb_brasil_1946_1960_faixas.csv;bracket_distribution;69;1950;1951;Brasil;irpf_aeb_brasil_1946_1960_faixas;1950;;Brasil;F09;9;De mais de 400 a 500;400;500;0;2178;;455363.636364;;;;;;renda liquida;;IBGE, Anuario Estatistico do Brasil 1952, p. 515, Tabela d;https://biblioteca.ibge.gov.br/visualizacao/periodicos/20/aeb_1952.pdf;outputs/fontes-pedro-souza-irpf/aeb_1952.pdf;;530;515;;;1951;991782;140104;;;;;;;;;;;;;;;;;;;;;;;;;;;;;;;;;;;;;;;;;;;;;;;;;;;;;;;;;;;;;;;;;;;;;;;;;;;;;;;;;;;;;;;;;;;;;;;;;;;;;;;;;;;;;;;;;;;;;;;;;;;;;;;;;;;;;;;;;;;;;;;;;;;;;;;;;;;;;;;;;;;;;;;;;;;;;;;;;;;;;;;;;;;;;;;;;;;;;;;;;;;;;;;;;;;;;;;;;;;;;;;;;;;;;;;;;;;;;;;;;;;;;;;;;;;;;;;;;;;;;;;;;;;;;;;;;;;;;;;;;;;;;;;;;;;;;;;;;;;;;;;;;;;;;;;;;;;;;;;;;;;;;;;;;;;;;;;;;;;;;;;;;;;;;;;;;;;;;;strict_renda_liquida;national;renda liquida publicada em faixas compativeis
irpf_aeb_brasil_1946_1960_faixas;irpf_aeb_brasil_1946_1960_faixas.csv;bracket_distribution;70;1950;1951;Brasil;irpf_aeb_brasil_1946_1960_faixas;1950;;Brasil;F10;10;De mais de 500 a 600;500;600;0;1330;;550742.105263;;;;;;renda liquida;;IBGE, Anuario Estatistico do Brasil 1952, p. 515, Tabela d;https://biblioteca.ibge.gov.br/visualizacao/periodicos/20/aeb_1952.pdf;outputs/fontes-pedro-souza-irpf/aeb_1952.pdf;;530;515;;;1951;732487;115662;;;;;;;;;;;;;;;;;;;;;;;;;;;;;;;;;;;;;;;;;;;;;;;;;;;;;;;;;;;;;;;;;;;;;;;;;;;;;;;;;;;;;;;;;;;;;;;;;;;;;;;;;;;;;;;;;;;;;;;;;;;;;;;;;;;;;;;;;;;;;;;;;;;;;;;;;;;;;;;;;;;;;;;;;;;;;;;;;;;;;;;;;;;;;;;;;;;;;;;;;;;;;;;;;;;;;;;;;;;;;;;;;;;;;;;;;;;;;;;;;;;;;;;;;;;;;;;;;;;;;;;;;;;;;;;;;;;;;;;;;;;;;;;;;;;;;;;;;;;;;;;;;;;;;;;;;;;;;;;;;;;;;;;;;;;;;;;;;;;;;;;;;;;;;;;;;;;;;;strict_renda_liquida;national;renda liquida publicada em faixas compativeis
irpf_aeb_brasil_1946_1960_faixas;irpf_aeb_brasil_1946_1960_faixas.csv;bracket_distribution;71;1950;1951;Brasil;irpf_aeb_brasil_1946_1960_faixas;1950;;Brasil;F11;11;De mais de 600 a 700;600;700;0;752;;646585.106383;;;;;;renda liquida;;IBGE, Anuario Estatistico do Brasil 1952, p. 515, Tabela d;https://biblioteca.ibge.gov.br/visualizacao/periodicos/20/aeb_1952.pdf;outputs/fontes-pedro-souza-irpf/aeb_1952.pdf;;530;515;;;1951;486232;84992;;;;;;;;;;;;;;;;;;;;;;;;;;;;;;;;;;;;;;;;;;;;;;;;;;;;;;;;;;;;;;;;;;;;;;;;;;;;;;;;;;;;;;;;;;;;;;;;;;;;;;;;;;;;;;;;;;;;;;;;;;;;;;;;;;;;;;;;;;;;;;;;;;;;;;;;;;;;;;;;;;;;;;;;;;;;;;;;;;;;;;;;;;;;;;;;;;;;;;;;;;;;;;;;;;;;;;;;;;;;;;;;;;;;;;;;;;;;;;;;;;;;;;;;;;;;;;;;;;;;;;;;;;;;;;;;;;;;;;;;;;;;;;;;;;;;;;;;;;;;;;;;;;;;;;;;;;;;;;;;;;;;;;;;;;;;;;;;;;;;;;;;;;;;;;;;;;;;;;strict_renda_liquida;national;renda liquida publicada em faixas compativeis
irpf_aeb_brasil_1946_1960_faixas;irpf_aeb_brasil_1946_1960_faixas.csv;bracket_distribution;72;1950;1951;Brasil;irpf_aeb_brasil_1946_1960_faixas;1950;;Brasil;F12;12;De mais de 700 a 1000;700;1000;0;1104;;849272.644928;;;;;;renda liquida;;IBGE, Anuario Estatistico do Brasil 1952, p. 515, Tabela d;https://biblioteca.ibge.gov.br/visualizacao/periodicos/20/aeb_1952.pdf;outputs/fontes-pedro-souza-irpf/aeb_1952.pdf;;530;515;;;1951;937597;192372;;;;;;;;;;;;;;;;;;;;;;;;;;;;;;;;;;;;;;;;;;;;;;;;;;;;;;;;;;;;;;;;;;;;;;;;;;;;;;;;;;;;;;;;;;;;;;;;;;;;;;;;;;;;;;;;;;;;;;;;;;;;;;;;;;;;;;;;;;;;;;;;;;;;;;;;;;;;;;;;;;;;;;;;;;;;;;;;;;;;;;;;;;;;;;;;;;;;;;;;;;;;;;;;;;;;;;;;;;;;;;;;;;;;;;;;;;;;;;;;;;;;;;;;;;;;;;;;;;;;;;;;;;;;;;;;;;;;;;;;;;;;;;;;;;;;;;;;;;;;;;;;;;;;;;;;;;;;;;;;;;;;;;;;;;;;;;;;;;;;;;;;;;;;;;;;;;;;;;strict_renda_liquida;national;renda liquida publicada em faixas compativeis
irpf_aeb_brasil_1946_1960_faixas;irpf_aeb_brasil_1946_1960_faixas.csv;bracket_distribution;73;1950;1951;Brasil;irpf_aeb_brasil_1946_1960_faixas;1950;;Brasil;F13;13;De mais de 1000 a 2000;1000;2000;0;653;;1297607.963247;;;;;;renda liquida;;IBGE, Anuario Estatistico do Brasil 1952, p. 515, Tabela d;https://biblioteca.ibge.gov.br/visualizacao/periodicos/20/aeb_1952.pdf;outputs/fontes-pedro-souza-irpf/aeb_1952.pdf;;530;515;;;1951;847338;214969;;;;;;;;;;;;;;;;;;;;;;;;;;;;;;;;;;;;;;;;;;;;;;;;;;;;;;;;;;;;;;;;;;;;;;;;;;;;;;;;;;;;;;;;;;;;;;;;;;;;;;;;;;;;;;;;;;;;;;;;;;;;;;;;;;;;;;;;;;;;;;;;;;;;;;;;;;;;;;;;;;;;;;;;;;;;;;;;;;;;;;;;;;;;;;;;;;;;;;;;;;;;;;;;;;;;;;;;;;;;;;;;;;;;;;;;;;;;;;;;;;;;;;;;;;;;;;;;;;;;;;;;;;;;;;;;;;;;;;;;;;;;;;;;;;;;;;;;;;;;;;;;;;;;;;;;;;;;;;;;;;;;;;;;;;;;;;;;;;;;;;;;;;;;;;;;;;;;;;strict_renda_liquida;national;renda liquida publicada em faixas compativeis
irpf_aeb_brasil_1946_1960_faixas;irpf_aeb_brasil_1946_1960_faixas.csv;bracket_distribution;74;1950;1951;Brasil;irpf_aeb_brasil_1946_1960_faixas;1950;;Brasil;F14;14;De mais de 2000 a 3000;2000;3000;0;71;;2384154.929577;;;;;;renda liquida;;IBGE, Anuario Estatistico do Brasil 1952, p. 515, Tabela d;https://biblioteca.ibge.gov.br/visualizacao/periodicos/20/aeb_1952.pdf;outputs/fontes-pedro-souza-irpf/aeb_1952.pdf;;530;515;;;1951;169275;53363;;;;;;;;;;;;;;;;;;;;;;;;;;;;;;;;;;;;;;;;;;;;;;;;;;;;;;;;;;;;;;;;;;;;;;;;;;;;;;;;;;;;;;;;;;;;;;;;;;;;;;;;;;;;;;;;;;;;;;;;;;;;;;;;;;;;;;;;;;;;;;;;;;;;;;;;;;;;;;;;;;;;;;;;;;;;;;;;;;;;;;;;;;;;;;;;;;;;;;;;;;;;;;;;;;;;;;;;;;;;;;;;;;;;;;;;;;;;;;;;;;;;;;;;;;;;;;;;;;;;;;;;;;;;;;;;;;;;;;;;;;;;;;;;;;;;;;;;;;;;;;;;;;;;;;;;;;;;;;;;;;;;;;;;;;;;;;;;;;;;;;;;;;;;;;;;;;;;;;strict_renda_liquida;national;renda liquida publicada em faixas compativeis
irpf_aeb_brasil_1946_1960_faixas;irpf_aeb_brasil_1946_1960_faixas.csv;bracket_distribution;75;1950;1951;Brasil;irpf_aeb_brasil_1946_1960_faixas;1950;;Brasil;F15;15;Mais de 3000;3000;;1;45;;5188022.222222;;;;;;renda liquida;;IBGE, Anuario Estatistico do Brasil 1952, p. 515, Tabela d;https://biblioteca.ibge.gov.br/visualizacao/periodicos/20/aeb_1952.pdf;outputs/fontes-pedro-souza-irpf/aeb_1952.pdf;;530;515;;;1951;233461;93749;;;;;;;;;;;;;;;;;;;;;;;;;;;;;;;;;;;;;;;;;;;;;;;;;;;;;;;;;;;;;;;;;;;;;;;;;;;;;;;;;;;;;;;;;;;;;;;;;;;;;;;;;;;;;;;;;;;;;;;;;;;;;;;;;;;;;;;;;;;;;;;;;;;;;;;;;;;;;;;;;;;;;;;;;;;;;;;;;;;;;;;;;;;;;;;;;;;;;;;;;;;;;;;;;;;;;;;;;;;;;;;;;;;;;;;;;;;;;;;;;;;;;;;;;;;;;;;;;;;;;;;;;;;;;;;;;;;;;;;;;;;;;;;;;;;;;;;;;;;;;;;;;;;;;;;;;;;;;;;;;;;;;;;;;;;;;;;;;;;;;;;;;;;;;;;;;;;;;;strict_renda_liquida;national;renda liquida publicada em faixas compativeis
irpf_aeb_brasil_1946_1960_faixas;irpf_aeb_brasil_1946_1960_faixas.csv;bracket_distribution;76;1951;1952;Brasil;irpf_aeb_brasil_1946_1960_faixas;1951;;Brasil;F02;1;De mais de 30 a 60;30;60;0;120817;;42383.53874;;;;;;renda liquida;;IBGE, Anuario Estatistico do Brasil 1953, p. 444, Tabela c;https://biblioteca.ibge.gov.br/visualizacao/periodicos/20/aeb_1953.pdf;outputs/fontes-pedro-souza-irpf/aeb_1953.pdf;;469;444;;"A soma das classes publicadas tem 246017 contribuintes; o total publicado e 249017.";1952;5120652;;;;;;;;;;;;;;;;;;;;;;;;;;;;;;;;;;;;;;;;;;;;;;;;;;;;;;;;;;;;;;;;;;;;;;;;;;;;;;;;;;;;;;;;;;;;;;;;;;;;;;;;;;;;;;;;;;;;;;;;;;;;;;;;;;;;;;;;;;;;;;;;;;;;;;;;;;;;;;;;;;;;;;;;;;;;;;;;;;;;;;;;;;;;;;;;;;;;;;;;;;;;;;;;;;;;;;;;;;;;;;;;;;;;;;;;;;;;;;;;;;;;;;;;;;;;;;;;;;;;;;;;;;;;;;;;;;;;;;;;;;;;;;;;;;;;;;;;;;;;;;;;;;;;;;;;;;;;;;;;;;;;;;;;;;;;;;;;;;;;;;;;;;;;;;;;;;;;;;;strict_renda_liquida;national;renda liquida publicada em faixas compativeis
irpf_aeb_brasil_1946_1960_faixas;irpf_aeb_brasil_1946_1960_faixas.csv;bracket_distribution;77;1951;1952;Brasil;irpf_aeb_brasil_1946_1960_faixas;1951;;Brasil;F03;2;De mais de 60 a 90;60;90;0;47225;;73190.026469;;;;;;renda liquida;;IBGE, Anuario Estatistico do Brasil 1953, p. 444, Tabela c;https://biblioteca.ibge.gov.br/visualizacao/periodicos/20/aeb_1953.pdf;outputs/fontes-pedro-souza-irpf/aeb_1953.pdf;;469;444;;"A soma das classes publicadas tem 246017 contribuintes; o total publicado e 249017.";1952;3456399;;;;;;;;;;;;;;;;;;;;;;;;;;;;;;;;;;;;;;;;;;;;;;;;;;;;;;;;;;;;;;;;;;;;;;;;;;;;;;;;;;;;;;;;;;;;;;;;;;;;;;;;;;;;;;;;;;;;;;;;;;;;;;;;;;;;;;;;;;;;;;;;;;;;;;;;;;;;;;;;;;;;;;;;;;;;;;;;;;;;;;;;;;;;;;;;;;;;;;;;;;;;;;;;;;;;;;;;;;;;;;;;;;;;;;;;;;;;;;;;;;;;;;;;;;;;;;;;;;;;;;;;;;;;;;;;;;;;;;;;;;;;;;;;;;;;;;;;;;;;;;;;;;;;;;;;;;;;;;;;;;;;;;;;;;;;;;;;;;;;;;;;;;;;;;;;;;;;;;;strict_renda_liquida;national;renda liquida publicada em faixas compativeis
irpf_aeb_brasil_1946_1960_faixas;irpf_aeb_brasil_1946_1960_faixas.csv;bracket_distribution;78;1951;1952;Brasil;irpf_aeb_brasil_1946_1960_faixas;1951;;Brasil;F04;3;De mais de 90 a 120;90;120;0;21504;;119032.552083;;;;;;renda liquida;;IBGE, Anuario Estatistico do Brasil 1953, p. 444, Tabela c;https://biblioteca.ibge.gov.br/visualizacao/periodicos/20/aeb_1953.pdf;outputs/fontes-pedro-souza-irpf/aeb_1953.pdf;;469;444;;"A soma das classes publicadas tem 246017 contribuintes; o total publicado e 249017.";1952;2559676;;;;;;;;;;;;;;;;;;;;;;;;;;;;;;;;;;;;;;;;;;;;;;;;;;;;;;;;;;;;;;;;;;;;;;;;;;;;;;;;;;;;;;;;;;;;;;;;;;;;;;;;;;;;;;;;;;;;;;;;;;;;;;;;;;;;;;;;;;;;;;;;;;;;;;;;;;;;;;;;;;;;;;;;;;;;;;;;;;;;;;;;;;;;;;;;;;;;;;;;;;;;;;;;;;;;;;;;;;;;;;;;;;;;;;;;;;;;;;;;;;;;;;;;;;;;;;;;;;;;;;;;;;;;;;;;;;;;;;;;;;;;;;;;;;;;;;;;;;;;;;;;;;;;;;;;;;;;;;;;;;;;;;;;;;;;;;;;;;;;;;;;;;;;;;;;;;;;;;;strict_renda_liquida;national;renda liquida publicada em faixas compativeis
irpf_aeb_brasil_1946_1960_faixas;irpf_aeb_brasil_1946_1960_faixas.csv;bracket_distribution;79;1951;1952;Brasil;irpf_aeb_brasil_1946_1960_faixas;1951;;Brasil;F05;4;De mais de 120 a 150;120;150;0;14443;;133818.389531;;;;;;renda liquida;;IBGE, Anuario Estatistico do Brasil 1953, p. 444, Tabela c;https://biblioteca.ibge.gov.br/visualizacao/periodicos/20/aeb_1953.pdf;outputs/fontes-pedro-souza-irpf/aeb_1953.pdf;;469;444;;"A soma das classes publicadas tem 246017 contribuintes; o total publicado e 249017.";1952;1932739;;;;;;;;;;;;;;;;;;;;;;;;;;;;;;;;;;;;;;;;;;;;;;;;;;;;;;;;;;;;;;;;;;;;;;;;;;;;;;;;;;;;;;;;;;;;;;;;;;;;;;;;;;;;;;;;;;;;;;;;;;;;;;;;;;;;;;;;;;;;;;;;;;;;;;;;;;;;;;;;;;;;;;;;;;;;;;;;;;;;;;;;;;;;;;;;;;;;;;;;;;;;;;;;;;;;;;;;;;;;;;;;;;;;;;;;;;;;;;;;;;;;;;;;;;;;;;;;;;;;;;;;;;;;;;;;;;;;;;;;;;;;;;;;;;;;;;;;;;;;;;;;;;;;;;;;;;;;;;;;;;;;;;;;;;;;;;;;;;;;;;;;;;;;;;;;;;;;;;;strict_renda_liquida;national;renda liquida publicada em faixas compativeis
irpf_aeb_brasil_1946_1960_faixas;irpf_aeb_brasil_1946_1960_faixas.csv;bracket_distribution;80;1951;1952;Brasil;irpf_aeb_brasil_1946_1960_faixas;1951;;Brasil;F06;5;De mais de 150 a 200;150;200;0;13759;;172624.173268;;;;;;renda liquida;;IBGE, Anuario Estatistico do Brasil 1953, p. 444, Tabela c;https://biblioteca.ibge.gov.br/visualizacao/periodicos/20/aeb_1953.pdf;outputs/fontes-pedro-souza-irpf/aeb_1953.pdf;;469;444;;"A soma das classes publicadas tem 246017 contribuintes; o total publicado e 249017.";1952;2375136;;;;;;;;;;;;;;;;;;;;;;;;;;;;;;;;;;;;;;;;;;;;;;;;;;;;;;;;;;;;;;;;;;;;;;;;;;;;;;;;;;;;;;;;;;;;;;;;;;;;;;;;;;;;;;;;;;;;;;;;;;;;;;;;;;;;;;;;;;;;;;;;;;;;;;;;;;;;;;;;;;;;;;;;;;;;;;;;;;;;;;;;;;;;;;;;;;;;;;;;;;;;;;;;;;;;;;;;;;;;;;;;;;;;;;;;;;;;;;;;;;;;;;;;;;;;;;;;;;;;;;;;;;;;;;;;;;;;;;;;;;;;;;;;;;;;;;;;;;;;;;;;;;;;;;;;;;;;;;;;;;;;;;;;;;;;;;;;;;;;;;;;;;;;;;;;;;;;;;;strict_renda_liquida;national;renda liquida publicada em faixas compativeis
irpf_aeb_brasil_1946_1960_faixas;irpf_aeb_brasil_1946_1960_faixas.csv;bracket_distribution;81;1951;1952;Brasil;irpf_aeb_brasil_1946_1960_faixas;1951;;Brasil;F07;6;De mais de 200 a 300;200;300;0;13202;;243170.504469;;;;;;renda liquida;;IBGE, Anuario Estatistico do Brasil 1953, p. 444, Tabela c;https://biblioteca.ibge.gov.br/visualizacao/periodicos/20/aeb_1953.pdf;outputs/fontes-pedro-souza-irpf/aeb_1953.pdf;;469;444;;"A soma das classes publicadas tem 246017 contribuintes; o total publicado e 249017.";1952;3210337;;;;;;;;;;;;;;;;;;;;;;;;;;;;;;;;;;;;;;;;;;;;;;;;;;;;;;;;;;;;;;;;;;;;;;;;;;;;;;;;;;;;;;;;;;;;;;;;;;;;;;;;;;;;;;;;;;;;;;;;;;;;;;;;;;;;;;;;;;;;;;;;;;;;;;;;;;;;;;;;;;;;;;;;;;;;;;;;;;;;;;;;;;;;;;;;;;;;;;;;;;;;;;;;;;;;;;;;;;;;;;;;;;;;;;;;;;;;;;;;;;;;;;;;;;;;;;;;;;;;;;;;;;;;;;;;;;;;;;;;;;;;;;;;;;;;;;;;;;;;;;;;;;;;;;;;;;;;;;;;;;;;;;;;;;;;;;;;;;;;;;;;;;;;;;;;;;;;;;;strict_renda_liquida;national;renda liquida publicada em faixas compativeis
irpf_aeb_brasil_1946_1960_faixas;irpf_aeb_brasil_1946_1960_faixas.csv;bracket_distribution;82;1951;1952;Brasil;irpf_aeb_brasil_1946_1960_faixas;1951;;Brasil;F08;7;De mais de 300 a 400;300;400;0;5884;;344541.808294;;;;;;renda liquida;;IBGE, Anuario Estatistico do Brasil 1953, p. 444, Tabela c;https://biblioteca.ibge.gov.br/visualizacao/periodicos/20/aeb_1953.pdf;outputs/fontes-pedro-souza-irpf/aeb_1953.pdf;;469;444;;"A soma das classes publicadas tem 246017 contribuintes; o total publicado e 249017.";1952;2027284;;;;;;;;;;;;;;;;;;;;;;;;;;;;;;;;;;;;;;;;;;;;;;;;;;;;;;;;;;;;;;;;;;;;;;;;;;;;;;;;;;;;;;;;;;;;;;;;;;;;;;;;;;;;;;;;;;;;;;;;;;;;;;;;;;;;;;;;;;;;;;;;;;;;;;;;;;;;;;;;;;;;;;;;;;;;;;;;;;;;;;;;;;;;;;;;;;;;;;;;;;;;;;;;;;;;;;;;;;;;;;;;;;;;;;;;;;;;;;;;;;;;;;;;;;;;;;;;;;;;;;;;;;;;;;;;;;;;;;;;;;;;;;;;;;;;;;;;;;;;;;;;;;;;;;;;;;;;;;;;;;;;;;;;;;;;;;;;;;;;;;;;;;;;;;;;;;;;;;;strict_renda_liquida;national;renda liquida publicada em faixas compativeis
irpf_aeb_brasil_1946_1960_faixas;irpf_aeb_brasil_1946_1960_faixas.csv;bracket_distribution;83;1951;1952;Brasil;irpf_aeb_brasil_1946_1960_faixas;1951;;Brasil;F09;8;De mais de 400 a 500;400;500;0;3071;;446696.84142;;;;;;renda liquida;;IBGE, Anuario Estatistico do Brasil 1953, p. 444, Tabela c;https://biblioteca.ibge.gov.br/visualizacao/periodicos/20/aeb_1953.pdf;outputs/fontes-pedro-souza-irpf/aeb_1953.pdf;;469;444;;"A soma das classes publicadas tem 246017 contribuintes; o total publicado e 249017.";1952;1371806;;;;;;;;;;;;;;;;;;;;;;;;;;;;;;;;;;;;;;;;;;;;;;;;;;;;;;;;;;;;;;;;;;;;;;;;;;;;;;;;;;;;;;;;;;;;;;;;;;;;;;;;;;;;;;;;;;;;;;;;;;;;;;;;;;;;;;;;;;;;;;;;;;;;;;;;;;;;;;;;;;;;;;;;;;;;;;;;;;;;;;;;;;;;;;;;;;;;;;;;;;;;;;;;;;;;;;;;;;;;;;;;;;;;;;;;;;;;;;;;;;;;;;;;;;;;;;;;;;;;;;;;;;;;;;;;;;;;;;;;;;;;;;;;;;;;;;;;;;;;;;;;;;;;;;;;;;;;;;;;;;;;;;;;;;;;;;;;;;;;;;;;;;;;;;;;;;;;;;;strict_renda_liquida;national;renda liquida publicada em faixas compativeis
irpf_aeb_brasil_1946_1960_faixas;irpf_aeb_brasil_1946_1960_faixas.csv;bracket_distribution;84;1951;1952;Brasil;irpf_aeb_brasil_1946_1960_faixas;1951;;Brasil;F10;9;De mais de 500 a 600;500;600;0;1874;;547446.638207;;;;;;renda liquida;;IBGE, Anuario Estatistico do Brasil 1953, p. 444, Tabela c;https://biblioteca.ibge.gov.br/visualizacao/periodicos/20/aeb_1953.pdf;outputs/fontes-pedro-souza-irpf/aeb_1953.pdf;;469;444;;"A soma das classes publicadas tem 246017 contribuintes; o total publicado e 249017.";1952;1025915;;;;;;;;;;;;;;;;;;;;;;;;;;;;;;;;;;;;;;;;;;;;;;;;;;;;;;;;;;;;;;;;;;;;;;;;;;;;;;;;;;;;;;;;;;;;;;;;;;;;;;;;;;;;;;;;;;;;;;;;;;;;;;;;;;;;;;;;;;;;;;;;;;;;;;;;;;;;;;;;;;;;;;;;;;;;;;;;;;;;;;;;;;;;;;;;;;;;;;;;;;;;;;;;;;;;;;;;;;;;;;;;;;;;;;;;;;;;;;;;;;;;;;;;;;;;;;;;;;;;;;;;;;;;;;;;;;;;;;;;;;;;;;;;;;;;;;;;;;;;;;;;;;;;;;;;;;;;;;;;;;;;;;;;;;;;;;;;;;;;;;;;;;;;;;;;;;;;;;;strict_renda_liquida;national;renda liquida publicada em faixas compativeis
irpf_aeb_brasil_1946_1960_faixas;irpf_aeb_brasil_1946_1960_faixas.csv;bracket_distribution;85;1951;1952;Brasil;irpf_aeb_brasil_1946_1960_faixas;1951;;Brasil;F11;10;De mais de 600 a 700;600;700;0;1144;;647717.657343;;;;;;renda liquida;;IBGE, Anuario Estatistico do Brasil 1953, p. 444, Tabela c;https://biblioteca.ibge.gov.br/visualizacao/periodicos/20/aeb_1953.pdf;outputs/fontes-pedro-souza-irpf/aeb_1953.pdf;;469;444;;"A soma das classes publicadas tem 246017 contribuintes; o total publicado e 249017.";1952;740989;;;;;;;;;;;;;;;;;;;;;;;;;;;;;;;;;;;;;;;;;;;;;;;;;;;;;;;;;;;;;;;;;;;;;;;;;;;;;;;;;;;;;;;;;;;;;;;;;;;;;;;;;;;;;;;;;;;;;;;;;;;;;;;;;;;;;;;;;;;;;;;;;;;;;;;;;;;;;;;;;;;;;;;;;;;;;;;;;;;;;;;;;;;;;;;;;;;;;;;;;;;;;;;;;;;;;;;;;;;;;;;;;;;;;;;;;;;;;;;;;;;;;;;;;;;;;;;;;;;;;;;;;;;;;;;;;;;;;;;;;;;;;;;;;;;;;;;;;;;;;;;;;;;;;;;;;;;;;;;;;;;;;;;;;;;;;;;;;;;;;;;;;;;;;;;;;;;;;;;strict_renda_liquida;national;renda liquida publicada em faixas compativeis
irpf_aeb_brasil_1946_1960_faixas;irpf_aeb_brasil_1946_1960_faixas.csv;bracket_distribution;86;1951;1952;Brasil;irpf_aeb_brasil_1946_1960_faixas;1951;;Brasil;F12;11;De mais de 700 a 1000;700;1000;0;1707;;820993.555946;;;;;;renda liquida;;IBGE, Anuario Estatistico do Brasil 1953, p. 444, Tabela c;https://biblioteca.ibge.gov.br/visualizacao/periodicos/20/aeb_1953.pdf;outputs/fontes-pedro-souza-irpf/aeb_1953.pdf;;469;444;;"A soma das classes publicadas tem 246017 contribuintes; o total publicado e 249017.";1952;1401436;;;;;;;;;;;;;;;;;;;;;;;;;;;;;;;;;;;;;;;;;;;;;;;;;;;;;;;;;;;;;;;;;;;;;;;;;;;;;;;;;;;;;;;;;;;;;;;;;;;;;;;;;;;;;;;;;;;;;;;;;;;;;;;;;;;;;;;;;;;;;;;;;;;;;;;;;;;;;;;;;;;;;;;;;;;;;;;;;;;;;;;;;;;;;;;;;;;;;;;;;;;;;;;;;;;;;;;;;;;;;;;;;;;;;;;;;;;;;;;;;;;;;;;;;;;;;;;;;;;;;;;;;;;;;;;;;;;;;;;;;;;;;;;;;;;;;;;;;;;;;;;;;;;;;;;;;;;;;;;;;;;;;;;;;;;;;;;;;;;;;;;;;;;;;;;;;;;;;;;strict_renda_liquida;national;renda liquida publicada em faixas compativeis
irpf_aeb_brasil_1946_1960_faixas;irpf_aeb_brasil_1946_1960_faixas.csv;bracket_distribution;87;1951;1952;Brasil;irpf_aeb_brasil_1946_1960_faixas;1951;;Brasil;F13;12;De mais de 1000 a 2000;1000;2000;0;1133;;1325930.27361;;;;;;renda liquida;;IBGE, Anuario Estatistico do Brasil 1953, p. 444, Tabela c;https://biblioteca.ibge.gov.br/visualizacao/periodicos/20/aeb_1953.pdf;outputs/fontes-pedro-souza-irpf/aeb_1953.pdf;;469;444;;"A soma das classes publicadas tem 246017 contribuintes; o total publicado e 249017.";1952;1502279;;;;;;;;;;;;;;;;;;;;;;;;;;;;;;;;;;;;;;;;;;;;;;;;;;;;;;;;;;;;;;;;;;;;;;;;;;;;;;;;;;;;;;;;;;;;;;;;;;;;;;;;;;;;;;;;;;;;;;;;;;;;;;;;;;;;;;;;;;;;;;;;;;;;;;;;;;;;;;;;;;;;;;;;;;;;;;;;;;;;;;;;;;;;;;;;;;;;;;;;;;;;;;;;;;;;;;;;;;;;;;;;;;;;;;;;;;;;;;;;;;;;;;;;;;;;;;;;;;;;;;;;;;;;;;;;;;;;;;;;;;;;;;;;;;;;;;;;;;;;;;;;;;;;;;;;;;;;;;;;;;;;;;;;;;;;;;;;;;;;;;;;;;;;;;;;;;;;;;;strict_renda_liquida;national;renda liquida publicada em faixas compativeis
irpf_aeb_brasil_1946_1960_faixas;irpf_aeb_brasil_1946_1960_faixas.csv;bracket_distribution;88;1951;1952;Brasil;irpf_aeb_brasil_1946_1960_faixas;1951;;Brasil;F14;13;De mais de 2000 a 3000;2000;3000;0;167;;2356754.491018;;;;;;renda liquida;;IBGE, Anuario Estatistico do Brasil 1953, p. 444, Tabela c;https://biblioteca.ibge.gov.br/visualizacao/periodicos/20/aeb_1953.pdf;outputs/fontes-pedro-souza-irpf/aeb_1953.pdf;;469;444;;"A soma das classes publicadas tem 246017 contribuintes; o total publicado e 249017.";1952;393578;;;;;;;;;;;;;;;;;;;;;;;;;;;;;;;;;;;;;;;;;;;;;;;;;;;;;;;;;;;;;;;;;;;;;;;;;;;;;;;;;;;;;;;;;;;;;;;;;;;;;;;;;;;;;;;;;;;;;;;;;;;;;;;;;;;;;;;;;;;;;;;;;;;;;;;;;;;;;;;;;;;;;;;;;;;;;;;;;;;;;;;;;;;;;;;;;;;;;;;;;;;;;;;;;;;;;;;;;;;;;;;;;;;;;;;;;;;;;;;;;;;;;;;;;;;;;;;;;;;;;;;;;;;;;;;;;;;;;;;;;;;;;;;;;;;;;;;;;;;;;;;;;;;;;;;;;;;;;;;;;;;;;;;;;;;;;;;;;;;;;;;;;;;;;;;;;;;;;;;strict_renda_liquida;national;renda liquida publicada em faixas compativeis
irpf_aeb_brasil_1946_1960_faixas;irpf_aeb_brasil_1946_1960_faixas.csv;bracket_distribution;89;1951;1952;Brasil;irpf_aeb_brasil_1946_1960_faixas;1951;;Brasil;F15;14;Mais de 3000;3000;;1;87;;5146850.574713;;;;;;renda liquida;;IBGE, Anuario Estatistico do Brasil 1953, p. 444, Tabela c;https://biblioteca.ibge.gov.br/visualizacao/periodicos/20/aeb_1953.pdf;outputs/fontes-pedro-souza-irpf/aeb_1953.pdf;;469;444;;"A soma das classes publicadas tem 246017 contribuintes; o total publicado e 249017.";1952;447776;;;;;;;;;;;;;;;;;;;;;;;;;;;;;;;;;;;;;;;;;;;;;;;;;;;;;;;;;;;;;;;;;;;;;;;;;;;;;;;;;;;;;;;;;;;;;;;;;;;;;;;;;;;;;;;;;;;;;;;;;;;;;;;;;;;;;;;;;;;;;;;;;;;;;;;;;;;;;;;;;;;;;;;;;;;;;;;;;;;;;;;;;;;;;;;;;;;;;;;;;;;;;;;;;;;;;;;;;;;;;;;;;;;;;;;;;;;;;;;;;;;;;;;;;;;;;;;;;;;;;;;;;;;;;;;;;;;;;;;;;;;;;;;;;;;;;;;;;;;;;;;;;;;;;;;;;;;;;;;;;;;;;;;;;;;;;;;;;;;;;;;;;;;;;;;;;;;;;;;strict_renda_liquida;national;renda liquida publicada em faixas compativeis
irpf_aeb_brasil_1946_1960_faixas;irpf_aeb_brasil_1946_1960_faixas.csv;bracket_distribution;100;1952;1953;Brasil;irpf_aeb_brasil_1946_1960_faixas;1952;;Brasil;F12;11;De mais de 700 a 1000;700;1000;0;1821;;825001.647446;;;;;;renda liquida;;IBGE, Anuario Estatistico do Brasil 1954, p. 482, Tabela c;https://biblioteca.ibge.gov.br/visualizacao/periodicos/20/aeb_1954.pdf;outputs/fontes-pedro-souza-irpf/aeb_1954.pdf;;517;482;;;1953;1502328;;;;;;;;;;;;;;;;;;;;;;;;;;;;;;;;;;;;;;;;;;;;;;;;;;;;;;;;;;;;;;;;;;;;;;;;;;;;;;;;;;;;;;;;;;;;;;;;;;;;;;;;;;;;;;;;;;;;;;;;;;;;;;;;;;;;;;;;;;;;;;;;;;;;;;;;;;;;;;;;;;;;;;;;;;;;;;;;;;;;;;;;;;;;;;;;;;;;;;;;;;;;;;;;;;;;;;;;;;;;;;;;;;;;;;;;;;;;;;;;;;;;;;;;;;;;;;;;;;;;;;;;;;;;;;;;;;;;;;;;;;;;;;;;;;;;;;;;;;;;;;;;;;;;;;;;;;;;;;;;;;;;;;;;;;;;;;;;;;;;;;;;;;;;;;;;;;;;;;;strict_renda_liquida;national;renda liquida publicada em faixas compativeis
irpf_aeb_brasil_1946_1960_faixas;irpf_aeb_brasil_1946_1960_faixas.csv;bracket_distribution;101;1952;1953;Brasil;irpf_aeb_brasil_1946_1960_faixas;1952;;Brasil;F13;12;De mais de 1000 a 2000;1000;2000;0;1214;;1315962.108731;;;;;;renda liquida;;IBGE, Anuario Estatistico do Brasil 1954, p. 482, Tabela c;https://biblioteca.ibge.gov.br/visualizacao/periodicos/20/aeb_1954.pdf;outputs/fontes-pedro-souza-irpf/aeb_1954.pdf;;517;482;;;1953;1597578;;;;;;;;;;;;;;;;;;;;;;;;;;;;;;;;;;;;;;;;;;;;;;;;;;;;;;;;;;;;;;;;;;;;;;;;;;;;;;;;;;;;;;;;;;;;;;;;;;;;;;;;;;;;;;;;;;;;;;;;;;;;;;;;;;;;;;;;;;;;;;;;;;;;;;;;;;;;;;;;;;;;;;;;;;;;;;;;;;;;;;;;;;;;;;;;;;;;;;;;;;;;;;;;;;;;;;;;;;;;;;;;;;;;;;;;;;;;;;;;;;;;;;;;;;;;;;;;;;;;;;;;;;;;;;;;;;;;;;;;;;;;;;;;;;;;;;;;;;;;;;;;;;;;;;;;;;;;;;;;;;;;;;;;;;;;;;;;;;;;;;;;;;;;;;;;;;;;;;;strict_renda_liquida;national;renda liquida publicada em faixas compativeis
irpf_aeb_brasil_1946_1960_faixas;irpf_aeb_brasil_1946_1960_faixas.csv;bracket_distribution;102;1952;1953;Brasil;irpf_aeb_brasil_1946_1960_faixas;1952;;Brasil;F14;13;De mais de 2000 a 3000;2000;3000;0;190;;2384215.789474;;;;;;renda liquida;;IBGE, Anuario Estatistico do Brasil 1954, p. 482, Tabela c;https://biblioteca.ibge.gov.br/visualizacao/periodicos/20/aeb_1954.pdf;outputs/fontes-pedro-souza-irpf/aeb_1954.pdf;;517;482;;;1953;453001;;;;;;;;;;;;;;;;;;;;;;;;;;;;;;;;;;;;;;;;;;;;;;;;;;;;;;;;;;;;;;;;;;;;;;;;;;;;;;;;;;;;;;;;;;;;;;;;;;;;;;;;;;;;;;;;;;;;;;;;;;;;;;;;;;;;;;;;;;;;;;;;;;;;;;;;;;;;;;;;;;;;;;;;;;;;;;;;;;;;;;;;;;;;;;;;;;;;;;;;;;;;;;;;;;;;;;;;;;;;;;;;;;;;;;;;;;;;;;;;;;;;;;;;;;;;;;;;;;;;;;;;;;;;;;;;;;;;;;;;;;;;;;;;;;;;;;;;;;;;;;;;;;;;;;;;;;;;;;;;;;;;;;;;;;;;;;;;;;;;;;;;;;;;;;;;;;;;;;;strict_renda_liquida;national;renda liquida publicada em faixas compativeis
irpf_aeb_brasil_1946_1960_faixas;irpf_aeb_brasil_1946_1960_faixas.csv;bracket_distribution;103;1952;1953;Brasil;irpf_aeb_brasil_1946_1960_faixas;1952;;Brasil;F15;14;Mais de 3000;3000;;1;75;;4600800.0;;;;;;renda liquida;;IBGE, Anuario Estatistico do Brasil 1954, p. 482, Tabela c;https://biblioteca.ibge.gov.br/visualizacao/periodicos/20/aeb_1954.pdf;outputs/fontes-pedro-souza-irpf/aeb_1954.pdf;;517;482;;;1953;345060;;;;;;;;;;;;;;;;;;;;;;;;;;;;;;;;;;;;;;;;;;;;;;;;;;;;;;;;;;;;;;;;;;;;;;;;;;;;;;;;;;;;;;;;;;;;;;;;;;;;;;;;;;;;;;;;;;;;;;;;;;;;;;;;;;;;;;;;;;;;;;;;;;;;;;;;;;;;;;;;;;;;;;;;;;;;;;;;;;;;;;;;;;;;;;;;;;;;;;;;;;;;;;;;;;;;;;;;;;;;;;;;;;;;;;;;;;;;;;;;;;;;;;;;;;;;;;;;;;;;;;;;;;;;;;;;;;;;;;;;;;;;;;;;;;;;;;;;;;;;;;;;;;;;;;;;;;;;;;;;;;;;;;;;;;;;;;;;;;;;;;;;;;;;;;;;;;;;;;;strict_renda_liquida;national;renda liquida publicada em faixas compativeis
irpf_aeb_brasil_1946_1960_faixas;irpf_aeb_brasil_1946_1960_faixas.csv;bracket_distribution;90;1952;1953;Brasil;irpf_aeb_brasil_1946_1960_faixas;1952;;Brasil;F02;1;De mais de 30 a 60;30;60;0;129397;;43300.346994;;;;;;renda liquida;;IBGE, Anuario Estatistico do Brasil 1954, p. 482, Tabela c;https://biblioteca.ibge.gov.br/visualizacao/periodicos/20/aeb_1954.pdf;outputs/fontes-pedro-souza-irpf/aeb_1954.pdf;;517;482;;;1953;5602935;;;;;;;;;;;;;;;;;;;;;;;;;;;;;;;;;;;;;;;;;;;;;;;;;;;;;;;;;;;;;;;;;;;;;;;;;;;;;;;;;;;;;;;;;;;;;;;;;;;;;;;;;;;;;;;;;;;;;;;;;;;;;;;;;;;;;;;;;;;;;;;;;;;;;;;;;;;;;;;;;;;;;;;;;;;;;;;;;;;;;;;;;;;;;;;;;;;;;;;;;;;;;;;;;;;;;;;;;;;;;;;;;;;;;;;;;;;;;;;;;;;;;;;;;;;;;;;;;;;;;;;;;;;;;;;;;;;;;;;;;;;;;;;;;;;;;;;;;;;;;;;;;;;;;;;;;;;;;;;;;;;;;;;;;;;;;;;;;;;;;;;;;;;;;;;;;;;;;;;strict_renda_liquida;national;renda liquida publicada em faixas compativeis
irpf_aeb_brasil_1946_1960_faixas;irpf_aeb_brasil_1946_1960_faixas.csv;bracket_distribution;91;1952;1953;Brasil;irpf_aeb_brasil_1946_1960_faixas;1952;;Brasil;F03;2;De mais de 60 a 90;60;90;0;54577;;73326.694395;;;;;;renda liquida;;IBGE, Anuario Estatistico do Brasil 1954, p. 482, Tabela c;https://biblioteca.ibge.gov.br/visualizacao/periodicos/20/aeb_1954.pdf;outputs/fontes-pedro-souza-irpf/aeb_1954.pdf;;517;482;;;1953;4001951;;;;;;;;;;;;;;;;;;;;;;;;;;;;;;;;;;;;;;;;;;;;;;;;;;;;;;;;;;;;;;;;;;;;;;;;;;;;;;;;;;;;;;;;;;;;;;;;;;;;;;;;;;;;;;;;;;;;;;;;;;;;;;;;;;;;;;;;;;;;;;;;;;;;;;;;;;;;;;;;;;;;;;;;;;;;;;;;;;;;;;;;;;;;;;;;;;;;;;;;;;;;;;;;;;;;;;;;;;;;;;;;;;;;;;;;;;;;;;;;;;;;;;;;;;;;;;;;;;;;;;;;;;;;;;;;;;;;;;;;;;;;;;;;;;;;;;;;;;;;;;;;;;;;;;;;;;;;;;;;;;;;;;;;;;;;;;;;;;;;;;;;;;;;;;;;;;;;;;;strict_renda_liquida;national;renda liquida publicada em faixas compativeis
irpf_aeb_brasil_1946_1960_faixas;irpf_aeb_brasil_1946_1960_faixas.csv;bracket_distribution;92;1952;1953;Brasil;irpf_aeb_brasil_1946_1960_faixas;1952;;Brasil;F04;3;De mais de 90 a 120;90;120;0;28501;;103809.410196;;;;;;renda liquida;;IBGE, Anuario Estatistico do Brasil 1954, p. 482, Tabela c;https://biblioteca.ibge.gov.br/visualizacao/periodicos/20/aeb_1954.pdf;outputs/fontes-pedro-souza-irpf/aeb_1954.pdf;;517;482;;;1953;2958672;;;;;;;;;;;;;;;;;;;;;;;;;;;;;;;;;;;;;;;;;;;;;;;;;;;;;;;;;;;;;;;;;;;;;;;;;;;;;;;;;;;;;;;;;;;;;;;;;;;;;;;;;;;;;;;;;;;;;;;;;;;;;;;;;;;;;;;;;;;;;;;;;;;;;;;;;;;;;;;;;;;;;;;;;;;;;;;;;;;;;;;;;;;;;;;;;;;;;;;;;;;;;;;;;;;;;;;;;;;;;;;;;;;;;;;;;;;;;;;;;;;;;;;;;;;;;;;;;;;;;;;;;;;;;;;;;;;;;;;;;;;;;;;;;;;;;;;;;;;;;;;;;;;;;;;;;;;;;;;;;;;;;;;;;;;;;;;;;;;;;;;;;;;;;;;;;;;;;;;strict_renda_liquida;national;renda liquida publicada em faixas compativeis
irpf_aeb_brasil_1946_1960_faixas;irpf_aeb_brasil_1946_1960_faixas.csv;bracket_distribution;93;1952;1953;Brasil;irpf_aeb_brasil_1946_1960_faixas;1952;;Brasil;F05;4;De mais de 120 a 150;120;150;0;16635;;134562.7893;;;;;;renda liquida;;IBGE, Anuario Estatistico do Brasil 1954, p. 482, Tabela c;https://biblioteca.ibge.gov.br/visualizacao/periodicos/20/aeb_1954.pdf;outputs/fontes-pedro-souza-irpf/aeb_1954.pdf;;517;482;;;1953;2238452;;;;;;;;;;;;;;;;;;;;;;;;;;;;;;;;;;;;;;;;;;;;;;;;;;;;;;;;;;;;;;;;;;;;;;;;;;;;;;;;;;;;;;;;;;;;;;;;;;;;;;;;;;;;;;;;;;;;;;;;;;;;;;;;;;;;;;;;;;;;;;;;;;;;;;;;;;;;;;;;;;;;;;;;;;;;;;;;;;;;;;;;;;;;;;;;;;;;;;;;;;;;;;;;;;;;;;;;;;;;;;;;;;;;;;;;;;;;;;;;;;;;;;;;;;;;;;;;;;;;;;;;;;;;;;;;;;;;;;;;;;;;;;;;;;;;;;;;;;;;;;;;;;;;;;;;;;;;;;;;;;;;;;;;;;;;;;;;;;;;;;;;;;;;;;;;;;;;;;;strict_renda_liquida;national;renda liquida publicada em faixas compativeis
irpf_aeb_brasil_1946_1960_faixas;irpf_aeb_brasil_1946_1960_faixas.csv;bracket_distribution;94;1952;1953;Brasil;irpf_aeb_brasil_1946_1960_faixas;1952;;Brasil;F06;5;De mais de 150 a 200;150;200;0;15989;;172976.483833;;;;;;renda liquida;;IBGE, Anuario Estatistico do Brasil 1954, p. 482, Tabela c;https://biblioteca.ibge.gov.br/visualizacao/periodicos/20/aeb_1954.pdf;outputs/fontes-pedro-souza-irpf/aeb_1954.pdf;;517;482;;;1953;2765721;;;;;;;;;;;;;;;;;;;;;;;;;;;;;;;;;;;;;;;;;;;;;;;;;;;;;;;;;;;;;;;;;;;;;;;;;;;;;;;;;;;;;;;;;;;;;;;;;;;;;;;;;;;;;;;;;;;;;;;;;;;;;;;;;;;;;;;;;;;;;;;;;;;;;;;;;;;;;;;;;;;;;;;;;;;;;;;;;;;;;;;;;;;;;;;;;;;;;;;;;;;;;;;;;;;;;;;;;;;;;;;;;;;;;;;;;;;;;;;;;;;;;;;;;;;;;;;;;;;;;;;;;;;;;;;;;;;;;;;;;;;;;;;;;;;;;;;;;;;;;;;;;;;;;;;;;;;;;;;;;;;;;;;;;;;;;;;;;;;;;;;;;;;;;;;;;;;;;;;strict_renda_liquida;national;renda liquida publicada em faixas compativeis
irpf_aeb_brasil_1946_1960_faixas;irpf_aeb_brasil_1946_1960_faixas.csv;bracket_distribution;95;1952;1953;Brasil;irpf_aeb_brasil_1946_1960_faixas;1952;;Brasil;F07;6;De mais de 200 a 300;200;300;0;14948;;243141.891892;;;;;;renda liquida;;IBGE, Anuario Estatistico do Brasil 1954, p. 482, Tabela c;https://biblioteca.ibge.gov.br/visualizacao/periodicos/20/aeb_1954.pdf;outputs/fontes-pedro-souza-irpf/aeb_1954.pdf;;517;482;;;1953;3634485;;;;;;;;;;;;;;;;;;;;;;;;;;;;;;;;;;;;;;;;;;;;;;;;;;;;;;;;;;;;;;;;;;;;;;;;;;;;;;;;;;;;;;;;;;;;;;;;;;;;;;;;;;;;;;;;;;;;;;;;;;;;;;;;;;;;;;;;;;;;;;;;;;;;;;;;;;;;;;;;;;;;;;;;;;;;;;;;;;;;;;;;;;;;;;;;;;;;;;;;;;;;;;;;;;;;;;;;;;;;;;;;;;;;;;;;;;;;;;;;;;;;;;;;;;;;;;;;;;;;;;;;;;;;;;;;;;;;;;;;;;;;;;;;;;;;;;;;;;;;;;;;;;;;;;;;;;;;;;;;;;;;;;;;;;;;;;;;;;;;;;;;;;;;;;;;;;;;;;;strict_renda_liquida;national;renda liquida publicada em faixas compativeis
irpf_aeb_brasil_1946_1960_faixas;irpf_aeb_brasil_1946_1960_faixas.csv;bracket_distribution;96;1952;1953;Brasil;irpf_aeb_brasil_1946_1960_faixas;1952;;Brasil;F08;7;De mais de 300 a 400;300;400;0;6712;;345867.252682;;;;;;renda liquida;;IBGE, Anuario Estatistico do Brasil 1954, p. 482, Tabela c;https://biblioteca.ibge.gov.br/visualizacao/periodicos/20/aeb_1954.pdf;outputs/fontes-pedro-souza-irpf/aeb_1954.pdf;;517;482;;;1953;2321461;;;;;;;;;;;;;;;;;;;;;;;;;;;;;;;;;;;;;;;;;;;;;;;;;;;;;;;;;;;;;;;;;;;;;;;;;;;;;;;;;;;;;;;;;;;;;;;;;;;;;;;;;;;;;;;;;;;;;;;;;;;;;;;;;;;;;;;;;;;;;;;;;;;;;;;;;;;;;;;;;;;;;;;;;;;;;;;;;;;;;;;;;;;;;;;;;;;;;;;;;;;;;;;;;;;;;;;;;;;;;;;;;;;;;;;;;;;;;;;;;;;;;;;;;;;;;;;;;;;;;;;;;;;;;;;;;;;;;;;;;;;;;;;;;;;;;;;;;;;;;;;;;;;;;;;;;;;;;;;;;;;;;;;;;;;;;;;;;;;;;;;;;;;;;;;;;;;;;;;strict_renda_liquida;national;renda liquida publicada em faixas compativeis
irpf_aeb_brasil_1946_1960_faixas;irpf_aeb_brasil_1946_1960_faixas.csv;bracket_distribution;97;1952;1953;Brasil;irpf_aeb_brasil_1946_1960_faixas;1952;;Brasil;F09;8;De mais de 400 a 500;400;500;0;3501;;445700.371322;;;;;;renda liquida;;IBGE, Anuario Estatistico do Brasil 1954, p. 482, Tabela c;https://biblioteca.ibge.gov.br/visualizacao/periodicos/20/aeb_1954.pdf;outputs/fontes-pedro-souza-irpf/aeb_1954.pdf;;517;482;;;1953;1560397;;;;;;;;;;;;;;;;;;;;;;;;;;;;;;;;;;;;;;;;;;;;;;;;;;;;;;;;;;;;;;;;;;;;;;;;;;;;;;;;;;;;;;;;;;;;;;;;;;;;;;;;;;;;;;;;;;;;;;;;;;;;;;;;;;;;;;;;;;;;;;;;;;;;;;;;;;;;;;;;;;;;;;;;;;;;;;;;;;;;;;;;;;;;;;;;;;;;;;;;;;;;;;;;;;;;;;;;;;;;;;;;;;;;;;;;;;;;;;;;;;;;;;;;;;;;;;;;;;;;;;;;;;;;;;;;;;;;;;;;;;;;;;;;;;;;;;;;;;;;;;;;;;;;;;;;;;;;;;;;;;;;;;;;;;;;;;;;;;;;;;;;;;;;;;;;;;;;;;;strict_renda_liquida;national;renda liquida publicada em faixas compativeis
irpf_aeb_brasil_1946_1960_faixas;irpf_aeb_brasil_1946_1960_faixas.csv;bracket_distribution;98;1952;1953;Brasil;irpf_aeb_brasil_1946_1960_faixas;1952;;Brasil;F10;9;De mais de 500 a 600;500;600;0;2052;;546228.557505;;;;;;renda liquida;;IBGE, Anuario Estatistico do Brasil 1954, p. 482, Tabela c;https://biblioteca.ibge.gov.br/visualizacao/periodicos/20/aeb_1954.pdf;outputs/fontes-pedro-souza-irpf/aeb_1954.pdf;;517;482;;;1953;1120861;;;;;;;;;;;;;;;;;;;;;;;;;;;;;;;;;;;;;;;;;;;;;;;;;;;;;;;;;;;;;;;;;;;;;;;;;;;;;;;;;;;;;;;;;;;;;;;;;;;;;;;;;;;;;;;;;;;;;;;;;;;;;;;;;;;;;;;;;;;;;;;;;;;;;;;;;;;;;;;;;;;;;;;;;;;;;;;;;;;;;;;;;;;;;;;;;;;;;;;;;;;;;;;;;;;;;;;;;;;;;;;;;;;;;;;;;;;;;;;;;;;;;;;;;;;;;;;;;;;;;;;;;;;;;;;;;;;;;;;;;;;;;;;;;;;;;;;;;;;;;;;;;;;;;;;;;;;;;;;;;;;;;;;;;;;;;;;;;;;;;;;;;;;;;;;;;;;;;;;strict_renda_liquida;national;renda liquida publicada em faixas compativeis
irpf_aeb_brasil_1946_1960_faixas;irpf_aeb_brasil_1946_1960_faixas.csv;bracket_distribution;99;1952;1953;Brasil;irpf_aeb_brasil_1946_1960_faixas;1952;;Brasil;F11;10;De mais de 600 a 700;600;700;0;1333;;645276.819205;;;;;;renda liquida;;IBGE, Anuario Estatistico do Brasil 1954, p. 482, Tabela c;https://biblioteca.ibge.gov.br/visualizacao/periodicos/20/aeb_1954.pdf;outputs/fontes-pedro-souza-irpf/aeb_1954.pdf;;517;482;;;1953;860154;;;;;;;;;;;;;;;;;;;;;;;;;;;;;;;;;;;;;;;;;;;;;;;;;;;;;;;;;;;;;;;;;;;;;;;;;;;;;;;;;;;;;;;;;;;;;;;;;;;;;;;;;;;;;;;;;;;;;;;;;;;;;;;;;;;;;;;;;;;;;;;;;;;;;;;;;;;;;;;;;;;;;;;;;;;;;;;;;;;;;;;;;;;;;;;;;;;;;;;;;;;;;;;;;;;;;;;;;;;;;;;;;;;;;;;;;;;;;;;;;;;;;;;;;;;;;;;;;;;;;;;;;;;;;;;;;;;;;;;;;;;;;;;;;;;;;;;;;;;;;;;;;;;;;;;;;;;;;;;;;;;;;;;;;;;;;;;;;;;;;;;;;;;;;;;;;;;;;;;strict_renda_liquida;national;renda liquida publicada em faixas compativeis
irpf_aeb_brasil_1946_1960_faixas;irpf_aeb_brasil_1946_1960_faixas.csv;bracket_distribution;104;1953;1954;Brasil;irpf_aeb_brasil_1946_1960_faixas;1953;;Brasil;F02;1;De mais de 30 a 60;30;60;0;150664;;42295.637976;;;;;;renda liquida;;IBGE, Anuario Estatistico do Brasil 1955, p. 531, Tabela c;https://biblioteca.ibge.gov.br/visualizacao/periodicos/20/aeb_1955.pdf;outputs/fontes-pedro-souza-irpf/aeb_1955.pdf;;552;531;;;1954;6372430;;;;;;;;;;;;;;;;;;;;;;;;;;;;;;;;;;;;;;;;;;;;;;;;;;;;;;;;;;;;;;;;;;;;;;;;;;;;;;;;;;;;;;;;;;;;;;;;;;;;;;;;;;;;;;;;;;;;;;;;;;;;;;;;;;;;;;;;;;;;;;;;;;;;;;;;;;;;;;;;;;;;;;;;;;;;;;;;;;;;;;;;;;;;;;;;;;;;;;;;;;;;;;;;;;;;;;;;;;;;;;;;;;;;;;;;;;;;;;;;;;;;;;;;;;;;;;;;;;;;;;;;;;;;;;;;;;;;;;;;;;;;;;;;;;;;;;;;;;;;;;;;;;;;;;;;;;;;;;;;;;;;;;;;;;;;;;;;;;;;;;;;;;;;;;;;;;;;;;;strict_renda_liquida;national;renda liquida publicada em faixas compativeis
irpf_aeb_brasil_1946_1960_faixas;irpf_aeb_brasil_1946_1960_faixas.csv;bracket_distribution;105;1953;1954;Brasil;irpf_aeb_brasil_1946_1960_faixas;1953;;Brasil;F03;2;De mais de 60 a 90;60;90;0;56955;;73460.310772;;;;;;renda liquida;;IBGE, Anuario Estatistico do Brasil 1955, p. 531, Tabela c;https://biblioteca.ibge.gov.br/visualizacao/periodicos/20/aeb_1955.pdf;outputs/fontes-pedro-souza-irpf/aeb_1955.pdf;;552;531;;;1954;4183932;;;;;;;;;;;;;;;;;;;;;;;;;;;;;;;;;;;;;;;;;;;;;;;;;;;;;;;;;;;;;;;;;;;;;;;;;;;;;;;;;;;;;;;;;;;;;;;;;;;;;;;;;;;;;;;;;;;;;;;;;;;;;;;;;;;;;;;;;;;;;;;;;;;;;;;;;;;;;;;;;;;;;;;;;;;;;;;;;;;;;;;;;;;;;;;;;;;;;;;;;;;;;;;;;;;;;;;;;;;;;;;;;;;;;;;;;;;;;;;;;;;;;;;;;;;;;;;;;;;;;;;;;;;;;;;;;;;;;;;;;;;;;;;;;;;;;;;;;;;;;;;;;;;;;;;;;;;;;;;;;;;;;;;;;;;;;;;;;;;;;;;;;;;;;;;;;;;;;;;strict_renda_liquida;national;renda liquida publicada em faixas compativeis
irpf_aeb_brasil_1946_1960_faixas;irpf_aeb_brasil_1946_1960_faixas.csv;bracket_distribution;106;1953;1954;Brasil;irpf_aeb_brasil_1946_1960_faixas;1953;;Brasil;F04;3;De mais de 90 a 120;90;120;0;29509;;104280.694026;;;;;;renda liquida;;IBGE, Anuario Estatistico do Brasil 1955, p. 531, Tabela c;https://biblioteca.ibge.gov.br/visualizacao/periodicos/20/aeb_1955.pdf;outputs/fontes-pedro-souza-irpf/aeb_1955.pdf;;552;531;;;1954;3077219;;;;;;;;;;;;;;;;;;;;;;;;;;;;;;;;;;;;;;;;;;;;;;;;;;;;;;;;;;;;;;;;;;;;;;;;;;;;;;;;;;;;;;;;;;;;;;;;;;;;;;;;;;;;;;;;;;;;;;;;;;;;;;;;;;;;;;;;;;;;;;;;;;;;;;;;;;;;;;;;;;;;;;;;;;;;;;;;;;;;;;;;;;;;;;;;;;;;;;;;;;;;;;;;;;;;;;;;;;;;;;;;;;;;;;;;;;;;;;;;;;;;;;;;;;;;;;;;;;;;;;;;;;;;;;;;;;;;;;;;;;;;;;;;;;;;;;;;;;;;;;;;;;;;;;;;;;;;;;;;;;;;;;;;;;;;;;;;;;;;;;;;;;;;;;;;;;;;;;;strict_renda_liquida;national;renda liquida publicada em faixas compativeis
irpf_aeb_brasil_1946_1960_faixas;irpf_aeb_brasil_1946_1960_faixas.csv;bracket_distribution;107;1953;1954;Brasil;irpf_aeb_brasil_1946_1960_faixas;1953;;Brasil;F05;4;De mais de 120 a 150;120;150;0;17837;;134187.811852;;;;;;renda liquida;;IBGE, Anuario Estatistico do Brasil 1955, p. 531, Tabela c;https://biblioteca.ibge.gov.br/visualizacao/periodicos/20/aeb_1955.pdf;outputs/fontes-pedro-souza-irpf/aeb_1955.pdf;;552;531;;;1954;2393508;;;;;;;;;;;;;;;;;;;;;;;;;;;;;;;;;;;;;;;;;;;;;;;;;;;;;;;;;;;;;;;;;;;;;;;;;;;;;;;;;;;;;;;;;;;;;;;;;;;;;;;;;;;;;;;;;;;;;;;;;;;;;;;;;;;;;;;;;;;;;;;;;;;;;;;;;;;;;;;;;;;;;;;;;;;;;;;;;;;;;;;;;;;;;;;;;;;;;;;;;;;;;;;;;;;;;;;;;;;;;;;;;;;;;;;;;;;;;;;;;;;;;;;;;;;;;;;;;;;;;;;;;;;;;;;;;;;;;;;;;;;;;;;;;;;;;;;;;;;;;;;;;;;;;;;;;;;;;;;;;;;;;;;;;;;;;;;;;;;;;;;;;;;;;;;;;;;;;;;strict_renda_liquida;national;renda liquida publicada em faixas compativeis
irpf_aeb_brasil_1946_1960_faixas;irpf_aeb_brasil_1946_1960_faixas.csv;bracket_distribution;108;1953;1954;Brasil;irpf_aeb_brasil_1946_1960_faixas;1953;;Brasil;F06;5;De mais de 150 a 200;150;200;0;17017;;173094.552506;;;;;;renda liquida;;IBGE, Anuario Estatistico do Brasil 1955, p. 531, Tabela c;https://biblioteca.ibge.gov.br/visualizacao/periodicos/20/aeb_1955.pdf;outputs/fontes-pedro-souza-irpf/aeb_1955.pdf;;552;531;;;1954;2945550;;;;;;;;;;;;;;;;;;;;;;;;;;;;;;;;;;;;;;;;;;;;;;;;;;;;;;;;;;;;;;;;;;;;;;;;;;;;;;;;;;;;;;;;;;;;;;;;;;;;;;;;;;;;;;;;;;;;;;;;;;;;;;;;;;;;;;;;;;;;;;;;;;;;;;;;;;;;;;;;;;;;;;;;;;;;;;;;;;;;;;;;;;;;;;;;;;;;;;;;;;;;;;;;;;;;;;;;;;;;;;;;;;;;;;;;;;;;;;;;;;;;;;;;;;;;;;;;;;;;;;;;;;;;;;;;;;;;;;;;;;;;;;;;;;;;;;;;;;;;;;;;;;;;;;;;;;;;;;;;;;;;;;;;;;;;;;;;;;;;;;;;;;;;;;;;;;;;;;;strict_renda_liquida;national;renda liquida publicada em faixas compativeis
irpf_aeb_brasil_1946_1960_faixas;irpf_aeb_brasil_1946_1960_faixas.csv;bracket_distribution;109;1953;1954;Brasil;irpf_aeb_brasil_1946_1960_faixas;1953;;Brasil;F07;6;De mais de 200 a 300;200;300;0;16470;;243485.428051;;;;;;renda liquida;;IBGE, Anuario Estatistico do Brasil 1955, p. 531, Tabela c;https://biblioteca.ibge.gov.br/visualizacao/periodicos/20/aeb_1955.pdf;outputs/fontes-pedro-souza-irpf/aeb_1955.pdf;;552;531;;;1954;4010205;;;;;;;;;;;;;;;;;;;;;;;;;;;;;;;;;;;;;;;;;;;;;;;;;;;;;;;;;;;;;;;;;;;;;;;;;;;;;;;;;;;;;;;;;;;;;;;;;;;;;;;;;;;;;;;;;;;;;;;;;;;;;;;;;;;;;;;;;;;;;;;;;;;;;;;;;;;;;;;;;;;;;;;;;;;;;;;;;;;;;;;;;;;;;;;;;;;;;;;;;;;;;;;;;;;;;;;;;;;;;;;;;;;;;;;;;;;;;;;;;;;;;;;;;;;;;;;;;;;;;;;;;;;;;;;;;;;;;;;;;;;;;;;;;;;;;;;;;;;;;;;;;;;;;;;;;;;;;;;;;;;;;;;;;;;;;;;;;;;;;;;;;;;;;;;;;;;;;;;strict_renda_liquida;national;renda liquida publicada em faixas compativeis
irpf_aeb_brasil_1946_1960_faixas;irpf_aeb_brasil_1946_1960_faixas.csv;bracket_distribution;110;1953;1954;Brasil;irpf_aeb_brasil_1946_1960_faixas;1953;;Brasil;F08;7;De mais de 300 a 400;300;400;0;7691;;345126.381485;;;;;;renda liquida;;IBGE, Anuario Estatistico do Brasil 1955, p. 531, Tabela c;https://biblioteca.ibge.gov.br/visualizacao/periodicos/20/aeb_1955.pdf;outputs/fontes-pedro-souza-irpf/aeb_1955.pdf;;552;531;;;1954;2654367;;;;;;;;;;;;;;;;;;;;;;;;;;;;;;;;;;;;;;;;;;;;;;;;;;;;;;;;;;;;;;;;;;;;;;;;;;;;;;;;;;;;;;;;;;;;;;;;;;;;;;;;;;;;;;;;;;;;;;;;;;;;;;;;;;;;;;;;;;;;;;;;;;;;;;;;;;;;;;;;;;;;;;;;;;;;;;;;;;;;;;;;;;;;;;;;;;;;;;;;;;;;;;;;;;;;;;;;;;;;;;;;;;;;;;;;;;;;;;;;;;;;;;;;;;;;;;;;;;;;;;;;;;;;;;;;;;;;;;;;;;;;;;;;;;;;;;;;;;;;;;;;;;;;;;;;;;;;;;;;;;;;;;;;;;;;;;;;;;;;;;;;;;;;;;;;;;;;;;;strict_renda_liquida;national;renda liquida publicada em faixas compativeis
irpf_aeb_brasil_1946_1960_faixas;irpf_aeb_brasil_1946_1960_faixas.csv;bracket_distribution;111;1953;1954;Brasil;irpf_aeb_brasil_1946_1960_faixas;1953;;Brasil;F09;8;De mais de 400 a 500;400;500;0;4087;;447313.188158;;;;;;renda liquida;;IBGE, Anuario Estatistico do Brasil 1955, p. 531, Tabela c;https://biblioteca.ibge.gov.br/visualizacao/periodicos/20/aeb_1955.pdf;outputs/fontes-pedro-souza-irpf/aeb_1955.pdf;;552;531;;;1954;1828169;;;;;;;;;;;;;;;;;;;;;;;;;;;;;;;;;;;;;;;;;;;;;;;;;;;;;;;;;;;;;;;;;;;;;;;;;;;;;;;;;;;;;;;;;;;;;;;;;;;;;;;;;;;;;;;;;;;;;;;;;;;;;;;;;;;;;;;;;;;;;;;;;;;;;;;;;;;;;;;;;;;;;;;;;;;;;;;;;;;;;;;;;;;;;;;;;;;;;;;;;;;;;;;;;;;;;;;;;;;;;;;;;;;;;;;;;;;;;;;;;;;;;;;;;;;;;;;;;;;;;;;;;;;;;;;;;;;;;;;;;;;;;;;;;;;;;;;;;;;;;;;;;;;;;;;;;;;;;;;;;;;;;;;;;;;;;;;;;;;;;;;;;;;;;;;;;;;;;;;strict_renda_liquida;national;renda liquida publicada em faixas compativeis
irpf_aeb_brasil_1946_1960_faixas;irpf_aeb_brasil_1946_1960_faixas.csv;bracket_distribution;112;1953;1954;Brasil;irpf_aeb_brasil_1946_1960_faixas;1953;;Brasil;F10;9;De mais de 500 a 600;500;600;0;2478;;545576.271186;;;;;;renda liquida;;IBGE, Anuario Estatistico do Brasil 1955, p. 531, Tabela c;https://biblioteca.ibge.gov.br/visualizacao/periodicos/20/aeb_1955.pdf;outputs/fontes-pedro-souza-irpf/aeb_1955.pdf;;552;531;;;1954;1351938;;;;;;;;;;;;;;;;;;;;;;;;;;;;;;;;;;;;;;;;;;;;;;;;;;;;;;;;;;;;;;;;;;;;;;;;;;;;;;;;;;;;;;;;;;;;;;;;;;;;;;;;;;;;;;;;;;;;;;;;;;;;;;;;;;;;;;;;;;;;;;;;;;;;;;;;;;;;;;;;;;;;;;;;;;;;;;;;;;;;;;;;;;;;;;;;;;;;;;;;;;;;;;;;;;;;;;;;;;;;;;;;;;;;;;;;;;;;;;;;;;;;;;;;;;;;;;;;;;;;;;;;;;;;;;;;;;;;;;;;;;;;;;;;;;;;;;;;;;;;;;;;;;;;;;;;;;;;;;;;;;;;;;;;;;;;;;;;;;;;;;;;;;;;;;;;;;;;;;;strict_renda_liquida;national;renda liquida publicada em faixas compativeis
irpf_aeb_brasil_1946_1960_faixas;irpf_aeb_brasil_1946_1960_faixas.csv;bracket_distribution;113;1953;1954;Brasil;irpf_aeb_brasil_1946_1960_faixas;1953;;Brasil;F11;10;De mais de 600 a 700;600;700;0;1607;;644546.359676;;;;;;renda liquida;;IBGE, Anuario Estatistico do Brasil 1955, p. 531, Tabela c;https://biblioteca.ibge.gov.br/visualizacao/periodicos/20/aeb_1955.pdf;outputs/fontes-pedro-souza-irpf/aeb_1955.pdf;;552;531;;;1954;1035786;;;;;;;;;;;;;;;;;;;;;;;;;;;;;;;;;;;;;;;;;;;;;;;;;;;;;;;;;;;;;;;;;;;;;;;;;;;;;;;;;;;;;;;;;;;;;;;;;;;;;;;;;;;;;;;;;;;;;;;;;;;;;;;;;;;;;;;;;;;;;;;;;;;;;;;;;;;;;;;;;;;;;;;;;;;;;;;;;;;;;;;;;;;;;;;;;;;;;;;;;;;;;;;;;;;;;;;;;;;;;;;;;;;;;;;;;;;;;;;;;;;;;;;;;;;;;;;;;;;;;;;;;;;;;;;;;;;;;;;;;;;;;;;;;;;;;;;;;;;;;;;;;;;;;;;;;;;;;;;;;;;;;;;;;;;;;;;;;;;;;;;;;;;;;;;;;;;;;;;strict_renda_liquida;national;renda liquida publicada em faixas compativeis
irpf_aeb_brasil_1946_1960_faixas;irpf_aeb_brasil_1946_1960_faixas.csv;bracket_distribution;114;1953;1954;Brasil;irpf_aeb_brasil_1946_1960_faixas;1953;;Brasil;F12;11;De mais de 700 a 1000;700;1000;0;2471;;824524.484015;;;;;;renda liquida;;IBGE, Anuario Estatistico do Brasil 1955, p. 531, Tabela c;https://biblioteca.ibge.gov.br/visualizacao/periodicos/20/aeb_1955.pdf;outputs/fontes-pedro-souza-irpf/aeb_1955.pdf;;552;531;;;1954;2037400;;;;;;;;;;;;;;;;;;;;;;;;;;;;;;;;;;;;;;;;;;;;;;;;;;;;;;;;;;;;;;;;;;;;;;;;;;;;;;;;;;;;;;;;;;;;;;;;;;;;;;;;;;;;;;;;;;;;;;;;;;;;;;;;;;;;;;;;;;;;;;;;;;;;;;;;;;;;;;;;;;;;;;;;;;;;;;;;;;;;;;;;;;;;;;;;;;;;;;;;;;;;;;;;;;;;;;;;;;;;;;;;;;;;;;;;;;;;;;;;;;;;;;;;;;;;;;;;;;;;;;;;;;;;;;;;;;;;;;;;;;;;;;;;;;;;;;;;;;;;;;;;;;;;;;;;;;;;;;;;;;;;;;;;;;;;;;;;;;;;;;;;;;;;;;;;;;;;;;;strict_renda_liquida;national;renda liquida publicada em faixas compativeis
irpf_aeb_brasil_1946_1960_faixas;irpf_aeb_brasil_1946_1960_faixas.csv;bracket_distribution;115;1953;1954;Brasil;irpf_aeb_brasil_1946_1960_faixas;1953;;Brasil;F13;12;De mais de 1000 a 2000;1000;2000;0;1847;;1321229.561451;;;;;;renda liquida;;IBGE, Anuario Estatistico do Brasil 1955, p. 531, Tabela c;https://biblioteca.ibge.gov.br/visualizacao/periodicos/20/aeb_1955.pdf;outputs/fontes-pedro-souza-irpf/aeb_1955.pdf;;552;531;;;1954;2440311;;;;;;;;;;;;;;;;;;;;;;;;;;;;;;;;;;;;;;;;;;;;;;;;;;;;;;;;;;;;;;;;;;;;;;;;;;;;;;;;;;;;;;;;;;;;;;;;;;;;;;;;;;;;;;;;;;;;;;;;;;;;;;;;;;;;;;;;;;;;;;;;;;;;;;;;;;;;;;;;;;;;;;;;;;;;;;;;;;;;;;;;;;;;;;;;;;;;;;;;;;;;;;;;;;;;;;;;;;;;;;;;;;;;;;;;;;;;;;;;;;;;;;;;;;;;;;;;;;;;;;;;;;;;;;;;;;;;;;;;;;;;;;;;;;;;;;;;;;;;;;;;;;;;;;;;;;;;;;;;;;;;;;;;;;;;;;;;;;;;;;;;;;;;;;;;;;;;;;;strict_renda_liquida;national;renda liquida publicada em faixas compativeis
irpf_aeb_brasil_1946_1960_faixas;irpf_aeb_brasil_1946_1960_faixas.csv;bracket_distribution;116;1953;1954;Brasil;irpf_aeb_brasil_1946_1960_faixas;1953;;Brasil;F14;13;De mais de 2000 a 3000;2000;3000;0;266;;2378293.233083;;;;;;renda liquida;;IBGE, Anuario Estatistico do Brasil 1955, p. 531, Tabela c;https://biblioteca.ibge.gov.br/visualizacao/periodicos/20/aeb_1955.pdf;outputs/fontes-pedro-souza-irpf/aeb_1955.pdf;;552;531;;;1954;632626;;;;;;;;;;;;;;;;;;;;;;;;;;;;;;;;;;;;;;;;;;;;;;;;;;;;;;;;;;;;;;;;;;;;;;;;;;;;;;;;;;;;;;;;;;;;;;;;;;;;;;;;;;;;;;;;;;;;;;;;;;;;;;;;;;;;;;;;;;;;;;;;;;;;;;;;;;;;;;;;;;;;;;;;;;;;;;;;;;;;;;;;;;;;;;;;;;;;;;;;;;;;;;;;;;;;;;;;;;;;;;;;;;;;;;;;;;;;;;;;;;;;;;;;;;;;;;;;;;;;;;;;;;;;;;;;;;;;;;;;;;;;;;;;;;;;;;;;;;;;;;;;;;;;;;;;;;;;;;;;;;;;;;;;;;;;;;;;;;;;;;;;;;;;;;;;;;;;;;;strict_renda_liquida;national;renda liquida publicada em faixas compativeis
irpf_aeb_brasil_1946_1960_faixas;irpf_aeb_brasil_1946_1960_faixas.csv;bracket_distribution;117;1953;1954;Brasil;irpf_aeb_brasil_1946_1960_faixas;1953;;Brasil;F15;14;Mais de 3000;3000;;1;120;;4598450.0;;;;;;renda liquida;;IBGE, Anuario Estatistico do Brasil 1955, p. 531, Tabela c;https://biblioteca.ibge.gov.br/visualizacao/periodicos/20/aeb_1955.pdf;outputs/fontes-pedro-souza-irpf/aeb_1955.pdf;;552;531;;;1954;551814;;;;;;;;;;;;;;;;;;;;;;;;;;;;;;;;;;;;;;;;;;;;;;;;;;;;;;;;;;;;;;;;;;;;;;;;;;;;;;;;;;;;;;;;;;;;;;;;;;;;;;;;;;;;;;;;;;;;;;;;;;;;;;;;;;;;;;;;;;;;;;;;;;;;;;;;;;;;;;;;;;;;;;;;;;;;;;;;;;;;;;;;;;;;;;;;;;;;;;;;;;;;;;;;;;;;;;;;;;;;;;;;;;;;;;;;;;;;;;;;;;;;;;;;;;;;;;;;;;;;;;;;;;;;;;;;;;;;;;;;;;;;;;;;;;;;;;;;;;;;;;;;;;;;;;;;;;;;;;;;;;;;;;;;;;;;;;;;;;;;;;;;;;;;;;;;;;;;;;;strict_renda_liquida;national;renda liquida publicada em faixas compativeis
irpf_aeb_brasil_1946_1960_faixas;irpf_aeb_brasil_1946_1960_faixas.csv;bracket_distribution;118;1954;1955;Brasil;irpf_aeb_brasil_1946_1960_faixas;1954;;Brasil;F01;1;De mais de 50 a 60;50;60;0;15996;;56148.037009;;;;;;renda liquida;;IBGE, Anuario Estatistico do Brasil 1956, p. 404, Tabela 2a;https://biblioteca.ibge.gov.br/visualizacao/periodicos/20/aeb_1956.pdf;outputs/fontes-pedro-souza-irpf/aeb_1956.pdf;;400;404;;;1955;898144;28973;;;;;;;;;;;;;;;;;;;;;;;;;;;;;;;;;;;;;;;;;;;;;;;;;;;;;;;;;;;;;;;;;;;;;;;;;;;;;;;;;;;;;;;;;;;;;;;;;;;;;;;;;;;;;;;;;;;;;;;;;;;;;;;;;;;;;;;;;;;;;;;;;;;;;;;;;;;;;;;;;;;;;;;;;;;;;;;;;;;;;;;;;;;;;;;;;;;;;;;;;;;;;;;;;;;;;;;;;;;;;;;;;;;;;;;;;;;;;;;;;;;;;;;;;;;;;;;;;;;;;;;;;;;;;;;;;;;;;;;;;;;;;;;;;;;;;;;;;;;;;;;;;;;;;;;;;;;;;;;;;;;;;;;;;;;;;;;;;;;;;;;;;;;;;;;;;;;;;;strict_renda_liquida;national;renda liquida publicada em faixas compativeis
irpf_aeb_brasil_1946_1960_faixas;irpf_aeb_brasil_1946_1960_faixas.csv;bracket_distribution;119;1954;1955;Brasil;irpf_aeb_brasil_1946_1960_faixas;1954;;Brasil;F02;2;De mais de 60 a 90;60;90;0;47209;;74896.71461;;;;;;renda liquida;;IBGE, Anuario Estatistico do Brasil 1956, p. 404, Tabela 2a;https://biblioteca.ibge.gov.br/visualizacao/periodicos/20/aeb_1956.pdf;outputs/fontes-pedro-souza-irpf/aeb_1956.pdf;;400;404;;;1955;3535799;147292;;;;;;;;;;;;;;;;;;;;;;;;;;;;;;;;;;;;;;;;;;;;;;;;;;;;;;;;;;;;;;;;;;;;;;;;;;;;;;;;;;;;;;;;;;;;;;;;;;;;;;;;;;;;;;;;;;;;;;;;;;;;;;;;;;;;;;;;;;;;;;;;;;;;;;;;;;;;;;;;;;;;;;;;;;;;;;;;;;;;;;;;;;;;;;;;;;;;;;;;;;;;;;;;;;;;;;;;;;;;;;;;;;;;;;;;;;;;;;;;;;;;;;;;;;;;;;;;;;;;;;;;;;;;;;;;;;;;;;;;;;;;;;;;;;;;;;;;;;;;;;;;;;;;;;;;;;;;;;;;;;;;;;;;;;;;;;;;;;;;;;;;;;;;;;;;;;;;;;strict_renda_liquida;national;renda liquida publicada em faixas compativeis
irpf_aeb_brasil_1946_1960_faixas;irpf_aeb_brasil_1946_1960_faixas.csv;bracket_distribution;120;1954;1955;Brasil;irpf_aeb_brasil_1946_1960_faixas;1954;;Brasil;F03;3;De mais de 90 a 120;90;120;0;34254;;103035.645472;;;;;;renda liquida;;IBGE, Anuario Estatistico do Brasil 1956, p. 404, Tabela 2a;https://biblioteca.ibge.gov.br/visualizacao/periodicos/20/aeb_1956.pdf;outputs/fontes-pedro-souza-irpf/aeb_1956.pdf;;400;404;;;1955;3529383;184547;;;;;;;;;;;;;;;;;;;;;;;;;;;;;;;;;;;;;;;;;;;;;;;;;;;;;;;;;;;;;;;;;;;;;;;;;;;;;;;;;;;;;;;;;;;;;;;;;;;;;;;;;;;;;;;;;;;;;;;;;;;;;;;;;;;;;;;;;;;;;;;;;;;;;;;;;;;;;;;;;;;;;;;;;;;;;;;;;;;;;;;;;;;;;;;;;;;;;;;;;;;;;;;;;;;;;;;;;;;;;;;;;;;;;;;;;;;;;;;;;;;;;;;;;;;;;;;;;;;;;;;;;;;;;;;;;;;;;;;;;;;;;;;;;;;;;;;;;;;;;;;;;;;;;;;;;;;;;;;;;;;;;;;;;;;;;;;;;;;;;;;;;;;;;;;;;;;;;;strict_renda_liquida;national;renda liquida publicada em faixas compativeis
irpf_aeb_brasil_1946_1960_faixas;irpf_aeb_brasil_1946_1960_faixas.csv;bracket_distribution;121;1954;1955;Brasil;irpf_aeb_brasil_1946_1960_faixas;1954;;Brasil;F04;4;De mais de 120 a 150;120;150;0;22941;;130847.478314;;;;;;renda liquida;;IBGE, Anuario Estatistico do Brasil 1956, p. 404, Tabela 2a;https://biblioteca.ibge.gov.br/visualizacao/periodicos/20/aeb_1956.pdf;outputs/fontes-pedro-souza-irpf/aeb_1956.pdf;;400;404;;;1955;3001772;182115;;;;;;;;;;;;;;;;;;;;;;;;;;;;;;;;;;;;;;;;;;;;;;;;;;;;;;;;;;;;;;;;;;;;;;;;;;;;;;;;;;;;;;;;;;;;;;;;;;;;;;;;;;;;;;;;;;;;;;;;;;;;;;;;;;;;;;;;;;;;;;;;;;;;;;;;;;;;;;;;;;;;;;;;;;;;;;;;;;;;;;;;;;;;;;;;;;;;;;;;;;;;;;;;;;;;;;;;;;;;;;;;;;;;;;;;;;;;;;;;;;;;;;;;;;;;;;;;;;;;;;;;;;;;;;;;;;;;;;;;;;;;;;;;;;;;;;;;;;;;;;;;;;;;;;;;;;;;;;;;;;;;;;;;;;;;;;;;;;;;;;;;;;;;;;;;;;;;;;strict_renda_liquida;national;renda liquida publicada em faixas compativeis
irpf_aeb_brasil_1946_1960_faixas;irpf_aeb_brasil_1946_1960_faixas.csv;bracket_distribution;122;1954;1955;Brasil;irpf_aeb_brasil_1946_1960_faixas;1954;;Brasil;F05;5;De mais de 150 a 200;150;200;0;21654;;175359.748776;;;;;;renda liquida;;IBGE, Anuario Estatistico do Brasil 1956, p. 404, Tabela 2a;https://biblioteca.ibge.gov.br/visualizacao/periodicos/20/aeb_1956.pdf;outputs/fontes-pedro-souza-irpf/aeb_1956.pdf;;400;404;;;1955;3797240;292691;;;;;;;;;;;;;;;;;;;;;;;;;;;;;;;;;;;;;;;;;;;;;;;;;;;;;;;;;;;;;;;;;;;;;;;;;;;;;;;;;;;;;;;;;;;;;;;;;;;;;;;;;;;;;;;;;;;;;;;;;;;;;;;;;;;;;;;;;;;;;;;;;;;;;;;;;;;;;;;;;;;;;;;;;;;;;;;;;;;;;;;;;;;;;;;;;;;;;;;;;;;;;;;;;;;;;;;;;;;;;;;;;;;;;;;;;;;;;;;;;;;;;;;;;;;;;;;;;;;;;;;;;;;;;;;;;;;;;;;;;;;;;;;;;;;;;;;;;;;;;;;;;;;;;;;;;;;;;;;;;;;;;;;;;;;;;;;;;;;;;;;;;;;;;;;;;;;;;;strict_renda_liquida;national;renda liquida publicada em faixas compativeis
irpf_aeb_brasil_1946_1960_faixas;irpf_aeb_brasil_1946_1960_faixas.csv;bracket_distribution;123;1954;1955;Brasil;irpf_aeb_brasil_1946_1960_faixas;1954;;Brasil;F06;6;De mais de 200 a 300;200;300;0;21290;;243721.512447;;;;;;renda liquida;;IBGE, Anuario Estatistico do Brasil 1956, p. 404, Tabela 2a;https://biblioteca.ibge.gov.br/visualizacao/periodicos/20/aeb_1956.pdf;outputs/fontes-pedro-souza-irpf/aeb_1956.pdf;;400;404;;;1955;5188831;519465;;;;;;;;;;;;;;;;;;;;;;;;;;;;;;;;;;;;;;;;;;;;;;;;;;;;;;;;;;;;;;;;;;;;;;;;;;;;;;;;;;;;;;;;;;;;;;;;;;;;;;;;;;;;;;;;;;;;;;;;;;;;;;;;;;;;;;;;;;;;;;;;;;;;;;;;;;;;;;;;;;;;;;;;;;;;;;;;;;;;;;;;;;;;;;;;;;;;;;;;;;;;;;;;;;;;;;;;;;;;;;;;;;;;;;;;;;;;;;;;;;;;;;;;;;;;;;;;;;;;;;;;;;;;;;;;;;;;;;;;;;;;;;;;;;;;;;;;;;;;;;;;;;;;;;;;;;;;;;;;;;;;;;;;;;;;;;;;;;;;;;;;;;;;;;;;;;;;;;strict_renda_liquida;national;renda liquida publicada em faixas compativeis
irpf_aeb_brasil_1946_1960_faixas;irpf_aeb_brasil_1946_1960_faixas.csv;bracket_distribution;124;1954;1955;Brasil;irpf_aeb_brasil_1946_1960_faixas;1954;;Brasil;F07;7;De mais de 300 a 400;300;400;0;10130;;345692.201382;;;;;;renda liquida;;IBGE, Anuario Estatistico do Brasil 1956, p. 404, Tabela 2a;https://biblioteca.ibge.gov.br/visualizacao/periodicos/20/aeb_1956.pdf;outputs/fontes-pedro-souza-irpf/aeb_1956.pdf;;400;404;;;1955;3501862;433826;;;;;;;;;;;;;;;;;;;;;;;;;;;;;;;;;;;;;;;;;;;;;;;;;;;;;;;;;;;;;;;;;;;;;;;;;;;;;;;;;;;;;;;;;;;;;;;;;;;;;;;;;;;;;;;;;;;;;;;;;;;;;;;;;;;;;;;;;;;;;;;;;;;;;;;;;;;;;;;;;;;;;;;;;;;;;;;;;;;;;;;;;;;;;;;;;;;;;;;;;;;;;;;;;;;;;;;;;;;;;;;;;;;;;;;;;;;;;;;;;;;;;;;;;;;;;;;;;;;;;;;;;;;;;;;;;;;;;;;;;;;;;;;;;;;;;;;;;;;;;;;;;;;;;;;;;;;;;;;;;;;;;;;;;;;;;;;;;;;;;;;;;;;;;;;;;;;;;;strict_renda_liquida;national;renda liquida publicada em faixas compativeis
irpf_aeb_brasil_1946_1960_faixas;irpf_aeb_brasil_1946_1960_faixas.csv;bracket_distribution;125;1954;1955;Brasil;irpf_aeb_brasil_1946_1960_faixas;1954;;Brasil;F08;8;De mais de 400 a 500;400;500;0;5780;;446076.470588;;;;;;renda liquida;;IBGE, Anuario Estatistico do Brasil 1956, p. 404, Tabela 2a;https://biblioteca.ibge.gov.br/visualizacao/periodicos/20/aeb_1956.pdf;outputs/fontes-pedro-souza-irpf/aeb_1956.pdf;;400;404;;;1955;2578322;372666;;;;;;;;;;;;;;;;;;;;;;;;;;;;;;;;;;;;;;;;;;;;;;;;;;;;;;;;;;;;;;;;;;;;;;;;;;;;;;;;;;;;;;;;;;;;;;;;;;;;;;;;;;;;;;;;;;;;;;;;;;;;;;;;;;;;;;;;;;;;;;;;;;;;;;;;;;;;;;;;;;;;;;;;;;;;;;;;;;;;;;;;;;;;;;;;;;;;;;;;;;;;;;;;;;;;;;;;;;;;;;;;;;;;;;;;;;;;;;;;;;;;;;;;;;;;;;;;;;;;;;;;;;;;;;;;;;;;;;;;;;;;;;;;;;;;;;;;;;;;;;;;;;;;;;;;;;;;;;;;;;;;;;;;;;;;;;;;;;;;;;;;;;;;;;;;;;;;;;strict_renda_liquida;national;renda liquida publicada em faixas compativeis
irpf_aeb_brasil_1946_1960_faixas;irpf_aeb_brasil_1946_1960_faixas.csv;bracket_distribution;126;1954;1955;Brasil;irpf_aeb_brasil_1946_1960_faixas;1954;;Brasil;F09;9;De mais de 500 a 600;500;600;0;3506;;559444.381061;;;;;;renda liquida;;IBGE, Anuario Estatistico do Brasil 1956, p. 404, Tabela 2a;https://biblioteca.ibge.gov.br/visualizacao/periodicos/20/aeb_1956.pdf;outputs/fontes-pedro-souza-irpf/aeb_1956.pdf;;400;404;;;1955;1961412;324091;;;;;;;;;;;;;;;;;;;;;;;;;;;;;;;;;;;;;;;;;;;;;;;;;;;;;;;;;;;;;;;;;;;;;;;;;;;;;;;;;;;;;;;;;;;;;;;;;;;;;;;;;;;;;;;;;;;;;;;;;;;;;;;;;;;;;;;;;;;;;;;;;;;;;;;;;;;;;;;;;;;;;;;;;;;;;;;;;;;;;;;;;;;;;;;;;;;;;;;;;;;;;;;;;;;;;;;;;;;;;;;;;;;;;;;;;;;;;;;;;;;;;;;;;;;;;;;;;;;;;;;;;;;;;;;;;;;;;;;;;;;;;;;;;;;;;;;;;;;;;;;;;;;;;;;;;;;;;;;;;;;;;;;;;;;;;;;;;;;;;;;;;;;;;;;;;;;;;;strict_renda_liquida;national;renda liquida publicada em faixas compativeis
irpf_aeb_brasil_1946_1960_faixas;irpf_aeb_brasil_1946_1960_faixas.csv;bracket_distribution;127;1954;1955;Brasil;irpf_aeb_brasil_1946_1960_faixas;1954;;Brasil;F10;10;De mais de 600 a 700;600;700;0;2444;;648597.381342;;;;;;renda liquida;;IBGE, Anuario Estatistico do Brasil 1956, p. 404, Tabela 2a;https://biblioteca.ibge.gov.br/visualizacao/periodicos/20/aeb_1956.pdf;outputs/fontes-pedro-souza-irpf/aeb_1956.pdf;;400;404;;;1955;1585172;289105;;;;;;;;;;;;;;;;;;;;;;;;;;;;;;;;;;;;;;;;;;;;;;;;;;;;;;;;;;;;;;;;;;;;;;;;;;;;;;;;;;;;;;;;;;;;;;;;;;;;;;;;;;;;;;;;;;;;;;;;;;;;;;;;;;;;;;;;;;;;;;;;;;;;;;;;;;;;;;;;;;;;;;;;;;;;;;;;;;;;;;;;;;;;;;;;;;;;;;;;;;;;;;;;;;;;;;;;;;;;;;;;;;;;;;;;;;;;;;;;;;;;;;;;;;;;;;;;;;;;;;;;;;;;;;;;;;;;;;;;;;;;;;;;;;;;;;;;;;;;;;;;;;;;;;;;;;;;;;;;;;;;;;;;;;;;;;;;;;;;;;;;;;;;;;;;;;;;;;strict_renda_liquida;national;renda liquida publicada em faixas compativeis
irpf_aeb_brasil_1946_1960_faixas;irpf_aeb_brasil_1946_1960_faixas.csv;bracket_distribution;128;1954;1955;Brasil;irpf_aeb_brasil_1946_1960_faixas;1954;;Brasil;F11;11;De mais de 700 a 1000;700;1000;0;3626;;824342.801986;;;;;;renda liquida;;IBGE, Anuario Estatistico do Brasil 1956, p. 404, Tabela 2a;https://biblioteca.ibge.gov.br/visualizacao/periodicos/20/aeb_1956.pdf;outputs/fontes-pedro-souza-irpf/aeb_1956.pdf;;400;404;;;1955;2989067;616595;;;;;;;;;;;;;;;;;;;;;;;;;;;;;;;;;;;;;;;;;;;;;;;;;;;;;;;;;;;;;;;;;;;;;;;;;;;;;;;;;;;;;;;;;;;;;;;;;;;;;;;;;;;;;;;;;;;;;;;;;;;;;;;;;;;;;;;;;;;;;;;;;;;;;;;;;;;;;;;;;;;;;;;;;;;;;;;;;;;;;;;;;;;;;;;;;;;;;;;;;;;;;;;;;;;;;;;;;;;;;;;;;;;;;;;;;;;;;;;;;;;;;;;;;;;;;;;;;;;;;;;;;;;;;;;;;;;;;;;;;;;;;;;;;;;;;;;;;;;;;;;;;;;;;;;;;;;;;;;;;;;;;;;;;;;;;;;;;;;;;;;;;;;;;;;;;;;;;;strict_renda_liquida;national;renda liquida publicada em faixas compativeis
irpf_aeb_brasil_1946_1960_faixas;irpf_aeb_brasil_1946_1960_faixas.csv;bracket_distribution;129;1954;1955;Brasil;irpf_aeb_brasil_1946_1960_faixas;1954;;Brasil;F12;12;De mais de 1000 a 2000;1000;2000;0;2722;;1324834.313005;;;;;;renda liquida;;IBGE, Anuario Estatistico do Brasil 1956, p. 404, Tabela 2a;https://biblioteca.ibge.gov.br/visualizacao/periodicos/20/aeb_1956.pdf;outputs/fontes-pedro-souza-irpf/aeb_1956.pdf;;400;404;;;1955;3606199;942675;;;;;;;;;;;;;;;;;;;;;;;;;;;;;;;;;;;;;;;;;;;;;;;;;;;;;;;;;;;;;;;;;;;;;;;;;;;;;;;;;;;;;;;;;;;;;;;;;;;;;;;;;;;;;;;;;;;;;;;;;;;;;;;;;;;;;;;;;;;;;;;;;;;;;;;;;;;;;;;;;;;;;;;;;;;;;;;;;;;;;;;;;;;;;;;;;;;;;;;;;;;;;;;;;;;;;;;;;;;;;;;;;;;;;;;;;;;;;;;;;;;;;;;;;;;;;;;;;;;;;;;;;;;;;;;;;;;;;;;;;;;;;;;;;;;;;;;;;;;;;;;;;;;;;;;;;;;;;;;;;;;;;;;;;;;;;;;;;;;;;;;;;;;;;;;;;;;;;;strict_renda_liquida;national;renda liquida publicada em faixas compativeis
irpf_aeb_brasil_1946_1960_faixas;irpf_aeb_brasil_1946_1960_faixas.csv;bracket_distribution;130;1954;1955;Brasil;irpf_aeb_brasil_1946_1960_faixas;1954;;Brasil;F13;13;De mais de 2000 a 3000;2000;3000;0;463;;2375574.514039;;;;;;renda liquida;;IBGE, Anuario Estatistico do Brasil 1956, p. 404, Tabela 2a;https://biblioteca.ibge.gov.br/visualizacao/periodicos/20/aeb_1956.pdf;outputs/fontes-pedro-souza-irpf/aeb_1956.pdf;;400;404;;;1955;1099891;348508;;;;;;;;;;;;;;;;;;;;;;;;;;;;;;;;;;;;;;;;;;;;;;;;;;;;;;;;;;;;;;;;;;;;;;;;;;;;;;;;;;;;;;;;;;;;;;;;;;;;;;;;;;;;;;;;;;;;;;;;;;;;;;;;;;;;;;;;;;;;;;;;;;;;;;;;;;;;;;;;;;;;;;;;;;;;;;;;;;;;;;;;;;;;;;;;;;;;;;;;;;;;;;;;;;;;;;;;;;;;;;;;;;;;;;;;;;;;;;;;;;;;;;;;;;;;;;;;;;;;;;;;;;;;;;;;;;;;;;;;;;;;;;;;;;;;;;;;;;;;;;;;;;;;;;;;;;;;;;;;;;;;;;;;;;;;;;;;;;;;;;;;;;;;;;;;;;;;;;strict_renda_liquida;national;renda liquida publicada em faixas compativeis
irpf_aeb_brasil_1946_1960_faixas;irpf_aeb_brasil_1946_1960_faixas.csv;bracket_distribution;131;1954;1955;Brasil;irpf_aeb_brasil_1946_1960_faixas;1954;;Brasil;F14;14;Mais de 3000;3000;;1;242;;4776487.603306;;;;;;renda liquida;;IBGE, Anuario Estatistico do Brasil 1956, p. 404, Tabela 2a;https://biblioteca.ibge.gov.br/visualizacao/periodicos/20/aeb_1956.pdf;outputs/fontes-pedro-souza-irpf/aeb_1956.pdf;;400;404;;;1955;1155910;465134;;;;;;;;;;;;;;;;;;;;;;;;;;;;;;;;;;;;;;;;;;;;;;;;;;;;;;;;;;;;;;;;;;;;;;;;;;;;;;;;;;;;;;;;;;;;;;;;;;;;;;;;;;;;;;;;;;;;;;;;;;;;;;;;;;;;;;;;;;;;;;;;;;;;;;;;;;;;;;;;;;;;;;;;;;;;;;;;;;;;;;;;;;;;;;;;;;;;;;;;;;;;;;;;;;;;;;;;;;;;;;;;;;;;;;;;;;;;;;;;;;;;;;;;;;;;;;;;;;;;;;;;;;;;;;;;;;;;;;;;;;;;;;;;;;;;;;;;;;;;;;;;;;;;;;;;;;;;;;;;;;;;;;;;;;;;;;;;;;;;;;;;;;;;;;;;;;;;;;strict_renda_liquida;national;renda liquida publicada em faixas compativeis
irpf_aeb_brasil_1946_1960_faixas;irpf_aeb_brasil_1946_1960_faixas.csv;bracket_distribution;132;1955;1956;Brasil;irpf_aeb_brasil_1946_1960_faixas;1955;;Brasil;F01;1;De mais de 50 a 60;50;60;0;24461;;55842.156903;;;;;;renda liquida;;IBGE, Anuario Estatistico do Brasil 1957, p. 452, Tabela 3e/2ba;https://biblioteca.ibge.gov.br/visualizacao/periodicos/20/aeb_1957.pdf;outputs/fontes-pedro-souza-irpf/aeb_1957.pdf;;474;452;;;1956;1365955;42622;;;;;;;;;;;;;;;;;;;;;;;;;;;;;;;;;;;;;;;;;;;;;;;;;;;;;;;;;;;;;;;;;;;;;;;;;;;;;;;;;;;;;;;;;;;;;;;;;;;;;;;;;;;;;;;;;;;;;;;;;;;;;;;;;;;;;;;;;;;;;;;;;;;;;;;;;;;;;;;;;;;;;;;;;;;;;;;;;;;;;;;;;;;;;;;;;;;;;;;;;;;;;;;;;;;;;;;;;;;;;;;;;;;;;;;;;;;;;;;;;;;;;;;;;;;;;;;;;;;;;;;;;;;;;;;;;;;;;;;;;;;;;;;;;;;;;;;;;;;;;;;;;;;;;;;;;;;;;;;;;;;;;;;;;;;;;;;;;;;;;;;;;;;;;;;;;;;;;;strict_renda_liquida;national;renda liquida publicada em faixas compativeis
irpf_aeb_brasil_1946_1960_faixas;irpf_aeb_brasil_1946_1960_faixas.csv;bracket_distribution;133;1955;1956;Brasil;irpf_aeb_brasil_1946_1960_faixas;1955;;Brasil;F02;2;De mais de 60 a 90;60;90;0;69120;;75164.395255;;;;;;renda liquida;;IBGE, Anuario Estatistico do Brasil 1957, p. 452, Tabela 3e/2ba;https://biblioteca.ibge.gov.br/visualizacao/periodicos/20/aeb_1957.pdf;outputs/fontes-pedro-souza-irpf/aeb_1957.pdf;;474;452;;;1956;5195363;205201;;;;;;;;;;;;;;;;;;;;;;;;;;;;;;;;;;;;;;;;;;;;;;;;;;;;;;;;;;;;;;;;;;;;;;;;;;;;;;;;;;;;;;;;;;;;;;;;;;;;;;;;;;;;;;;;;;;;;;;;;;;;;;;;;;;;;;;;;;;;;;;;;;;;;;;;;;;;;;;;;;;;;;;;;;;;;;;;;;;;;;;;;;;;;;;;;;;;;;;;;;;;;;;;;;;;;;;;;;;;;;;;;;;;;;;;;;;;;;;;;;;;;;;;;;;;;;;;;;;;;;;;;;;;;;;;;;;;;;;;;;;;;;;;;;;;;;;;;;;;;;;;;;;;;;;;;;;;;;;;;;;;;;;;;;;;;;;;;;;;;;;;;;;;;;;;;;;;;;strict_renda_liquida;national;renda liquida publicada em faixas compativeis
irpf_aeb_brasil_1946_1960_faixas;irpf_aeb_brasil_1946_1960_faixas.csv;bracket_distribution;134;1955;1956;Brasil;irpf_aeb_brasil_1946_1960_faixas;1955;;Brasil;F03;3;De mais de 90 a 120;90;120;0;46999;;103784.144343;;;;;;renda liquida;;IBGE, Anuario Estatistico do Brasil 1957, p. 452, Tabela 3e/2ba;https://biblioteca.ibge.gov.br/visualizacao/periodicos/20/aeb_1957.pdf;outputs/fontes-pedro-souza-irpf/aeb_1957.pdf;;474;452;;;1956;4877751;246104;;;;;;;;;;;;;;;;;;;;;;;;;;;;;;;;;;;;;;;;;;;;;;;;;;;;;;;;;;;;;;;;;;;;;;;;;;;;;;;;;;;;;;;;;;;;;;;;;;;;;;;;;;;;;;;;;;;;;;;;;;;;;;;;;;;;;;;;;;;;;;;;;;;;;;;;;;;;;;;;;;;;;;;;;;;;;;;;;;;;;;;;;;;;;;;;;;;;;;;;;;;;;;;;;;;;;;;;;;;;;;;;;;;;;;;;;;;;;;;;;;;;;;;;;;;;;;;;;;;;;;;;;;;;;;;;;;;;;;;;;;;;;;;;;;;;;;;;;;;;;;;;;;;;;;;;;;;;;;;;;;;;;;;;;;;;;;;;;;;;;;;;;;;;;;;;;;;;;;strict_renda_liquida;national;renda liquida publicada em faixas compativeis
irpf_aeb_brasil_1946_1960_faixas;irpf_aeb_brasil_1946_1960_faixas.csv;bracket_distribution;135;1955;1956;Brasil;irpf_aeb_brasil_1946_1960_faixas;1955;;Brasil;F04;4;De mais de 120 a 150;120;150;0;31152;;132782.71058;;;;;;renda liquida;;IBGE, Anuario Estatistico do Brasil 1957, p. 452, Tabela 3e/2ba;https://biblioteca.ibge.gov.br/visualizacao/periodicos/20/aeb_1957.pdf;outputs/fontes-pedro-souza-irpf/aeb_1957.pdf;;474;452;;;1956;4136447;252463;;;;;;;;;;;;;;;;;;;;;;;;;;;;;;;;;;;;;;;;;;;;;;;;;;;;;;;;;;;;;;;;;;;;;;;;;;;;;;;;;;;;;;;;;;;;;;;;;;;;;;;;;;;;;;;;;;;;;;;;;;;;;;;;;;;;;;;;;;;;;;;;;;;;;;;;;;;;;;;;;;;;;;;;;;;;;;;;;;;;;;;;;;;;;;;;;;;;;;;;;;;;;;;;;;;;;;;;;;;;;;;;;;;;;;;;;;;;;;;;;;;;;;;;;;;;;;;;;;;;;;;;;;;;;;;;;;;;;;;;;;;;;;;;;;;;;;;;;;;;;;;;;;;;;;;;;;;;;;;;;;;;;;;;;;;;;;;;;;;;;;;;;;;;;;;;;;;;;;strict_renda_liquida;national;renda liquida publicada em faixas compativeis
irpf_aeb_brasil_1946_1960_faixas;irpf_aeb_brasil_1946_1960_faixas.csv;bracket_distribution;136;1955;1956;Brasil;irpf_aeb_brasil_1946_1960_faixas;1955;;Brasil;F05;5;De mais de 150 a 200;150;200;0;28960;;174549.827348;;;;;;renda liquida;;IBGE, Anuario Estatistico do Brasil 1957, p. 452, Tabela 3e/2ba;https://biblioteca.ibge.gov.br/visualizacao/periodicos/20/aeb_1957.pdf;outputs/fontes-pedro-souza-irpf/aeb_1957.pdf;;474;452;;;1956;5054963;386922;;;;;;;;;;;;;;;;;;;;;;;;;;;;;;;;;;;;;;;;;;;;;;;;;;;;;;;;;;;;;;;;;;;;;;;;;;;;;;;;;;;;;;;;;;;;;;;;;;;;;;;;;;;;;;;;;;;;;;;;;;;;;;;;;;;;;;;;;;;;;;;;;;;;;;;;;;;;;;;;;;;;;;;;;;;;;;;;;;;;;;;;;;;;;;;;;;;;;;;;;;;;;;;;;;;;;;;;;;;;;;;;;;;;;;;;;;;;;;;;;;;;;;;;;;;;;;;;;;;;;;;;;;;;;;;;;;;;;;;;;;;;;;;;;;;;;;;;;;;;;;;;;;;;;;;;;;;;;;;;;;;;;;;;;;;;;;;;;;;;;;;;;;;;;;;;;;;;;;strict_renda_liquida;national;renda liquida publicada em faixas compativeis
irpf_aeb_brasil_1946_1960_faixas;irpf_aeb_brasil_1946_1960_faixas.csv;bracket_distribution;137;1955;1956;Brasil;irpf_aeb_brasil_1946_1960_faixas;1955;;Brasil;F06;6;De mais de 200 a 300;200;300;0;25281;;243523.950793;;;;;;renda liquida;;IBGE, Anuario Estatistico do Brasil 1957, p. 452, Tabela 3e/2ba;https://biblioteca.ibge.gov.br/visualizacao/periodicos/20/aeb_1957.pdf;outputs/fontes-pedro-souza-irpf/aeb_1957.pdf;;474;452;;;1956;6156529;612249;;;;;;;;;;;;;;;;;;;;;;;;;;;;;;;;;;;;;;;;;;;;;;;;;;;;;;;;;;;;;;;;;;;;;;;;;;;;;;;;;;;;;;;;;;;;;;;;;;;;;;;;;;;;;;;;;;;;;;;;;;;;;;;;;;;;;;;;;;;;;;;;;;;;;;;;;;;;;;;;;;;;;;;;;;;;;;;;;;;;;;;;;;;;;;;;;;;;;;;;;;;;;;;;;;;;;;;;;;;;;;;;;;;;;;;;;;;;;;;;;;;;;;;;;;;;;;;;;;;;;;;;;;;;;;;;;;;;;;;;;;;;;;;;;;;;;;;;;;;;;;;;;;;;;;;;;;;;;;;;;;;;;;;;;;;;;;;;;;;;;;;;;;;;;;;;;;;;;;strict_renda_liquida;national;renda liquida publicada em faixas compativeis
irpf_aeb_brasil_1946_1960_faixas;irpf_aeb_brasil_1946_1960_faixas.csv;bracket_distribution;138;1955;1956;Brasil;irpf_aeb_brasil_1946_1960_faixas;1955;;Brasil;F07;7;De mais de 300 a 400;300;400;0;13194;;345981.65833;;;;;;renda liquida;;IBGE, Anuario Estatistico do Brasil 1957, p. 452, Tabela 3e/2ba;https://biblioteca.ibge.gov.br/visualizacao/periodicos/20/aeb_1957.pdf;outputs/fontes-pedro-souza-irpf/aeb_1957.pdf;;474;452;;;1956;4564882;566944;;;;;;;;;;;;;;;;;;;;;;;;;;;;;;;;;;;;;;;;;;;;;;;;;;;;;;;;;;;;;;;;;;;;;;;;;;;;;;;;;;;;;;;;;;;;;;;;;;;;;;;;;;;;;;;;;;;;;;;;;;;;;;;;;;;;;;;;;;;;;;;;;;;;;;;;;;;;;;;;;;;;;;;;;;;;;;;;;;;;;;;;;;;;;;;;;;;;;;;;;;;;;;;;;;;;;;;;;;;;;;;;;;;;;;;;;;;;;;;;;;;;;;;;;;;;;;;;;;;;;;;;;;;;;;;;;;;;;;;;;;;;;;;;;;;;;;;;;;;;;;;;;;;;;;;;;;;;;;;;;;;;;;;;;;;;;;;;;;;;;;;;;;;;;;;;;;;;;;strict_renda_liquida;national;renda liquida publicada em faixas compativeis
irpf_aeb_brasil_1946_1960_faixas;irpf_aeb_brasil_1946_1960_faixas.csv;bracket_distribution;139;1955;1956;Brasil;irpf_aeb_brasil_1946_1960_faixas;1955;;Brasil;F08;8;De mais de 400 a 500;400;500;0;7649;;446455.484377;;;;;;renda liquida;;IBGE, Anuario Estatistico do Brasil 1957, p. 452, Tabela 3e/2ba;https://biblioteca.ibge.gov.br/visualizacao/periodicos/20/aeb_1957.pdf;outputs/fontes-pedro-souza-irpf/aeb_1957.pdf;;474;452;;;1956;3414938;517380;;;;;;;;;;;;;;;;;;;;;;;;;;;;;;;;;;;;;;;;;;;;;;;;;;;;;;;;;;;;;;;;;;;;;;;;;;;;;;;;;;;;;;;;;;;;;;;;;;;;;;;;;;;;;;;;;;;;;;;;;;;;;;;;;;;;;;;;;;;;;;;;;;;;;;;;;;;;;;;;;;;;;;;;;;;;;;;;;;;;;;;;;;;;;;;;;;;;;;;;;;;;;;;;;;;;;;;;;;;;;;;;;;;;;;;;;;;;;;;;;;;;;;;;;;;;;;;;;;;;;;;;;;;;;;;;;;;;;;;;;;;;;;;;;;;;;;;;;;;;;;;;;;;;;;;;;;;;;;;;;;;;;;;;;;;;;;;;;;;;;;;;;;;;;;;;;;;;;;strict_renda_liquida;national;renda liquida publicada em faixas compativeis
irpf_aeb_brasil_1946_1960_faixas;irpf_aeb_brasil_1946_1960_faixas.csv;bracket_distribution;140;1955;1956;Brasil;irpf_aeb_brasil_1946_1960_faixas;1955;;Brasil;F09;9;De mais de 500 a 600;500;600;0;4542;;547239.321885;;;;;;renda liquida;;IBGE, Anuario Estatistico do Brasil 1957, p. 452, Tabela 3e/2ba;https://biblioteca.ibge.gov.br/visualizacao/periodicos/20/aeb_1957.pdf;outputs/fontes-pedro-souza-irpf/aeb_1957.pdf;;474;452;;;1956;2485561;402365;;;;;;;;;;;;;;;;;;;;;;;;;;;;;;;;;;;;;;;;;;;;;;;;;;;;;;;;;;;;;;;;;;;;;;;;;;;;;;;;;;;;;;;;;;;;;;;;;;;;;;;;;;;;;;;;;;;;;;;;;;;;;;;;;;;;;;;;;;;;;;;;;;;;;;;;;;;;;;;;;;;;;;;;;;;;;;;;;;;;;;;;;;;;;;;;;;;;;;;;;;;;;;;;;;;;;;;;;;;;;;;;;;;;;;;;;;;;;;;;;;;;;;;;;;;;;;;;;;;;;;;;;;;;;;;;;;;;;;;;;;;;;;;;;;;;;;;;;;;;;;;;;;;;;;;;;;;;;;;;;;;;;;;;;;;;;;;;;;;;;;;;;;;;;;;;;;;;;;strict_renda_liquida;national;renda liquida publicada em faixas compativeis
irpf_aeb_brasil_1946_1960_faixas;irpf_aeb_brasil_1946_1960_faixas.csv;bracket_distribution;141;1955;1956;Brasil;irpf_aeb_brasil_1946_1960_faixas;1955;;Brasil;F10;10;De mais de 600 a 700;600;700;0;3047;;647181.161798;;;;;;renda liquida;;IBGE, Anuario Estatistico do Brasil 1957, p. 452, Tabela 3e/2ba;https://biblioteca.ibge.gov.br/visualizacao/periodicos/20/aeb_1957.pdf;outputs/fontes-pedro-souza-irpf/aeb_1957.pdf;;474;452;;;1956;1971961;356653;;;;;;;;;;;;;;;;;;;;;;;;;;;;;;;;;;;;;;;;;;;;;;;;;;;;;;;;;;;;;;;;;;;;;;;;;;;;;;;;;;;;;;;;;;;;;;;;;;;;;;;;;;;;;;;;;;;;;;;;;;;;;;;;;;;;;;;;;;;;;;;;;;;;;;;;;;;;;;;;;;;;;;;;;;;;;;;;;;;;;;;;;;;;;;;;;;;;;;;;;;;;;;;;;;;;;;;;;;;;;;;;;;;;;;;;;;;;;;;;;;;;;;;;;;;;;;;;;;;;;;;;;;;;;;;;;;;;;;;;;;;;;;;;;;;;;;;;;;;;;;;;;;;;;;;;;;;;;;;;;;;;;;;;;;;;;;;;;;;;;;;;;;;;;;;;;;;;;;strict_renda_liquida;national;renda liquida publicada em faixas compativeis
irpf_aeb_brasil_1946_1960_faixas;irpf_aeb_brasil_1946_1960_faixas.csv;bracket_distribution;142;1955;1956;Brasil;irpf_aeb_brasil_1946_1960_faixas;1955;;Brasil;F11;11;De mais de 700 a 1000;700;1000;0;4171;;837500.839127;;;;;;renda liquida;;IBGE, Anuario Estatistico do Brasil 1957, p. 452, Tabela 3e/2ba;https://biblioteca.ibge.gov.br/visualizacao/periodicos/20/aeb_1957.pdf;outputs/fontes-pedro-souza-irpf/aeb_1957.pdf;;474;452;;;1956;3493216;732815;;;;;;;;;;;;;;;;;;;;;;;;;;;;;;;;;;;;;;;;;;;;;;;;;;;;;;;;;;;;;;;;;;;;;;;;;;;;;;;;;;;;;;;;;;;;;;;;;;;;;;;;;;;;;;;;;;;;;;;;;;;;;;;;;;;;;;;;;;;;;;;;;;;;;;;;;;;;;;;;;;;;;;;;;;;;;;;;;;;;;;;;;;;;;;;;;;;;;;;;;;;;;;;;;;;;;;;;;;;;;;;;;;;;;;;;;;;;;;;;;;;;;;;;;;;;;;;;;;;;;;;;;;;;;;;;;;;;;;;;;;;;;;;;;;;;;;;;;;;;;;;;;;;;;;;;;;;;;;;;;;;;;;;;;;;;;;;;;;;;;;;;;;;;;;;;;;;;;;strict_renda_liquida;national;renda liquida publicada em faixas compativeis
irpf_aeb_brasil_1946_1960_faixas;irpf_aeb_brasil_1946_1960_faixas.csv;bracket_distribution;143;1955;1956;Brasil;irpf_aeb_brasil_1946_1960_faixas;1955;;Brasil;F12;12;De mais de 1000 a 2000;1000;2000;0;3049;;1326676.615284;;;;;;renda liquida;;IBGE, Anuario Estatistico do Brasil 1957, p. 452, Tabela 3e/2ba;https://biblioteca.ibge.gov.br/visualizacao/periodicos/20/aeb_1957.pdf;outputs/fontes-pedro-souza-irpf/aeb_1957.pdf;;474;452;;;1956;4045037;974281;;;;;;;;;;;;;;;;;;;;;;;;;;;;;;;;;;;;;;;;;;;;;;;;;;;;;;;;;;;;;;;;;;;;;;;;;;;;;;;;;;;;;;;;;;;;;;;;;;;;;;;;;;;;;;;;;;;;;;;;;;;;;;;;;;;;;;;;;;;;;;;;;;;;;;;;;;;;;;;;;;;;;;;;;;;;;;;;;;;;;;;;;;;;;;;;;;;;;;;;;;;;;;;;;;;;;;;;;;;;;;;;;;;;;;;;;;;;;;;;;;;;;;;;;;;;;;;;;;;;;;;;;;;;;;;;;;;;;;;;;;;;;;;;;;;;;;;;;;;;;;;;;;;;;;;;;;;;;;;;;;;;;;;;;;;;;;;;;;;;;;;;;;;;;;;;;;;;;;strict_renda_liquida;national;renda liquida publicada em faixas compativeis
irpf_aeb_brasil_1946_1960_faixas;irpf_aeb_brasil_1946_1960_faixas.csv;bracket_distribution;144;1955;1956;Brasil;irpf_aeb_brasil_1946_1960_faixas;1955;;Brasil;F13;13;De mais de 2000 a 3000;2000;3000;0;512;;2377552.734375;;;;;;renda liquida;;IBGE, Anuario Estatistico do Brasil 1957, p. 452, Tabela 3e/2ba;https://biblioteca.ibge.gov.br/visualizacao/periodicos/20/aeb_1957.pdf;outputs/fontes-pedro-souza-irpf/aeb_1957.pdf;;474;452;;;1956;1217307;384104;;;;;;;;;;;;;;;;;;;;;;;;;;;;;;;;;;;;;;;;;;;;;;;;;;;;;;;;;;;;;;;;;;;;;;;;;;;;;;;;;;;;;;;;;;;;;;;;;;;;;;;;;;;;;;;;;;;;;;;;;;;;;;;;;;;;;;;;;;;;;;;;;;;;;;;;;;;;;;;;;;;;;;;;;;;;;;;;;;;;;;;;;;;;;;;;;;;;;;;;;;;;;;;;;;;;;;;;;;;;;;;;;;;;;;;;;;;;;;;;;;;;;;;;;;;;;;;;;;;;;;;;;;;;;;;;;;;;;;;;;;;;;;;;;;;;;;;;;;;;;;;;;;;;;;;;;;;;;;;;;;;;;;;;;;;;;;;;;;;;;;;;;;;;;;;;;;;;;;strict_renda_liquida;national;renda liquida publicada em faixas compativeis
irpf_aeb_brasil_1946_1960_faixas;irpf_aeb_brasil_1946_1960_faixas.csv;bracket_distribution;145;1955;1956;Brasil;irpf_aeb_brasil_1946_1960_faixas;1955;;Brasil;F14;14;Mais de 3000;3000;;1;272;;4577735.294118;;;;;;renda liquida;;IBGE, Anuario Estatistico do Brasil 1957, p. 452, Tabela 3e/2ba;https://biblioteca.ibge.gov.br/visualizacao/periodicos/20/aeb_1957.pdf;outputs/fontes-pedro-souza-irpf/aeb_1957.pdf;;474;452;;;1956;1245144;497990;;;;;;;;;;;;;;;;;;;;;;;;;;;;;;;;;;;;;;;;;;;;;;;;;;;;;;;;;;;;;;;;;;;;;;;;;;;;;;;;;;;;;;;;;;;;;;;;;;;;;;;;;;;;;;;;;;;;;;;;;;;;;;;;;;;;;;;;;;;;;;;;;;;;;;;;;;;;;;;;;;;;;;;;;;;;;;;;;;;;;;;;;;;;;;;;;;;;;;;;;;;;;;;;;;;;;;;;;;;;;;;;;;;;;;;;;;;;;;;;;;;;;;;;;;;;;;;;;;;;;;;;;;;;;;;;;;;;;;;;;;;;;;;;;;;;;;;;;;;;;;;;;;;;;;;;;;;;;;;;;;;;;;;;;;;;;;;;;;;;;;;;;;;;;;;;;;;;;;strict_renda_liquida;national;renda liquida publicada em faixas compativeis
irpf_aeb_brasil_1946_1960_faixas;irpf_aeb_brasil_1946_1960_faixas.csv;bracket_distribution;146;1956;1957;Brasil;irpf_aeb_brasil_1946_1960_faixas;1956;;Brasil;F01;1;De mais de 61 a 90;61;90;0;79491;;75515.253299;;;;;;renda liquida;;IBGE, Anuario Estatistico do Brasil 1958, p. 450, Tabela 3d/1ba;https://biblioteca.ibge.gov.br/visualizacao/periodicos/20/aeb_1958.pdf;outputs/fontes-pedro-souza-irpf/aeb_1958.pdf;;476;450;;"A soma da coluna de renda liquida das classes publicadas e 55.440.318; o total publicado e 55.420.323.";1957;6002783;182714;;;;;;;;;;;;;;;;;;;;;;;;;;;;;;;;;;;;;;;;;;;;;;;;;;;;;;;;;;;;;;;;;;;;;;;;;;;;;;;;;;;;;;;;;;;;;;;;;;;;;;;;;;;;;;;;;;;;;;;;;;;;;;;;;;;;;;;;;;;;;;;;;;;;;;;;;;;;;;;;;;;;;;;;;;;;;;;;;;;;;;;;;;;;;;;;;;;;;;;;;;;;;;;;;;;;;;;;;;;;;;;;;;;;;;;;;;;;;;;;;;;;;;;;;;;;;;;;;;;;;;;;;;;;;;;;;;;;;;;;;;;;;;;;;;;;;;;;;;;;;;;;;;;;;;;;;;;;;;;;;;;;;;;;;;;;;;;;;;;;;;;;;;;;;;;;;;;;;;strict_renda_liquida;national;renda liquida publicada em faixas compativeis
irpf_aeb_brasil_1946_1960_faixas;irpf_aeb_brasil_1946_1960_faixas.csv;bracket_distribution;147;1956;1957;Brasil;irpf_aeb_brasil_1946_1960_faixas;1956;;Brasil;F02;2;De mais de 91 a 120;91;120;0;60034;;104916.264117;;;;;;renda liquida;;IBGE, Anuario Estatistico do Brasil 1958, p. 450, Tabela 3d/1ba;https://biblioteca.ibge.gov.br/visualizacao/periodicos/20/aeb_1958.pdf;outputs/fontes-pedro-souza-irpf/aeb_1958.pdf;;476;450;;"A soma da coluna de renda liquida das classes publicadas e 55.440.318; o total publicado e 55.420.323.";1957;6298543;235348;;;;;;;;;;;;;;;;;;;;;;;;;;;;;;;;;;;;;;;;;;;;;;;;;;;;;;;;;;;;;;;;;;;;;;;;;;;;;;;;;;;;;;;;;;;;;;;;;;;;;;;;;;;;;;;;;;;;;;;;;;;;;;;;;;;;;;;;;;;;;;;;;;;;;;;;;;;;;;;;;;;;;;;;;;;;;;;;;;;;;;;;;;;;;;;;;;;;;;;;;;;;;;;;;;;;;;;;;;;;;;;;;;;;;;;;;;;;;;;;;;;;;;;;;;;;;;;;;;;;;;;;;;;;;;;;;;;;;;;;;;;;;;;;;;;;;;;;;;;;;;;;;;;;;;;;;;;;;;;;;;;;;;;;;;;;;;;;;;;;;;;;;;;;;;;;;;;;;;strict_renda_liquida;national;renda liquida publicada em faixas compativeis
irpf_aeb_brasil_1946_1960_faixas;irpf_aeb_brasil_1946_1960_faixas.csv;bracket_distribution;148;1956;1957;Brasil;irpf_aeb_brasil_1946_1960_faixas;1956;;Brasil;F03;3;De mais de 121 a 150;121;150;0;40774;;135708.392603;;;;;;renda liquida;;IBGE, Anuario Estatistico do Brasil 1958, p. 450, Tabela 3d/1ba;https://biblioteca.ibge.gov.br/visualizacao/periodicos/20/aeb_1958.pdf;outputs/fontes-pedro-souza-irpf/aeb_1958.pdf;;476;450;;"A soma da coluna de renda liquida das classes publicadas e 55.440.318; o total publicado e 55.420.323.";1957;5533374;265242;;;;;;;;;;;;;;;;;;;;;;;;;;;;;;;;;;;;;;;;;;;;;;;;;;;;;;;;;;;;;;;;;;;;;;;;;;;;;;;;;;;;;;;;;;;;;;;;;;;;;;;;;;;;;;;;;;;;;;;;;;;;;;;;;;;;;;;;;;;;;;;;;;;;;;;;;;;;;;;;;;;;;;;;;;;;;;;;;;;;;;;;;;;;;;;;;;;;;;;;;;;;;;;;;;;;;;;;;;;;;;;;;;;;;;;;;;;;;;;;;;;;;;;;;;;;;;;;;;;;;;;;;;;;;;;;;;;;;;;;;;;;;;;;;;;;;;;;;;;;;;;;;;;;;;;;;;;;;;;;;;;;;;;;;;;;;;;;;;;;;;;;;;;;;;;;;;;;;;strict_renda_liquida;national;renda liquida publicada em faixas compativeis
irpf_aeb_brasil_1946_1960_faixas;irpf_aeb_brasil_1946_1960_faixas.csv;bracket_distribution;149;1956;1957;Brasil;irpf_aeb_brasil_1946_1960_faixas;1956;;Brasil;F04;4;De mais de 151 a 200;151;200;0;38412;;173445.902322;;;;;;renda liquida;;IBGE, Anuario Estatistico do Brasil 1958, p. 450, Tabela 3d/1ba;https://biblioteca.ibge.gov.br/visualizacao/periodicos/20/aeb_1958.pdf;outputs/fontes-pedro-souza-irpf/aeb_1958.pdf;;476;450;;"A soma da coluna de renda liquida das classes publicadas e 55.440.318; o total publicado e 55.420.323.";1957;6662404;425280;;;;;;;;;;;;;;;;;;;;;;;;;;;;;;;;;;;;;;;;;;;;;;;;;;;;;;;;;;;;;;;;;;;;;;;;;;;;;;;;;;;;;;;;;;;;;;;;;;;;;;;;;;;;;;;;;;;;;;;;;;;;;;;;;;;;;;;;;;;;;;;;;;;;;;;;;;;;;;;;;;;;;;;;;;;;;;;;;;;;;;;;;;;;;;;;;;;;;;;;;;;;;;;;;;;;;;;;;;;;;;;;;;;;;;;;;;;;;;;;;;;;;;;;;;;;;;;;;;;;;;;;;;;;;;;;;;;;;;;;;;;;;;;;;;;;;;;;;;;;;;;;;;;;;;;;;;;;;;;;;;;;;;;;;;;;;;;;;;;;;;;;;;;;;;;;;;;;;;strict_renda_liquida;national;renda liquida publicada em faixas compativeis
irpf_aeb_brasil_1946_1960_faixas;irpf_aeb_brasil_1946_1960_faixas.csv;bracket_distribution;150;1956;1957;Brasil;irpf_aeb_brasil_1946_1960_faixas;1956;;Brasil;F05;5;De mais de 201 a 300;201;300;0;32745;;242824.828218;;;;;;renda liquida;;IBGE, Anuario Estatistico do Brasil 1958, p. 450, Tabela 3d/1ba;https://biblioteca.ibge.gov.br/visualizacao/periodicos/20/aeb_1958.pdf;outputs/fontes-pedro-souza-irpf/aeb_1958.pdf;;476;450;;"A soma da coluna de renda liquida das classes publicadas e 55.440.318; o total publicado e 55.420.323.";1957;7951299;702036;;;;;;;;;;;;;;;;;;;;;;;;;;;;;;;;;;;;;;;;;;;;;;;;;;;;;;;;;;;;;;;;;;;;;;;;;;;;;;;;;;;;;;;;;;;;;;;;;;;;;;;;;;;;;;;;;;;;;;;;;;;;;;;;;;;;;;;;;;;;;;;;;;;;;;;;;;;;;;;;;;;;;;;;;;;;;;;;;;;;;;;;;;;;;;;;;;;;;;;;;;;;;;;;;;;;;;;;;;;;;;;;;;;;;;;;;;;;;;;;;;;;;;;;;;;;;;;;;;;;;;;;;;;;;;;;;;;;;;;;;;;;;;;;;;;;;;;;;;;;;;;;;;;;;;;;;;;;;;;;;;;;;;;;;;;;;;;;;;;;;;;;;;;;;;;;;;;;;;strict_renda_liquida;national;renda liquida publicada em faixas compativeis
irpf_aeb_brasil_1946_1960_faixas;irpf_aeb_brasil_1946_1960_faixas.csv;bracket_distribution;151;1956;1957;Brasil;irpf_aeb_brasil_1946_1960_faixas;1956;;Brasil;F06;6;De mais de 301 a 400;301;400;0;13685;;347299.817318;;;;;;renda liquida;;IBGE, Anuario Estatistico do Brasil 1958, p. 450, Tabela 3d/1ba;https://biblioteca.ibge.gov.br/visualizacao/periodicos/20/aeb_1958.pdf;outputs/fontes-pedro-souza-irpf/aeb_1958.pdf;;476;450;;"A soma da coluna de renda liquida das classes publicadas e 55.440.318; o total publicado e 55.420.323.";1957;4752798;552975;;;;;;;;;;;;;;;;;;;;;;;;;;;;;;;;;;;;;;;;;;;;;;;;;;;;;;;;;;;;;;;;;;;;;;;;;;;;;;;;;;;;;;;;;;;;;;;;;;;;;;;;;;;;;;;;;;;;;;;;;;;;;;;;;;;;;;;;;;;;;;;;;;;;;;;;;;;;;;;;;;;;;;;;;;;;;;;;;;;;;;;;;;;;;;;;;;;;;;;;;;;;;;;;;;;;;;;;;;;;;;;;;;;;;;;;;;;;;;;;;;;;;;;;;;;;;;;;;;;;;;;;;;;;;;;;;;;;;;;;;;;;;;;;;;;;;;;;;;;;;;;;;;;;;;;;;;;;;;;;;;;;;;;;;;;;;;;;;;;;;;;;;;;;;;;;;;;;;;strict_renda_liquida;national;renda liquida publicada em faixas compativeis
irpf_aeb_brasil_1946_1960_faixas;irpf_aeb_brasil_1946_1960_faixas.csv;bracket_distribution;152;1956;1957;Brasil;irpf_aeb_brasil_1946_1960_faixas;1956;;Brasil;F07;7;De mais de 401 a 500;401;500;0;7262;;448048.058386;;;;;;renda liquida;;IBGE, Anuario Estatistico do Brasil 1958, p. 450, Tabela 3d/1ba;https://biblioteca.ibge.gov.br/visualizacao/periodicos/20/aeb_1958.pdf;outputs/fontes-pedro-souza-irpf/aeb_1958.pdf;;476;450;;"A soma da coluna de renda liquida das classes publicadas e 55.440.318; o total publicado e 55.420.323.";1957;3253725;453668;;;;;;;;;;;;;;;;;;;;;;;;;;;;;;;;;;;;;;;;;;;;;;;;;;;;;;;;;;;;;;;;;;;;;;;;;;;;;;;;;;;;;;;;;;;;;;;;;;;;;;;;;;;;;;;;;;;;;;;;;;;;;;;;;;;;;;;;;;;;;;;;;;;;;;;;;;;;;;;;;;;;;;;;;;;;;;;;;;;;;;;;;;;;;;;;;;;;;;;;;;;;;;;;;;;;;;;;;;;;;;;;;;;;;;;;;;;;;;;;;;;;;;;;;;;;;;;;;;;;;;;;;;;;;;;;;;;;;;;;;;;;;;;;;;;;;;;;;;;;;;;;;;;;;;;;;;;;;;;;;;;;;;;;;;;;;;;;;;;;;;;;;;;;;;;;;;;;;;strict_renda_liquida;national;renda liquida publicada em faixas compativeis
irpf_aeb_brasil_1946_1960_faixas;irpf_aeb_brasil_1946_1960_faixas.csv;bracket_distribution;153;1956;1957;Brasil;irpf_aeb_brasil_1946_1960_faixas;1956;;Brasil;F08;8;De mais de 501 a 600;501;600;0;4466;;547255.485893;;;;;;renda liquida;;IBGE, Anuario Estatistico do Brasil 1958, p. 450, Tabela 3d/1ba;https://biblioteca.ibge.gov.br/visualizacao/periodicos/20/aeb_1958.pdf;outputs/fontes-pedro-souza-irpf/aeb_1958.pdf;;476;450;;"A soma da coluna de renda liquida das classes publicadas e 55.440.318; o total publicado e 55.420.323.";1957;2444043;395320;;;;;;;;;;;;;;;;;;;;;;;;;;;;;;;;;;;;;;;;;;;;;;;;;;;;;;;;;;;;;;;;;;;;;;;;;;;;;;;;;;;;;;;;;;;;;;;;;;;;;;;;;;;;;;;;;;;;;;;;;;;;;;;;;;;;;;;;;;;;;;;;;;;;;;;;;;;;;;;;;;;;;;;;;;;;;;;;;;;;;;;;;;;;;;;;;;;;;;;;;;;;;;;;;;;;;;;;;;;;;;;;;;;;;;;;;;;;;;;;;;;;;;;;;;;;;;;;;;;;;;;;;;;;;;;;;;;;;;;;;;;;;;;;;;;;;;;;;;;;;;;;;;;;;;;;;;;;;;;;;;;;;;;;;;;;;;;;;;;;;;;;;;;;;;;;;;;;;;strict_renda_liquida;national;renda liquida publicada em faixas compativeis
irpf_aeb_brasil_1946_1960_faixas;irpf_aeb_brasil_1946_1960_faixas.csv;bracket_distribution;154;1956;1957;Brasil;irpf_aeb_brasil_1946_1960_faixas;1956;;Brasil;F09;9;De mais de 601 a 700;601;700;0;2939;;649782.579109;;;;;;renda liquida;;IBGE, Anuario Estatistico do Brasil 1958, p. 450, Tabela 3d/1ba;https://biblioteca.ibge.gov.br/visualizacao/periodicos/20/aeb_1958.pdf;outputs/fontes-pedro-souza-irpf/aeb_1958.pdf;;476;450;;"A soma da coluna de renda liquida das classes publicadas e 55.440.318; o total publicado e 55.420.323.";1957;1909711;362525;;;;;;;;;;;;;;;;;;;;;;;;;;;;;;;;;;;;;;;;;;;;;;;;;;;;;;;;;;;;;;;;;;;;;;;;;;;;;;;;;;;;;;;;;;;;;;;;;;;;;;;;;;;;;;;;;;;;;;;;;;;;;;;;;;;;;;;;;;;;;;;;;;;;;;;;;;;;;;;;;;;;;;;;;;;;;;;;;;;;;;;;;;;;;;;;;;;;;;;;;;;;;;;;;;;;;;;;;;;;;;;;;;;;;;;;;;;;;;;;;;;;;;;;;;;;;;;;;;;;;;;;;;;;;;;;;;;;;;;;;;;;;;;;;;;;;;;;;;;;;;;;;;;;;;;;;;;;;;;;;;;;;;;;;;;;;;;;;;;;;;;;;;;;;;;;;;;;;;strict_renda_liquida;national;renda liquida publicada em faixas compativeis
irpf_aeb_brasil_1946_1960_faixas;irpf_aeb_brasil_1946_1960_faixas.csv;bracket_distribution;155;1956;1957;Brasil;irpf_aeb_brasil_1946_1960_faixas;1956;;Brasil;F10;10;De mais de 701 a 1000;701;1000;0;4512;;829346.631206;;;;;;renda liquida;;IBGE, Anuario Estatistico do Brasil 1958, p. 450, Tabela 3d/1ba;https://biblioteca.ibge.gov.br/visualizacao/periodicos/20/aeb_1958.pdf;outputs/fontes-pedro-souza-irpf/aeb_1958.pdf;;476;450;;"A soma da coluna de renda liquida das classes publicadas e 55.440.318; o total publicado e 55.420.323.";1957;3742012;830173;;;;;;;;;;;;;;;;;;;;;;;;;;;;;;;;;;;;;;;;;;;;;;;;;;;;;;;;;;;;;;;;;;;;;;;;;;;;;;;;;;;;;;;;;;;;;;;;;;;;;;;;;;;;;;;;;;;;;;;;;;;;;;;;;;;;;;;;;;;;;;;;;;;;;;;;;;;;;;;;;;;;;;;;;;;;;;;;;;;;;;;;;;;;;;;;;;;;;;;;;;;;;;;;;;;;;;;;;;;;;;;;;;;;;;;;;;;;;;;;;;;;;;;;;;;;;;;;;;;;;;;;;;;;;;;;;;;;;;;;;;;;;;;;;;;;;;;;;;;;;;;;;;;;;;;;;;;;;;;;;;;;;;;;;;;;;;;;;;;;;;;;;;;;;;;;;;;;;;strict_renda_liquida;national;renda liquida publicada em faixas compativeis
irpf_aeb_brasil_1946_1960_faixas;irpf_aeb_brasil_1946_1960_faixas.csv;bracket_distribution;156;1956;1957;Brasil;irpf_aeb_brasil_1946_1960_faixas;1956;;Brasil;F11;11;De mais de 1001 a 2000;1001;2000;0;3231;;1335132.77623;;;;;;renda liquida;;IBGE, Anuario Estatistico do Brasil 1958, p. 450, Tabela 3d/1ba;https://biblioteca.ibge.gov.br/visualizacao/periodicos/20/aeb_1958.pdf;outputs/fontes-pedro-souza-irpf/aeb_1958.pdf;;476;450;;"A soma da coluna de renda liquida das classes publicadas e 55.440.318; o total publicado e 55.420.323.";1957;4313814;1252290;;;;;;;;;;;;;;;;;;;;;;;;;;;;;;;;;;;;;;;;;;;;;;;;;;;;;;;;;;;;;;;;;;;;;;;;;;;;;;;;;;;;;;;;;;;;;;;;;;;;;;;;;;;;;;;;;;;;;;;;;;;;;;;;;;;;;;;;;;;;;;;;;;;;;;;;;;;;;;;;;;;;;;;;;;;;;;;;;;;;;;;;;;;;;;;;;;;;;;;;;;;;;;;;;;;;;;;;;;;;;;;;;;;;;;;;;;;;;;;;;;;;;;;;;;;;;;;;;;;;;;;;;;;;;;;;;;;;;;;;;;;;;;;;;;;;;;;;;;;;;;;;;;;;;;;;;;;;;;;;;;;;;;;;;;;;;;;;;;;;;;;;;;;;;;;;;;;;;;strict_renda_liquida;national;renda liquida publicada em faixas compativeis
irpf_aeb_brasil_1946_1960_faixas;irpf_aeb_brasil_1946_1960_faixas.csv;bracket_distribution;157;1956;1957;Brasil;irpf_aeb_brasil_1946_1960_faixas;1956;;Brasil;F12;12;De mais de 2001 a 3000;2001;3000;0;556;;2349201.438849;;;;;;renda liquida;;IBGE, Anuario Estatistico do Brasil 1958, p. 450, Tabela 3d/1ba;https://biblioteca.ibge.gov.br/visualizacao/periodicos/20/aeb_1958.pdf;outputs/fontes-pedro-souza-irpf/aeb_1958.pdf;;476;450;;"A soma da coluna de renda liquida das classes publicadas e 55.440.318; o total publicado e 55.420.323.";1957;1306156;464687;;;;;;;;;;;;;;;;;;;;;;;;;;;;;;;;;;;;;;;;;;;;;;;;;;;;;;;;;;;;;;;;;;;;;;;;;;;;;;;;;;;;;;;;;;;;;;;;;;;;;;;;;;;;;;;;;;;;;;;;;;;;;;;;;;;;;;;;;;;;;;;;;;;;;;;;;;;;;;;;;;;;;;;;;;;;;;;;;;;;;;;;;;;;;;;;;;;;;;;;;;;;;;;;;;;;;;;;;;;;;;;;;;;;;;;;;;;;;;;;;;;;;;;;;;;;;;;;;;;;;;;;;;;;;;;;;;;;;;;;;;;;;;;;;;;;;;;;;;;;;;;;;;;;;;;;;;;;;;;;;;;;;;;;;;;;;;;;;;;;;;;;;;;;;;;;;;;;;;strict_renda_liquida;national;renda liquida publicada em faixas compativeis
irpf_aeb_brasil_1946_1960_faixas;irpf_aeb_brasil_1946_1960_faixas.csv;bracket_distribution;158;1956;1957;Brasil;irpf_aeb_brasil_1946_1960_faixas;1956;;Brasil;F13;13;Mais de 3001;3001;;1;260;;4883292.307692;;;;;;renda liquida;;IBGE, Anuario Estatistico do Brasil 1958, p. 450, Tabela 3d/1ba;https://biblioteca.ibge.gov.br/visualizacao/periodicos/20/aeb_1958.pdf;outputs/fontes-pedro-souza-irpf/aeb_1958.pdf;;476;450;;"A soma da coluna de renda liquida das classes publicadas e 55.440.318; o total publicado e 55.420.323.";1957;1269656;546104;;;;;;;;;;;;;;;;;;;;;;;;;;;;;;;;;;;;;;;;;;;;;;;;;;;;;;;;;;;;;;;;;;;;;;;;;;;;;;;;;;;;;;;;;;;;;;;;;;;;;;;;;;;;;;;;;;;;;;;;;;;;;;;;;;;;;;;;;;;;;;;;;;;;;;;;;;;;;;;;;;;;;;;;;;;;;;;;;;;;;;;;;;;;;;;;;;;;;;;;;;;;;;;;;;;;;;;;;;;;;;;;;;;;;;;;;;;;;;;;;;;;;;;;;;;;;;;;;;;;;;;;;;;;;;;;;;;;;;;;;;;;;;;;;;;;;;;;;;;;;;;;;;;;;;;;;;;;;;;;;;;;;;;;;;;;;;;;;;;;;;;;;;;;;;;;;;;;;;strict_renda_liquida;national;renda liquida publicada em faixas compativeis
irpf_aeb_brasil_1946_1960_faixas;irpf_aeb_brasil_1946_1960_faixas.csv;bracket_distribution;159;1957;1958;Brasil;irpf_aeb_brasil_1946_1960_faixas;1957;;Brasil;F01;1;De mais de 61 a 90;61;90;0;79666;;75955.18791;;;;;;renda liquida;;IBGE, Anuario Estatistico do Brasil 1959, p. 436, Tabela 3d/ba;https://biblioteca.ibge.gov.br/visualizacao/periodicos/20/aeb_1959.pdf;outputs/fontes-pedro-souza-irpf/aeb_1959.pdf;;440;436;;;1958;6051046;196060;;;;;;;;;;;;;;;;;;;;;;;;;;;;;;;;;;;;;;;;;;;;;;;;;;;;;;;;;;;;;;;;;;;;;;;;;;;;;;;;;;;;;;;;;;;;;;;;;;;;;;;;;;;;;;;;;;;;;;;;;;;;;;;;;;;;;;;;;;;;;;;;;;;;;;;;;;;;;;;;;;;;;;;;;;;;;;;;;;;;;;;;;;;;;;;;;;;;;;;;;;;;;;;;;;;;;;;;;;;;;;;;;;;;;;;;;;;;;;;;;;;;;;;;;;;;;;;;;;;;;;;;;;;;;;;;;;;;;;;;;;;;;;;;;;;;;;;;;;;;;;;;;;;;;;;;;;;;;;;;;;;;;;;;;;;;;;;;;;;;;;;;;;;;;;;;;;;;;;strict_renda_liquida;national;renda liquida publicada em faixas compativeis
irpf_aeb_brasil_1946_1960_faixas;irpf_aeb_brasil_1946_1960_faixas.csv;bracket_distribution;160;1957;1958;Brasil;irpf_aeb_brasil_1946_1960_faixas;1957;;Brasil;F02;2;De mais de 91 a 120;91;120;0;65708;;108939.596396;;;;;;renda liquida;;IBGE, Anuario Estatistico do Brasil 1959, p. 436, Tabela 3d/ba;https://biblioteca.ibge.gov.br/visualizacao/periodicos/20/aeb_1959.pdf;outputs/fontes-pedro-souza-irpf/aeb_1959.pdf;;440;436;;;1958;7158203;278801;;;;;;;;;;;;;;;;;;;;;;;;;;;;;;;;;;;;;;;;;;;;;;;;;;;;;;;;;;;;;;;;;;;;;;;;;;;;;;;;;;;;;;;;;;;;;;;;;;;;;;;;;;;;;;;;;;;;;;;;;;;;;;;;;;;;;;;;;;;;;;;;;;;;;;;;;;;;;;;;;;;;;;;;;;;;;;;;;;;;;;;;;;;;;;;;;;;;;;;;;;;;;;;;;;;;;;;;;;;;;;;;;;;;;;;;;;;;;;;;;;;;;;;;;;;;;;;;;;;;;;;;;;;;;;;;;;;;;;;;;;;;;;;;;;;;;;;;;;;;;;;;;;;;;;;;;;;;;;;;;;;;;;;;;;;;;;;;;;;;;;;;;;;;;;;;;;;;;;strict_renda_liquida;national;renda liquida publicada em faixas compativeis
irpf_aeb_brasil_1946_1960_faixas;irpf_aeb_brasil_1946_1960_faixas.csv;bracket_distribution;161;1957;1958;Brasil;irpf_aeb_brasil_1946_1960_faixas;1957;;Brasil;F03;3;De mais de 121 a 150;121;150;0;52055;;135679.646528;;;;;;renda liquida;;IBGE, Anuario Estatistico do Brasil 1959, p. 436, Tabela 3d/ba;https://biblioteca.ibge.gov.br/visualizacao/periodicos/20/aeb_1959.pdf;outputs/fontes-pedro-souza-irpf/aeb_1959.pdf;;440;436;;;1958;7062804;337675;;;;;;;;;;;;;;;;;;;;;;;;;;;;;;;;;;;;;;;;;;;;;;;;;;;;;;;;;;;;;;;;;;;;;;;;;;;;;;;;;;;;;;;;;;;;;;;;;;;;;;;;;;;;;;;;;;;;;;;;;;;;;;;;;;;;;;;;;;;;;;;;;;;;;;;;;;;;;;;;;;;;;;;;;;;;;;;;;;;;;;;;;;;;;;;;;;;;;;;;;;;;;;;;;;;;;;;;;;;;;;;;;;;;;;;;;;;;;;;;;;;;;;;;;;;;;;;;;;;;;;;;;;;;;;;;;;;;;;;;;;;;;;;;;;;;;;;;;;;;;;;;;;;;;;;;;;;;;;;;;;;;;;;;;;;;;;;;;;;;;;;;;;;;;;;;;;;;;;strict_renda_liquida;national;renda liquida publicada em faixas compativeis
irpf_aeb_brasil_1946_1960_faixas;irpf_aeb_brasil_1946_1960_faixas.csv;bracket_distribution;162;1957;1958;Brasil;irpf_aeb_brasil_1946_1960_faixas;1957;;Brasil;F04;4;De mais de 151 a 200;151;200;0;51032;;188429.730365;;;;;;renda liquida;;IBGE, Anuario Estatistico do Brasil 1959, p. 436, Tabela 3d/ba;https://biblioteca.ibge.gov.br/visualizacao/periodicos/20/aeb_1959.pdf;outputs/fontes-pedro-souza-irpf/aeb_1959.pdf;;440;436;;;1958;9615946;625044;;;;;;;;;;;;;;;;;;;;;;;;;;;;;;;;;;;;;;;;;;;;;;;;;;;;;;;;;;;;;;;;;;;;;;;;;;;;;;;;;;;;;;;;;;;;;;;;;;;;;;;;;;;;;;;;;;;;;;;;;;;;;;;;;;;;;;;;;;;;;;;;;;;;;;;;;;;;;;;;;;;;;;;;;;;;;;;;;;;;;;;;;;;;;;;;;;;;;;;;;;;;;;;;;;;;;;;;;;;;;;;;;;;;;;;;;;;;;;;;;;;;;;;;;;;;;;;;;;;;;;;;;;;;;;;;;;;;;;;;;;;;;;;;;;;;;;;;;;;;;;;;;;;;;;;;;;;;;;;;;;;;;;;;;;;;;;;;;;;;;;;;;;;;;;;;;;;;;;strict_renda_liquida;national;renda liquida publicada em faixas compativeis
irpf_aeb_brasil_1946_1960_faixas;irpf_aeb_brasil_1946_1960_faixas.csv;bracket_distribution;163;1957;1958;Brasil;irpf_aeb_brasil_1946_1960_faixas;1957;;Brasil;F05;5;De mais de 201 a 300;201;300;0;41670;;249923.662107;;;;;;renda liquida;;IBGE, Anuario Estatistico do Brasil 1959, p. 436, Tabela 3d/ba;https://biblioteca.ibge.gov.br/visualizacao/periodicos/20/aeb_1959.pdf;outputs/fontes-pedro-souza-irpf/aeb_1959.pdf;;440;436;;;1958;10414319;983846;;;;;;;;;;;;;;;;;;;;;;;;;;;;;;;;;;;;;;;;;;;;;;;;;;;;;;;;;;;;;;;;;;;;;;;;;;;;;;;;;;;;;;;;;;;;;;;;;;;;;;;;;;;;;;;;;;;;;;;;;;;;;;;;;;;;;;;;;;;;;;;;;;;;;;;;;;;;;;;;;;;;;;;;;;;;;;;;;;;;;;;;;;;;;;;;;;;;;;;;;;;;;;;;;;;;;;;;;;;;;;;;;;;;;;;;;;;;;;;;;;;;;;;;;;;;;;;;;;;;;;;;;;;;;;;;;;;;;;;;;;;;;;;;;;;;;;;;;;;;;;;;;;;;;;;;;;;;;;;;;;;;;;;;;;;;;;;;;;;;;;;;;;;;;;;;;;;;;;strict_renda_liquida;national;renda liquida publicada em faixas compativeis
irpf_aeb_brasil_1946_1960_faixas;irpf_aeb_brasil_1946_1960_faixas.csv;bracket_distribution;164;1957;1958;Brasil;irpf_aeb_brasil_1946_1960_faixas;1957;;Brasil;F06;6;De mais de 301 a 400;301;400;0;17522;;343493.893391;;;;;;renda liquida;;IBGE, Anuario Estatistico do Brasil 1959, p. 436, Tabela 3d/ba;https://biblioteca.ibge.gov.br/visualizacao/periodicos/20/aeb_1959.pdf;outputs/fontes-pedro-souza-irpf/aeb_1959.pdf;;440;436;;;1958;6018700;715047;;;;;;;;;;;;;;;;;;;;;;;;;;;;;;;;;;;;;;;;;;;;;;;;;;;;;;;;;;;;;;;;;;;;;;;;;;;;;;;;;;;;;;;;;;;;;;;;;;;;;;;;;;;;;;;;;;;;;;;;;;;;;;;;;;;;;;;;;;;;;;;;;;;;;;;;;;;;;;;;;;;;;;;;;;;;;;;;;;;;;;;;;;;;;;;;;;;;;;;;;;;;;;;;;;;;;;;;;;;;;;;;;;;;;;;;;;;;;;;;;;;;;;;;;;;;;;;;;;;;;;;;;;;;;;;;;;;;;;;;;;;;;;;;;;;;;;;;;;;;;;;;;;;;;;;;;;;;;;;;;;;;;;;;;;;;;;;;;;;;;;;;;;;;;;;;;;;;;;strict_renda_liquida;national;renda liquida publicada em faixas compativeis
irpf_aeb_brasil_1946_1960_faixas;irpf_aeb_brasil_1946_1960_faixas.csv;bracket_distribution;165;1957;1958;Brasil;irpf_aeb_brasil_1946_1960_faixas;1957;;Brasil;F07;7;De mais de 401 a 500;401;500;0;9411;;446853.469344;;;;;;renda liquida;;IBGE, Anuario Estatistico do Brasil 1959, p. 436, Tabela 3d/ba;https://biblioteca.ibge.gov.br/visualizacao/periodicos/20/aeb_1959.pdf;outputs/fontes-pedro-souza-irpf/aeb_1959.pdf;;440;436;;;1958;4205338;591089;;;;;;;;;;;;;;;;;;;;;;;;;;;;;;;;;;;;;;;;;;;;;;;;;;;;;;;;;;;;;;;;;;;;;;;;;;;;;;;;;;;;;;;;;;;;;;;;;;;;;;;;;;;;;;;;;;;;;;;;;;;;;;;;;;;;;;;;;;;;;;;;;;;;;;;;;;;;;;;;;;;;;;;;;;;;;;;;;;;;;;;;;;;;;;;;;;;;;;;;;;;;;;;;;;;;;;;;;;;;;;;;;;;;;;;;;;;;;;;;;;;;;;;;;;;;;;;;;;;;;;;;;;;;;;;;;;;;;;;;;;;;;;;;;;;;;;;;;;;;;;;;;;;;;;;;;;;;;;;;;;;;;;;;;;;;;;;;;;;;;;;;;;;;;;;;;;;;;;strict_renda_liquida;national;renda liquida publicada em faixas compativeis
irpf_aeb_brasil_1946_1960_faixas;irpf_aeb_brasil_1946_1960_faixas.csv;bracket_distribution;166;1957;1958;Brasil;irpf_aeb_brasil_1946_1960_faixas;1957;;Brasil;F08;8;De mais de 501 a 600;501;600;0;6963;;549538.273733;;;;;;renda liquida;;IBGE, Anuario Estatistico do Brasil 1959, p. 436, Tabela 3d/ba;https://biblioteca.ibge.gov.br/visualizacao/periodicos/20/aeb_1959.pdf;outputs/fontes-pedro-souza-irpf/aeb_1959.pdf;;440;436;;;1958;3826435;623045;;;;;;;;;;;;;;;;;;;;;;;;;;;;;;;;;;;;;;;;;;;;;;;;;;;;;;;;;;;;;;;;;;;;;;;;;;;;;;;;;;;;;;;;;;;;;;;;;;;;;;;;;;;;;;;;;;;;;;;;;;;;;;;;;;;;;;;;;;;;;;;;;;;;;;;;;;;;;;;;;;;;;;;;;;;;;;;;;;;;;;;;;;;;;;;;;;;;;;;;;;;;;;;;;;;;;;;;;;;;;;;;;;;;;;;;;;;;;;;;;;;;;;;;;;;;;;;;;;;;;;;;;;;;;;;;;;;;;;;;;;;;;;;;;;;;;;;;;;;;;;;;;;;;;;;;;;;;;;;;;;;;;;;;;;;;;;;;;;;;;;;;;;;;;;;;;;;;;;strict_renda_liquida;national;renda liquida publicada em faixas compativeis
irpf_aeb_brasil_1946_1960_faixas;irpf_aeb_brasil_1946_1960_faixas.csv;bracket_distribution;167;1957;1958;Brasil;irpf_aeb_brasil_1946_1960_faixas;1957;;Brasil;F09;9;De mais de 601 a 700;601;700;0;4537;;646898.170597;;;;;;renda liquida;;IBGE, Anuario Estatistico do Brasil 1959, p. 436, Tabela 3d/ba;https://biblioteca.ibge.gov.br/visualizacao/periodicos/20/aeb_1959.pdf;outputs/fontes-pedro-souza-irpf/aeb_1959.pdf;;440;436;;;1958;2934977;538572;;;;;;;;;;;;;;;;;;;;;;;;;;;;;;;;;;;;;;;;;;;;;;;;;;;;;;;;;;;;;;;;;;;;;;;;;;;;;;;;;;;;;;;;;;;;;;;;;;;;;;;;;;;;;;;;;;;;;;;;;;;;;;;;;;;;;;;;;;;;;;;;;;;;;;;;;;;;;;;;;;;;;;;;;;;;;;;;;;;;;;;;;;;;;;;;;;;;;;;;;;;;;;;;;;;;;;;;;;;;;;;;;;;;;;;;;;;;;;;;;;;;;;;;;;;;;;;;;;;;;;;;;;;;;;;;;;;;;;;;;;;;;;;;;;;;;;;;;;;;;;;;;;;;;;;;;;;;;;;;;;;;;;;;;;;;;;;;;;;;;;;;;;;;;;;;;;;;;;strict_renda_liquida;national;renda liquida publicada em faixas compativeis
irpf_aeb_brasil_1946_1960_faixas;irpf_aeb_brasil_1946_1960_faixas.csv;bracket_distribution;168;1957;1958;Brasil;irpf_aeb_brasil_1946_1960_faixas;1957;;Brasil;F10;10;De mais de 701 a 1000;701;1000;0;6774;;872955.417774;;;;;;renda liquida;;IBGE, Anuario Estatistico do Brasil 1959, p. 436, Tabela 3d/ba;https://biblioteca.ibge.gov.br/visualizacao/periodicos/20/aeb_1959.pdf;outputs/fontes-pedro-souza-irpf/aeb_1959.pdf;;440;436;;;1958;5913400;1356469;;;;;;;;;;;;;;;;;;;;;;;;;;;;;;;;;;;;;;;;;;;;;;;;;;;;;;;;;;;;;;;;;;;;;;;;;;;;;;;;;;;;;;;;;;;;;;;;;;;;;;;;;;;;;;;;;;;;;;;;;;;;;;;;;;;;;;;;;;;;;;;;;;;;;;;;;;;;;;;;;;;;;;;;;;;;;;;;;;;;;;;;;;;;;;;;;;;;;;;;;;;;;;;;;;;;;;;;;;;;;;;;;;;;;;;;;;;;;;;;;;;;;;;;;;;;;;;;;;;;;;;;;;;;;;;;;;;;;;;;;;;;;;;;;;;;;;;;;;;;;;;;;;;;;;;;;;;;;;;;;;;;;;;;;;;;;;;;;;;;;;;;;;;;;;;;;;;;;;strict_renda_liquida;national;renda liquida publicada em faixas compativeis
irpf_aeb_brasil_1946_1960_faixas;irpf_aeb_brasil_1946_1960_faixas.csv;bracket_distribution;169;1957;1958;Brasil;irpf_aeb_brasil_1946_1960_faixas;1957;;Brasil;F11;11;De mais de 1001 a 2000;1001;2000;0;3794;;1330534.791776;;;;;;renda liquida;;IBGE, Anuario Estatistico do Brasil 1959, p. 436, Tabela 3d/ba;https://biblioteca.ibge.gov.br/visualizacao/periodicos/20/aeb_1959.pdf;outputs/fontes-pedro-souza-irpf/aeb_1959.pdf;;440;436;;;1958;5048049;1501817;;;;;;;;;;;;;;;;;;;;;;;;;;;;;;;;;;;;;;;;;;;;;;;;;;;;;;;;;;;;;;;;;;;;;;;;;;;;;;;;;;;;;;;;;;;;;;;;;;;;;;;;;;;;;;;;;;;;;;;;;;;;;;;;;;;;;;;;;;;;;;;;;;;;;;;;;;;;;;;;;;;;;;;;;;;;;;;;;;;;;;;;;;;;;;;;;;;;;;;;;;;;;;;;;;;;;;;;;;;;;;;;;;;;;;;;;;;;;;;;;;;;;;;;;;;;;;;;;;;;;;;;;;;;;;;;;;;;;;;;;;;;;;;;;;;;;;;;;;;;;;;;;;;;;;;;;;;;;;;;;;;;;;;;;;;;;;;;;;;;;;;;;;;;;;;;;;;;;;strict_renda_liquida;national;renda liquida publicada em faixas compativeis
irpf_aeb_brasil_1946_1960_faixas;irpf_aeb_brasil_1946_1960_faixas.csv;bracket_distribution;170;1957;1958;Brasil;irpf_aeb_brasil_1946_1960_faixas;1957;;Brasil;F12;12;De mais de 2001 a 3000;2001;3000;0;616;;2402594.155844;;;;;;renda liquida;;IBGE, Anuario Estatistico do Brasil 1959, p. 436, Tabela 3d/ba;https://biblioteca.ibge.gov.br/visualizacao/periodicos/20/aeb_1959.pdf;outputs/fontes-pedro-souza-irpf/aeb_1959.pdf;;440;436;;;1958;1479998;534175;;;;;;;;;;;;;;;;;;;;;;;;;;;;;;;;;;;;;;;;;;;;;;;;;;;;;;;;;;;;;;;;;;;;;;;;;;;;;;;;;;;;;;;;;;;;;;;;;;;;;;;;;;;;;;;;;;;;;;;;;;;;;;;;;;;;;;;;;;;;;;;;;;;;;;;;;;;;;;;;;;;;;;;;;;;;;;;;;;;;;;;;;;;;;;;;;;;;;;;;;;;;;;;;;;;;;;;;;;;;;;;;;;;;;;;;;;;;;;;;;;;;;;;;;;;;;;;;;;;;;;;;;;;;;;;;;;;;;;;;;;;;;;;;;;;;;;;;;;;;;;;;;;;;;;;;;;;;;;;;;;;;;;;;;;;;;;;;;;;;;;;;;;;;;;;;;;;;;;strict_renda_liquida;national;renda liquida publicada em faixas compativeis
irpf_aeb_brasil_1946_1960_faixas;irpf_aeb_brasil_1946_1960_faixas.csv;bracket_distribution;171;1957;1958;Brasil;irpf_aeb_brasil_1946_1960_faixas;1957;;Brasil;F13;13;Mais de 3001;3001;;1;353;;4434033.994334;;;;;;renda liquida;;IBGE, Anuario Estatistico do Brasil 1959, p. 436, Tabela 3d/ba;https://biblioteca.ibge.gov.br/visualizacao/periodicos/20/aeb_1959.pdf;outputs/fontes-pedro-souza-irpf/aeb_1959.pdf;;440;436;;;1958;1565214;654925;;;;;;;;;;;;;;;;;;;;;;;;;;;;;;;;;;;;;;;;;;;;;;;;;;;;;;;;;;;;;;;;;;;;;;;;;;;;;;;;;;;;;;;;;;;;;;;;;;;;;;;;;;;;;;;;;;;;;;;;;;;;;;;;;;;;;;;;;;;;;;;;;;;;;;;;;;;;;;;;;;;;;;;;;;;;;;;;;;;;;;;;;;;;;;;;;;;;;;;;;;;;;;;;;;;;;;;;;;;;;;;;;;;;;;;;;;;;;;;;;;;;;;;;;;;;;;;;;;;;;;;;;;;;;;;;;;;;;;;;;;;;;;;;;;;;;;;;;;;;;;;;;;;;;;;;;;;;;;;;;;;;;;;;;;;;;;;;;;;;;;;;;;;;;;;;;;;;;;strict_renda_liquida;national;renda liquida publicada em faixas compativeis
irpf_aeb_brasil_1946_1960_faixas;irpf_aeb_brasil_1946_1960_faixas.csv;bracket_distribution;172;1958;1959;Brasil;irpf_aeb_brasil_1946_1960_faixas;1958;;Brasil;F01;1;De 91 a 120;91;120;0;51092;;107331.578329;;;;;;renda liquida;;IBGE, Anuario Estatistico do Brasil 1960, p. 377, Tabela 2a;https://biblioteca.ibge.gov.br/visualizacao/periodicos/20/aeb_1960.pdf;outputs/fontes-pedro-souza-irpf/aeb_1960.pdf;;383;377;;"A soma da coluna de imposto notificado das classes publicadas e 9.414.506; o total publicado e 9.414.566.";1959;5483785;168139;;;;;;;;;;;;;;;;;;;;;;;;;;;;;;;;;;;;;;;;;;;;;;;;;;;;;;;;;;;;;;;;;;;;;;;;;;;;;;;;;;;;;;;;;;;;;;;;;;;;;;;;;;;;;;;;;;;;;;;;;;;;;;;;;;;;;;;;;;;;;;;;;;;;;;;;;;;;;;;;;;;;;;;;;;;;;;;;;;;;;;;;;;;;;;;;;;;;;;;;;;;;;;;;;;;;;;;;;;;;;;;;;;;;;;;;;;;;;;;;;;;;;;;;;;;;;;;;;;;;;;;;;;;;;;;;;;;;;;;;;;;;;;;;;;;;;;;;;;;;;;;;;;;;;;;;;;;;;;;;;;;;;;;;;;;;;;;;;;;;;;;;;;;;;;;;;;;;;;strict_renda_liquida;national;renda liquida publicada em faixas compativeis
irpf_aeb_brasil_1946_1960_faixas;irpf_aeb_brasil_1946_1960_faixas.csv;bracket_distribution;173;1958;1959;Brasil;irpf_aeb_brasil_1946_1960_faixas;1958;;Brasil;F02;2;De 121 a 150;121;150;0;46198;;135849.603879;;;;;;renda liquida;;IBGE, Anuario Estatistico do Brasil 1960, p. 377, Tabela 2a;https://biblioteca.ibge.gov.br/visualizacao/periodicos/20/aeb_1960.pdf;outputs/fontes-pedro-souza-irpf/aeb_1960.pdf;;383;377;;"A soma da coluna de imposto notificado das classes publicadas e 9.414.506; o total publicado e 9.414.566.";1959;6275980;222719;;;;;;;;;;;;;;;;;;;;;;;;;;;;;;;;;;;;;;;;;;;;;;;;;;;;;;;;;;;;;;;;;;;;;;;;;;;;;;;;;;;;;;;;;;;;;;;;;;;;;;;;;;;;;;;;;;;;;;;;;;;;;;;;;;;;;;;;;;;;;;;;;;;;;;;;;;;;;;;;;;;;;;;;;;;;;;;;;;;;;;;;;;;;;;;;;;;;;;;;;;;;;;;;;;;;;;;;;;;;;;;;;;;;;;;;;;;;;;;;;;;;;;;;;;;;;;;;;;;;;;;;;;;;;;;;;;;;;;;;;;;;;;;;;;;;;;;;;;;;;;;;;;;;;;;;;;;;;;;;;;;;;;;;;;;;;;;;;;;;;;;;;;;;;;;;;;;;;;strict_renda_liquida;national;renda liquida publicada em faixas compativeis
irpf_aeb_brasil_1946_1960_faixas;irpf_aeb_brasil_1946_1960_faixas.csv;bracket_distribution;174;1958;1959;Brasil;irpf_aeb_brasil_1946_1960_faixas;1958;;Brasil;F03;3;De 151 a 190;151;190;0;47881;;167568.221215;;;;;;renda liquida;;IBGE, Anuario Estatistico do Brasil 1960, p. 377, Tabela 2a;https://biblioteca.ibge.gov.br/visualizacao/periodicos/20/aeb_1960.pdf;outputs/fontes-pedro-souza-irpf/aeb_1960.pdf;;383;377;;"A soma da coluna de imposto notificado das classes publicadas e 9.414.506; o total publicado e 9.414.566.";1959;8023334;379897;;;;;;;;;;;;;;;;;;;;;;;;;;;;;;;;;;;;;;;;;;;;;;;;;;;;;;;;;;;;;;;;;;;;;;;;;;;;;;;;;;;;;;;;;;;;;;;;;;;;;;;;;;;;;;;;;;;;;;;;;;;;;;;;;;;;;;;;;;;;;;;;;;;;;;;;;;;;;;;;;;;;;;;;;;;;;;;;;;;;;;;;;;;;;;;;;;;;;;;;;;;;;;;;;;;;;;;;;;;;;;;;;;;;;;;;;;;;;;;;;;;;;;;;;;;;;;;;;;;;;;;;;;;;;;;;;;;;;;;;;;;;;;;;;;;;;;;;;;;;;;;;;;;;;;;;;;;;;;;;;;;;;;;;;;;;;;;;;;;;;;;;;;;;;;;;;;;;;;strict_renda_liquida;national;renda liquida publicada em faixas compativeis
irpf_aeb_brasil_1946_1960_faixas;irpf_aeb_brasil_1946_1960_faixas.csv;bracket_distribution;175;1958;1959;Brasil;irpf_aeb_brasil_1946_1960_faixas;1958;;Brasil;F04;4;De 191 a 240;191;240;0;36331;;213962.869175;;;;;;renda liquida;;IBGE, Anuario Estatistico do Brasil 1960, p. 377, Tabela 2a;https://biblioteca.ibge.gov.br/visualizacao/periodicos/20/aeb_1960.pdf;outputs/fontes-pedro-souza-irpf/aeb_1960.pdf;;383;377;;"A soma da coluna de imposto notificado das classes publicadas e 9.414.506; o total publicado e 9.414.566.";1959;7773485;473804;;;;;;;;;;;;;;;;;;;;;;;;;;;;;;;;;;;;;;;;;;;;;;;;;;;;;;;;;;;;;;;;;;;;;;;;;;;;;;;;;;;;;;;;;;;;;;;;;;;;;;;;;;;;;;;;;;;;;;;;;;;;;;;;;;;;;;;;;;;;;;;;;;;;;;;;;;;;;;;;;;;;;;;;;;;;;;;;;;;;;;;;;;;;;;;;;;;;;;;;;;;;;;;;;;;;;;;;;;;;;;;;;;;;;;;;;;;;;;;;;;;;;;;;;;;;;;;;;;;;;;;;;;;;;;;;;;;;;;;;;;;;;;;;;;;;;;;;;;;;;;;;;;;;;;;;;;;;;;;;;;;;;;;;;;;;;;;;;;;;;;;;;;;;;;;;;;;;;;strict_renda_liquida;national;renda liquida publicada em faixas compativeis
irpf_aeb_brasil_1946_1960_faixas;irpf_aeb_brasil_1946_1960_faixas.csv;bracket_distribution;176;1958;1959;Brasil;irpf_aeb_brasil_1946_1960_faixas;1958;;Brasil;F05;5;De 241 a 300;241;300;0;25074;;268372.656935;;;;;;renda liquida;;IBGE, Anuario Estatistico do Brasil 1960, p. 377, Tabela 2a;https://biblioteca.ibge.gov.br/visualizacao/periodicos/20/aeb_1960.pdf;outputs/fontes-pedro-souza-irpf/aeb_1960.pdf;;383;377;;"A soma da coluna de imposto notificado das classes publicadas e 9.414.506; o total publicado e 9.414.566.";1959;6729176;526353;;;;;;;;;;;;;;;;;;;;;;;;;;;;;;;;;;;;;;;;;;;;;;;;;;;;;;;;;;;;;;;;;;;;;;;;;;;;;;;;;;;;;;;;;;;;;;;;;;;;;;;;;;;;;;;;;;;;;;;;;;;;;;;;;;;;;;;;;;;;;;;;;;;;;;;;;;;;;;;;;;;;;;;;;;;;;;;;;;;;;;;;;;;;;;;;;;;;;;;;;;;;;;;;;;;;;;;;;;;;;;;;;;;;;;;;;;;;;;;;;;;;;;;;;;;;;;;;;;;;;;;;;;;;;;;;;;;;;;;;;;;;;;;;;;;;;;;;;;;;;;;;;;;;;;;;;;;;;;;;;;;;;;;;;;;;;;;;;;;;;;;;;;;;;;;;;;;;;;strict_renda_liquida;national;renda liquida publicada em faixas compativeis
irpf_aeb_brasil_1946_1960_faixas;irpf_aeb_brasil_1946_1960_faixas.csv;bracket_distribution;177;1958;1959;Brasil;irpf_aeb_brasil_1946_1960_faixas;1958;;Brasil;F06;6;De 301 a 400;301;400;0;21414;;345302.418978;;;;;;renda liquida;;IBGE, Anuario Estatistico do Brasil 1960, p. 377, Tabela 2a;https://biblioteca.ibge.gov.br/visualizacao/periodicos/20/aeb_1960.pdf;outputs/fontes-pedro-souza-irpf/aeb_1960.pdf;;383;377;;"A soma da coluna de imposto notificado das classes publicadas e 9.414.506; o total publicado e 9.414.566.";1959;7394306;778828;;;;;;;;;;;;;;;;;;;;;;;;;;;;;;;;;;;;;;;;;;;;;;;;;;;;;;;;;;;;;;;;;;;;;;;;;;;;;;;;;;;;;;;;;;;;;;;;;;;;;;;;;;;;;;;;;;;;;;;;;;;;;;;;;;;;;;;;;;;;;;;;;;;;;;;;;;;;;;;;;;;;;;;;;;;;;;;;;;;;;;;;;;;;;;;;;;;;;;;;;;;;;;;;;;;;;;;;;;;;;;;;;;;;;;;;;;;;;;;;;;;;;;;;;;;;;;;;;;;;;;;;;;;;;;;;;;;;;;;;;;;;;;;;;;;;;;;;;;;;;;;;;;;;;;;;;;;;;;;;;;;;;;;;;;;;;;;;;;;;;;;;;;;;;;;;;;;;;;strict_renda_liquida;national;renda liquida publicada em faixas compativeis
irpf_aeb_brasil_1946_1960_faixas;irpf_aeb_brasil_1946_1960_faixas.csv;bracket_distribution;178;1958;1959;Brasil;irpf_aeb_brasil_1946_1960_faixas;1958;;Brasil;F07;7;De 401 a 500;401;500;0;11424;;447585.521709;;;;;;renda liquida;;IBGE, Anuario Estatistico do Brasil 1960, p. 377, Tabela 2a;https://biblioteca.ibge.gov.br/visualizacao/periodicos/20/aeb_1960.pdf;outputs/fontes-pedro-souza-irpf/aeb_1960.pdf;;383;377;;"A soma da coluna de imposto notificado das classes publicadas e 9.414.506; o total publicado e 9.414.566.";1959;5113217;672859;;;;;;;;;;;;;;;;;;;;;;;;;;;;;;;;;;;;;;;;;;;;;;;;;;;;;;;;;;;;;;;;;;;;;;;;;;;;;;;;;;;;;;;;;;;;;;;;;;;;;;;;;;;;;;;;;;;;;;;;;;;;;;;;;;;;;;;;;;;;;;;;;;;;;;;;;;;;;;;;;;;;;;;;;;;;;;;;;;;;;;;;;;;;;;;;;;;;;;;;;;;;;;;;;;;;;;;;;;;;;;;;;;;;;;;;;;;;;;;;;;;;;;;;;;;;;;;;;;;;;;;;;;;;;;;;;;;;;;;;;;;;;;;;;;;;;;;;;;;;;;;;;;;;;;;;;;;;;;;;;;;;;;;;;;;;;;;;;;;;;;;;;;;;;;;;;;;;;;strict_renda_liquida;national;renda liquida publicada em faixas compativeis
irpf_aeb_brasil_1946_1960_faixas;irpf_aeb_brasil_1946_1960_faixas.csv;bracket_distribution;179;1958;1959;Brasil;irpf_aeb_brasil_1946_1960_faixas;1958;;Brasil;F08;8;De 501 a 600;501;600;0;6874;;547871.981379;;;;;;renda liquida;;IBGE, Anuario Estatistico do Brasil 1960, p. 377, Tabela 2a;https://biblioteca.ibge.gov.br/visualizacao/periodicos/20/aeb_1960.pdf;outputs/fontes-pedro-souza-irpf/aeb_1960.pdf;;383;377;;"A soma da coluna de imposto notificado das classes publicadas e 9.414.506; o total publicado e 9.414.566.";1959;3766072;584761;;;;;;;;;;;;;;;;;;;;;;;;;;;;;;;;;;;;;;;;;;;;;;;;;;;;;;;;;;;;;;;;;;;;;;;;;;;;;;;;;;;;;;;;;;;;;;;;;;;;;;;;;;;;;;;;;;;;;;;;;;;;;;;;;;;;;;;;;;;;;;;;;;;;;;;;;;;;;;;;;;;;;;;;;;;;;;;;;;;;;;;;;;;;;;;;;;;;;;;;;;;;;;;;;;;;;;;;;;;;;;;;;;;;;;;;;;;;;;;;;;;;;;;;;;;;;;;;;;;;;;;;;;;;;;;;;;;;;;;;;;;;;;;;;;;;;;;;;;;;;;;;;;;;;;;;;;;;;;;;;;;;;;;;;;;;;;;;;;;;;;;;;;;;;;;;;;;;;;strict_renda_liquida;national;renda liquida publicada em faixas compativeis
irpf_aeb_brasil_1946_1960_faixas;irpf_aeb_brasil_1946_1960_faixas.csv;bracket_distribution;180;1958;1959;Brasil;irpf_aeb_brasil_1946_1960_faixas;1958;;Brasil;F09;9;De 601 a 700;601;700;0;4584;;647144.197208;;;;;;renda liquida;;IBGE, Anuario Estatistico do Brasil 1960, p. 377, Tabela 2a;https://biblioteca.ibge.gov.br/visualizacao/periodicos/20/aeb_1960.pdf;outputs/fontes-pedro-souza-irpf/aeb_1960.pdf;;383;377;;"A soma da coluna de imposto notificado das classes publicadas e 9.414.506; o total publicado e 9.414.566.";1959;2966509;528614;;;;;;;;;;;;;;;;;;;;;;;;;;;;;;;;;;;;;;;;;;;;;;;;;;;;;;;;;;;;;;;;;;;;;;;;;;;;;;;;;;;;;;;;;;;;;;;;;;;;;;;;;;;;;;;;;;;;;;;;;;;;;;;;;;;;;;;;;;;;;;;;;;;;;;;;;;;;;;;;;;;;;;;;;;;;;;;;;;;;;;;;;;;;;;;;;;;;;;;;;;;;;;;;;;;;;;;;;;;;;;;;;;;;;;;;;;;;;;;;;;;;;;;;;;;;;;;;;;;;;;;;;;;;;;;;;;;;;;;;;;;;;;;;;;;;;;;;;;;;;;;;;;;;;;;;;;;;;;;;;;;;;;;;;;;;;;;;;;;;;;;;;;;;;;;;;;;;;;strict_renda_liquida;national;renda liquida publicada em faixas compativeis
irpf_aeb_brasil_1946_1960_faixas;irpf_aeb_brasil_1946_1960_faixas.csv;bracket_distribution;181;1958;1959;Brasil;irpf_aeb_brasil_1946_1960_faixas;1958;;Brasil;F10;10;De 701 a 1000;701;1000;0;6801;;829997.35333;;;;;;renda liquida;;IBGE, Anuario Estatistico do Brasil 1960, p. 377, Tabela 2a;https://biblioteca.ibge.gov.br/visualizacao/periodicos/20/aeb_1960.pdf;outputs/fontes-pedro-souza-irpf/aeb_1960.pdf;;383;377;;"A soma da coluna de imposto notificado das classes publicadas e 9.414.506; o total publicado e 9.414.566.";1959;5644812;1235184;;;;;;;;;;;;;;;;;;;;;;;;;;;;;;;;;;;;;;;;;;;;;;;;;;;;;;;;;;;;;;;;;;;;;;;;;;;;;;;;;;;;;;;;;;;;;;;;;;;;;;;;;;;;;;;;;;;;;;;;;;;;;;;;;;;;;;;;;;;;;;;;;;;;;;;;;;;;;;;;;;;;;;;;;;;;;;;;;;;;;;;;;;;;;;;;;;;;;;;;;;;;;;;;;;;;;;;;;;;;;;;;;;;;;;;;;;;;;;;;;;;;;;;;;;;;;;;;;;;;;;;;;;;;;;;;;;;;;;;;;;;;;;;;;;;;;;;;;;;;;;;;;;;;;;;;;;;;;;;;;;;;;;;;;;;;;;;;;;;;;;;;;;;;;;;;;;;;;;strict_renda_liquida;national;renda liquida publicada em faixas compativeis
irpf_aeb_brasil_1946_1960_faixas;irpf_aeb_brasil_1946_1960_faixas.csv;bracket_distribution;182;1958;1959;Brasil;irpf_aeb_brasil_1946_1960_faixas;1958;;Brasil;F11;11;De 1001 a 2000;1001;2000;0;5094;;1431113.859442;;;;;;renda liquida;;IBGE, Anuario Estatistico do Brasil 1960, p. 377, Tabela 2a;https://biblioteca.ibge.gov.br/visualizacao/periodicos/20/aeb_1960.pdf;outputs/fontes-pedro-souza-irpf/aeb_1960.pdf;;383;377;;"A soma da coluna de imposto notificado das classes publicadas e 9.414.506; o total publicado e 9.414.566.";1959;7290094;2163807;;;;;;;;;;;;;;;;;;;;;;;;;;;;;;;;;;;;;;;;;;;;;;;;;;;;;;;;;;;;;;;;;;;;;;;;;;;;;;;;;;;;;;;;;;;;;;;;;;;;;;;;;;;;;;;;;;;;;;;;;;;;;;;;;;;;;;;;;;;;;;;;;;;;;;;;;;;;;;;;;;;;;;;;;;;;;;;;;;;;;;;;;;;;;;;;;;;;;;;;;;;;;;;;;;;;;;;;;;;;;;;;;;;;;;;;;;;;;;;;;;;;;;;;;;;;;;;;;;;;;;;;;;;;;;;;;;;;;;;;;;;;;;;;;;;;;;;;;;;;;;;;;;;;;;;;;;;;;;;;;;;;;;;;;;;;;;;;;;;;;;;;;;;;;;;;;;;;;;strict_renda_liquida;national;renda liquida publicada em faixas compativeis
irpf_aeb_brasil_1946_1960_faixas;irpf_aeb_brasil_1946_1960_faixas.csv;bracket_distribution;183;1958;1959;Brasil;irpf_aeb_brasil_1946_1960_faixas;1958;;Brasil;F12;12;De 2001 a 3000;2001;3000;0;838;;2403285.202864;;;;;;renda liquida;;IBGE, Anuario Estatistico do Brasil 1960, p. 377, Tabela 2a;https://biblioteca.ibge.gov.br/visualizacao/periodicos/20/aeb_1960.pdf;outputs/fontes-pedro-souza-irpf/aeb_1960.pdf;;383;377;;"A soma da coluna de imposto notificado das classes publicadas e 9.414.506; o total publicado e 9.414.566.";1959;2013953;718565;;;;;;;;;;;;;;;;;;;;;;;;;;;;;;;;;;;;;;;;;;;;;;;;;;;;;;;;;;;;;;;;;;;;;;;;;;;;;;;;;;;;;;;;;;;;;;;;;;;;;;;;;;;;;;;;;;;;;;;;;;;;;;;;;;;;;;;;;;;;;;;;;;;;;;;;;;;;;;;;;;;;;;;;;;;;;;;;;;;;;;;;;;;;;;;;;;;;;;;;;;;;;;;;;;;;;;;;;;;;;;;;;;;;;;;;;;;;;;;;;;;;;;;;;;;;;;;;;;;;;;;;;;;;;;;;;;;;;;;;;;;;;;;;;;;;;;;;;;;;;;;;;;;;;;;;;;;;;;;;;;;;;;;;;;;;;;;;;;;;;;;;;;;;;;;;;;;;;;strict_renda_liquida;national;renda liquida publicada em faixas compativeis
irpf_aeb_brasil_1946_1960_faixas;irpf_aeb_brasil_1946_1960_faixas.csv;bracket_distribution;184;1958;1959;Brasil;irpf_aeb_brasil_1946_1960_faixas;1958;;Brasil;F13;13;Mais de 3001;3001;;1;455;;4886597.802198;;;;;;renda liquida;;IBGE, Anuario Estatistico do Brasil 1960, p. 377, Tabela 2a;https://biblioteca.ibge.gov.br/visualizacao/periodicos/20/aeb_1960.pdf;outputs/fontes-pedro-souza-irpf/aeb_1960.pdf;;383;377;;"A soma da coluna de imposto notificado das classes publicadas e 9.414.506; o total publicado e 9.414.566.";1959;2223402;960976;;;;;;;;;;;;;;;;;;;;;;;;;;;;;;;;;;;;;;;;;;;;;;;;;;;;;;;;;;;;;;;;;;;;;;;;;;;;;;;;;;;;;;;;;;;;;;;;;;;;;;;;;;;;;;;;;;;;;;;;;;;;;;;;;;;;;;;;;;;;;;;;;;;;;;;;;;;;;;;;;;;;;;;;;;;;;;;;;;;;;;;;;;;;;;;;;;;;;;;;;;;;;;;;;;;;;;;;;;;;;;;;;;;;;;;;;;;;;;;;;;;;;;;;;;;;;;;;;;;;;;;;;;;;;;;;;;;;;;;;;;;;;;;;;;;;;;;;;;;;;;;;;;;;;;;;;;;;;;;;;;;;;;;;;;;;;;;;;;;;;;;;;;;;;;;;;;;;;;strict_renda_liquida;national;renda liquida publicada em faixas compativeis
irpf_aeb_brasil_1946_1960_faixas;irpf_aeb_brasil_1946_1960_faixas.csv;bracket_distribution;185;1959;1960;Brasil;irpf_aeb_brasil_1946_1960_faixas;1959;;Brasil;F01;1;De 91 a 135;91;135;0;89911;;114078.544338;;;;;;renda liquida;;IBGE, Anuario Estatistico do Brasil 1961, p. 423, Tabela 2a;https://biblioteca.ibge.gov.br/visualizacao/periodicos/20/aeb_1961.pdf;outputs/fontes-pedro-souza-irpf/aeb_1961.pdf;;420;423;;;1960;10256916;302562;;;;;;;;;;;;;;;;;;;;;;;;;;;;;;;;;;;;;;;;;;;;;;;;;;;;;;;;;;;;;;;;;;;;;;;;;;;;;;;;;;;;;;;;;;;;;;;;;;;;;;;;;;;;;;;;;;;;;;;;;;;;;;;;;;;;;;;;;;;;;;;;;;;;;;;;;;;;;;;;;;;;;;;;;;;;;;;;;;;;;;;;;;;;;;;;;;;;;;;;;;;;;;;;;;;;;;;;;;;;;;;;;;;;;;;;;;;;;;;;;;;;;;;;;;;;;;;;;;;;;;;;;;;;;;;;;;;;;;;;;;;;;;;;;;;;;;;;;;;;;;;;;;;;;;;;;;;;;;;;;;;;;;;;;;;;;;;;;;;;;;;;;;;;;;;;;;;;;;strict_renda_liquida;national;renda liquida publicada em faixas compativeis
irpf_aeb_brasil_1946_1960_faixas;irpf_aeb_brasil_1946_1960_faixas.csv;bracket_distribution;186;1959;1960;Brasil;irpf_aeb_brasil_1946_1960_faixas;1959;;Brasil;F02;2;De 136 a 180;136;180;0;71794;;157590.118951;;;;;;renda liquida;;IBGE, Anuario Estatistico do Brasil 1961, p. 423, Tabela 2a;https://biblioteca.ibge.gov.br/visualizacao/periodicos/20/aeb_1961.pdf;outputs/fontes-pedro-souza-irpf/aeb_1961.pdf;;420;423;;;1960;11314025;425239;;;;;;;;;;;;;;;;;;;;;;;;;;;;;;;;;;;;;;;;;;;;;;;;;;;;;;;;;;;;;;;;;;;;;;;;;;;;;;;;;;;;;;;;;;;;;;;;;;;;;;;;;;;;;;;;;;;;;;;;;;;;;;;;;;;;;;;;;;;;;;;;;;;;;;;;;;;;;;;;;;;;;;;;;;;;;;;;;;;;;;;;;;;;;;;;;;;;;;;;;;;;;;;;;;;;;;;;;;;;;;;;;;;;;;;;;;;;;;;;;;;;;;;;;;;;;;;;;;;;;;;;;;;;;;;;;;;;;;;;;;;;;;;;;;;;;;;;;;;;;;;;;;;;;;;;;;;;;;;;;;;;;;;;;;;;;;;;;;;;;;;;;;;;;;;;;;;;;;strict_renda_liquida;national;renda liquida publicada em faixas compativeis
irpf_aeb_brasil_1946_1960_faixas;irpf_aeb_brasil_1946_1960_faixas.csv;bracket_distribution;187;1959;1960;Brasil;irpf_aeb_brasil_1946_1960_faixas;1959;;Brasil;F03;3;De 181 a 225;181;225;0;53705;;203145.815101;;;;;;renda liquida;;IBGE, Anuario Estatistico do Brasil 1961, p. 423, Tabela 2a;https://biblioteca.ibge.gov.br/visualizacao/periodicos/20/aeb_1961.pdf;outputs/fontes-pedro-souza-irpf/aeb_1961.pdf;;420;423;;;1960;10909946;510585;;;;;;;;;;;;;;;;;;;;;;;;;;;;;;;;;;;;;;;;;;;;;;;;;;;;;;;;;;;;;;;;;;;;;;;;;;;;;;;;;;;;;;;;;;;;;;;;;;;;;;;;;;;;;;;;;;;;;;;;;;;;;;;;;;;;;;;;;;;;;;;;;;;;;;;;;;;;;;;;;;;;;;;;;;;;;;;;;;;;;;;;;;;;;;;;;;;;;;;;;;;;;;;;;;;;;;;;;;;;;;;;;;;;;;;;;;;;;;;;;;;;;;;;;;;;;;;;;;;;;;;;;;;;;;;;;;;;;;;;;;;;;;;;;;;;;;;;;;;;;;;;;;;;;;;;;;;;;;;;;;;;;;;;;;;;;;;;;;;;;;;;;;;;;;;;;;;;;;strict_renda_liquida;national;renda liquida publicada em faixas compativeis
irpf_aeb_brasil_1946_1960_faixas;irpf_aeb_brasil_1946_1960_faixas.csv;bracket_distribution;188;1959;1960;Brasil;irpf_aeb_brasil_1946_1960_faixas;1959;;Brasil;F04;4;De 226 a 300;226;300;0;52803;;259586.746965;;;;;;renda liquida;;IBGE, Anuario Estatistico do Brasil 1961, p. 423, Tabela 2a;https://biblioteca.ibge.gov.br/visualizacao/periodicos/20/aeb_1961.pdf;outputs/fontes-pedro-souza-irpf/aeb_1961.pdf;;420;423;;;1960;13706959;857661;;;;;;;;;;;;;;;;;;;;;;;;;;;;;;;;;;;;;;;;;;;;;;;;;;;;;;;;;;;;;;;;;;;;;;;;;;;;;;;;;;;;;;;;;;;;;;;;;;;;;;;;;;;;;;;;;;;;;;;;;;;;;;;;;;;;;;;;;;;;;;;;;;;;;;;;;;;;;;;;;;;;;;;;;;;;;;;;;;;;;;;;;;;;;;;;;;;;;;;;;;;;;;;;;;;;;;;;;;;;;;;;;;;;;;;;;;;;;;;;;;;;;;;;;;;;;;;;;;;;;;;;;;;;;;;;;;;;;;;;;;;;;;;;;;;;;;;;;;;;;;;;;;;;;;;;;;;;;;;;;;;;;;;;;;;;;;;;;;;;;;;;;;;;;;;;;;;;;;strict_renda_liquida;national;renda liquida publicada em faixas compativeis
irpf_aeb_brasil_1946_1960_faixas;irpf_aeb_brasil_1946_1960_faixas.csv;bracket_distribution;189;1959;1960;Brasil;irpf_aeb_brasil_1946_1960_faixas;1959;;Brasil;F05;5;De 301 a 450;301;450;0;43482;;369027.896601;;;;;;renda liquida;;IBGE, Anuario Estatistico do Brasil 1961, p. 423, Tabela 2a;https://biblioteca.ibge.gov.br/visualizacao/periodicos/20/aeb_1961.pdf;outputs/fontes-pedro-souza-irpf/aeb_1961.pdf;;420;423;;;1960;16046071;1426318;;;;;;;;;;;;;;;;;;;;;;;;;;;;;;;;;;;;;;;;;;;;;;;;;;;;;;;;;;;;;;;;;;;;;;;;;;;;;;;;;;;;;;;;;;;;;;;;;;;;;;;;;;;;;;;;;;;;;;;;;;;;;;;;;;;;;;;;;;;;;;;;;;;;;;;;;;;;;;;;;;;;;;;;;;;;;;;;;;;;;;;;;;;;;;;;;;;;;;;;;;;;;;;;;;;;;;;;;;;;;;;;;;;;;;;;;;;;;;;;;;;;;;;;;;;;;;;;;;;;;;;;;;;;;;;;;;;;;;;;;;;;;;;;;;;;;;;;;;;;;;;;;;;;;;;;;;;;;;;;;;;;;;;;;;;;;;;;;;;;;;;;;;;;;;;;;;;;;;strict_renda_liquida;national;renda liquida publicada em faixas compativeis
irpf_aeb_brasil_1946_1960_faixas;irpf_aeb_brasil_1946_1960_faixas.csv;bracket_distribution;190;1959;1960;Brasil;irpf_aeb_brasil_1946_1960_faixas;1959;;Brasil;F06;6;De 451 a 600;451;600;0;18690;;517257.570894;;;;;;renda liquida;;IBGE, Anuario Estatistico do Brasil 1961, p. 423, Tabela 2a;https://biblioteca.ibge.gov.br/visualizacao/periodicos/20/aeb_1961.pdf;outputs/fontes-pedro-souza-irpf/aeb_1961.pdf;;420;423;;;1960;9667544;1108670;;;;;;;;;;;;;;;;;;;;;;;;;;;;;;;;;;;;;;;;;;;;;;;;;;;;;;;;;;;;;;;;;;;;;;;;;;;;;;;;;;;;;;;;;;;;;;;;;;;;;;;;;;;;;;;;;;;;;;;;;;;;;;;;;;;;;;;;;;;;;;;;;;;;;;;;;;;;;;;;;;;;;;;;;;;;;;;;;;;;;;;;;;;;;;;;;;;;;;;;;;;;;;;;;;;;;;;;;;;;;;;;;;;;;;;;;;;;;;;;;;;;;;;;;;;;;;;;;;;;;;;;;;;;;;;;;;;;;;;;;;;;;;;;;;;;;;;;;;;;;;;;;;;;;;;;;;;;;;;;;;;;;;;;;;;;;;;;;;;;;;;;;;;;;;;;;;;;;;strict_renda_liquida;national;renda liquida publicada em faixas compativeis
irpf_aeb_brasil_1946_1960_faixas;irpf_aeb_brasil_1946_1960_faixas.csv;bracket_distribution;191;1959;1960;Brasil;irpf_aeb_brasil_1946_1960_faixas;1959;;Brasil;F07;7;De 601 a 750;601;750;0;9737;;669338.194516;;;;;;renda liquida;;IBGE, Anuario Estatistico do Brasil 1961, p. 423, Tabela 2a;https://biblioteca.ibge.gov.br/visualizacao/periodicos/20/aeb_1961.pdf;outputs/fontes-pedro-souza-irpf/aeb_1961.pdf;;420;423;;;1960;6517346;904462;;;;;;;;;;;;;;;;;;;;;;;;;;;;;;;;;;;;;;;;;;;;;;;;;;;;;;;;;;;;;;;;;;;;;;;;;;;;;;;;;;;;;;;;;;;;;;;;;;;;;;;;;;;;;;;;;;;;;;;;;;;;;;;;;;;;;;;;;;;;;;;;;;;;;;;;;;;;;;;;;;;;;;;;;;;;;;;;;;;;;;;;;;;;;;;;;;;;;;;;;;;;;;;;;;;;;;;;;;;;;;;;;;;;;;;;;;;;;;;;;;;;;;;;;;;;;;;;;;;;;;;;;;;;;;;;;;;;;;;;;;;;;;;;;;;;;;;;;;;;;;;;;;;;;;;;;;;;;;;;;;;;;;;;;;;;;;;;;;;;;;;;;;;;;;;;;;;;;;strict_renda_liquida;national;renda liquida publicada em faixas compativeis
irpf_aeb_brasil_1946_1960_faixas;irpf_aeb_brasil_1946_1960_faixas.csv;bracket_distribution;192;1959;1960;Brasil;irpf_aeb_brasil_1946_1960_faixas;1959;;Brasil;F08;8;De 751 a 900;751;900;0;5462;;818068.839253;;;;;;renda liquida;;IBGE, Anuario Estatistico do Brasil 1961, p. 423, Tabela 2a;https://biblioteca.ibge.gov.br/visualizacao/periodicos/20/aeb_1961.pdf;outputs/fontes-pedro-souza-irpf/aeb_1961.pdf;;420;423;;;1960;4468292;718870;;;;;;;;;;;;;;;;;;;;;;;;;;;;;;;;;;;;;;;;;;;;;;;;;;;;;;;;;;;;;;;;;;;;;;;;;;;;;;;;;;;;;;;;;;;;;;;;;;;;;;;;;;;;;;;;;;;;;;;;;;;;;;;;;;;;;;;;;;;;;;;;;;;;;;;;;;;;;;;;;;;;;;;;;;;;;;;;;;;;;;;;;;;;;;;;;;;;;;;;;;;;;;;;;;;;;;;;;;;;;;;;;;;;;;;;;;;;;;;;;;;;;;;;;;;;;;;;;;;;;;;;;;;;;;;;;;;;;;;;;;;;;;;;;;;;;;;;;;;;;;;;;;;;;;;;;;;;;;;;;;;;;;;;;;;;;;;;;;;;;;;;;;;;;;;;;;;;;;strict_renda_liquida;national;renda liquida publicada em faixas compativeis
irpf_aeb_brasil_1946_1960_faixas;irpf_aeb_brasil_1946_1960_faixas.csv;bracket_distribution;193;1959;1960;Brasil;irpf_aeb_brasil_1946_1960_faixas;1959;;Brasil;F09;9;De 901 a 1050;901;1050;0;3485;;969014.060258;;;;;;renda liquida;;IBGE, Anuario Estatistico do Brasil 1961, p. 423, Tabela 2a;https://biblioteca.ibge.gov.br/visualizacao/periodicos/20/aeb_1961.pdf;outputs/fontes-pedro-souza-irpf/aeb_1961.pdf;;420;423;;;1960;3377014;621468;;;;;;;;;;;;;;;;;;;;;;;;;;;;;;;;;;;;;;;;;;;;;;;;;;;;;;;;;;;;;;;;;;;;;;;;;;;;;;;;;;;;;;;;;;;;;;;;;;;;;;;;;;;;;;;;;;;;;;;;;;;;;;;;;;;;;;;;;;;;;;;;;;;;;;;;;;;;;;;;;;;;;;;;;;;;;;;;;;;;;;;;;;;;;;;;;;;;;;;;;;;;;;;;;;;;;;;;;;;;;;;;;;;;;;;;;;;;;;;;;;;;;;;;;;;;;;;;;;;;;;;;;;;;;;;;;;;;;;;;;;;;;;;;;;;;;;;;;;;;;;;;;;;;;;;;;;;;;;;;;;;;;;;;;;;;;;;;;;;;;;;;;;;;;;;;;;;;;;strict_renda_liquida;national;renda liquida publicada em faixas compativeis
irpf_aeb_brasil_1946_1960_faixas;irpf_aeb_brasil_1946_1960_faixas.csv;bracket_distribution;194;1959;1960;Brasil;irpf_aeb_brasil_1946_1960_faixas;1959;;Brasil;F10;10;De 1051 a 1500;1051;1500;0;5110;;1237839.726027;;;;;;renda liquida;;IBGE, Anuario Estatistico do Brasil 1961, p. 423, Tabela 2a;https://biblioteca.ibge.gov.br/visualizacao/periodicos/20/aeb_1961.pdf;outputs/fontes-pedro-souza-irpf/aeb_1961.pdf;;420;423;;;1960;6325361;1395273;;;;;;;;;;;;;;;;;;;;;;;;;;;;;;;;;;;;;;;;;;;;;;;;;;;;;;;;;;;;;;;;;;;;;;;;;;;;;;;;;;;;;;;;;;;;;;;;;;;;;;;;;;;;;;;;;;;;;;;;;;;;;;;;;;;;;;;;;;;;;;;;;;;;;;;;;;;;;;;;;;;;;;;;;;;;;;;;;;;;;;;;;;;;;;;;;;;;;;;;;;;;;;;;;;;;;;;;;;;;;;;;;;;;;;;;;;;;;;;;;;;;;;;;;;;;;;;;;;;;;;;;;;;;;;;;;;;;;;;;;;;;;;;;;;;;;;;;;;;;;;;;;;;;;;;;;;;;;;;;;;;;;;;;;;;;;;;;;;;;;;;;;;;;;;;;;;;;;;strict_renda_liquida;national;renda liquida publicada em faixas compativeis
irpf_aeb_brasil_1946_1960_faixas;irpf_aeb_brasil_1946_1960_faixas.csv;bracket_distribution;195;1959;1960;Brasil;irpf_aeb_brasil_1946_1960_faixas;1959;;Brasil;F11;11;De 1501 a 3000;1501;3000;0;3293;;1988634.679623;;;;;;renda liquida;;IBGE, Anuario Estatistico do Brasil 1961, p. 423, Tabela 2a;https://biblioteca.ibge.gov.br/visualizacao/periodicos/20/aeb_1961.pdf;outputs/fontes-pedro-souza-irpf/aeb_1961.pdf;;420;423;;;1960;6548574;1896684;;;;;;;;;;;;;;;;;;;;;;;;;;;;;;;;;;;;;;;;;;;;;;;;;;;;;;;;;;;;;;;;;;;;;;;;;;;;;;;;;;;;;;;;;;;;;;;;;;;;;;;;;;;;;;;;;;;;;;;;;;;;;;;;;;;;;;;;;;;;;;;;;;;;;;;;;;;;;;;;;;;;;;;;;;;;;;;;;;;;;;;;;;;;;;;;;;;;;;;;;;;;;;;;;;;;;;;;;;;;;;;;;;;;;;;;;;;;;;;;;;;;;;;;;;;;;;;;;;;;;;;;;;;;;;;;;;;;;;;;;;;;;;;;;;;;;;;;;;;;;;;;;;;;;;;;;;;;;;;;;;;;;;;;;;;;;;;;;;;;;;;;;;;;;;;;;;;;;;strict_renda_liquida;national;renda liquida publicada em faixas compativeis
irpf_aeb_brasil_1946_1960_faixas;irpf_aeb_brasil_1946_1960_faixas.csv;bracket_distribution;196;1959;1960;Brasil;irpf_aeb_brasil_1946_1960_faixas;1959;;Brasil;F12;12;De 3001 a 4500;3001;4500;0;519;;3503635.83815;;;;;;renda liquida;;IBGE, Anuario Estatistico do Brasil 1961, p. 423, Tabela 2a;https://biblioteca.ibge.gov.br/visualizacao/periodicos/20/aeb_1961.pdf;outputs/fontes-pedro-souza-irpf/aeb_1961.pdf;;420;423;;;1960;1818387;650234;;;;;;;;;;;;;;;;;;;;;;;;;;;;;;;;;;;;;;;;;;;;;;;;;;;;;;;;;;;;;;;;;;;;;;;;;;;;;;;;;;;;;;;;;;;;;;;;;;;;;;;;;;;;;;;;;;;;;;;;;;;;;;;;;;;;;;;;;;;;;;;;;;;;;;;;;;;;;;;;;;;;;;;;;;;;;;;;;;;;;;;;;;;;;;;;;;;;;;;;;;;;;;;;;;;;;;;;;;;;;;;;;;;;;;;;;;;;;;;;;;;;;;;;;;;;;;;;;;;;;;;;;;;;;;;;;;;;;;;;;;;;;;;;;;;;;;;;;;;;;;;;;;;;;;;;;;;;;;;;;;;;;;;;;;;;;;;;;;;;;;;;;;;;;;;;;;;;;;strict_renda_liquida;national;renda liquida publicada em faixas compativeis
irpf_aeb_brasil_1946_1960_faixas;irpf_aeb_brasil_1946_1960_faixas.csv;bracket_distribution;197;1959;1960;Brasil;irpf_aeb_brasil_1946_1960_faixas;1959;;Brasil;F13;13;Mais de 4501;4501;;1;251;;7696446.215139;;;;;;renda liquida;;IBGE, Anuario Estatistico do Brasil 1961, p. 423, Tabela 2a;https://biblioteca.ibge.gov.br/visualizacao/periodicos/20/aeb_1961.pdf;outputs/fontes-pedro-souza-irpf/aeb_1961.pdf;;420;423;;;1960;1931808;840322;;;;;;;;;;;;;;;;;;;;;;;;;;;;;;;;;;;;;;;;;;;;;;;;;;;;;;;;;;;;;;;;;;;;;;;;;;;;;;;;;;;;;;;;;;;;;;;;;;;;;;;;;;;;;;;;;;;;;;;;;;;;;;;;;;;;;;;;;;;;;;;;;;;;;;;;;;;;;;;;;;;;;;;;;;;;;;;;;;;;;;;;;;;;;;;;;;;;;;;;;;;;;;;;;;;;;;;;;;;;;;;;;;;;;;;;;;;;;;;;;;;;;;;;;;;;;;;;;;;;;;;;;;;;;;;;;;;;;;;;;;;;;;;;;;;;;;;;;;;;;;;;;;;;;;;;;;;;;;;;;;;;;;;;;;;;;;;;;;;;;;;;;;;;;;;;;;;;;;strict_renda_liquida;national;renda liquida publicada em faixas compativeis
irpf_dir_1961_faixas;irpf_dir_1961_faixas.csv;bracket_distribution;1;1960;1961;Brasil;irpf_dir_1961_faixas;;1961;Brasil;F01;1;241 a 300;241;300;0;;;276621.489287;;;Cr$;Cr$ 1.000;Cr$ 1.000;;;Brasil. Ministerio da Fazenda. Divisao de Imposto de Renda. Relatorio do ano de 1961, apresentado ao Excelentissimo Senhor Ministro da Fazenda Nacional pelo Diretor da Divisao do Imposto de Renda. Rio de Janeiro: Ministerio da Fazenda, 1967.;;outputs/fontes-pedro-souza-irpf/relatorio_irpf_ano_1961_publicado_1967.pdf;outputs/fontes-pedro-souza-irpf/relatorio_1961_paginas/relatorio_1961_leaf_0050_pagina_46.png;50;46;Quadro XII;;;;;1960;;;;12034511;;7061870;;;;;;25529;;;;;;;;https://archive.org/details/depeguanaminfaz0000_1_0000relatrenda196167;https://archive.org/download/depeguanaminfaz0000_1_0000relatrenda196167/depeguanaminfaz0000_1_0000relatrenda196167.pdf;;;;;;;;;;;;;;;;;;;;;;;;;;;;;;;;;;;;;;;;;;;;;;;;;;;;;;;;;;;;;;;;;;;;;;;;;;;;;;;;;;;;;;;;;;;;;;;;;;;;;;;;;;;;;;;;;;;;;;;;;;;;;;;;;;;;;;;;;;;;;;;;;;;;;;;;;;;;;;;;;;;;;26520;159717;186237;1918560;1612080;1442001;4972641;4972641;4972641;0;0;50;;;;;;;;;;;;;;;;;;;;;;;;;;;;;;;;;;;;;;;;;;;;;;;;;;;;;;;;;;;;;;;;;;;;;;;;;;;;;;;;;;;;;;;;;;;;;;;;;;;;;;;;;;;;;;;;;;;;;;;;;;;;;;;;;;;;;;;;;;;;;;;;;;;;;;;;;;;;;;;;strict_renda_liquida;national;renda liquida publicada em faixas compativeis
irpf_dir_1961_faixas;irpf_dir_1961_faixas.csv;bracket_distribution;10;1960;1961;Brasil;irpf_dir_1961_faixas;;1961;Brasil;F10;10;1.001 a 1.200;1001;1200;0;;;1066928.2988;;;Cr$;Cr$ 1.000;Cr$ 1.000;;;Brasil. Ministerio da Fazenda. Divisao de Imposto de Renda. Relatorio do ano de 1961, apresentado ao Excelentissimo Senhor Ministro da Fazenda Nacional pelo Diretor da Divisao do Imposto de Renda. Rio de Janeiro: Ministerio da Fazenda, 1967.;;outputs/fontes-pedro-souza-irpf/relatorio_irpf_ano_1961_publicado_1967.pdf;outputs/fontes-pedro-souza-irpf/relatorio_1961_paginas/relatorio_1961_leaf_0050_pagina_46.png;50;46;Quadro XII;;;;;1960;;;;5818764;;3913493;;;;;;3668;;;;;;;;https://archive.org/details/depeguanaminfaz0000_1_0000relatrenda196167;https://archive.org/download/depeguanaminfaz0000_1_0000relatrenda196167/depeguanaminfaz0000_1_0000relatrenda196167.pdf;;;;;;;;;;;;;;;;;;;;;;;;;;;;;;;;;;;;;;;;;;;;;;;;;;;;;;;;;;;;;;;;;;;;;;;;;;;;;;;;;;;;;;;;;;;;;;;;;;;;;;;;;;;;;;;;;;;;;;;;;;;;;;;;;;;;;;;;;;;;;;;;;;;;;;;;;;;;;;;;;;;;;596807;78444;675251;320280;339210;1245781;1905271;1905271;1905271;0;0;50;;;;;;;;;;;;;;;;;;;;;;;;;;;;;;;;;;;;;;;;;;;;;;;;;;;;;;;;;;;;;;;;;;;;;;;;;;;;;;;;;;;;;;;;;;;;;;;;;;;;;;;;;;;;;;;;;;;;;;;;;;;;;;;;;;;;;;;;;;;;;;;;;;;;;;;;;;;;;;;;strict_renda_liquida;national;renda liquida publicada em faixas compativeis
irpf_dir_1961_faixas;irpf_dir_1961_faixas.csv;bracket_distribution;11;1960;1961;Brasil;irpf_dir_1961_faixas;;1961;Brasil;F11;11;1.201 a 1.600;1201;1600;0;;;1296235.414013;;;Cr$;Cr$ 1.000;Cr$ 1.000;;;Brasil. Ministerio da Fazenda. Divisao de Imposto de Renda. Relatorio do ano de 1961, apresentado ao Excelentissimo Senhor Ministro da Fazenda Nacional pelo Diretor da Divisao do Imposto de Renda. Rio de Janeiro: Ministerio da Fazenda, 1967.;;outputs/fontes-pedro-souza-irpf/relatorio_irpf_ano_1961_publicado_1967.pdf;outputs/fontes-pedro-souza-irpf/relatorio_1961_paginas/relatorio_1961_leaf_0050_pagina_46.png;50;46;Quadro XII;"Numero de contribuintes lido como 3.925; o OCR da Internet Archive le 3.025, mas 3.925 fecha o total publicado e coincide com o AEB 1962.";;;;1960;;;;6912990;;5087724;;;;;;3925;;;;;;;;https://archive.org/details/depeguanaminfaz0000_1_0000relatrenda196167;https://archive.org/download/depeguanaminfaz0000_1_0000relatrenda196167/depeguanaminfaz0000_1_0000relatrenda196167.pdf;;;;;;;;;;;;;;;;;;;;;;;;;;;;;;;;;;;;;;;;;;;;;;;;;;;;;;;;;;;;;;;;;;;;;;;;;;;;;;;;;;;;;;;;;;;;;;;;;;;;;;;;;;;;;;;;;;;;;;;;;;;;;;;;;;;;;;;;;;;;;;;;;;;;;;;;;;;;;;;;;;;;;919039;92458;1011497;363840;393570;1067856;1825266;1825266;1825266;0;0;50;;;;;;;;;;;;;;;;;;;;;;;;;;;;;;;;;;;;;;;;;;;;;;;;;;;;;;;;;;;;;;;;;;;;;;;;;;;;;;;;;;;;;;;;;;;;;;;;;;;;;;;;;;;;;;;;;;;;;;;;;;;;;;;;;;;;;;;;;;;;;;;;;;;;;;;;;;;;;;;;strict_renda_liquida;national;renda liquida publicada em faixas compativeis
irpf_dir_1961_faixas;irpf_dir_1961_faixas.csv;bracket_distribution;12;1960;1961;Brasil;irpf_dir_1961_faixas;;1961;Brasil;F12;12;1.601 a 2.000;1601;2000;0;;;1698779.791323;;;Cr$;Cr$ 1.000;Cr$ 1.000;;;Brasil. Ministerio da Fazenda. Divisao de Imposto de Renda. Relatorio do ano de 1961, apresentado ao Excelentissimo Senhor Ministro da Fazenda Nacional pelo Diretor da Divisao do Imposto de Renda. Rio de Janeiro: Ministerio da Fazenda, 1967.;;outputs/fontes-pedro-souza-irpf/relatorio_irpf_ano_1961_publicado_1967.pdf;outputs/fontes-pedro-souza-irpf/relatorio_1961_paginas/relatorio_1961_leaf_0050_pagina_46.png;50;46;Quadro XII;;;;;1960;;;;4154810;;3093478;;;;;;1821;;;;;;;;https://archive.org/details/depeguanaminfaz0000_1_0000relatrenda196167;https://archive.org/download/depeguanaminfaz0000_1_0000relatrenda196167/depeguanaminfaz0000_1_0000relatrenda196167.pdf;;;;;;;;;;;;;;;;;;;;;;;;;;;;;;;;;;;;;;;;;;;;;;;;;;;;;;;;;;;;;;;;;;;;;;;;;;;;;;;;;;;;;;;;;;;;;;;;;;;;;;;;;;;;;;;;;;;;;;;;;;;;;;;;;;;;;;;;;;;;;;;;;;;;;;;;;;;;;;;;;;;;;675409;57901;733310;179760;198000;683572;1061332;1061332;1061332;0;0;50;;;;;;;;;;;;;;;;;;;;;;;;;;;;;;;;;;;;;;;;;;;;;;;;;;;;;;;;;;;;;;;;;;;;;;;;;;;;;;;;;;;;;;;;;;;;;;;;;;;;;;;;;;;;;;;;;;;;;;;;;;;;;;;;;;;;;;;;;;;;;;;;;;;;;;;;;;;;;;;;strict_renda_liquida;national;renda liquida publicada em faixas compativeis
irpf_dir_1961_faixas;irpf_dir_1961_faixas.csv;bracket_distribution;13;1960;1961;Brasil;irpf_dir_1961_faixas;;1961;Brasil;F13;13;2.001 a 2.500;2001;2500;0;;;2151550.877193;;;Cr$;Cr$ 1.000;Cr$ 1.000;;;Brasil. Ministerio da Fazenda. Divisao de Imposto de Renda. Relatorio do ano de 1961, apresentado ao Excelentissimo Senhor Ministro da Fazenda Nacional pelo Diretor da Divisao do Imposto de Renda. Rio de Janeiro: Ministerio da Fazenda, 1967.;;outputs/fontes-pedro-souza-irpf/relatorio_irpf_ano_1961_publicado_1967.pdf;outputs/fontes-pedro-souza-irpf/relatorio_1961_paginas/relatorio_1961_leaf_0050_pagina_46.png;50;46;Quadro XII;;;;;1960;;;;3129224;;2452768;;;;;;1140;;;;;;;;https://archive.org/details/depeguanaminfaz0000_1_0000relatrenda196167;https://archive.org/download/depeguanaminfaz0000_1_0000relatrenda196167/depeguanaminfaz0000_1_0000relatrenda196167.pdf;;;;;;;;;;;;;;;;;;;;;;;;;;;;;;;;;;;;;;;;;;;;;;;;;;;;;;;;;;;;;;;;;;;;;;;;;;;;;;;;;;;;;;;;;;;;;;;;;;;;;;;;;;;;;;;;;;;;;;;;;;;;;;;;;;;;;;;;;;;;;;;;;;;;;;;;;;;;;;;;;;;;;621815;38124;659939;89280;111600;475576;676456;676456;676456;0;0;50;;;;;;;;;;;;;;;;;;;;;;;;;;;;;;;;;;;;;;;;;;;;;;;;;;;;;;;;;;;;;;;;;;;;;;;;;;;;;;;;;;;;;;;;;;;;;;;;;;;;;;;;;;;;;;;;;;;;;;;;;;;;;;;;;;;;;;;;;;;;;;;;;;;;;;;;;;;;;;;;strict_renda_liquida;national;renda liquida publicada em faixas compativeis
irpf_dir_1961_faixas;irpf_dir_1961_faixas.csv;bracket_distribution;14;1960;1961;Brasil;irpf_dir_1961_faixas;;1961;Brasil;F14;14;2.501 a 3.000;2501;3000;0;;;2568723.642173;;;Cr$;Cr$ 1.000;Cr$ 1.000;;;Brasil. Ministerio da Fazenda. Divisao de Imposto de Renda. Relatorio do ano de 1961, apresentado ao Excelentissimo Senhor Ministro da Fazenda Nacional pelo Diretor da Divisao do Imposto de Renda. Rio de Janeiro: Ministerio da Fazenda, 1967.;;outputs/fontes-pedro-souza-irpf/relatorio_irpf_ano_1961_publicado_1967.pdf;outputs/fontes-pedro-souza-irpf/relatorio_1961_paginas/relatorio_1961_leaf_0050_pagina_46.png;50;46;Quadro XII;;;;;1960;;;;1858423;;1608021;;;;;;626;;;;;;;;https://archive.org/details/depeguanaminfaz0000_1_0000relatrenda196167;https://archive.org/download/depeguanaminfaz0000_1_0000relatrenda196167/depeguanaminfaz0000_1_0000relatrenda196167.pdf;;;;;;;;;;;;;;;;;;;;;;;;;;;;;;;;;;;;;;;;;;;;;;;;;;;;;;;;;;;;;;;;;;;;;;;;;;;;;;;;;;;;;;;;;;;;;;;;;;;;;;;;;;;;;;;;;;;;;;;;;;;;;;;;;;;;;;;;;;;;;;;;;;;;;;;;;;;;;;;;;;;;;436753;22876;459629;61920;76230;112252;250402;250402;250402;0;0;50;;;;;;;;;;;;;;;;;;;;;;;;;;;;;;;;;;;;;;;;;;;;;;;;;;;;;;;;;;;;;;;;;;;;;;;;;;;;;;;;;;;;;;;;;;;;;;;;;;;;;;;;;;;;;;;;;;;;;;;;;;;;;;;;;;;;;;;;;;;;;;;;;;;;;;;;;;;;;;;;strict_renda_liquida;national;renda liquida publicada em faixas compativeis
irpf_dir_1961_faixas;irpf_dir_1961_faixas.csv;bracket_distribution;15;1960;1961;Brasil;irpf_dir_1961_faixas;;1961;Brasil;F15;15;3.001 a 4.500;3001;4500;0;;;3225787.234043;;;Cr$;Cr$ 1.000;Cr$ 1.000;;;Brasil. Ministerio da Fazenda. Divisao de Imposto de Renda. Relatorio do ano de 1961, apresentado ao Excelentissimo Senhor Ministro da Fazenda Nacional pelo Diretor da Divisao do Imposto de Renda. Rio de Janeiro: Ministerio da Fazenda, 1967.;;outputs/fontes-pedro-souza-irpf/relatorio_irpf_ano_1961_publicado_1967.pdf;outputs/fontes-pedro-souza-irpf/relatorio_1961_paginas/relatorio_1961_leaf_0050_pagina_46.png;50;46;Quadro XII;;;;;1960;;;;2841053;;2425792;;;;;;752;;;;;;;;https://archive.org/details/depeguanaminfaz0000_1_0000relatrenda196167;https://archive.org/download/depeguanaminfaz0000_1_0000relatrenda196167/depeguanaminfaz0000_1_0000relatrenda196167.pdf;;;;;;;;;;;;;;;;;;;;;;;;;;;;;;;;;;;;;;;;;;;;;;;;;;;;;;;;;;;;;;;;;;;;;;;;;;;;;;;;;;;;;;;;;;;;;;;;;;;;;;;;;;;;;;;;;;;;;;;;;;;;;;;;;;;;;;;;;;;;;;;;;;;;;;;;;;;;;;;;;;;;;736421;29693;766114;74400;84690;256171;415261;415261;415261;0;0;50;;;;;;;;;;;;;;;;;;;;;;;;;;;;;;;;;;;;;;;;;;;;;;;;;;;;;;;;;;;;;;;;;;;;;;;;;;;;;;;;;;;;;;;;;;;;;;;;;;;;;;;;;;;;;;;;;;;;;;;;;;;;;;;;;;;;;;;;;;;;;;;;;;;;;;;;;;;;;;;;strict_renda_liquida;national;renda liquida publicada em faixas compativeis
irpf_dir_1961_faixas;irpf_dir_1961_faixas.csv;bracket_distribution;16;1960;1961;Brasil;irpf_dir_1961_faixas;;1961;Brasil;F16;16;Acima de 4.501;4501;;1;;;7920088.744589;;;Cr$;Cr$ 1.000;Cr$ 1.000;;;Brasil. Ministerio da Fazenda. Divisao de Imposto de Renda. Relatorio do ano de 1961, apresentado ao Excelentissimo Senhor Ministro da Fazenda Nacional pelo Diretor da Divisao do Imposto de Renda. Rio de Janeiro: Ministerio da Fazenda, 1967.;;outputs/fontes-pedro-souza-irpf/relatorio_irpf_ano_1961_publicado_1967.pdf;outputs/fontes-pedro-souza-irpf/relatorio_1961_paginas/relatorio_1961_leaf_0050_pagina_46.png;50;46;Quadro XII;;;;;1960;;;;4139493;;3659081;;;;;;462;;;;;;;;https://archive.org/details/depeguanaminfaz0000_1_0000relatrenda196167;https://archive.org/download/depeguanaminfaz0000_1_0000relatrenda196167/depeguanaminfaz0000_1_0000relatrenda196167.pdf;;;;;;;;;;;;;;;;;;;;;;;;;;;;;;;;;;;;;;;;;;;;;;;;;;;;;;;;;;;;;;;;;;;;;;;;;;;;;;;;;;;;;;;;;;;;;;;;;;;;;;;;;;;;;;;;;;;;;;;;;;;;;;;;;;;;;;;;;;;;;;;;;;;;;;;;;;;;;;;;;;;;;1509851;33457;1543308;45720;44370;390322;480412;480412;480412;0;0;50;;;;;;;;;;;;;;;;;;;;;;;;;;;;;;;;;;;;;;;;;;;;;;;;;;;;;;;;;;;;;;;;;;;;;;;;;;;;;;;;;;;;;;;;;;;;;;;;;;;;;;;;;;;;;;;;;;;;;;;;;;;;;;;;;;;;;;;;;;;;;;;;;;;;;;;;;;;;;;;;strict_renda_liquida;national;renda liquida publicada em faixas compativeis
irpf_dir_1961_faixas;irpf_dir_1961_faixas.csv;bracket_distribution;2;1960;1961;Brasil;irpf_dir_1961_faixas;;1961;Brasil;F02;2;301 a 350;301;350;0;;;329611.025685;;;Cr$;Cr$ 1.000;Cr$ 1.000;;;Brasil. Ministerio da Fazenda. Divisao de Imposto de Renda. Relatorio do ano de 1961, apresentado ao Excelentissimo Senhor Ministro da Fazenda Nacional pelo Diretor da Divisao do Imposto de Renda. Rio de Janeiro: Ministerio da Fazenda, 1967.;;outputs/fontes-pedro-souza-irpf/relatorio_irpf_ano_1961_publicado_1967.pdf;outputs/fontes-pedro-souza-irpf/relatorio_1961_paginas/relatorio_1961_leaf_0050_pagina_46.png;50;46;Quadro XII;;;;;1960;;;;8999447;;5787640;;;;;;17559;;;;;;;;https://archive.org/details/depeguanaminfaz0000_1_0000relatrenda196167;https://archive.org/download/depeguanaminfaz0000_1_0000relatrenda196167/depeguanaminfaz0000_1_0000relatrenda196167.pdf;;;;;;;;;;;;;;;;;;;;;;;;;;;;;;;;;;;;;;;;;;;;;;;;;;;;;;;;;;;;;;;;;;;;;;;;;;;;;;;;;;;;;;;;;;;;;;;;;;;;;;;;;;;;;;;;;;;;;;;;;;;;;;;;;;;;;;;;;;;;;;;;;;;;;;;;;;;;;;;;;;;;;46822;124646;171468;1288680;1124820;798307;3211807;3211807;3211807;0;0;50;;;;;;;;;;;;;;;;;;;;;;;;;;;;;;;;;;;;;;;;;;;;;;;;;;;;;;;;;;;;;;;;;;;;;;;;;;;;;;;;;;;;;;;;;;;;;;;;;;;;;;;;;;;;;;;;;;;;;;;;;;;;;;;;;;;;;;;;;;;;;;;;;;;;;;;;;;;;;;;;strict_renda_liquida;national;renda liquida publicada em faixas compativeis
irpf_dir_1961_faixas;irpf_dir_1961_faixas.csv;bracket_distribution;3;1960;1961;Brasil;irpf_dir_1961_faixas;;1961;Brasil;F03;3;351 a 400;351;400;0;;;389139.52455;;;Cr$;Cr$ 1.000;Cr$ 1.000;;;Brasil. Ministerio da Fazenda. Divisao de Imposto de Renda. Relatorio do ano de 1961, apresentado ao Excelentissimo Senhor Ministro da Fazenda Nacional pelo Diretor da Divisao do Imposto de Renda. Rio de Janeiro: Ministerio da Fazenda, 1967.;;outputs/fontes-pedro-souza-irpf/relatorio_irpf_ano_1961_publicado_1967.pdf;outputs/fontes-pedro-souza-irpf/relatorio_1961_paginas/relatorio_1961_leaf_0050_pagina_46.png;50;46;Quadro XII;;;;;1960;;;;7743079;;5254551;;;;;;13503;;;;;;;;https://archive.org/details/depeguanaminfaz0000_1_0000relatrenda196167;https://archive.org/download/depeguanaminfaz0000_1_0000relatrenda196167/depeguanaminfaz0000_1_0000relatrenda196167.pdf;;;;;;;;;;;;;;;;;;;;;;;;;;;;;;;;;;;;;;;;;;;;;;;;;;;;;;;;;;;;;;;;;;;;;;;;;;;;;;;;;;;;;;;;;;;;;;;;;;;;;;;;;;;;;;;;;;;;;;;;;;;;;;;;;;;;;;;;;;;;;;;;;;;;;;;;;;;;;;;;;;;;;84656;105998;190654;1010280;907020;571228;2488528;2488528;2488528;0;0;50;;;;;;;;;;;;;;;;;;;;;;;;;;;;;;;;;;;;;;;;;;;;;;;;;;;;;;;;;;;;;;;;;;;;;;;;;;;;;;;;;;;;;;;;;;;;;;;;;;;;;;;;;;;;;;;;;;;;;;;;;;;;;;;;;;;;;;;;;;;;;;;;;;;;;;;;;;;;;;;;strict_renda_liquida;national;renda liquida publicada em faixas compativeis
irpf_dir_1961_faixas;irpf_dir_1961_faixas.csv;bracket_distribution;4;1960;1961;Brasil;irpf_dir_1961_faixas;;1961;Brasil;F04;4;401 a 450;401;450;0;;;447178.595707;;;Cr$;Cr$ 1.000;Cr$ 1.000;;;Brasil. Ministerio da Fazenda. Divisao de Imposto de Renda. Relatorio do ano de 1961, apresentado ao Excelentissimo Senhor Ministro da Fazenda Nacional pelo Diretor da Divisao do Imposto de Renda. Rio de Janeiro: Ministerio da Fazenda, 1967.;;outputs/fontes-pedro-souza-irpf/relatorio_irpf_ano_1961_publicado_1967.pdf;outputs/fontes-pedro-souza-irpf/relatorio_1961_paginas/relatorio_1961_leaf_0050_pagina_46.png;50;46;Quadro XII;;;;;1960;;;;6676820;;4604598;;;;;;10297;;;;;;;;https://archive.org/details/depeguanaminfaz0000_1_0000relatrenda196167;https://archive.org/download/depeguanaminfaz0000_1_0000relatrenda196167/depeguanaminfaz0000_1_0000relatrenda196167.pdf;;;;;;;;;;;;;;;;;;;;;;;;;;;;;;;;;;;;;;;;;;;;;;;;;;;;;;;;;;;;;;;;;;;;;;;;;;;;;;;;;;;;;;;;;;;;;;;;;;;;;;;;;;;;;;;;;;;;;;;;;;;;;;;;;;;;;;;;;;;;;;;;;;;;;;;;;;;;;;;;;;;;;131650;92392;224042;808560;757890;505772;2072222;2072222;2072222;0;0;50;;;;;;;;;;;;;;;;;;;;;;;;;;;;;;;;;;;;;;;;;;;;;;;;;;;;;;;;;;;;;;;;;;;;;;;;;;;;;;;;;;;;;;;;;;;;;;;;;;;;;;;;;;;;;;;;;;;;;;;;;;;;;;;;;;;;;;;;;;;;;;;;;;;;;;;;;;;;;;;;strict_renda_liquida;national;renda liquida publicada em faixas compativeis
irpf_dir_1961_faixas;irpf_dir_1961_faixas.csv;bracket_distribution;5;1960;1961;Brasil;irpf_dir_1961_faixas;;1961;Brasil;F05;5;451 a 500;451;500;0;;;517936.233686;;;Cr$;Cr$ 1.000;Cr$ 1.000;;;Brasil. Ministerio da Fazenda. Divisao de Imposto de Renda. Relatorio do ano de 1961, apresentado ao Excelentissimo Senhor Ministro da Fazenda Nacional pelo Diretor da Divisao do Imposto de Renda. Rio de Janeiro: Ministerio da Fazenda, 1967.;;outputs/fontes-pedro-souza-irpf/relatorio_irpf_ano_1961_publicado_1967.pdf;outputs/fontes-pedro-souza-irpf/relatorio_1961_paginas/relatorio_1961_leaf_0050_pagina_46.png;50;46;Quadro XII;;;;;1960;;;;6160254;;4166797;;;;;;8045;;;;;;;;https://archive.org/details/depeguanaminfaz0000_1_0000relatrenda196167;https://archive.org/download/depeguanaminfaz0000_1_0000relatrenda196167/depeguanaminfaz0000_1_0000relatrenda196167.pdf;;;;;;;;;;;;;;;;;;;;;;;;;;;;;;;;;;;;;;;;;;;;;;;;;;;;;;;;;;;;;;;;;;;;;;;;;;;;;;;;;;;;;;;;;;;;;;;;;;;;;;;;;;;;;;;;;;;;;;;;;;;;;;;;;;;;;;;;;;;;;;;;;;;;;;;;;;;;;;;;;;;;;201014;90898;291912;656400;627840;709217;1993457;1993457;1993457;0;0;50;;;;;;;;;;;;;;;;;;;;;;;;;;;;;;;;;;;;;;;;;;;;;;;;;;;;;;;;;;;;;;;;;;;;;;;;;;;;;;;;;;;;;;;;;;;;;;;;;;;;;;;;;;;;;;;;;;;;;;;;;;;;;;;;;;;;;;;;;;;;;;;;;;;;;;;;;;;;;;;;strict_renda_liquida;national;renda liquida publicada em faixas compativeis
irpf_dir_1961_faixas;irpf_dir_1961_faixas.csv;bracket_distribution;6;1960;1961;Brasil;irpf_dir_1961_faixas;;1961;Brasil;F06;6;501 a 600;501;600;0;;;564856.489262;;;Cr$;Cr$ 1.000;Cr$ 1.000;;;Brasil. Ministerio da Fazenda. Divisao de Imposto de Renda. Relatorio do ano de 1961, apresentado ao Excelentissimo Senhor Ministro da Fazenda Nacional pelo Diretor da Divisao do Imposto de Renda. Rio de Janeiro: Ministerio da Fazenda, 1967.;;outputs/fontes-pedro-souza-irpf/relatorio_irpf_ano_1961_publicado_1967.pdf;outputs/fontes-pedro-souza-irpf/relatorio_1961_paginas/relatorio_1961_leaf_0050_pagina_46.png;50;46;Quadro XII;A soma dos subtipos de abatimentos nesta faixa difere do total de abatimentos em 9090 (Cr$ 1.000).;;;;1960;;;;8937844;;6049613;;;;;;10710;;;;;;;;https://archive.org/details/depeguanaminfaz0000_1_0000relatrenda196167;https://archive.org/download/depeguanaminfaz0000_1_0000relatrenda196167/depeguanaminfaz0000_1_0000relatrenda196167.pdf;;;;;;;;;;;;;;;;;;;;;;;;;;;;;;;;;;;;;;;;;;;;;;;;;;;;;;;;;;;;;;;;;;;;;;;;;;;;;;;;;;;;;;;;;;;;;;;;;;;;;;;;;;;;;;;;;;;;;;;;;;;;;;;;;;;;;;;;;;;;;;;;;;;;;;;;;;;;;;;;;;;;;419210;133681;552891;850440;828000;1200701;2879141;2888231;2888231;9090;0;50;;;;;;;;;;;;;;;;;;;;;;;;;;;;;;;;;;;;;;;;;;;;;;;;;;;;;;;;;;;;;;;;;;;;;;;;;;;;;;;;;;;;;;;;;;;;;;;;;;;;;;;;;;;;;;;;;;;;;;;;;;;;;;;;;;;;;;;;;;;;;;;;;;;;;;;;;;;;;;;;strict_renda_liquida;national;renda liquida publicada em faixas compativeis
irpf_dir_1961_faixas;irpf_dir_1961_faixas.csv;bracket_distribution;7;1960;1961;Brasil;irpf_dir_1961_faixas;;1961;Brasil;F07;7;601 a 700;601;700;0;;;676042.920928;;;Cr$;Cr$ 1.000;Cr$ 1.000;;;Brasil. Ministerio da Fazenda. Divisao de Imposto de Renda. Relatorio do ano de 1961, apresentado ao Excelentissimo Senhor Ministro da Fazenda Nacional pelo Diretor da Divisao do Imposto de Renda. Rio de Janeiro: Ministerio da Fazenda, 1967.;;outputs/fontes-pedro-souza-irpf/relatorio_irpf_ano_1961_publicado_1967.pdf;outputs/fontes-pedro-souza-irpf/relatorio_1961_paginas/relatorio_1961_leaf_0050_pagina_46.png;50;46;Quadro XII;;;;;1960;;;;6397968;;4693766;;;;;;6943;;;;;;;;https://archive.org/details/depeguanaminfaz0000_1_0000relatrenda196167;https://archive.org/download/depeguanaminfaz0000_1_0000relatrenda196167/depeguanaminfaz0000_1_0000relatrenda196167.pdf;;;;;;;;;;;;;;;;;;;;;;;;;;;;;;;;;;;;;;;;;;;;;;;;;;;;;;;;;;;;;;;;;;;;;;;;;;;;;;;;;;;;;;;;;;;;;;;;;;;;;;;;;;;;;;;;;;;;;;;;;;;;;;;;;;;;;;;;;;;;;;;;;;;;;;;;;;;;;;;;;;;;;377769;92917;470686;614040;611820;478342;1704202;1704202;1704202;0;0;50;;;;;;;;;;;;;;;;;;;;;;;;;;;;;;;;;;;;;;;;;;;;;;;;;;;;;;;;;;;;;;;;;;;;;;;;;;;;;;;;;;;;;;;;;;;;;;;;;;;;;;;;;;;;;;;;;;;;;;;;;;;;;;;;;;;;;;;;;;;;;;;;;;;;;;;;;;;;;;;;strict_renda_liquida;national;renda liquida publicada em faixas compativeis
irpf_dir_1961_faixas;irpf_dir_1961_faixas.csv;bracket_distribution;8;1960;1961;Brasil;irpf_dir_1961_faixas;;1961;Brasil;F08;8;701 a 800;701;800;0;;;717107.128554;;;Cr$;Cr$ 1.000;Cr$ 1.000;;;Brasil. Ministerio da Fazenda. Divisao de Imposto de Renda. Relatorio do ano de 1961, apresentado ao Excelentissimo Senhor Ministro da Fazenda Nacional pelo Diretor da Divisao do Imposto de Renda. Rio de Janeiro: Ministerio da Fazenda, 1967.;;outputs/fontes-pedro-souza-irpf/relatorio_irpf_ano_1961_publicado_1967.pdf;outputs/fontes-pedro-souza-irpf/relatorio_1961_paginas/relatorio_1961_leaf_0050_pagina_46.png;50;46;Quadro XII;A soma dos subtipos de abatimentos nesta faixa difere do total de abatimentos em 60 (Cr$ 1.000).;;;;1960;;;;5008608;;3581233;;;;;;4994;;;;;;;;https://archive.org/details/depeguanaminfaz0000_1_0000relatrenda196167;https://archive.org/download/depeguanaminfaz0000_1_0000relatrenda196167/depeguanaminfaz0000_1_0000relatrenda196167.pdf;;;;;;;;;;;;;;;;;;;;;;;;;;;;;;;;;;;;;;;;;;;;;;;;;;;;;;;;;;;;;;;;;;;;;;;;;;;;;;;;;;;;;;;;;;;;;;;;;;;;;;;;;;;;;;;;;;;;;;;;;;;;;;;;;;;;;;;;;;;;;;;;;;;;;;;;;;;;;;;;;;;;;321425;72204;393629;443700;439740;543875;1427315;1427375;1427375;60;0;50;;;;;;;;;;;;;;;;;;;;;;;;;;;;;;;;;;;;;;;;;;;;;;;;;;;;;;;;;;;;;;;;;;;;;;;;;;;;;;;;;;;;;;;;;;;;;;;;;;;;;;;;;;;;;;;;;;;;;;;;;;;;;;;;;;;;;;;;;;;;;;;;;;;;;;;;;;;;;;;;strict_renda_liquida;national;renda liquida publicada em faixas compativeis
irpf_dir_1961_faixas;irpf_dir_1961_faixas.csv;bracket_distribution;9;1960;1961;Brasil;irpf_dir_1961_faixas;;1961;Brasil;F09;9;801 a 1.000;801;1000;0;;;848805.479452;;;Cr$;Cr$ 1.000;Cr$ 1.000;;;Brasil. Ministerio da Fazenda. Divisao de Imposto de Renda. Relatorio do ano de 1961, apresentado ao Excelentissimo Senhor Ministro da Fazenda Nacional pelo Diretor da Divisao do Imposto de Renda. Rio de Janeiro: Ministerio da Fazenda, 1967.;;outputs/fontes-pedro-souza-irpf/relatorio_irpf_ano_1961_publicado_1967.pdf;outputs/fontes-pedro-souza-irpf/relatorio_1961_paginas/relatorio_1961_leaf_0050_pagina_46.png;50;46;Quadro XII;;;;;1960;;;;6804979;;5266838;;;;;;6205;;;;;;;;https://archive.org/details/depeguanaminfaz0000_1_0000relatrenda196167;https://archive.org/download/depeguanaminfaz0000_1_0000relatrenda196167/depeguanaminfaz0000_1_0000relatrenda196167.pdf;;;;;;;;;;;;;;;;;;;;;;;;;;;;;;;;;;;;;;;;;;;;;;;;;;;;;;;;;;;;;;;;;;;;;;;;;;;;;;;;;;;;;;;;;;;;;;;;;;;;;;;;;;;;;;;;;;;;;;;;;;;;;;;;;;;;;;;;;;;;;;;;;;;;;;;;;;;;;;;;;;;;;599317;93052;692369;485760;545670;506711;1538141;1538141;1538141;0;0;50;;;;;;;;;;;;;;;;;;;;;;;;;;;;;;;;;;;;;;;;;;;;;;;;;;;;;;;;;;;;;;;;;;;;;;;;;;;;;;;;;;;;;;;;;;;;;;;;;;;;;;;;;;;;;;;;;;;;;;;;;;;;;;;;;;;;;;;;;;;;;;;;;;;;;;;;;;;;;;;;strict_renda_liquida;national;renda liquida publicada em faixas compativeis
irpf_dir_1964_faixas;irpf_dir_1964_faixas.csv;bracket_distribution;1;1963;1964;Brasil;irpf_dir_1964_faixas;;1964;Brasil;F01;1;Ate 504;;504;0;;;474320.195775;;;Cr$;Cr$ 1.000;Cr$ 1.000;;;Brasil. Ministerio da Fazenda. Divisao de Imposto de Renda. Relatorio das atividades do exercicio ano de 1964. Rio de Janeiro: Imprensa Nacional, 1964.;;outputs/fontes-pedro-souza-irpf/relatorio_irpf_ano_1964.pdf;;;;Tabelas sem numero das paginas 71 e 77;"O total da coluna 'viuvos, solteiros e espolio' inclui os espolios; a coluna 'contribuintes_solteiros_viuvos' foi calculada subtraindo os espolios.";;;;1963;;;;4601530;;1841311;;;;;;3882;3435;50;;0;8001;;;https://archive.org/details/relatatvfaz000000_3_000000impostrend1964;https://archive.org/download/relatatvfaz000000_3_000000impostrend1964/relatatvfaz000000_3_000000impostrend1964.pdf;;;;;outputs/fontes-pedro-souza-irpf/relatorio_1964_paginas/relatorio_1964_leaf_0081_pagina_71.png;;;;outputs/fontes-pedro-souza-irpf/relatorio_1964_paginas/relatorio_1964_leaf_0090_pagina_77.png;;;;;;;;;;;;;;;;;;;;;;;;;;;;;;;;;;;;;;;;;;;;;;;;;;;;;;;;;;;;;;;;;;;;;;;;;;;;;3882;0;;;;;;;;;;;;;;;;;;;;;;;;;;;;;;;;;;;;;;;;;;;;;;;;;;;;;;;;;;;;;;;;;;;;;;;;;;;;;;0;57087;57087;;;;;;;;;;2760219;7878;397;397;71;81;77;90;;;;;;;;;;;;;;;;;;;;;;;;;;;;;;;;;;;;;;;;;;;;;;;;;;;;;;;;;;;;;;;;;;;;;;;;;;;;;;;;;;;;;;;;;;;;;;;;;;;;;;;;;;;;;;;;;;;;;;;;;;;;;;;;;;;;;;;;;;;;;;;;;;;;;;;;strict_renda_liquida;national;renda liquida publicada em faixas compativeis
irpf_dir_1964_faixas;irpf_dir_1964_faixas.csv;bracket_distribution;10;1963;1964;Brasil;irpf_dir_1964_faixas;;1964;Brasil;F10;10;3.781 a 5.250;3781;5250;0;;;4176901.588656;;;Cr$;Cr$ 1.000;Cr$ 1.000;;;Brasil. Ministerio da Fazenda. Divisao de Imposto de Renda. Relatorio das atividades do exercicio ano de 1964. Rio de Janeiro: Imprensa Nacional, 1964.;;outputs/fontes-pedro-souza-irpf/relatorio_irpf_ano_1964.pdf;;;;Tabelas sem numero das paginas 71 e 77;;;;;1963;;;;46327116;;39175160;;;;;;9379;7857;143;;35;14208;;;https://archive.org/details/relatatvfaz000000_3_000000impostrend1964;https://archive.org/download/relatatvfaz000000_3_000000impostrend1964/relatatvfaz000000_3_000000impostrend1964.pdf;;;;;outputs/fontes-pedro-souza-irpf/relatorio_1964_paginas/relatorio_1964_leaf_0081_pagina_71.png;;;;outputs/fontes-pedro-souza-irpf/relatorio_1964_paginas/relatorio_1964_leaf_0090_pagina_77.png;;;;;;;;;;;;;;;;;;;;;;;;;;;;;;;;;;;;;;;;;;;;;;;;;;;;;;;;;;;;;;;;;;;;;;;;;;;;;9379;0;;;;;;;;;;;;;;;;;;;;;;;;;;;;;;;;;;;;;;;;;;;;;;;;;;;;;;;;;;;;;;;;;;;;;;;;;;;;;;6983907;563249;7547156;;;;;;;;;;7151956;143132;1379;1344;71;81;77;90;;;;;;;;;;;;;;;;;;;;;;;;;;;;;;;;;;;;;;;;;;;;;;;;;;;;;;;;;;;;;;;;;;;;;;;;;;;;;;;;;;;;;;;;;;;;;;;;;;;;;;;;;;;;;;;;;;;;;;;;;;;;;;;;;;;;;;;;;;;;;;;;;;;;;;;;strict_renda_liquida;national;renda liquida publicada em faixas compativeis
irpf_dir_1964_faixas;irpf_dir_1964_faixas.csv;bracket_distribution;11;1963;1964;Brasil;irpf_dir_1964_faixas;;1964;Brasil;F11;11;5.251 a 7.350;5251;7350;0;;;6061804.167713;;;Cr$;Cr$ 1.000;Cr$ 1.000;;;Brasil. Ministerio da Fazenda. Divisao de Imposto de Renda. Relatorio das atividades do exercicio ano de 1964. Rio de Janeiro: Imprensa Nacional, 1964.;;outputs/fontes-pedro-souza-irpf/relatorio_irpf_ano_1964.pdf;;;;Tabelas sem numero das paginas 71 e 77;;;;;1963;;;;27521378;;24144166;;;;;;3983;3405;42;;21;5958;;;https://archive.org/details/relatatvfaz000000_3_000000impostrend1964;https://archive.org/download/relatatvfaz000000_3_000000impostrend1964/relatatvfaz000000_3_000000impostrend1964.pdf;;;;;outputs/fontes-pedro-souza-irpf/relatorio_1964_paginas/relatorio_1964_leaf_0081_pagina_71.png;;;;outputs/fontes-pedro-souza-irpf/relatorio_1964_paginas/relatorio_1964_leaf_0090_pagina_77.png;;;;;;;;;;;;;;;;;;;;;;;;;;;;;;;;;;;;;;;;;;;;;;;;;;;;;;;;;;;;;;;;;;;;;;;;;;;;;3983;0;;;;;;;;;;;;;;;;;;;;;;;;;;;;;;;;;;;;;;;;;;;;;;;;;;;;;;;;;;;;;;;;;;;;;;;;;;;;;;5754998;316066;6071064;;;;;;;;;;3377212;795662;536;515;71;81;77;90;;;;;;;;;;;;;;;;;;;;;;;;;;;;;;;;;;;;;;;;;;;;;;;;;;;;;;;;;;;;;;;;;;;;;;;;;;;;;;;;;;;;;;;;;;;;;;;;;;;;;;;;;;;;;;;;;;;;;;;;;;;;;;;;;;;;;;;;;;;;;;;;;;;;;;;;strict_renda_liquida;national;renda liquida publicada em faixas compativeis
irpf_dir_1964_faixas;irpf_dir_1964_faixas.csv;bracket_distribution;12;1963;1964;Brasil;irpf_dir_1964_faixas;;1964;Brasil;F12;12;7.351 a 9.450;7351;9450;0;;;8194530.394122;;;Cr$;Cr$ 1.000;Cr$ 1.000;;;Brasil. Ministerio da Fazenda. Divisao de Imposto de Renda. Relatorio das atividades do exercicio ano de 1964. Rio de Janeiro: Imprensa Nacional, 1964.;;outputs/fontes-pedro-souza-irpf/relatorio_irpf_ano_1964.pdf;;;;Tabelas sem numero das paginas 71 e 77;;;;;1963;;;;13734979;;12267212;;;;;;1497;1284;14;;8;2343;;;https://archive.org/details/relatatvfaz000000_3_000000impostrend1964;https://archive.org/download/relatatvfaz000000_3_000000impostrend1964/relatatvfaz000000_3_000000impostrend1964.pdf;;;;;outputs/fontes-pedro-souza-irpf/relatorio_1964_paginas/relatorio_1964_leaf_0081_pagina_71.png;;;;outputs/fontes-pedro-souza-irpf/relatorio_1964_paginas/relatorio_1964_leaf_0090_pagina_77.png;;;;;;;;;;;;;;;;;;;;;;;;;;;;;;;;;;;;;;;;;;;;;;;;;;;;;;;;;;;;;;;;;;;;;;;;;;;;;1497;0;;;;;;;;;;;;;;;;;;;;;;;;;;;;;;;;;;;;;;;;;;;;;;;;;;;;;;;;;;;;;;;;;;;;;;;;;;;;;;3503265;147701;3650966;;;;;;;;;;1467767;62843;199;191;71;81;77;90;;;;;;;;;;;;;;;;;;;;;;;;;;;;;;;;;;;;;;;;;;;;;;;;;;;;;;;;;;;;;;;;;;;;;;;;;;;;;;;;;;;;;;;;;;;;;;;;;;;;;;;;;;;;;;;;;;;;;;;;;;;;;;;;;;;;;;;;;;;;;;;;;;;;;;;;strict_renda_liquida;national;renda liquida publicada em faixas compativeis
irpf_dir_1964_faixas;irpf_dir_1964_faixas.csv;bracket_distribution;13;1963;1964;Brasil;irpf_dir_1964_faixas;;1964;Brasil;F13;13;9.451 a 12.600;9451;12600;0;;;10550764.512596;;;Cr$;Cr$ 1.000;Cr$ 1.000;;;Brasil. Ministerio da Fazenda. Divisao de Imposto de Renda. Relatorio das atividades do exercicio ano de 1964. Rio de Janeiro: Imprensa Nacional, 1964.;;outputs/fontes-pedro-souza-irpf/relatorio_irpf_ano_1964.pdf;;;;Tabelas sem numero das paginas 71 e 77;;;;;1963;;;;10622377;;9632848;;;;;;913;756;12;;3;1409;;;https://archive.org/details/relatatvfaz000000_3_000000impostrend1964;https://archive.org/download/relatatvfaz000000_3_000000impostrend1964/relatatvfaz000000_3_000000impostrend1964.pdf;;;;;outputs/fontes-pedro-souza-irpf/relatorio_1964_paginas/relatorio_1964_leaf_0081_pagina_71.png;;;;outputs/fontes-pedro-souza-irpf/relatorio_1964_paginas/relatorio_1964_leaf_0090_pagina_77.png;;;;;;;;;;;;;;;;;;;;;;;;;;;;;;;;;;;;;;;;;;;;;;;;;;;;;;;;;;;;;;;;;;;;;;;;;;;;;913;0;;;;;;;;;;;;;;;;;;;;;;;;;;;;;;;;;;;;;;;;;;;;;;;;;;;;;;;;;;;;;;;;;;;;;;;;;;;;;;3164977;102896;3267873;;;;;;;;;;989529;52326;145;142;71;81;77;90;;;;;;;;;;;;;;;;;;;;;;;;;;;;;;;;;;;;;;;;;;;;;;;;;;;;;;;;;;;;;;;;;;;;;;;;;;;;;;;;;;;;;;;;;;;;;;;;;;;;;;;;;;;;;;;;;;;;;;;;;;;;;;;;;;;;;;;;;;;;;;;;;;;;;;;;strict_renda_liquida;national;renda liquida publicada em faixas compativeis
irpf_dir_1964_faixas;irpf_dir_1964_faixas.csv;bracket_distribution;14;1963;1964;Brasil;irpf_dir_1964_faixas;;1964;Brasil;F14;14;12.601 a 16.800;12601;16800;0;;;14329070.393375;;;Cr$;Cr$ 1.000;Cr$ 1.000;;;Brasil. Ministerio da Fazenda. Divisao de Imposto de Renda. Relatorio das atividades do exercicio ano de 1964. Rio de Janeiro: Imprensa Nacional, 1964.;;outputs/fontes-pedro-souza-irpf/relatorio_irpf_ano_1964.pdf;;;;Tabelas sem numero das paginas 71 e 77;;;;;1963;;;;7492974;;6920941;;;;;;483;416;7;;2;742;;;https://archive.org/details/relatatvfaz000000_3_000000impostrend1964;https://archive.org/download/relatatvfaz000000_3_000000impostrend1964/relatatvfaz000000_3_000000impostrend1964.pdf;;;;;outputs/fontes-pedro-souza-irpf/relatorio_1964_paginas/relatorio_1964_leaf_0081_pagina_71.png;;;;outputs/fontes-pedro-souza-irpf/relatorio_1964_paginas/relatorio_1964_leaf_0090_pagina_77.png;;;;;;;;;;;;;;;;;;;;;;;;;;;;;;;;;;;;;;;;;;;;;;;;;;;;;;;;;;;;;;;;;;;;;;;;;;;;;483;0;;;;;;;;;;;;;;;;;;;;;;;;;;;;;;;;;;;;;;;;;;;;;;;;;;;;;;;;;;;;;;;;;;;;;;;;;;;;;;2655187;66732;2721919;;;;;;;;;;572033;66917;60;58;71;81;77;90;;;;;;;;;;;;;;;;;;;;;;;;;;;;;;;;;;;;;;;;;;;;;;;;;;;;;;;;;;;;;;;;;;;;;;;;;;;;;;;;;;;;;;;;;;;;;;;;;;;;;;;;;;;;;;;;;;;;;;;;;;;;;;;;;;;;;;;;;;;;;;;;;;;;;;;;strict_renda_liquida;national;renda liquida publicada em faixas compativeis
irpf_dir_1964_faixas;irpf_dir_1964_faixas.csv;bracket_distribution;15;1963;1964;Brasil;irpf_dir_1964_faixas;;1964;Brasil;F15;15;Acima de 16.801;16801;;1;;;24571800.554017;;;Cr$;Cr$ 1.000;Cr$ 1.000;;;Brasil. Ministerio da Fazenda. Divisao de Imposto de Renda. Relatorio das atividades do exercicio ano de 1964. Rio de Janeiro: Imprensa Nacional, 1964.;;outputs/fontes-pedro-souza-irpf/relatorio_irpf_ano_1964.pdf;;;;Tabelas sem numero das paginas 71 e 77;;;;;1963;;;;9505609;;8870420;;;;;;361;314;3;;2;472;;;https://archive.org/details/relatatvfaz000000_3_000000impostrend1964;https://archive.org/download/relatatvfaz000000_3_000000impostrend1964/relatatvfaz000000_3_000000impostrend1964.pdf;;;;;outputs/fontes-pedro-souza-irpf/relatorio_1964_paginas/relatorio_1964_leaf_0081_pagina_71.png;;;;outputs/fontes-pedro-souza-irpf/relatorio_1964_paginas/relatorio_1964_leaf_0090_pagina_77.png;;;;;;;;;;;;;;;;;;;;;;;;;;;;;;;;;;;;;;;;;;;;;;;;;;;;;;;;;;;;;;;;;;;;;;;;;;;;;361;0;;;;;;;;;;;;;;;;;;;;;;;;;;;;;;;;;;;;;;;;;;;;;;;;;;;;;;;;;;;;;;;;;;;;;;;;;;;;;;4316590;70713;4387303;;;;;;;;;;635189;44306;44;42;71;81;77;90;;;;;;;;;;;;;;;;;;;;;;;;;;;;;;;;;;;;;;;;;;;;;;;;;;;;;;;;;;;;;;;;;;;;;;;;;;;;;;;;;;;;;;;;;;;;;;;;;;;;;;;;;;;;;;;;;;;;;;;;;;;;;;;;;;;;;;;;;;;;;;;;;;;;;;;;strict_renda_liquida;national;renda liquida publicada em faixas compativeis
irpf_dir_1964_faixas;irpf_dir_1964_faixas.csv;bracket_distribution;2;1963;1964;Brasil;irpf_dir_1964_faixas;;1964;Brasil;F02;2;505 a 630;505;630;0;;;579202.232963;;;Cr$;Cr$ 1.000;Cr$ 1.000;;;Brasil. Ministerio da Fazenda. Divisao de Imposto de Renda. Relatorio das atividades do exercicio ano de 1964. Rio de Janeiro: Imprensa Nacional, 1964.;;outputs/fontes-pedro-souza-irpf/relatorio_irpf_ano_1964.pdf;;;;Tabelas sem numero das paginas 71 e 77;;;;;1963;;;;62807711;;37507399;;;;;;64757;39750;1696;;72;63052;;;https://archive.org/details/relatatvfaz000000_3_000000impostrend1964;https://archive.org/download/relatatvfaz000000_3_000000impostrend1964/relatatvfaz000000_3_000000impostrend1964.pdf;;;;;outputs/fontes-pedro-souza-irpf/relatorio_1964_paginas/relatorio_1964_leaf_0081_pagina_71.png;;;;outputs/fontes-pedro-souza-irpf/relatorio_1964_paginas/relatorio_1964_leaf_0090_pagina_77.png;;;;;;;;;;;;;;;;;;;;;;;;;;;;;;;;;;;;;;;;;;;;;;;;;;;;;;;;;;;;;;;;;;;;;;;;;;;;;64757;0;;;;;;;;;;;;;;;;;;;;;;;;;;;;;;;;;;;;;;;;;;;;;;;;;;;;;;;;;;;;;;;;;;;;;;;;;;;;;;172829;823086;995915;;;;;;;;;;25300312;50312;23311;23239;71;81;77;90;;;;;;;;;;;;;;;;;;;;;;;;;;;;;;;;;;;;;;;;;;;;;;;;;;;;;;;;;;;;;;;;;;;;;;;;;;;;;;;;;;;;;;;;;;;;;;;;;;;;;;;;;;;;;;;;;;;;;;;;;;;;;;;;;;;;;;;;;;;;;;;;;;;;;;;;strict_renda_liquida;national;renda liquida publicada em faixas compativeis
irpf_dir_1964_faixas;irpf_dir_1964_faixas.csv;bracket_distribution;3;1963;1964;Brasil;irpf_dir_1964_faixas;;1964;Brasil;F03;3;631 a 945;631;945;0;;;785088.823641;;;Cr$;Cr$ 1.000;Cr$ 1.000;;;Brasil. Ministerio da Fazenda. Divisao de Imposto de Renda. Relatorio das atividades do exercicio ano de 1964. Rio de Janeiro: Imprensa Nacional, 1964.;;outputs/fontes-pedro-souza-irpf/relatorio_irpf_ano_1964.pdf;;;;Tabelas sem numero das paginas 71 e 77;;;;;1963;;;;236521354;;120056568;;;;;;152921;95922;5196;;191;150186;;;https://archive.org/details/relatatvfaz000000_3_000000impostrend1964;https://archive.org/download/relatatvfaz000000_3_000000impostrend1964/relatatvfaz000000_3_000000impostrend1964.pdf;;;;;outputs/fontes-pedro-souza-irpf/relatorio_1964_paginas/relatorio_1964_leaf_0081_pagina_71.png;;;;outputs/fontes-pedro-souza-irpf/relatorio_1964_paginas/relatorio_1964_leaf_0090_pagina_77.png;;;;;;;;;;;;;;;;;;;;;;;;;;;;;;;;;;;;;;;;;;;;;;;;;;;;;;;;;;;;;;;;;;;;;;;;;;;;;152921;0;;;;;;;;;;;;;;;;;;;;;;;;;;;;;;;;;;;;;;;;;;;;;;;;;;;;;;;;;;;;;;;;;;;;;;;;;;;;;;1845127;2249447;4094574;;;;;;;;;;116464786;228043;51803;51612;71;81;77;90;;;;;;;;;;;;;;;;;;;;;;;;;;;;;;;;;;;;;;;;;;;;;;;;;;;;;;;;;;;;;;;;;;;;;;;;;;;;;;;;;;;;;;;;;;;;;;;;;;;;;;;;;;;;;;;;;;;;;;;;;;;;;;;;;;;;;;;;;;;;;;;;;;;;;;;;strict_renda_liquida;national;renda liquida publicada em faixas compativeis
irpf_dir_1964_faixas;irpf_dir_1964_faixas.csv;bracket_distribution;4;1963;1964;Brasil;irpf_dir_1964_faixas;;1964;Brasil;F04;4;946 a 1.260;946;1260;0;;;1109192.821735;;;Cr$;Cr$ 1.000;Cr$ 1.000;;;Brasil. Ministerio da Fazenda. Divisao de Imposto de Renda. Relatorio das atividades do exercicio ano de 1964. Rio de Janeiro: Imprensa Nacional, 1964.;;outputs/fontes-pedro-souza-irpf/relatorio_irpf_ano_1964.pdf;;;;Tabelas sem numero das paginas 71 e 77;;;;;1963;;;;139056959;;98677121;;;;;;88963;57954;3888;;111;93957;;;https://archive.org/details/relatatvfaz000000_3_000000impostrend1964;https://archive.org/download/relatatvfaz000000_3_000000impostrend1964/relatatvfaz000000_3_000000impostrend1964.pdf;;;;;outputs/fontes-pedro-souza-irpf/relatorio_1964_paginas/relatorio_1964_leaf_0081_pagina_71.png;;;;outputs/fontes-pedro-souza-irpf/relatorio_1964_paginas/relatorio_1964_leaf_0090_pagina_77.png;;;;;;;;;;;;;;;;;;;;;;;;;;;;;;;;;;;;;;;;;;;;;;;;;;;;;;;;;;;;;;;;;;;;;;;;;;;;;88963;0;;;;;;;;;;;;;;;;;;;;;;;;;;;;;;;;;;;;;;;;;;;;;;;;;;;;;;;;;;;;;;;;;;;;;;;;;;;;;;2966473;1706433;4672906;;;;;;;;;;40379838;152952;27121;27010;71;81;77;90;;;;;;;;;;;;;;;;;;;;;;;;;;;;;;;;;;;;;;;;;;;;;;;;;;;;;;;;;;;;;;;;;;;;;;;;;;;;;;;;;;;;;;;;;;;;;;;;;;;;;;;;;;;;;;;;;;;;;;;;;;;;;;;;;;;;;;;;;;;;;;;;;;;;;;;;strict_renda_liquida;national;renda liquida publicada em faixas compativeis
irpf_dir_1964_faixas;irpf_dir_1964_faixas.csv;bracket_distribution;5;1963;1964;Brasil;irpf_dir_1964_faixas;;1964;Brasil;F05;5;1.261 a 1.575;1261;1575;0;;;1427407.54717;;;Cr$;Cr$ 1.000;Cr$ 1.000;;;Brasil. Ministerio da Fazenda. Divisao de Imposto de Renda. Relatorio das atividades do exercicio ano de 1964. Rio de Janeiro: Imprensa Nacional, 1964.;;outputs/fontes-pedro-souza-irpf/relatorio_irpf_ano_1964.pdf;;;;Tabelas sem numero das paginas 71 e 77;;;;;1963;;;;101975409;;75274337;;;;;;52735;36761;2067;;88;62164;;;https://archive.org/details/relatatvfaz000000_3_000000impostrend1964;https://archive.org/download/relatatvfaz000000_3_000000impostrend1964/relatatvfaz000000_3_000000impostrend1964.pdf;;;;;outputs/fontes-pedro-souza-irpf/relatorio_1964_paginas/relatorio_1964_leaf_0081_pagina_71.png;;;;outputs/fontes-pedro-souza-irpf/relatorio_1964_paginas/relatorio_1964_leaf_0090_pagina_77.png;;;;;;;;;;;;;;;;;;;;;;;;;;;;;;;;;;;;;;;;;;;;;;;;;;;;;;;;;;;;;;;;;;;;;;;;;;;;;52735;0;;;;;;;;;;;;;;;;;;;;;;;;;;;;;;;;;;;;;;;;;;;;;;;;;;;;;;;;;;;;;;;;;;;;;;;;;;;;;;3450809;1262843;4713652;;;;;;;;;;26701072;154402;13907;13819;71;81;77;90;;;;;;;;;;;;;;;;;;;;;;;;;;;;;;;;;;;;;;;;;;;;;;;;;;;;;;;;;;;;;;;;;;;;;;;;;;;;;;;;;;;;;;;;;;;;;;;;;;;;;;;;;;;;;;;;;;;;;;;;;;;;;;;;;;;;;;;;;;;;;;;;;;;;;;;;strict_renda_liquida;national;renda liquida publicada em faixas compativeis
irpf_dir_1964_faixas;irpf_dir_1964_faixas.csv;bracket_distribution;6;1963;1964;Brasil;irpf_dir_1964_faixas;;1964;Brasil;F06;6;1.576 a 1.890;1576;1890;0;;;1725979.855627;;;Cr$;Cr$ 1.000;Cr$ 1.000;;;Brasil. Ministerio da Fazenda. Divisao de Imposto de Renda. Relatorio das atividades do exercicio ano de 1964. Rio de Janeiro: Imprensa Nacional, 1964.;;outputs/fontes-pedro-souza-irpf/relatorio_irpf_ano_1964.pdf;;;;Tabelas sem numero das paginas 71 e 77;;;;;1963;;;;73852755;;55949363;;;;;;32416;23787;905;;61;40973;;;https://archive.org/details/relatatvfaz000000_3_000000impostrend1964;https://archive.org/download/relatatvfaz000000_3_000000impostrend1964/relatatvfaz000000_3_000000impostrend1964.pdf;;;;;outputs/fontes-pedro-souza-irpf/relatorio_1964_paginas/relatorio_1964_leaf_0081_pagina_71.png;;;;outputs/fontes-pedro-souza-irpf/relatorio_1964_paginas/relatorio_1964_leaf_0090_pagina_77.png;;;;;;;;;;;;;;;;;;;;;;;;;;;;;;;;;;;;;;;;;;;;;;;;;;;;;;;;;;;;;;;;;;;;;;;;;;;;;32416;0;;;;;;;;;;;;;;;;;;;;;;;;;;;;;;;;;;;;;;;;;;;;;;;;;;;;;;;;;;;;;;;;;;;;;;;;;;;;;;3472965;913852;4386817;;;;;;;;;;17903392;173430;7724;7663;71;81;77;90;;;;;;;;;;;;;;;;;;;;;;;;;;;;;;;;;;;;;;;;;;;;;;;;;;;;;;;;;;;;;;;;;;;;;;;;;;;;;;;;;;;;;;;;;;;;;;;;;;;;;;;;;;;;;;;;;;;;;;;;;;;;;;;;;;;;;;;;;;;;;;;;;;;;;;;;strict_renda_liquida;national;renda liquida publicada em faixas compativeis
irpf_dir_1964_faixas;irpf_dir_1964_faixas.csv;bracket_distribution;7;1963;1964;Brasil;irpf_dir_1964_faixas;;1964;Brasil;F07;7;1.891 a 2.520;1891;2520;0;;;2208163.848535;;;Cr$;Cr$ 1.000;Cr$ 1.000;;;Brasil. Ministerio da Fazenda. Divisao de Imposto de Renda. Relatorio das atividades do exercicio ano de 1964. Rio de Janeiro: Imprensa Nacional, 1964.;;outputs/fontes-pedro-souza-irpf/relatorio_irpf_ano_1964.pdf;;;;Tabelas sem numero das paginas 71 e 77;;;;;1963;;;;94864125;;74176640;;;;;;33592;26008;792;;74;46508;;;https://archive.org/details/relatatvfaz000000_3_000000impostrend1964;https://archive.org/download/relatatvfaz000000_3_000000impostrend1964/relatatvfaz000000_3_000000impostrend1964.pdf;;;;;outputs/fontes-pedro-souza-irpf/relatorio_1964_paginas/relatorio_1964_leaf_0081_pagina_71.png;;;;outputs/fontes-pedro-souza-irpf/relatorio_1964_paginas/relatorio_1964_leaf_0090_pagina_77.png;;;;;;;;;;;;;;;;;;;;;;;;;;;;;;;;;;;;;;;;;;;;;;;;;;;;;;;;;;;;;;;;;;;;;;;;;;;;;33592;0;;;;;;;;;;;;;;;;;;;;;;;;;;;;;;;;;;;;;;;;;;;;;;;;;;;;;;;;;;;;;;;;;;;;;;;;;;;;;;6616028;1173952;7789980;;;;;;;;;;20687485;200652;6792;6718;71;81;77;90;;;;;;;;;;;;;;;;;;;;;;;;;;;;;;;;;;;;;;;;;;;;;;;;;;;;;;;;;;;;;;;;;;;;;;;;;;;;;;;;;;;;;;;;;;;;;;;;;;;;;;;;;;;;;;;;;;;;;;;;;;;;;;;;;;;;;;;;;;;;;;;;;;;;;;;;strict_renda_liquida;national;renda liquida publicada em faixas compativeis
irpf_dir_1964_faixas;irpf_dir_1964_faixas.csv;bracket_distribution;8;1963;1964;Brasil;irpf_dir_1964_faixas;;1964;Brasil;F08;8;2.521 a 3.150;2521;3150;0;;;2821708.373035;;;Cr$;Cr$ 1.000;Cr$ 1.000;;;Brasil. Ministerio da Fazenda. Divisao de Imposto de Renda. Relatorio das atividades do exercicio ano de 1964. Rio de Janeiro: Imprensa Nacional, 1964.;;outputs/fontes-pedro-souza-irpf/relatorio_irpf_ano_1964.pdf;;;;Tabelas sem numero das paginas 71 e 77;;;;;1963;;;;59368933;;47382127;;;;;;16792;13434;412;;38;24753;;;https://archive.org/details/relatatvfaz000000_3_000000impostrend1964;https://archive.org/download/relatatvfaz000000_3_000000impostrend1964/relatatvfaz000000_3_000000impostrend1964.pdf;;;;;outputs/fontes-pedro-souza-irpf/relatorio_1964_paginas/relatorio_1964_leaf_0081_pagina_71.png;;;;outputs/fontes-pedro-souza-irpf/relatorio_1964_paginas/relatorio_1964_leaf_0090_pagina_77.png;;;;;;;;;;;;;;;;;;;;;;;;;;;;;;;;;;;;;;;;;;;;;;;;;;;;;;;;;;;;;;;;;;;;;;;;;;;;;16792;0;;;;;;;;;;;;;;;;;;;;;;;;;;;;;;;;;;;;;;;;;;;;;;;;;;;;;;;;;;;;;;;;;;;;;;;;;;;;;;5621328;720004;6341332;;;;;;;;;;11986806;154113;2946;2908;71;81;77;90;;;;;;;;;;;;;;;;;;;;;;;;;;;;;;;;;;;;;;;;;;;;;;;;;;;;;;;;;;;;;;;;;;;;;;;;;;;;;;;;;;;;;;;;;;;;;;;;;;;;;;;;;;;;;;;;;;;;;;;;;;;;;;;;;;;;;;;;;;;;;;;;;;;;;;;;strict_renda_liquida;national;renda liquida publicada em faixas compativeis
irpf_dir_1964_faixas;irpf_dir_1964_faixas.csv;bracket_distribution;9;1963;1964;Brasil;irpf_dir_1964_faixas;;1964;Brasil;F09;9;3.151 a 3.780;3151;3780;0;;;3432180.307199;;;Cr$;Cr$ 1.000;Cr$ 1.000;;;Brasil. Ministerio da Fazenda. Divisao de Imposto de Renda. Relatorio das atividades do exercicio ano de 1964. Rio de Janeiro: Imprensa Nacional, 1964.;;outputs/fontes-pedro-souza-irpf/relatorio_irpf_ano_1964.pdf;;;;Tabelas sem numero das paginas 71 e 77;;;;;1963;;;;36087821;;29942341;;;;;;8724;7187;128;;29;12687;;;https://archive.org/details/relatatvfaz000000_3_000000impostrend1964;https://archive.org/download/relatatvfaz000000_3_000000impostrend1964/relatatvfaz000000_3_000000impostrend1964.pdf;;;;;outputs/fontes-pedro-souza-irpf/relatorio_1964_paginas/relatorio_1964_leaf_0081_pagina_71.png;;;;outputs/fontes-pedro-souza-irpf/relatorio_1964_paginas/relatorio_1964_leaf_0090_pagina_77.png;;;;;;;;;;;;;;;;;;;;;;;;;;;;;;;;;;;;;;;;;;;;;;;;;;;;;;;;;;;;;;;;;;;;;;;;;;;;;8724;0;;;;;;;;;;;;;;;;;;;;;;;;;;;;;;;;;;;;;;;;;;;;;;;;;;;;;;;;;;;;;;;;;;;;;;;;;;;;;;4373825;433923;4807748;;;;;;;;;;6145480;129690;1409;1380;71;81;77;90;;;;;;;;;;;;;;;;;;;;;;;;;;;;;;;;;;;;;;;;;;;;;;;;;;;;;;;;;;;;;;;;;;;;;;;;;;;;;;;;;;;;;;;;;;;;;;;;;;;;;;;;;;;;;;;;;;;;;;;;;;;;;;;;;;;;;;;;;;;;;;;;;;;;;;;;strict_renda_liquida;national;renda liquida publicada em faixas compativeis
irpf_dir_1965_faixas;irpf_dir_1965_faixas.csv;bracket_distribution;1;1964;1965;Brasil;irpf_dir_1965_faixas;;1965;Brasil;F01;1;Ate 1.008;;1008;0;;;998237.121645;;;Cr$;Cr$ 1.000;Cr$ 1.000;;;Brasil. Ministerio da Fazenda. Departamento do Imposto de Renda. Relatorio das atividades do ano de 1965, apresentado ao Excelentissimo Senhor Diretor-Geral da Fazenda Nacional pelo Diretor do Departamento do Imposto de Renda, Sr. Orlando Travancas. Rio de Janeiro: Departamento de Imprensa Nacional, 1969.;;outputs/fontes-pedro-souza-irpf/relatorio_irpf_ano_1965_publicado_1969.pdf;outputs/fontes-pedro-souza-irpf/relatorio_1965_paginas/relatorio_1965_leaf_0059.png;57;53;Quadro IV;;;;;1964;;;;38185377;;17479132;;;;;;17510;14008;340;;300;25216;;;https://archive.org/details/depeguanaminfaz0000_2_0000relatrenda196569;https://archive.org/download/depeguanaminfaz0000_2_0000relatrenda196569/depeguanaminfaz0000_2_0000relatrenda196569.pdf;;;;;;;;;;;;;;;;;;;;;;;;;;;;;;;;;;;;;;;;;;;;;;;;;;;;;;;;;;;;;;;;;;;;;;;;;;;;;;;;;;;;;;17510;0;;;;;;;;;;;;;;;;;;;;;;;;;;;;;;;;;;;;;;;;;;;;;;;;;;;;;;;;;;;;;;;;;;;;;;;;;;;;;;;;;;;;;;;;;59;20706245;;;2862;;;;;231;1208371;;;;;;;;;;;;;;;;;;;;;;;;;;;;;;;;;;;;;;;;;;;;;;;;;;;;;;;;;;;;;;;;;;;;;;;;;;;;;;;;;;;;;;;;;;;;;;;;;;;;;;;;;;;;;;;;;;;;;;;;;;;;;;;;;;;;;;;;;;;;;;;;;;;;;;strict_renda_liquida;national;renda liquida publicada em faixas compativeis
irpf_dir_1965_faixas;irpf_dir_1965_faixas.csv;bracket_distribution;10;1964;1965;Brasil;irpf_dir_1965_faixas;;1965;Brasil;F10;10;7.561 a 10.500;7561;10500;0;;;8753986.093406;;;Cr$;Cr$ 1.000;Cr$ 1.000;;;Brasil. Ministerio da Fazenda. Departamento do Imposto de Renda. Relatorio das atividades do ano de 1965, apresentado ao Excelentissimo Senhor Diretor-Geral da Fazenda Nacional pelo Diretor do Departamento do Imposto de Renda, Sr. Orlando Travancas. Rio de Janeiro: Departamento de Imprensa Nacional, 1969.;;outputs/fontes-pedro-souza-irpf/relatorio_irpf_ano_1965_publicado_1969.pdf;outputs/fontes-pedro-souza-irpf/relatorio_1965_paginas/relatorio_1965_leaf_0059.png;57;53;Quadro IV;;;;;1964;;;;88855815;;75538146;;;;;;8629;7292;116;;34;12556;;;https://archive.org/details/depeguanaminfaz0000_2_0000relatrenda196569;https://archive.org/download/depeguanaminfaz0000_2_0000relatrenda196569/depeguanaminfaz0000_2_0000relatrenda196569.pdf;;;;;;;;;;;;;;;;;;;;;;;;;;;;;;;;;;;;;;;;;;;;;;;;;;;;;;;;;;;;;;;;;;;;;;;;;;;;;;;;;;;;;;8629;0;;;;;;;;;;;;;;;;;;;;;;;;;;;;;;;;;;;;;;;;;;;;;;;;;;;;;;;;;;;;;;;;;;;;;;;;;;;;;;;;;;;;;;;;;59;13317669;;;1187;;;;;14059067;3548850;;;;;;;;;;;;;;;;;;;;;;;;;;;;;;;;;;;;;;;;;;;;;;;;;;;;;;;;;;;;;;;;;;;;;;;;;;;;;;;;;;;;;;;;;;;;;;;;;;;;;;;;;;;;;;;;;;;;;;;;;;;;;;;;;;;;;;;;;;;;;;;;;;;;;;strict_renda_liquida;national;renda liquida publicada em faixas compativeis
irpf_dir_1965_faixas;irpf_dir_1965_faixas.csv;bracket_distribution;11;1964;1965;Brasil;irpf_dir_1965_faixas;;1965;Brasil;F11;11;10.501 a 14.700;10501;14700;0;;;12235614.331723;;;Cr$;Cr$ 1.000;Cr$ 1.000;;;Brasil. Ministerio da Fazenda. Departamento do Imposto de Renda. Relatorio das atividades do ano de 1965, apresentado ao Excelentissimo Senhor Diretor-Geral da Fazenda Nacional pelo Diretor do Departamento do Imposto de Renda, Sr. Orlando Travancas. Rio de Janeiro: Departamento de Imprensa Nacional, 1969.;;outputs/fontes-pedro-souza-irpf/relatorio_irpf_ano_1965_publicado_1969.pdf;outputs/fontes-pedro-souza-irpf/relatorio_1965_paginas/relatorio_1965_leaf_0059.png;57;53;Quadro IV;;;;;1964;;;;52537529;;45589899;;;;;;3726;3210;40;;19;5817;;;https://archive.org/details/depeguanaminfaz0000_2_0000relatrenda196569;https://archive.org/download/depeguanaminfaz0000_2_0000relatrenda196569/depeguanaminfaz0000_2_0000relatrenda196569.pdf;;;;;;;;;;;;;;;;;;;;;;;;;;;;;;;;;;;;;;;;;;;;;;;;;;;;;;;;;;;;;;;;;;;;;;;;;;;;;;;;;;;;;;3726;0;;;;;;;;;;;;;;;;;;;;;;;;;;;;;;;;;;;;;;;;;;;;;;;;;;;;;;;;;;;;;;;;;;;;;;;;;;;;;;;;;;;;;;;;;59;6947630;;;457;;;;;10934264;1860735;;;;;;;;;;;;;;;;;;;;;;;;;;;;;;;;;;;;;;;;;;;;;;;;;;;;;;;;;;;;;;;;;;;;;;;;;;;;;;;;;;;;;;;;;;;;;;;;;;;;;;;;;;;;;;;;;;;;;;;;;;;;;;;;;;;;;;;;;;;;;;;;;;;;;;strict_renda_liquida;national;renda liquida publicada em faixas compativeis
irpf_dir_1965_faixas;irpf_dir_1965_faixas.csv;bracket_distribution;12;1964;1965;Brasil;irpf_dir_1965_faixas;;1965;Brasil;F12;12;14.701 a 18.900;14701;18900;0;;;16471120.345745;;;Cr$;Cr$ 1.000;Cr$ 1.000;;;Brasil. Ministerio da Fazenda. Departamento do Imposto de Renda. Relatorio das atividades do ano de 1965, apresentado ao Excelentissimo Senhor Diretor-Geral da Fazenda Nacional pelo Diretor do Departamento do Imposto de Renda, Sr. Orlando Travancas. Rio de Janeiro: Departamento de Imprensa Nacional, 1969.;;outputs/fontes-pedro-souza-irpf/relatorio_irpf_ano_1965_publicado_1969.pdf;outputs/fontes-pedro-souza-irpf/relatorio_1965_paginas/relatorio_1965_leaf_0059.png;57;53;Quadro IV;;;;;1964;;;;28143937;;24772565;;;;;;1504;1296;12;;14;2465;;;https://archive.org/details/depeguanaminfaz0000_2_0000relatrenda196569;https://archive.org/download/depeguanaminfaz0000_2_0000relatrenda196569/depeguanaminfaz0000_2_0000relatrenda196569.pdf;;;;;;;;;;;;;;;;;;;;;;;;;;;;;;;;;;;;;;;;;;;;;;;;;;;;;;;;;;;;;;;;;;;;;;;;;;;;;;;;;;;;;;1504;0;;;;;;;;;;;;;;;;;;;;;;;;;;;;;;;;;;;;;;;;;;;;;;;;;;;;;;;;;;;;;;;;;;;;;;;;;;;;;;;;;;;;;;;;;59;3371372;;;182;;;;;7095115;1182016;;;;;;;;;;;;;;;;;;;;;;;;;;;;;;;;;;;;;;;;;;;;;;;;;;;;;;;;;;;;;;;;;;;;;;;;;;;;;;;;;;;;;;;;;;;;;;;;;;;;;;;;;;;;;;;;;;;;;;;;;;;;;;;;;;;;;;;;;;;;;;;;;;;;;;strict_renda_liquida;national;renda liquida publicada em faixas compativeis
irpf_dir_1965_faixas;irpf_dir_1965_faixas.csv;bracket_distribution;13;1964;1965;Brasil;irpf_dir_1965_faixas;;1965;Brasil;F13;13;18.901 a 25.200;18901;25200;0;;;21209358.635864;;;Cr$;Cr$ 1.000;Cr$ 1.000;;;Brasil. Ministerio da Fazenda. Departamento do Imposto de Renda. Relatorio das atividades do ano de 1965, apresentado ao Excelentissimo Senhor Diretor-Geral da Fazenda Nacional pelo Diretor do Departamento do Imposto de Renda, Sr. Orlando Travancas. Rio de Janeiro: Departamento de Imprensa Nacional, 1969.;;outputs/fontes-pedro-souza-irpf/relatorio_irpf_ano_1965_publicado_1969.pdf;outputs/fontes-pedro-souza-irpf/relatorio_1965_paginas/relatorio_1965_leaf_0059.png;57;53;Quadro IV;;;;;1964;;;;21607767;;19279307;;;;;;909;795;4;;5;1461;;;https://archive.org/details/depeguanaminfaz0000_2_0000relatrenda196569;https://archive.org/download/depeguanaminfaz0000_2_0000relatrenda196569/depeguanaminfaz0000_2_0000relatrenda196569.pdf;;;;;;;;;;;;;;;;;;;;;;;;;;;;;;;;;;;;;;;;;;;;;;;;;;;;;;;;;;;;;;;;;;;;;;;;;;;;;;;;;;;;;;909;0;;;;;;;;;;;;;;;;;;;;;;;;;;;;;;;;;;;;;;;;;;;;;;;;;;;;;;;;;;;;;;;;;;;;;;;;;;;;;;;;;;;;;;;;;59;2328460;;;105;;;;;6352030;958538;;;;;;;;;;;;;;;;;;;;;;;;;;;;;;;;;;;;;;;;;;;;;;;;;;;;;;;;;;;;;;;;;;;;;;;;;;;;;;;;;;;;;;;;;;;;;;;;;;;;;;;;;;;;;;;;;;;;;;;;;;;;;;;;;;;;;;;;;;;;;;;;;;;;;;strict_renda_liquida;national;renda liquida publicada em faixas compativeis
irpf_dir_1965_faixas;irpf_dir_1965_faixas.csv;bracket_distribution;14;1964;1965;Brasil;irpf_dir_1965_faixas;;1965;Brasil;F14;14;25.201 a 33.600;25201;33600;0;;;28590443.418014;;;Cr$;Cr$ 1.000;Cr$ 1.000;;;Brasil. Ministerio da Fazenda. Departamento do Imposto de Renda. Relatorio das atividades do ano de 1965, apresentado ao Excelentissimo Senhor Diretor-Geral da Fazenda Nacional pelo Diretor do Departamento do Imposto de Renda, Sr. Orlando Travancas. Rio de Janeiro: Departamento de Imprensa Nacional, 1969.;;outputs/fontes-pedro-souza-irpf/relatorio_irpf_ano_1965_publicado_1969.pdf;outputs/fontes-pedro-souza-irpf/relatorio_1965_paginas/relatorio_1965_leaf_0059.png;57;53;Quadro IV;;;;;1964;;;;13621350;;12379662;;;;;;433;377;5;;2;737;;;https://archive.org/details/depeguanaminfaz0000_2_0000relatrenda196569;https://archive.org/download/depeguanaminfaz0000_2_0000relatrenda196569/depeguanaminfaz0000_2_0000relatrenda196569.pdf;;;;;;;;;;;;;;;;;;;;;;;;;;;;;;;;;;;;;;;;;;;;;;;;;;;;;;;;;;;;;;;;;;;;;;;;;;;;;;;;;;;;;;433;0;;;;;;;;;;;;;;;;;;;;;;;;;;;;;;;;;;;;;;;;;;;;;;;;;;;;;;;;;;;;;;;;;;;;;;;;;;;;;;;;;;;;;;;;;59;1241688;;;49;;;;;4743905;610457;;;;;;;;;;;;;;;;;;;;;;;;;;;;;;;;;;;;;;;;;;;;;;;;;;;;;;;;;;;;;;;;;;;;;;;;;;;;;;;;;;;;;;;;;;;;;;;;;;;;;;;;;;;;;;;;;;;;;;;;;;;;;;;;;;;;;;;;;;;;;;;;;;;;;;strict_renda_liquida;national;renda liquida publicada em faixas compativeis
irpf_dir_1965_faixas;irpf_dir_1965_faixas.csv;bracket_distribution;15;1964;1965;Brasil;irpf_dir_1965_faixas;;1965;Brasil;F15;15;Acima de 33.601;33601;;1;;;57282346.420323;;;Cr$;Cr$ 1.000;Cr$ 1.000;;;Brasil. Ministerio da Fazenda. Departamento do Imposto de Renda. Relatorio das atividades do ano de 1965, apresentado ao Excelentissimo Senhor Diretor-Geral da Fazenda Nacional pelo Diretor do Departamento do Imposto de Renda, Sr. Orlando Travancas. Rio de Janeiro: Departamento de Imprensa Nacional, 1969.;;outputs/fontes-pedro-souza-irpf/relatorio_irpf_ano_1965_publicado_1969.pdf;outputs/fontes-pedro-souza-irpf/relatorio_1965_paginas/relatorio_1965_leaf_0059.png;57;53;Quadro IV;;;;;1964;;;;26865374;;24803256;;;;;;433;370;6;;3;591;;;https://archive.org/details/depeguanaminfaz0000_2_0000relatrenda196569;https://archive.org/download/depeguanaminfaz0000_2_0000relatrenda196569/depeguanaminfaz0000_2_0000relatrenda196569.pdf;;;;;;;;;;;;;;;;;;;;;;;;;;;;;;;;;;;;;;;;;;;;;;;;;;;;;;;;;;;;;;;;;;;;;;;;;;;;;;;;;;;;;;433;0;;;;;;;;;;;;;;;;;;;;;;;;;;;;;;;;;;;;;;;;;;;;;;;;;;;;;;;;;;;;;;;;;;;;;;;;;;;;;;;;;;;;;;;;;59;2062118;;;54;;;;;12645770;1430715;;;;;;;;;;;;;;;;;;;;;;;;;;;;;;;;;;;;;;;;;;;;;;;;;;;;;;;;;;;;;;;;;;;;;;;;;;;;;;;;;;;;;;;;;;;;;;;;;;;;;;;;;;;;;;;;;;;;;;;;;;;;;;;;;;;;;;;;;;;;;;;;;;;;;;strict_renda_liquida;national;renda liquida publicada em faixas compativeis
irpf_dir_1965_faixas;irpf_dir_1965_faixas.csv;bracket_distribution;2;1964;1965;Brasil;irpf_dir_1965_faixas;;1965;Brasil;F02;2;1.009 a 1.260;1009;1260;0;;;1161404.776075;;;Cr$;Cr$ 1.000;Cr$ 1.000;;;Brasil. Ministerio da Fazenda. Departamento do Imposto de Renda. Relatorio das atividades do ano de 1965, apresentado ao Excelentissimo Senhor Diretor-Geral da Fazenda Nacional pelo Diretor do Departamento do Imposto de Renda, Sr. Orlando Travancas. Rio de Janeiro: Departamento de Imprensa Nacional, 1969.;;outputs/fontes-pedro-souza-irpf/relatorio_irpf_ano_1965_publicado_1969.pdf;outputs/fontes-pedro-souza-irpf/relatorio_1965_paginas/relatorio_1965_leaf_0059.png;57;53;Quadro IV;;;;;1964;;;;28310050;;15611603;;;;;;13442;9408;299;;152;16671;;;https://archive.org/details/depeguanaminfaz0000_2_0000relatrenda196569;https://archive.org/download/depeguanaminfaz0000_2_0000relatrenda196569/depeguanaminfaz0000_2_0000relatrenda196569.pdf;;;;;;;;;;;;;;;;;;;;;;;;;;;;;;;;;;;;;;;;;;;;;;;;;;;;;;;;;;;;;;;;;;;;;;;;;;;;;;;;;;;;;;13442;0;;;;;;;;;;;;;;;;;;;;;;;;;;;;;;;;;;;;;;;;;;;;;;;;;;;;;;;;;;;;;;;;;;;;;;;;;;;;;;;;;;;;;;;;;59;12698447;;;3583;;;;;75491;11640;;;;;;;;;;;;;;;;;;;;;;;;;;;;;;;;;;;;;;;;;;;;;;;;;;;;;;;;;;;;;;;;;;;;;;;;;;;;;;;;;;;;;;;;;;;;;;;;;;;;;;;;;;;;;;;;;;;;;;;;;;;;;;;;;;;;;;;;;;;;;;;;;;;;;;strict_renda_liquida;national;renda liquida publicada em faixas compativeis
irpf_dir_1965_faixas;irpf_dir_1965_faixas.csv;bracket_distribution;3;1964;1965;Brasil;irpf_dir_1965_faixas;;1965;Brasil;F03;3;1.261 a 1.890;1261;1890;0;;;1559854.055324;;;Cr$;Cr$ 1.000;Cr$ 1.000;;;Brasil. Ministerio da Fazenda. Departamento do Imposto de Renda. Relatorio das atividades do ano de 1965, apresentado ao Excelentissimo Senhor Diretor-Geral da Fazenda Nacional pelo Diretor do Departamento do Imposto de Renda, Sr. Orlando Travancas. Rio de Janeiro: Departamento de Imprensa Nacional, 1969.;;outputs/fontes-pedro-souza-irpf/relatorio_irpf_ano_1965_publicado_1969.pdf;outputs/fontes-pedro-souza-irpf/relatorio_1965_paginas/relatorio_1965_leaf_0059.png;57;53;Quadro IV;A soma das subcategorias de contribuintes nesta faixa difere do total publicado em 100.;;;;1964;;;;86015874;;53119270;;;;;;34054;24499;578;;316;43103;;;https://archive.org/details/depeguanaminfaz0000_2_0000relatrenda196569;https://archive.org/download/depeguanaminfaz0000_2_0000relatrenda196569/depeguanaminfaz0000_2_0000relatrenda196569.pdf;;;;;;;;;;;;;;;;;;;;;;;;;;;;;;;;;;;;;;;;;;;;;;;;;;;;;;;;;;;;;;;;;;;;;;;;;;;;;;;;;;;;;;33954;100;;;;;;;;;;;;;;;;;;;;;;;;;;;;;;;;;;;;;;;;;;;;;;;;;;;;;;;;;;;;;;;;;;;;;;;;;;;;;;;;;;;;;;;;;59;32896604;;;8561;;;;;795043;103032;;;;;;;;;;;;;;;;;;;;;;;;;;;;;;;;;;;;;;;;;;;;;;;;;;;;;;;;;;;;;;;;;;;;;;;;;;;;;;;;;;;;;;;;;;;;;;;;;;;;;;;;;;;;;;;;;;;;;;;;;;;;;;;;;;;;;;;;;;;;;;;;;;;;;;strict_renda_liquida;national;renda liquida publicada em faixas compativeis
irpf_dir_1965_faixas;irpf_dir_1965_faixas.csv;bracket_distribution;4;1964;1965;Brasil;irpf_dir_1965_faixas;;1965;Brasil;F04;4;1.891 a 2.520;1891;2520;0;;;2204567.570639;;;Cr$;Cr$ 1.000;Cr$ 1.000;;;Brasil. Ministerio da Fazenda. Departamento do Imposto de Renda. Relatorio das atividades do ano de 1965, apresentado ao Excelentissimo Senhor Diretor-Geral da Fazenda Nacional pelo Diretor do Departamento do Imposto de Renda, Sr. Orlando Travancas. Rio de Janeiro: Departamento de Imprensa Nacional, 1969.;;outputs/fontes-pedro-souza-irpf/relatorio_irpf_ano_1965_publicado_1969.pdf;outputs/fontes-pedro-souza-irpf/relatorio_1965_paginas/relatorio_1965_leaf_0059.png;57;53;Quadro IV;;;;;1964;;;;87166894;;58204993;;;;;;26402;20063;431;;169;37474;;;https://archive.org/details/depeguanaminfaz0000_2_0000relatrenda196569;https://archive.org/download/depeguanaminfaz0000_2_0000relatrenda196569/depeguanaminfaz0000_2_0000relatrenda196569.pdf;;;;;;;;;;;;;;;;;;;;;;;;;;;;;;;;;;;;;;;;;;;;;;;;;;;;;;;;;;;;;;;;;;;;;;;;;;;;;;;;;;;;;;26402;0;;;;;;;;;;;;;;;;;;;;;;;;;;;;;;;;;;;;;;;;;;;;;;;;;;;;;;;;;;;;;;;;;;;;;;;;;;;;;;;;;;;;;;;;;59;28961901;;;5739;;;;;1713711;902922;;;;;;;;;;;;;;;;;;;;;;;;;;;;;;;;;;;;;;;;;;;;;;;;;;;;;;;;;;;;;;;;;;;;;;;;;;;;;;;;;;;;;;;;;;;;;;;;;;;;;;;;;;;;;;;;;;;;;;;;;;;;;;;;;;;;;;;;;;;;;;;;;;;;;;strict_renda_liquida;national;renda liquida publicada em faixas compativeis
irpf_dir_1965_faixas;irpf_dir_1965_faixas.csv;bracket_distribution;5;1964;1965;Brasil;irpf_dir_1965_faixas;;1965;Brasil;F05;5;2.521 a 3.150;2521;3150;0;;;2846586.23242;;;Cr$;Cr$ 1.000;Cr$ 1.000;;;Brasil. Ministerio da Fazenda. Departamento do Imposto de Renda. Relatorio das atividades do ano de 1965, apresentado ao Excelentissimo Senhor Diretor-Geral da Fazenda Nacional pelo Diretor do Departamento do Imposto de Renda, Sr. Orlando Travancas. Rio de Janeiro: Departamento de Imprensa Nacional, 1969.;;outputs/fontes-pedro-souza-irpf/relatorio_irpf_ano_1965_publicado_1969.pdf;outputs/fontes-pedro-souza-irpf/relatorio_1965_paginas/relatorio_1965_leaf_0059.png;57;53;Quadro IV;;;;;1964;;;;82132883;;57686070;;;;;;20265;15910;336;;122;31292;;;https://archive.org/details/depeguanaminfaz0000_2_0000relatrenda196569;https://archive.org/download/depeguanaminfaz0000_2_0000relatrenda196569/depeguanaminfaz0000_2_0000relatrenda196569.pdf;;;;;;;;;;;;;;;;;;;;;;;;;;;;;;;;;;;;;;;;;;;;;;;;;;;;;;;;;;;;;;;;;;;;;;;;;;;;;;;;;;;;;;20265;0;;;;;;;;;;;;;;;;;;;;;;;;;;;;;;;;;;;;;;;;;;;;;;;;;;;;;;;;;;;;;;;;;;;;;;;;;;;;;;;;;;;;;;;;;59;24446813;;;3897;;;;;2620948;525864;;;;;;;;;;;;;;;;;;;;;;;;;;;;;;;;;;;;;;;;;;;;;;;;;;;;;;;;;;;;;;;;;;;;;;;;;;;;;;;;;;;;;;;;;;;;;;;;;;;;;;;;;;;;;;;;;;;;;;;;;;;;;;;;;;;;;;;;;;;;;;;;;;;;;;strict_renda_liquida;national;renda liquida publicada em faixas compativeis
irpf_dir_1965_faixas;irpf_dir_1965_faixas.csv;bracket_distribution;6;1964;1965;Brasil;irpf_dir_1965_faixas;;1965;Brasil;F06;6;3.151 a 3.780;3151;3780;0;;;3482316.946247;;;Cr$;Cr$ 1.000;Cr$ 1.000;;;Brasil. Ministerio da Fazenda. Departamento do Imposto de Renda. Relatorio das atividades do ano de 1965, apresentado ao Excelentissimo Senhor Diretor-Geral da Fazenda Nacional pelo Diretor do Departamento do Imposto de Renda, Sr. Orlando Travancas. Rio de Janeiro: Departamento de Imprensa Nacional, 1969.;;outputs/fontes-pedro-souza-irpf/relatorio_irpf_ano_1965_publicado_1969.pdf;outputs/fontes-pedro-souza-irpf/relatorio_1965_paginas/relatorio_1965_leaf_0059.png;57;53;Quadro IV;;;;;1964;;;;79016089;;56880165;;;;;;16334;13259;200;;88;27575;;;https://archive.org/details/depeguanaminfaz0000_2_0000relatrenda196569;https://archive.org/download/depeguanaminfaz0000_2_0000relatrenda196569/depeguanaminfaz0000_2_0000relatrenda196569.pdf;;;;;;;;;;;;;;;;;;;;;;;;;;;;;;;;;;;;;;;;;;;;;;;;;;;;;;;;;;;;;;;;;;;;;;;;;;;;;;;;;;;;;;16334;0;;;;;;;;;;;;;;;;;;;;;;;;;;;;;;;;;;;;;;;;;;;;;;;;;;;;;;;;;;;;;;;;;;;;;;;;;;;;;;;;;;;;;;;;;59;22135924;;;2787;;;;;3573290;847060;;;;;;;;;;;;;;;;;;;;;;;;;;;;;;;;;;;;;;;;;;;;;;;;;;;;;;;;;;;;;;;;;;;;;;;;;;;;;;;;;;;;;;;;;;;;;;;;;;;;;;;;;;;;;;;;;;;;;;;;;;;;;;;;;;;;;;;;;;;;;;;;;;;;;;strict_renda_liquida;national;renda liquida publicada em faixas compativeis
irpf_dir_1965_faixas;irpf_dir_1965_faixas.csv;bracket_distribution;7;1964;1965;Brasil;irpf_dir_1965_faixas;;1965;Brasil;F07;7;3.781 a 5.040;3781;5040;0;;;4374489.570941;;;Cr$;Cr$ 1.000;Cr$ 1.000;;;Brasil. Ministerio da Fazenda. Departamento do Imposto de Renda. Relatorio das atividades do ano de 1965, apresentado ao Excelentissimo Senhor Diretor-Geral da Fazenda Nacional pelo Diretor do Departamento do Imposto de Renda, Sr. Orlando Travancas. Rio de Janeiro: Departamento de Imprensa Nacional, 1969.;;outputs/fontes-pedro-souza-irpf/relatorio_irpf_ano_1965_publicado_1969.pdf;outputs/fontes-pedro-souza-irpf/relatorio_1965_paginas/relatorio_1965_leaf_0059.png;57;53;Quadro IV;A soma das subcategorias de contribuintes nesta faixa difere do total publicado em -100.;;;;1964;;;;146172940;;110315878;;;;;;25218;21379;268;;94;42439;;;https://archive.org/details/depeguanaminfaz0000_2_0000relatrenda196569;https://archive.org/download/depeguanaminfaz0000_2_0000relatrenda196569/depeguanaminfaz0000_2_0000relatrenda196569.pdf;;;;;;;;;;;;;;;;;;;;;;;;;;;;;;;;;;;;;;;;;;;;;;;;;;;;;;;;;;;;;;;;;;;;;;;;;;;;;;;;;;;;;;25318;-100;;;;;;;;;;;;;;;;;;;;;;;;;;;;;;;;;;;;;;;;;;;;;;;;;;;;;;;;;;;;;;;;;;;;;;;;;;;;;;;;;;;;;;;;;59;35857062;;;3577;;;;;9713777;2466192;;;;;;;;;;;;;;;;;;;;;;;;;;;;;;;;;;;;;;;;;;;;;;;;;;;;;;;;;;;;;;;;;;;;;;;;;;;;;;;;;;;;;;;;;;;;;;;;;;;;;;;;;;;;;;;;;;;;;;;;;;;;;;;;;;;;;;;;;;;;;;;;;;;;;;strict_renda_liquida;national;renda liquida publicada em faixas compativeis
irpf_dir_1965_faixas;irpf_dir_1965_faixas.csv;bracket_distribution;8;1964;1965;Brasil;irpf_dir_1965_faixas;;1965;Brasil;F08;8;5.041 a 6.300;5041;6300;0;;;5637838.069604;;;Cr$;Cr$ 1.000;Cr$ 1.000;;;Brasil. Ministerio da Fazenda. Departamento do Imposto de Renda. Relatorio das atividades do ano de 1965, apresentado ao Excelentissimo Senhor Diretor-Geral da Fazenda Nacional pelo Diretor do Departamento do Imposto de Renda, Sr. Orlando Travancas. Rio de Janeiro: Departamento de Imprensa Nacional, 1969.;;outputs/fontes-pedro-souza-irpf/relatorio_irpf_ano_1965_publicado_1969.pdf;outputs/fontes-pedro-souza-irpf/relatorio_1965_paginas/relatorio_1965_leaf_0059.png;57;53;Quadro IV;;;;;1964;;;;112488288;;90070101;;;;;;15976;13179;253;;61;24023;;;https://archive.org/details/depeguanaminfaz0000_2_0000relatrenda196569;https://archive.org/download/depeguanaminfaz0000_2_0000relatrenda196569/depeguanaminfaz0000_2_0000relatrenda196569.pdf;;;;;;;;;;;;;;;;;;;;;;;;;;;;;;;;;;;;;;;;;;;;;;;;;;;;;;;;;;;;;;;;;;;;;;;;;;;;;;;;;;;;;;15976;0;;;;;;;;;;;;;;;;;;;;;;;;;;;;;;;;;;;;;;;;;;;;;;;;;;;;;;;;;;;;;;;;;;;;;;;;;;;;;;;;;;;;;;;;;59;22418187;;;2483;;;;;10670637;2501584;;;;;;;;;;;;;;;;;;;;;;;;;;;;;;;;;;;;;;;;;;;;;;;;;;;;;;;;;;;;;;;;;;;;;;;;;;;;;;;;;;;;;;;;;;;;;;;;;;;;;;;;;;;;;;;;;;;;;;;;;;;;;;;;;;;;;;;;;;;;;;;;;;;;;;strict_renda_liquida;national;renda liquida publicada em faixas compativeis
irpf_dir_1965_faixas;irpf_dir_1965_faixas.csv;bracket_distribution;9;1964;1965;Brasil;irpf_dir_1965_faixas;;1965;Brasil;F09;9;6.301 a 7.560;6301;7560;0;;;6812991.436176;;;Cr$;Cr$ 1.000;Cr$ 1.000;;;Brasil. Ministerio da Fazenda. Departamento do Imposto de Renda. Relatorio das atividades do ano de 1965, apresentado ao Excelentissimo Senhor Diretor-Geral da Fazenda Nacional pelo Diretor do Departamento do Imposto de Renda, Sr. Orlando Travancas. Rio de Janeiro: Departamento de Imprensa Nacional, 1969.;;outputs/fontes-pedro-souza-irpf/relatorio_irpf_ano_1965_publicado_1969.pdf;outputs/fontes-pedro-souza-irpf/relatorio_1965_paginas/relatorio_1965_leaf_0059.png;57;53;Quadro IV;;;;;1964;;;;71946673;;58871059;;;;;;8641;7134;148;;36;12827;;;https://archive.org/details/depeguanaminfaz0000_2_0000relatrenda196569;https://archive.org/download/depeguanaminfaz0000_2_0000relatrenda196569/depeguanaminfaz0000_2_0000relatrenda196569.pdf;;;;;;;;;;;;;;;;;;;;;;;;;;;;;;;;;;;;;;;;;;;;;;;;;;;;;;;;;;;;;;;;;;;;;;;;;;;;;;;;;;;;;;8641;0;;;;;;;;;;;;;;;;;;;;;;;;;;;;;;;;;;;;;;;;;;;;;;;;;;;;;;;;;;;;;;;;;;;;;;;;;;;;;;;;;;;;;;;;;59;13075614;;;1323;;;;;8531134;1906328;;;;;;;;;;;;;;;;;;;;;;;;;;;;;;;;;;;;;;;;;;;;;;;;;;;;;;;;;;;;;;;;;;;;;;;;;;;;;;;;;;;;;;;;;;;;;;;;;;;;;;;;;;;;;;;;;;;;;;;;;;;;;;;;;;;;;;;;;;;;;;;;;;;;;;strict_renda_liquida;national;renda liquida publicada em faixas compativeis
irpf_boletim_estatistico_28_1968_faixas;irpf_boletim_estatistico_28_1968_faixas.csv;bracket_distribution;1;1965;1966;Brasil;irpf_boletim_estatistico_28_1968_faixas;;1966;Brasil;F01;1;;;;0;;;;;;NCr$;NCr$ 1.000;NCr$ 1,00;;;Brasil. Ministerio da Fazenda. Departamento do Imposto de Renda. Boletim Estatistico, n. 28. [S.l.]: Ministerio da Fazenda, 1968.;;outputs/fontes-pedro-souza-irpf/boletim_estatistico_n28_1968.pdf;outputs/fontes-pedro-souza-irpf/boletim_estatistico_n28_1968_p77_tabela.png;77;36;Tabela sem numero;Valores por faixa da coluna de dependentes nao transcritos: a coluna esta no limite direito do scan e alguns digitos finais nao estao legiveis. O total geral de dependentes foi preservado na tabela de totais.;;;;1965;;;;;;;;;;;;101375;81530;816;17968;1061;;;;;;;;;;;;;;;;;;;;;;;;;;;;;;;;;;;;;;;;;;;;;;;;;;;;;;;;;;;;;;;;;;;;;;;;;;;;;;;;;;Ate 1.500;;1500;298685;205660;93025;917.632552;0;11273;101375;0;;;;;;;;;;;;;;;;;;;;;;;;;;;;;;;;;;;;;;;;;;;;;;;;;;;;;;;;;;;;;;;;;;;;;;;;;;;;;;;;;;;;;;;;;;;;;;;;;;;;;;;;;;;;;;;;;;;;;;;;;;;;;;;;;;;;;;;;;;;;;;;;;;;;;;;;;;;;;;;;;;;;;;;;;;;;;;;;;;;;;;;;;;;;;;;;;;;;;;;;;;;;;;;;;;;;;;;;;;;;;;;;;;;;;;;;;;;;;;;;;;;;;;;;;strict_renda_liquida;national;renda liquida publicada em faixas compativeis
irpf_boletim_estatistico_28_1968_faixas;irpf_boletim_estatistico_28_1968_faixas.csv;bracket_distribution;10;1965;1966;Brasil;irpf_boletim_estatistico_28_1968_faixas;;1966;Brasil;F10;10;;;;0;;;;;;NCr$;NCr$ 1.000;NCr$ 1,00;;;Brasil. Ministerio da Fazenda. Departamento do Imposto de Renda. Boletim Estatistico, n. 28. [S.l.]: Ministerio da Fazenda, 1968.;;outputs/fontes-pedro-souza-irpf/boletim_estatistico_n28_1968.pdf;outputs/fontes-pedro-souza-irpf/boletim_estatistico_n28_1968_p77_tabela.png;77;36;Tabela sem numero;Valores por faixa da coluna de dependentes nao transcritos: a coluna esta no limite direito do scan e alguns digitos finais nao estao legiveis. O total geral de dependentes foi preservado na tabela de totais.;;;;1965;;;;;;;;;;;;3631;3111;32;446;42;;;;;;;;;;;;;;;;;;;;;;;;;;;;;;;;;;;;;;;;;;;;;;;;;;;;;;;;;;;;;;;;;;;;;;;;;;;;;;;;;;18.001 a 24.000;18001;24000;86252;12150;74102;20408.152024;17785;6342;3631;0;;;;;;;;;;;;;;;;;;;;;;;;;;;;;;;;;;;;;;;;;;;;;;;;;;;;;;;;;;;;;;;;;;;;;;;;;;;;;;;;;;;;;;;;;;;;;;;;;;;;;;;;;;;;;;;;;;;;;;;;;;;;;;;;;;;;;;;;;;;;;;;;;;;;;;;;;;;;;;;;;;;;;;;;;;;;;;;;;;;;;;;;;;;;;;;;;;;;;;;;;;;;;;;;;;;;;;;;;;;;;;;;;;;;;;;;;;;;;;;;;;;;;;;;;strict_renda_liquida;national;renda liquida publicada em faixas compativeis
irpf_boletim_estatistico_28_1968_faixas;irpf_boletim_estatistico_28_1968_faixas.csv;bracket_distribution;11;1965;1966;Brasil;irpf_boletim_estatistico_28_1968_faixas;;1966;Brasil;F11;11;;;;0;;;;;;NCr$;NCr$ 1.000;NCr$ 1,00;;;Brasil. Ministerio da Fazenda. Departamento do Imposto de Renda. Boletim Estatistico, n. 28. [S.l.]: Ministerio da Fazenda, 1968.;;outputs/fontes-pedro-souza-irpf/boletim_estatistico_n28_1968.pdf;outputs/fontes-pedro-souza-irpf/boletim_estatistico_n28_1968_p77_tabela.png;77;36;Tabela sem numero;Valores por faixa da coluna de dependentes nao transcritos: a coluna esta no limite direito do scan e alguns digitos finais nao estao legiveis. O total geral de dependentes foi preservado na tabela de totais.;;;;1965;;;;;;;;;;;;2388;2031;34;287;36;;;;;;;;;;;;;;;;;;;;;;;;;;;;;;;;;;;;;;;;;;;;;;;;;;;;;;;;;;;;;;;;;;;;;;;;;;;;;;;;;;24.001 a 36.000;24001;36000;76906;9563;67343;28200.586265;19414;4135;2388;0;;;;;;;;;;;;;;;;;;;;;;;;;;;;;;;;;;;;;;;;;;;;;;;;;;;;;;;;;;;;;;;;;;;;;;;;;;;;;;;;;;;;;;;;;;;;;;;;;;;;;;;;;;;;;;;;;;;;;;;;;;;;;;;;;;;;;;;;;;;;;;;;;;;;;;;;;;;;;;;;;;;;;;;;;;;;;;;;;;;;;;;;;;;;;;;;;;;;;;;;;;;;;;;;;;;;;;;;;;;;;;;;;;;;;;;;;;;;;;;;;;;;;;;;;strict_renda_liquida;national;renda liquida publicada em faixas compativeis
irpf_boletim_estatistico_28_1968_faixas;irpf_boletim_estatistico_28_1968_faixas.csv;bracket_distribution;12;1965;1966;Brasil;irpf_boletim_estatistico_28_1968_faixas;;1966;Brasil;F12;12;;;;0;;;;;;NCr$;NCr$ 1.000;NCr$ 1,00;;;Brasil. Ministerio da Fazenda. Departamento do Imposto de Renda. Boletim Estatistico, n. 28. [S.l.]: Ministerio da Fazenda, 1968.;;outputs/fontes-pedro-souza-irpf/boletim_estatistico_n28_1968.pdf;outputs/fontes-pedro-souza-irpf/boletim_estatistico_n28_1968_p77_tabela.png;77;36;Tabela sem numero;Valores por faixa da coluna de dependentes nao transcritos: a coluna esta no limite direito do scan e alguns digitos finais nao estao legiveis. O total geral de dependentes foi preservado na tabela de totais.;;;;1965;;;;;;;;;;;;768;654;7;93;14;;;;;;;;;;;;;;;;;;;;;;;;;;;;;;;;;;;;;;;;;;;;;;;;;;;;;;;;;;;;;;;;;;;;;;;;;;;;;;;;;;36.001 a 48.000;36001;48000;35306;3927;31379;40858.072917;10725;1888;768;0;;;;;;;;;;;;;;;;;;;;;;;;;;;;;;;;;;;;;;;;;;;;;;;;;;;;;;;;;;;;;;;;;;;;;;;;;;;;;;;;;;;;;;;;;;;;;;;;;;;;;;;;;;;;;;;;;;;;;;;;;;;;;;;;;;;;;;;;;;;;;;;;;;;;;;;;;;;;;;;;;;;;;;;;;;;;;;;;;;;;;;;;;;;;;;;;;;;;;;;;;;;;;;;;;;;;;;;;;;;;;;;;;;;;;;;;;;;;;;;;;;;;;;;;;strict_renda_liquida;national;renda liquida publicada em faixas compativeis
irpf_boletim_estatistico_28_1968_faixas;irpf_boletim_estatistico_28_1968_faixas.csv;bracket_distribution;13;1965;1966;Brasil;irpf_boletim_estatistico_28_1968_faixas;;1966;Brasil;F13;13;;;;1;;;;;;NCr$;NCr$ 1.000;NCr$ 1,00;;;Brasil. Ministerio da Fazenda. Departamento do Imposto de Renda. Boletim Estatistico, n. 28. [S.l.]: Ministerio da Fazenda, 1968.;;outputs/fontes-pedro-souza-irpf/boletim_estatistico_n28_1968.pdf;outputs/fontes-pedro-souza-irpf/boletim_estatistico_n28_1968_p77_tabela.png;77;36;Tabela sem numero;Valores por faixa da coluna de dependentes nao transcritos: a coluna esta no limite direito do scan e alguns digitos finais nao estao legiveis. O total geral de dependentes foi preservado na tabela de totais.;;;;1965;;;;;;;;;;;;729;605;7;108;9;;;;;;;;;;;;;;;;;;;;;;;;;;;;;;;;;;;;;;;;;;;;;;;;;;;;;;;;;;;;;;;;;;;;;;;;;;;;;;;;;;48.001 em diante;48001;;71381;6472;64909;89038.408779;29212;4632;729;0;;;;;;;;;;;;;;;;;;;;;;;;;;;;;;;;;;;;;;;;;;;;;;;;;;;;;;;;;;;;;;;;;;;;;;;;;;;;;;;;;;;;;;;;;;;;;;;;;;;;;;;;;;;;;;;;;;;;;;;;;;;;;;;;;;;;;;;;;;;;;;;;;;;;;;;;;;;;;;;;;;;;;;;;;;;;;;;;;;;;;;;;;;;;;;;;;;;;;;;;;;;;;;;;;;;;;;;;;;;;;;;;;;;;;;;;;;;;;;;;;;;;;;;;;strict_renda_liquida;national;renda liquida publicada em faixas compativeis
irpf_boletim_estatistico_28_1968_faixas;irpf_boletim_estatistico_28_1968_faixas.csv;bracket_distribution;2;1965;1966;Brasil;irpf_boletim_estatistico_28_1968_faixas;;1966;Brasil;F02;2;;;;0;;;;;;NCr$;NCr$ 1.000;NCr$ 1,00;;;Brasil. Ministerio da Fazenda. Departamento do Imposto de Renda. Boletim Estatistico, n. 28. [S.l.]: Ministerio da Fazenda, 1968.;;outputs/fontes-pedro-souza-irpf/boletim_estatistico_n28_1968.pdf;outputs/fontes-pedro-souza-irpf/boletim_estatistico_n28_1968_p77_tabela.png;77;36;Tabela sem numero;Valores por faixa da coluna de dependentes nao transcritos: a coluna esta no limite direito do scan e alguns digitos finais nao estao legiveis. O total geral de dependentes foi preservado na tabela de totais.;;;;1965;;;;;;;;;;;;18623;12581;435;5376;231;;;;;;;;;;;;;;;;;;;;;;;;;;;;;;;;;;;;;;;;;;;;;;;;;;;;;;;;;;;;;;;;;;;;;;;;;;;;;;;;;;1.501 a 1.800;1501;1800;57699;27053;30646;1645.599527;122;975;18623;0;;;;;;;;;;;;;;;;;;;;;;;;;;;;;;;;;;;;;;;;;;;;;;;;;;;;;;;;;;;;;;;;;;;;;;;;;;;;;;;;;;;;;;;;;;;;;;;;;;;;;;;;;;;;;;;;;;;;;;;;;;;;;;;;;;;;;;;;;;;;;;;;;;;;;;;;;;;;;;;;;;;;;;;;;;;;;;;;;;;;;;;;;;;;;;;;;;;;;;;;;;;;;;;;;;;;;;;;;;;;;;;;;;;;;;;;;;;;;;;;;;;;;;;;;strict_renda_liquida;national;renda liquida publicada em faixas compativeis
irpf_boletim_estatistico_28_1968_faixas;irpf_boletim_estatistico_28_1968_faixas.csv;bracket_distribution;3;1965;1966;Brasil;irpf_boletim_estatistico_28_1968_faixas;;1966;Brasil;F03;3;;;;0;;;;;;NCr$;NCr$ 1.000;NCr$ 1,00;;;Brasil. Ministerio da Fazenda. Departamento do Imposto de Renda. Boletim Estatistico, n. 28. [S.l.]: Ministerio da Fazenda, 1968.;;outputs/fontes-pedro-souza-irpf/boletim_estatistico_n28_1968.pdf;outputs/fontes-pedro-souza-irpf/boletim_estatistico_n28_1968_p77_tabela.png;77;36;Tabela sem numero;Valores por faixa da coluna de dependentes nao transcritos: a coluna esta no limite direito do scan e alguns digitos finais nao estao legiveis. O total geral de dependentes foi preservado na tabela de totais.;;;;1965;;;;;;;;;;;;35464;24518;755;9791;400;;;;;;;;;;;;;;;;;;;;;;;;;;;;;;;;;;;;;;;;;;;;;;;;;;;;;;;;;;;;;;;;;;;;;;;;;;;;;;;;;;1.801 a 2.400;1801;2400;134749;60086;74663;2105.318069;1004;1664;35464;0;;;;;;;;;;;;;;;;;;;;;;;;;;;;;;;;;;;;;;;;;;;;;;;;;;;;;;;;;;;;;;;;;;;;;;;;;;;;;;;;;;;;;;;;;;;;;;;;;;;;;;;;;;;;;;;;;;;;;;;;;;;;;;;;;;;;;;;;;;;;;;;;;;;;;;;;;;;;;;;;;;;;;;;;;;;;;;;;;;;;;;;;;;;;;;;;;;;;;;;;;;;;;;;;;;;;;;;;;;;;;;;;;;;;;;;;;;;;;;;;;;;;;;;;;strict_renda_liquida;national;renda liquida publicada em faixas compativeis
irpf_boletim_estatistico_28_1968_faixas;irpf_boletim_estatistico_28_1968_faixas.csv;bracket_distribution;4;1965;1966;Brasil;irpf_boletim_estatistico_28_1968_faixas;;1966;Brasil;F04;4;;;;0;;;;;;NCr$;NCr$ 1.000;NCr$ 1,00;;;Brasil. Ministerio da Fazenda. Departamento do Imposto de Renda. Boletim Estatistico, n. 28. [S.l.]: Ministerio da Fazenda, 1968.;;outputs/fontes-pedro-souza-irpf/boletim_estatistico_n28_1968.pdf;outputs/fontes-pedro-souza-irpf/boletim_estatistico_n28_1968_p77_tabela.png;77;36;Tabela sem numero;Valores por faixa da coluna de dependentes nao transcritos: a coluna esta no limite direito do scan e alguns digitos finais nao estao legiveis. O total geral de dependentes foi preservado na tabela de totais.;;;;1965;;;;;;;;;;;;43883;30950;849;11639;445;;;;;;;;;;;;;;;;;;;;;;;;;;;;;;;;;;;;;;;;;;;;;;;;;;;;;;;;;;;;;;;;;;;;;;;;;;;;;;;;;;2.401 a 3.300;2401;3300;204821;79944;124877;2845.68056;3668;2835;43883;0;;;;;;;;;;;;;;;;;;;;;;;;;;;;;;;;;;;;;;;;;;;;;;;;;;;;;;;;;;;;;;;;;;;;;;;;;;;;;;;;;;;;;;;;;;;;;;;;;;;;;;;;;;;;;;;;;;;;;;;;;;;;;;;;;;;;;;;;;;;;;;;;;;;;;;;;;;;;;;;;;;;;;;;;;;;;;;;;;;;;;;;;;;;;;;;;;;;;;;;;;;;;;;;;;;;;;;;;;;;;;;;;;;;;;;;;;;;;;;;;;;;;;;;;;strict_renda_liquida;national;renda liquida publicada em faixas compativeis
irpf_boletim_estatistico_28_1968_faixas;irpf_boletim_estatistico_28_1968_faixas.csv;bracket_distribution;5;1965;1966;Brasil;irpf_boletim_estatistico_28_1968_faixas;;1966;Brasil;F05;5;;;;0;;;;;;NCr$;NCr$ 1.000;NCr$ 1,00;;;Brasil. Ministerio da Fazenda. Departamento do Imposto de Renda. Boletim Estatistico, n. 28. [S.l.]: Ministerio da Fazenda, 1968.;;outputs/fontes-pedro-souza-irpf/boletim_estatistico_n28_1968.pdf;outputs/fontes-pedro-souza-irpf/boletim_estatistico_n28_1968_p77_tabela.png;77;36;Tabela sem numero;Valores por faixa da coluna de dependentes nao transcritos: a coluna esta no limite direito do scan e alguns digitos finais nao estao legiveis. O total geral de dependentes foi preservado na tabela de totais.;;;;1965;;;;;;;;;;;;54123;40567;894;12217;445;;;;;;;;;;;;;;;;;;;;;;;;;;;;;;;;;;;;;;;;;;;;;;;;;;;;;;;;;;;;;;;;;;;;;;;;;;;;;;;;;;3.301 a 4.800;3301;4800;330360;111818;218542;4037.876688;11946;6841;54123;0;;;;;;;;;;;;;;;;;;;;;;;;;;;;;;;;;;;;;;;;;;;;;;;;;;;;;;;;;;;;;;;;;;;;;;;;;;;;;;;;;;;;;;;;;;;;;;;;;;;;;;;;;;;;;;;;;;;;;;;;;;;;;;;;;;;;;;;;;;;;;;;;;;;;;;;;;;;;;;;;;;;;;;;;;;;;;;;;;;;;;;;;;;;;;;;;;;;;;;;;;;;;;;;;;;;;;;;;;;;;;;;;;;;;;;;;;;;;;;;;;;;;;;;;;strict_renda_liquida;national;renda liquida publicada em faixas compativeis
irpf_boletim_estatistico_28_1968_faixas;irpf_boletim_estatistico_28_1968_faixas.csv;bracket_distribution;6;1965;1966;Brasil;irpf_boletim_estatistico_28_1968_faixas;;1966;Brasil;F06;6;;;;0;;;;;;NCr$;NCr$ 1.000;NCr$ 1,00;;;Brasil. Ministerio da Fazenda. Departamento do Imposto de Renda. Boletim Estatistico, n. 28. [S.l.]: Ministerio da Fazenda, 1968.;;outputs/fontes-pedro-souza-irpf/boletim_estatistico_n28_1968.pdf;outputs/fontes-pedro-souza-irpf/boletim_estatistico_n28_1968_p77_tabela.png;77;36;Tabela sem numero;Valores por faixa da coluna de dependentes nao transcritos: a coluna esta no limite direito do scan e alguns digitos finais nao estao legiveis. O total geral de dependentes foi preservado na tabela de totais.;;;;1965;;;;;;;;;;;;45508;36350;610;8251;297;;;;;;;;;;;;;;;;;;;;;;;;;;;;;;;;;;;;;;;;;;;;;;;;;;;;;;;;;;;;;;;;;;;;;;;;;;;;;;;;;;4.801 a 6.600;4801;6600;364709;105506;259203;5695.767777;21723;13204;45508;0;;;;;;;;;;;;;;;;;;;;;;;;;;;;;;;;;;;;;;;;;;;;;;;;;;;;;;;;;;;;;;;;;;;;;;;;;;;;;;;;;;;;;;;;;;;;;;;;;;;;;;;;;;;;;;;;;;;;;;;;;;;;;;;;;;;;;;;;;;;;;;;;;;;;;;;;;;;;;;;;;;;;;;;;;;;;;;;;;;;;;;;;;;;;;;;;;;;;;;;;;;;;;;;;;;;;;;;;;;;;;;;;;;;;;;;;;;;;;;;;;;;;;;;;;strict_renda_liquida;national;renda liquida publicada em faixas compativeis
irpf_boletim_estatistico_28_1968_faixas;irpf_boletim_estatistico_28_1968_faixas.csv;bracket_distribution;7;1965;1966;Brasil;irpf_boletim_estatistico_28_1968_faixas;;1966;Brasil;F07;7;;;;0;;;;;;NCr$;NCr$ 1.000;NCr$ 1,00;;;Brasil. Ministerio da Fazenda. Departamento do Imposto de Renda. Boletim Estatistico, n. 28. [S.l.]: Ministerio da Fazenda, 1968.;;outputs/fontes-pedro-souza-irpf/boletim_estatistico_n28_1968.pdf;outputs/fontes-pedro-souza-irpf/boletim_estatistico_n28_1968_p77_tabela.png;77;36;Tabela sem numero;Valores por faixa da coluna de dependentes nao transcritos: a coluna esta no limite direito do scan e alguns digitos finais nao estao legiveis. O total geral de dependentes foi preservado na tabela de totais.;;;;1965;;;;;;;;;;;;34624;27218;595;6521;290;;;;;;;;;;;;;;;;;;;;;;;;;;;;;;;;;;;;;;;;;;;;;;;;;;;;;;;;;;;;;;;;;;;;;;;;;;;;;;;;;;6.601 a 9.000;6601;9000;343594;78434;265160;7658.271719;30157;12231;34624;0;;;;;;;;;;;;;;;;;;;;;;;;;;;;;;;;;;;;;;;;;;;;;;;;;;;;;;;;;;;;;;;;;;;;;;;;;;;;;;;;;;;;;;;;;;;;;;;;;;;;;;;;;;;;;;;;;;;;;;;;;;;;;;;;;;;;;;;;;;;;;;;;;;;;;;;;;;;;;;;;;;;;;;;;;;;;;;;;;;;;;;;;;;;;;;;;;;;;;;;;;;;;;;;;;;;;;;;;;;;;;;;;;;;;;;;;;;;;;;;;;;;;;;;;;strict_renda_liquida;national;renda liquida publicada em faixas compativeis
irpf_boletim_estatistico_28_1968_faixas;irpf_boletim_estatistico_28_1968_faixas.csv;bracket_distribution;8;1965;1966;Brasil;irpf_boletim_estatistico_28_1968_faixas;;1966;Brasil;F08;8;;;;0;;;;;;NCr$;NCr$ 1.000;NCr$ 1,00;;;Brasil. Ministerio da Fazenda. Departamento do Imposto de Renda. Boletim Estatistico, n. 28. [S.l.]: Ministerio da Fazenda, 1968.;;outputs/fontes-pedro-souza-irpf/boletim_estatistico_n28_1968.pdf;outputs/fontes-pedro-souza-irpf/boletim_estatistico_n28_1968_p77_tabela.png;77;36;Tabela sem numero;Valores por faixa da coluna de dependentes nao transcritos: a coluna esta no limite direito do scan e alguns digitos finais nao estao legiveis. O total geral de dependentes foi preservado na tabela de totais.;;;;1965;;;;;;;;;;;;18467;14968;321;3070;108;;;;;;;;;;;;;;;;;;;;;;;;;;;;;;;;;;;;;;;;;;;;;;;;;;;;;;;;;;;;;;;;;;;;;;;;;;;;;;;;;;9.001 a 12.000;9001;12000;236211;55083;181128;9808.198408;25638;11290;18467;0;;;;;;;;;;;;;;;;;;;;;;;;;;;;;;;;;;;;;;;;;;;;;;;;;;;;;;;;;;;;;;;;;;;;;;;;;;;;;;;;;;;;;;;;;;;;;;;;;;;;;;;;;;;;;;;;;;;;;;;;;;;;;;;;;;;;;;;;;;;;;;;;;;;;;;;;;;;;;;;;;;;;;;;;;;;;;;;;;;;;;;;;;;;;;;;;;;;;;;;;;;;;;;;;;;;;;;;;;;;;;;;;;;;;;;;;;;;;;;;;;;;;;;;;;strict_renda_liquida;national;renda liquida publicada em faixas compativeis
irpf_boletim_estatistico_28_1968_faixas;irpf_boletim_estatistico_28_1968_faixas.csv;bracket_distribution;9;1965;1966;Brasil;irpf_boletim_estatistico_28_1968_faixas;;1966;Brasil;F09;9;;;;0;;;;;;NCr$;NCr$ 1.000;NCr$ 1,00;;;Brasil. Ministerio da Fazenda. Departamento do Imposto de Renda. Boletim Estatistico, n. 28. [S.l.]: Ministerio da Fazenda, 1968.;;outputs/fontes-pedro-souza-irpf/boletim_estatistico_n28_1968.pdf;outputs/fontes-pedro-souza-irpf/boletim_estatistico_n28_1968_p77_tabela.png;77;36;Tabela sem numero;Valores por faixa da coluna de dependentes nao transcritos: a coluna esta no limite direito do scan e alguns digitos finais nao estao legiveis. O total geral de dependentes foi preservado na tabela de totais.;;;;1965;;;;;;;;;;;;11479;9648;135;1581;115;;;;;;;;;;;;;;;;;;;;;;;;;;;;;;;;;;;;;;;;;;;;;;;;;;;;;;;;;;;;;;;;;;;;;;;;;;;;;;;;;;12.001 a 18.000;12001;18000;197326;31868;165458;14413.973343;31999;9785;11479;0;;;;;;;;;;;;;;;;;;;;;;;;;;;;;;;;;;;;;;;;;;;;;;;;;;;;;;;;;;;;;;;;;;;;;;;;;;;;;;;;;;;;;;;;;;;;;;;;;;;;;;;;;;;;;;;;;;;;;;;;;;;;;;;;;;;;;;;;;;;;;;;;;;;;;;;;;;;;;;;;;;;;;;;;;;;;;;;;;;;;;;;;;;;;;;;;;;;;;;;;;;;;;;;;;;;;;;;;;;;;;;;;;;;;;;;;;;;;;;;;;;;;;;;;;strict_renda_liquida;national;renda liquida publicada em faixas compativeis
irpf_boletim_estatistico_32_1968_faixas;irpf_boletim_estatistico_32_1968_faixas.csv;bracket_distribution;1;1966;1967;Guanabara;irpf_boletim_estatistico_32_1968_faixas;;1967;Guanabara;F01;1;;;;0;;;;;;NCr$;NCr$ 1.000;NCr$ 1.000;;;Brasil. Ministerio da Fazenda. Departamento do Imposto de Renda. Boletim Estatistico, n. 32. [S.l.]: Ministerio da Fazenda, agosto 1968.;;outputs/fontes-pedro-souza-irpf/boletim_estatistico_n32_1968.pdf;outputs/fontes-pedro-souza-irpf/boletim_estatistico_n32_1968_p61_tabela.png;61;29;Tabela sem numero;"Serie regional da Guanabara; nao representa Brasil. Valores monetarios impressos em NCr$ foram convertidos para NCr$ 1.000 nas colunas *_ncr_mil. Dependentes por faixa nao foram transcritos porque os digitos finais da coluna ficam no limite direito do scan; o total geral foi preservado nos totais.";;;;1966;;;;;;;;;;;;15214;12871;224;1839;280;;;;;;;;;;;;;;;;;;;;;;;;;;;;;;;;;;;;;;;;;;;;;;;;;;;;;;;;;;;;;;;;;;;;;;;;;;;;;;;;;;;;;58421.0;46777.0;11644.0;765.347706;0.0;495.0;15214;0;0 a 2.13;0.0;2.13;58421000;46777000;11644000;0;495000;;;;;;;;;;;;;;;;;;;;;;;;;;;;;;;;;;;;;;;;;;;;;;;;;;;;;;;;;;;;;;;;;;;;;;;;;;;;;;;;;;;;;;;;;;;;;;;;;;;;;;;;;;;;;;;;;;;;;;;;;;;;;;;;;;;;;;;;;;;;;;;;;;;;;;;;;;;;;;;;;;;;;;;;;;;;;;;;;;;;;;;;;;;;;;;;;;;;;;;;;;;;;;;;;;;;;;;;;;;;;;;;;;;;;;;;;;;;;;;;;strict_renda_liquida;regional;"renda liquida publicada em faixas compativeis; serie regional/local, nao comparar diretamente com Brasil"
irpf_boletim_estatistico_32_1968_faixas;irpf_boletim_estatistico_32_1968_faixas.csv;bracket_distribution;10;1966;1967;Guanabara;irpf_boletim_estatistico_32_1968_faixas;;1967;Guanabara;F10;10;;;;0;;;;;;NCr$;NCr$ 1.000;NCr$ 1.000;;;Brasil. Ministerio da Fazenda. Departamento do Imposto de Renda. Boletim Estatistico, n. 32. [S.l.]: Ministerio da Fazenda, agosto 1968.;;outputs/fontes-pedro-souza-irpf/boletim_estatistico_n32_1968.pdf;outputs/fontes-pedro-souza-irpf/boletim_estatistico_n32_1968_p61_tabela.png;61;29;Tabela sem numero;"Serie regional da Guanabara; nao representa Brasil. Valores monetarios impressos em NCr$ foram convertidos para NCr$ 1.000 nas colunas *_ncr_mil. Dependentes por faixa nao foram transcritos porque os digitos finais da coluna ficam no limite direito do scan; o total geral foi preservado nos totais.";;;;1966;;;;;;;;;;;;1216;971;19;211;15;;;;;;;;;;;;;;;;;;;;;;;;;;;;;;;;;;;;;;;;;;;;;;;;;;;;;;;;;;;;;;;;;;;;;;;;;;;;;;;;;;;;;41036.0;5473.0;35563.0;29245.888158;7802.619;2766.0;1216;0;25.57 a 34.08;25.57;34.08;41036000;5473000;35563000;7802619;2766000;;;;;;;;;;;;;;;;;;;;;;;;;;;;;;;;;;;;;;;;;;;;;;;;;;;;;;;;;;;;;;;;;;;;;;;;;;;;;;;;;;;;;;;;;;;;;;;;;;;;;;;;;;;;;;;;;;;;;;;;;;;;;;;;;;;;;;;;;;;;;;;;;;;;;;;;;;;;;;;;;;;;;;;;;;;;;;;;;;;;;;;;;;;;;;;;;;;;;;;;;;;;;;;;;;;;;;;;;;;;;;;;;;;;;;;;;;;;;;;;;strict_renda_liquida;regional;"renda liquida publicada em faixas compativeis; serie regional/local, nao comparar diretamente com Brasil"
irpf_boletim_estatistico_32_1968_faixas;irpf_boletim_estatistico_32_1968_faixas.csv;bracket_distribution;11;1966;1967;Guanabara;irpf_boletim_estatistico_32_1968_faixas;;1967;Guanabara;F11;11;;;;0;;;;;;NCr$;NCr$ 1.000;NCr$ 1.000;;;Brasil. Ministerio da Fazenda. Departamento do Imposto de Renda. Boletim Estatistico, n. 32. [S.l.]: Ministerio da Fazenda, agosto 1968.;;outputs/fontes-pedro-souza-irpf/boletim_estatistico_n32_1968.pdf;outputs/fontes-pedro-souza-irpf/boletim_estatistico_n32_1968_p61_tabela.png;61;29;Tabela sem numero;"Serie regional da Guanabara; nao representa Brasil. Valores monetarios impressos em NCr$ foram convertidos para NCr$ 1.000 nas colunas *_ncr_mil. Dependentes por faixa nao foram transcritos porque os digitos finais da coluna ficam no limite direito do scan; o total geral foi preservado nos totais.";;;;1966;;;;;;;;;;;;777;648;12;113;4;;;;;;;;;;;;;;;;;;;;;;;;;;;;;;;;;;;;;;;;;;;;;;;;;;;;;;;;;;;;;;;;;;;;;;;;;;;;;;;;;;;;;35517.0;4074.0;31443.0;40467.181467;8285.126;2306.0;777;0;34.09 a 51.12;34.09;51.12;35517000;4074000;31443000;8285126;2306000;;;;;;;;;;;;;;;;;;;;;;;;;;;;;;;;;;;;;;;;;;;;;;;;;;;;;;;;;;;;;;;;;;;;;;;;;;;;;;;;;;;;;;;;;;;;;;;;;;;;;;;;;;;;;;;;;;;;;;;;;;;;;;;;;;;;;;;;;;;;;;;;;;;;;;;;;;;;;;;;;;;;;;;;;;;;;;;;;;;;;;;;;;;;;;;;;;;;;;;;;;;;;;;;;;;;;;;;;;;;;;;;;;;;;;;;;;;;;;;;;strict_renda_liquida;regional;"renda liquida publicada em faixas compativeis; serie regional/local, nao comparar diretamente com Brasil"
irpf_boletim_estatistico_32_1968_faixas;irpf_boletim_estatistico_32_1968_faixas.csv;bracket_distribution;12;1966;1967;Guanabara;irpf_boletim_estatistico_32_1968_faixas;;1967;Guanabara;F12;12;;;;0;;;;;;NCr$;NCr$ 1.000;NCr$ 1.000;;;Brasil. Ministerio da Fazenda. Departamento do Imposto de Renda. Boletim Estatistico, n. 32. [S.l.]: Ministerio da Fazenda, agosto 1968.;;outputs/fontes-pedro-souza-irpf/boletim_estatistico_n32_1968.pdf;outputs/fontes-pedro-souza-irpf/boletim_estatistico_n32_1968_p61_tabela.png;61;29;Tabela sem numero;"Serie regional da Guanabara; nao representa Brasil. Valores monetarios impressos em NCr$ foram convertidos para NCr$ 1.000 nas colunas *_ncr_mil. Dependentes por faixa nao foram transcritos porque os digitos finais da coluna ficam no limite direito do scan; o total geral foi preservado nos totais.";;;;1966;;;;;;;;;;;;242;190;7;44;1;;;;;;;;;;;;;;;;;;;;;;;;;;;;;;;;;;;;;;;;;;;;;;;;;;;;;;;;;;;;;;;;;;;;;;;;;;;;;;;;;;;;;15676.0;1517.0;14159.0;58508.264463;4416.406;1078.0;242;0;51.13 a 68.16;51.13;68.16;15676000;1517000;14159000;4416406;1078000;;;;;;;;;;;;;;;;;;;;;;;;;;;;;;;;;;;;;;;;;;;;;;;;;;;;;;;;;;;;;;;;;;;;;;;;;;;;;;;;;;;;;;;;;;;;;;;;;;;;;;;;;;;;;;;;;;;;;;;;;;;;;;;;;;;;;;;;;;;;;;;;;;;;;;;;;;;;;;;;;;;;;;;;;;;;;;;;;;;;;;;;;;;;;;;;;;;;;;;;;;;;;;;;;;;;;;;;;;;;;;;;;;;;;;;;;;;;;;;;;strict_renda_liquida;regional;"renda liquida publicada em faixas compativeis; serie regional/local, nao comparar diretamente com Brasil"
irpf_boletim_estatistico_32_1968_faixas;irpf_boletim_estatistico_32_1968_faixas.csv;bracket_distribution;13;1966;1967;Guanabara;irpf_boletim_estatistico_32_1968_faixas;;1967;Guanabara;F13;13;;;;1;;;;;;NCr$;NCr$ 1.000;NCr$ 1.000;;;Brasil. Ministerio da Fazenda. Departamento do Imposto de Renda. Boletim Estatistico, n. 32. [S.l.]: Ministerio da Fazenda, agosto 1968.;;outputs/fontes-pedro-souza-irpf/boletim_estatistico_n32_1968.pdf;outputs/fontes-pedro-souza-irpf/boletim_estatistico_n32_1968_p61_tabela.png;61;29;Tabela sem numero;"Serie regional da Guanabara; nao representa Brasil. Valores monetarios impressos em NCr$ foram convertidos para NCr$ 1.000 nas colunas *_ncr_mil. Dependentes por faixa nao foram transcritos porque os digitos finais da coluna ficam no limite direito do scan; o total geral foi preservado nos totais.";;;;1966;;;;;;;;;;;;329;265;4;55;5;;;;;;;;;;;;;;;;;;;;;;;;;;;;;;;;;;;;;;;;;;;;;;;;;;;;;;;;;;;;;;;;;;;;;;;;;;;;;;;;;;;;;52627.0;3385.0;49242.0;149671.732523;20841.622;2826.0;329;0;Acima de 68.17;68.17;;52627000;3385000;49242000;20841622;2826000;;;;;;;;;;;;;;;;;;;;;;;;;;;;;;;;;;;;;;;;;;;;;;;;;;;;;;;;;;;;;;;;;;;;;;;;;;;;;;;;;;;;;;;;;;;;;;;;;;;;;;;;;;;;;;;;;;;;;;;;;;;;;;;;;;;;;;;;;;;;;;;;;;;;;;;;;;;;;;;;;;;;;;;;;;;;;;;;;;;;;;;;;;;;;;;;;;;;;;;;;;;;;;;;;;;;;;;;;;;;;;;;;;;;;;;;;;;;;;;;;strict_renda_liquida;regional;"renda liquida publicada em faixas compativeis; serie regional/local, nao comparar diretamente com Brasil"
irpf_boletim_estatistico_32_1968_faixas;irpf_boletim_estatistico_32_1968_faixas.csv;bracket_distribution;2;1966;1967;Guanabara;irpf_boletim_estatistico_32_1968_faixas;;1967;Guanabara;F02;2;;;;0;;;;;;NCr$;NCr$ 1.000;NCr$ 1.000;;;Brasil. Ministerio da Fazenda. Departamento do Imposto de Renda. Boletim Estatistico, n. 32. [S.l.]: Ministerio da Fazenda, agosto 1968.;;outputs/fontes-pedro-souza-irpf/boletim_estatistico_n32_1968.pdf;outputs/fontes-pedro-souza-irpf/boletim_estatistico_n32_1968_p61_tabela.png;61;29;Tabela sem numero;"Serie regional da Guanabara; nao representa Brasil. Valores monetarios impressos em NCr$ foram convertidos para NCr$ 1.000 nas colunas *_ncr_mil. Dependentes por faixa nao foram transcritos porque os digitos finais da coluna ficam no limite direito do scan; o total geral foi preservado nos totais.";;;;1966;;;;;;;;;;;;3820;2451;135;1163;71;;;;;;;;;;;;;;;;;;;;;;;;;;;;;;;;;;;;;;;;;;;;;;;;;;;;;;;;;;;;;;;;;;;;;;;;;;;;;;;;;;;;;16461.0;7486.0;8975.0;2349.47644;38.315;169.0;3820;0;2.14 a 2.55;2.14;2.55;16461000;7486000;8975000;38315;169000;;;;;;;;;;;;;;;;;;;;;;;;;;;;;;;;;;;;;;;;;;;;;;;;;;;;;;;;;;;;;;;;;;;;;;;;;;;;;;;;;;;;;;;;;;;;;;;;;;;;;;;;;;;;;;;;;;;;;;;;;;;;;;;;;;;;;;;;;;;;;;;;;;;;;;;;;;;;;;;;;;;;;;;;;;;;;;;;;;;;;;;;;;;;;;;;;;;;;;;;;;;;;;;;;;;;;;;;;;;;;;;;;;;;;;;;;;;;;;;;;strict_renda_liquida;regional;"renda liquida publicada em faixas compativeis; serie regional/local, nao comparar diretamente com Brasil"
irpf_boletim_estatistico_32_1968_faixas;irpf_boletim_estatistico_32_1968_faixas.csv;bracket_distribution;3;1966;1967;Guanabara;irpf_boletim_estatistico_32_1968_faixas;;1967;Guanabara;F03;3;;;;0;;;;;;NCr$;NCr$ 1.000;NCr$ 1.000;;;Brasil. Ministerio da Fazenda. Departamento do Imposto de Renda. Boletim Estatistico, n. 32. [S.l.]: Ministerio da Fazenda, agosto 1968.;;outputs/fontes-pedro-souza-irpf/boletim_estatistico_n32_1968.pdf;outputs/fontes-pedro-souza-irpf/boletim_estatistico_n32_1968_p61_tabela.png;61;29;Tabela sem numero;"Serie regional da Guanabara; nao representa Brasil. Valores monetarios impressos em NCr$ foram convertidos para NCr$ 1.000 nas colunas *_ncr_mil. Dependentes por faixa nao foram transcritos porque os digitos finais da coluna ficam no limite direito do scan; o total geral foi preservado nos totais.";;;;1966;;;;;;;;;;;;8044;5287;240;2344;173;;;;;;;;;;;;;;;;;;;;;;;;;;;;;;;;;;;;;;;;;;;;;;;;;;;;;;;;;;;;;;;;;;;;;;;;;;;;;;;;;;;;;40580.0;16598.0;23982.0;2981.352561;300.27;488.0;8044;0;2.56 a 3.40;2.56;3.4;40580000;16598000;23982000;300270;488000;;;;;;;;;;;;;;;;;;;;;;;;;;;;;;;;;;;;;;;;;;;;;;;;;;;;;;;;;;;;;;;;;;;;;;;;;;;;;;;;;;;;;;;;;;;;;;;;;;;;;;;;;;;;;;;;;;;;;;;;;;;;;;;;;;;;;;;;;;;;;;;;;;;;;;;;;;;;;;;;;;;;;;;;;;;;;;;;;;;;;;;;;;;;;;;;;;;;;;;;;;;;;;;;;;;;;;;;;;;;;;;;;;;;;;;;;;;;;;;;;strict_renda_liquida;regional;"renda liquida publicada em faixas compativeis; serie regional/local, nao comparar diretamente com Brasil"
irpf_boletim_estatistico_32_1968_faixas;irpf_boletim_estatistico_32_1968_faixas.csv;bracket_distribution;4;1966;1967;Guanabara;irpf_boletim_estatistico_32_1968_faixas;;1967;Guanabara;F04;4;;;;0;;;;;;NCr$;NCr$ 1.000;NCr$ 1.000;;;Brasil. Ministerio da Fazenda. Departamento do Imposto de Renda. Boletim Estatistico, n. 32. [S.l.]: Ministerio da Fazenda, agosto 1968.;;outputs/fontes-pedro-souza-irpf/boletim_estatistico_n32_1968.pdf;outputs/fontes-pedro-souza-irpf/boletim_estatistico_n32_1968_p61_tabela.png;61;29;Tabela sem numero;"Serie regional da Guanabara; nao representa Brasil. Valores monetarios impressos em NCr$ foram convertidos para NCr$ 1.000 nas colunas *_ncr_mil. Dependentes por faixa nao foram transcritos porque os digitos finais da coluna ficam no limite direito do scan; o total geral foi preservado nos totais.";;;;1966;;;;;;;;;;;;10840;7213;330;3136;161;;;;;;;;;;;;;;;;;;;;;;;;;;;;;;;;;;;;;;;;;;;;;;;;;;;;;;;;;;;;;;;;;;;;;;;;;;;;;;;;;;;;;68369.0;24623.0;43746.0;4035.608856;1175.957;11303.0;10840;0;3.41 a 4.68;3.41;4.68;68369000;24623000;43746000;1175957;11303000;;;;;;;;;;;;;;;;;;;;;;;;;;;;;;;;;;;;;;;;;;;;;;;;;;;;;;;;;;;;;;;;;;;;;;;;;;;;;;;;;;;;;;;;;;;;;;;;;;;;;;;;;;;;;;;;;;;;;;;;;;;;;;;;;;;;;;;;;;;;;;;;;;;;;;;;;;;;;;;;;;;;;;;;;;;;;;;;;;;;;;;;;;;;;;;;;;;;;;;;;;;;;;;;;;;;;;;;;;;;;;;;;;;;;;;;;;;;;;;;;strict_renda_liquida;regional;"renda liquida publicada em faixas compativeis; serie regional/local, nao comparar diretamente com Brasil"
irpf_boletim_estatistico_32_1968_faixas;irpf_boletim_estatistico_32_1968_faixas.csv;bracket_distribution;5;1966;1967;Guanabara;irpf_boletim_estatistico_32_1968_faixas;;1967;Guanabara;F05;5;;;;0;;;;;;NCr$;NCr$ 1.000;NCr$ 1.000;;;Brasil. Ministerio da Fazenda. Departamento do Imposto de Renda. Boletim Estatistico, n. 32. [S.l.]: Ministerio da Fazenda, agosto 1968.;;outputs/fontes-pedro-souza-irpf/boletim_estatistico_n32_1968.pdf;outputs/fontes-pedro-souza-irpf/boletim_estatistico_n32_1968_p61_tabela.png;61;29;Tabela sem numero;"Serie regional da Guanabara; nao representa Brasil. Valores monetarios impressos em NCr$ foram convertidos para NCr$ 1.000 nas colunas *_ncr_mil. Dependentes por faixa nao foram transcritos porque os digitos finais da coluna ficam no limite direito do scan; o total geral foi preservado nos totais.";;;;1966;;;;;;;;;;;;14757;10570;407;3614;166;;;;;;;;;;;;;;;;;;;;;;;;;;;;;;;;;;;;;;;;;;;;;;;;;;;;;;;;;;;;;;;;;;;;;;;;;;;;;;;;;;;;;123704.0;39213.0;84491.0;5725.48621;4203.377;3391.0;14757;0;4.69 a 6.81;4.69;6.81;123704000;39213000;84491000;4203377;3391000;;;;;;;;;;;;;;;;;;;;;;;;;;;;;;;;;;;;;;;;;;;;;;;;;;;;;;;;;;;;;;;;;;;;;;;;;;;;;;;;;;;;;;;;;;;;;;;;;;;;;;;;;;;;;;;;;;;;;;;;;;;;;;;;;;;;;;;;;;;;;;;;;;;;;;;;;;;;;;;;;;;;;;;;;;;;;;;;;;;;;;;;;;;;;;;;;;;;;;;;;;;;;;;;;;;;;;;;;;;;;;;;;;;;;;;;;;;;;;;;;strict_renda_liquida;regional;"renda liquida publicada em faixas compativeis; serie regional/local, nao comparar diretamente com Brasil"
irpf_boletim_estatistico_32_1968_faixas;irpf_boletim_estatistico_32_1968_faixas.csv;bracket_distribution;6;1966;1967;Guanabara;irpf_boletim_estatistico_32_1968_faixas;;1967;Guanabara;F06;6;;;;0;;;;;;NCr$;NCr$ 1.000;NCr$ 1.000;;;Brasil. Ministerio da Fazenda. Departamento do Imposto de Renda. Boletim Estatistico, n. 32. [S.l.]: Ministerio da Fazenda, agosto 1968.;;outputs/fontes-pedro-souza-irpf/boletim_estatistico_n32_1968.pdf;outputs/fontes-pedro-souza-irpf/boletim_estatistico_n32_1968_p61_tabela.png;61;29;Tabela sem numero;"Serie regional da Guanabara; nao representa Brasil. Valores monetarios impressos em NCr$ foram convertidos para NCr$ 1.000 nas colunas *_ncr_mil. Dependentes por faixa nao foram transcritos porque os digitos finais da coluna ficam no limite direito do scan; o total geral foi preservado nos totais.";;;;1966;;;;;;;;;;;;13905;10668;313;2836;88;;;;;;;;;;;;;;;;;;;;;;;;;;;;;;;;;;;;;;;;;;;;;;;;;;;;;;;;;;;;;;;;;;;;;;;;;;;;;;;;;;;;;152307.0;40451.0;111856.0;8044.300611;8504.171;6155.0;13905;0;6.82 a 9.37;6.82;9.37;152307000;40451000;111856000;8504171;6155000;;;;;;;;;;;;;;;;;;;;;;;;;;;;;;;;;;;;;;;;;;;;;;;;;;;;;;;;;;;;;;;;;;;;;;;;;;;;;;;;;;;;;;;;;;;;;;;;;;;;;;;;;;;;;;;;;;;;;;;;;;;;;;;;;;;;;;;;;;;;;;;;;;;;;;;;;;;;;;;;;;;;;;;;;;;;;;;;;;;;;;;;;;;;;;;;;;;;;;;;;;;;;;;;;;;;;;;;;;;;;;;;;;;;;;;;;;;;;;;;;strict_renda_liquida;regional;"renda liquida publicada em faixas compativeis; serie regional/local, nao comparar diretamente com Brasil"
irpf_boletim_estatistico_32_1968_faixas;irpf_boletim_estatistico_32_1968_faixas.csv;bracket_distribution;7;1966;1967;Guanabara;irpf_boletim_estatistico_32_1968_faixas;;1967;Guanabara;F07;7;;;;0;;;;;;NCr$;NCr$ 1.000;NCr$ 1.000;;;Brasil. Ministerio da Fazenda. Departamento do Imposto de Renda. Boletim Estatistico, n. 32. [S.l.]: Ministerio da Fazenda, agosto 1968.;;outputs/fontes-pedro-souza-irpf/boletim_estatistico_n32_1968.pdf;outputs/fontes-pedro-souza-irpf/boletim_estatistico_n32_1968_p61_tabela.png;61;29;Tabela sem numero;"Serie regional da Guanabara; nao representa Brasil. Valores monetarios impressos em NCr$ foram convertidos para NCr$ 1.000 nas colunas *_ncr_mil. Dependentes por faixa nao foram transcritos porque os digitos finais da coluna ficam no limite direito do scan; o total geral foi preservado nos totais.";;;;1966;;;;;;;;;;;;11366;8357;352;2583;74;;;;;;;;;;;;;;;;;;;;;;;;;;;;;;;;;;;;;;;;;;;;;;;;;;;;;;;;;;;;;;;;;;;;;;;;;;;;;;;;;;;;;155189.0;31393.0;123796.0;10891.782509;12826.889;8093.0;11366;0;9.38 a 12.78;9.38;12.78;155189000;31393000;123796000;12826889;8093000;;;;;;;;;;;;;;;;;;;;;;;;;;;;;;;;;;;;;;;;;;;;;;;;;;;;;;;;;;;;;;;;;;;;;;;;;;;;;;;;;;;;;;;;;;;;;;;;;;;;;;;;;;;;;;;;;;;;;;;;;;;;;;;;;;;;;;;;;;;;;;;;;;;;;;;;;;;;;;;;;;;;;;;;;;;;;;;;;;;;;;;;;;;;;;;;;;;;;;;;;;;;;;;;;;;;;;;;;;;;;;;;;;;;;;;;;;;;;;;;;strict_renda_liquida;regional;"renda liquida publicada em faixas compativeis; serie regional/local, nao comparar diretamente com Brasil"
irpf_boletim_estatistico_32_1968_faixas;irpf_boletim_estatistico_32_1968_faixas.csv;bracket_distribution;8;1966;1967;Guanabara;irpf_boletim_estatistico_32_1968_faixas;;1967;Guanabara;F08;8;;;;0;;;;;;NCr$;NCr$ 1.000;NCr$ 1.000;;;Brasil. Ministerio da Fazenda. Departamento do Imposto de Renda. Boletim Estatistico, n. 32. [S.l.]: Ministerio da Fazenda, agosto 1968.;;outputs/fontes-pedro-souza-irpf/boletim_estatistico_n32_1968.pdf;outputs/fontes-pedro-souza-irpf/boletim_estatistico_n32_1968_p61_tabela.png;61;29;Tabela sem numero;"Serie regional da Guanabara; nao representa Brasil. Valores monetarios impressos em NCr$ foram convertidos para NCr$ 1.000 nas colunas *_ncr_mil. Dependentes por faixa nao foram transcritos porque os digitos finais da coluna ficam no limite direito do scan; o total geral foi preservado nos totais.";;;;1966;;;;;;;;;;;;6140;4638;212;1246;44;;;;;;;;;;;;;;;;;;;;;;;;;;;;;;;;;;;;;;;;;;;;;;;;;;;;;;;;;;;;;;;;;;;;;;;;;;;;;;;;;;;;;108683.0;18840.0;89843.0;14632.410423;12093.018;36422.0;6140;0;12.79 a 17.04;12.79;17.04;108683000;18840000;89843000;12093018;36422000;;;;;;;;;;;;;;;;;;;;;;;;;;;;;;;;;;;;;;;;;;;;;;;;;;;;;;;;;;;;;;;;;;;;;;;;;;;;;;;;;;;;;;;;;;;;;;;;;;;;;;;;;;;;;;;;;;;;;;;;;;;;;;;;;;;;;;;;;;;;;;;;;;;;;;;;;;;;;;;;;;;;;;;;;;;;;;;;;;;;;;;;;;;;;;;;;;;;;;;;;;;;;;;;;;;;;;;;;;;;;;;;;;;;;;;;;;;;;;;;;strict_renda_liquida;regional;"renda liquida publicada em faixas compativeis; serie regional/local, nao comparar diretamente com Brasil"
irpf_boletim_estatistico_32_1968_faixas;irpf_boletim_estatistico_32_1968_faixas.csv;bracket_distribution;9;1966;1967;Guanabara;irpf_boletim_estatistico_32_1968_faixas;;1967;Guanabara;F09;9;;;;0;;;;;;NCr$;NCr$ 1.000;NCr$ 1.000;;;Brasil. Ministerio da Fazenda. Departamento do Imposto de Renda. Boletim Estatistico, n. 32. [S.l.]: Ministerio da Fazenda, agosto 1968.;;outputs/fontes-pedro-souza-irpf/boletim_estatistico_n32_1968.pdf;outputs/fontes-pedro-souza-irpf/boletim_estatistico_n32_1968_p61_tabela.png;61;29;Tabela sem numero;"Serie regional da Guanabara; nao representa Brasil. Valores monetarios impressos em NCr$ foram convertidos para NCr$ 1.000 nas colunas *_ncr_mil. Dependentes por faixa nao foram transcritos porque os digitos finais da coluna ficam no limite direito do scan; o total geral foi preservado nos totais.";;;;1966;;;;;;;;;;;;3898;3143;94;636;25;;;;;;;;;;;;;;;;;;;;;;;;;;;;;;;;;;;;;;;;;;;;;;;;;;;;;;;;;;;;;;;;;;;;;;;;;;;;;;;;;;;;;94610.0;14862.0;79748.0;20458.696768;14018.533;55963.0;3898;0;17.05 a 25.56;17.05;25.56;94610000;14862000;79748000;14018533;55963000;;;;;;;;;;;;;;;;;;;;;;;;;;;;;;;;;;;;;;;;;;;;;;;;;;;;;;;;;;;;;;;;;;;;;;;;;;;;;;;;;;;;;;;;;;;;;;;;;;;;;;;;;;;;;;;;;;;;;;;;;;;;;;;;;;;;;;;;;;;;;;;;;;;;;;;;;;;;;;;;;;;;;;;;;;;;;;;;;;;;;;;;;;;;;;;;;;;;;;;;;;;;;;;;;;;;;;;;;;;;;;;;;;;;;;;;;;;;;;;;;strict_renda_liquida;regional;"renda liquida publicada em faixas compativeis; serie regional/local, nao comparar diretamente com Brasil"
irpf_receita_cief_1968_faixas;irpf_receita_cief_1968_faixas.csv;bracket_distribution;1;1967;1968;Brasil;irpf_receita_cief_1968_faixas;;1968;Brasil;F01;1;;;;0;;;;;;NCr$;NCr$ 1.000;NCr$ 1,00;;;Brasil. Ministerio da Fazenda. Secretaria da Receita Federal. Centro de Informacoes Economico-Fiscais (CIEF). Imposto sobre a renda e proventos de qualquer natureza, 1968. Rio de Janeiro: Imprensa Nacional, 1968.;;outputs/fontes-pedro-souza-irpf/imposto_renda_proventos_1968.pdf;;121;48;Quadro 2.1.1.6;"Ano-calendario inferido como 1967 pela regra usual de exercicio do IR; confirmar antes da emenda definitiva com a serie. A soma dos descontos na fonte nas faixas e 221.839, mas o total publicado e 221.399.";;;;1967;;;;;;;;;;;;95043;74659;;19165;456;320024;;;https://archive.org/details/depeguanaminfaz0000_2_0000Impsobreren1968;https://archive.org/download/depeguanaminfaz0000_2_0000Impsobreren1968/depeguanaminfaz0000_2_0000Impsobreren1968.pdf;;;;;;;;;;;;;;;;;;;;;;;;;;;;;;;;;;;;;;;;;;;;;;;;;;;;;;;;;;;;;;;;;;;;;;;;;;;;;Ate 2.599;;2599;483420;440418;43002;452.447839;0;6646;;;;;;;;;;;;;;;;;;;;;;;;;;;;;;;;;;;;;;;;;;;;;;;;;;;;;;;;;;;;;;;;;;;;;;;;;;;;;;;;;;;;;;;;;;;;;;;;;;;;;;;;;;;;;;;;;;;;;;;;;;;;;;;;;;;;;;;;;;;;;;;;;;;;;;;;;;;;;;;;;;;;;;;;;;;;;;;;;;;;;;;;;;;;;;;;;;;;;;;;;;;;;;;;;;;;;;;;;;;;;763;https://openlibrary.org/works/OL43174128W/Imposto_Sobre_A_Renda_e_Proventos_de_Qualquer_Natureza_1968;;;;;;;;;;;;;;;;;;;;;;;;;;;;;strict_renda_liquida;national;renda liquida publicada em faixas compativeis
irpf_receita_cief_1968_faixas;irpf_receita_cief_1968_faixas.csv;bracket_distribution;10;1967;1968;Brasil;irpf_receita_cief_1968_faixas;;1968;Brasil;F10;10;;;;0;;;;;;NCr$;NCr$ 1.000;NCr$ 1,00;;;Brasil. Ministerio da Fazenda. Secretaria da Receita Federal. Centro de Informacoes Economico-Fiscais (CIEF). Imposto sobre a renda e proventos de qualquer natureza, 1968. Rio de Janeiro: Imprensa Nacional, 1968.;;outputs/fontes-pedro-souza-irpf/imposto_renda_proventos_1968.pdf;;121;48;Quadro 2.1.1.6;;;;;1967;;;;;;;;;;;;6964;5546;;1274;55;17856;;;https://archive.org/details/depeguanaminfaz0000_2_0000Impsobreren1968;https://archive.org/download/depeguanaminfaz0000_2_0000Impsobreren1968/depeguanaminfaz0000_2_0000Impsobreren1968.pdf;;;;;;;;;;;;;;;;;;;;;;;;;;;;;;;;;;;;;;;;;;;;;;;;;;;;;;;;;;;;;;;;;;;;;;;;;;;;;31.184 a 41.578;31184;41578;291219;43172;248047;35618.466399;54642;15684;;;;;;;;;;;;;;;;;;;;;;;;;;;;;;;;;;;;;;;;;;;;;;;;;;;;;;;;;;;;;;;;;;;;;;;;;;;;;;;;;;;;;;;;;;;;;;;;;;;;;;;;;;;;;;;;;;;;;;;;;;;;;;;;;;;;;;;;;;;;;;;;;;;;;;;;;;;;;;;;;;;;;;;;;;;;;;;;;;;;;;;;;;;;;;;;;;;;;;;;;;;;;;;;;;;;;;;;;;;;;89;https://openlibrary.org/works/OL43174128W/Imposto_Sobre_A_Renda_e_Proventos_de_Qualquer_Natureza_1968;;;;;;;;;;;;;;;;;;;;;;;;;;;;;strict_renda_liquida;national;renda liquida publicada em faixas compativeis
irpf_receita_cief_1968_faixas;irpf_receita_cief_1968_faixas.csv;bracket_distribution;11;1967;1968;Brasil;irpf_receita_cief_1968_faixas;;1968;Brasil;F11;11;;;;0;;;;;;NCr$;NCr$ 1.000;NCr$ 1,00;;;Brasil. Ministerio da Fazenda. Secretaria da Receita Federal. Centro de Informacoes Economico-Fiscais (CIEF). Imposto sobre a renda e proventos de qualquer natureza, 1968. Rio de Janeiro: Imprensa Nacional, 1968.;;outputs/fontes-pedro-souza-irpf/imposto_renda_proventos_1968.pdf;;121;48;Quadro 2.1.1.6;;;;;1967;;;;;;;;;;;;4530;3643;;785;36;11577;;;https://archive.org/details/depeguanaminfaz0000_2_0000Impsobreren1968;https://archive.org/download/depeguanaminfaz0000_2_0000Impsobreren1968/depeguanaminfaz0000_2_0000Impsobreren1968.pdf;;;;;;;;;;;;;;;;;;;;;;;;;;;;;;;;;;;;;;;;;;;;;;;;;;;;;;;;;;;;;;;;;;;;;;;;;;;;;41.579 a 62.366;41579;62366;259617;34432;225185;49709.713024;59889;14521;;;;;;;;;;;;;;;;;;;;;;;;;;;;;;;;;;;;;;;;;;;;;;;;;;;;;;;;;;;;;;;;;;;;;;;;;;;;;;;;;;;;;;;;;;;;;;;;;;;;;;;;;;;;;;;;;;;;;;;;;;;;;;;;;;;;;;;;;;;;;;;;;;;;;;;;;;;;;;;;;;;;;;;;;;;;;;;;;;;;;;;;;;;;;;;;;;;;;;;;;;;;;;;;;;;;;;;;;;;;;66;https://openlibrary.org/works/OL43174128W/Imposto_Sobre_A_Renda_e_Proventos_de_Qualquer_Natureza_1968;;;;;;;;;;;;;;;;;;;;;;;;;;;;;strict_renda_liquida;national;renda liquida publicada em faixas compativeis
irpf_receita_cief_1968_faixas;irpf_receita_cief_1968_faixas.csv;bracket_distribution;12;1967;1968;Brasil;irpf_receita_cief_1968_faixas;;1968;Brasil;F12;12;;;;0;;;;;;NCr$;NCr$ 1.000;NCr$ 1,00;;;Brasil. Ministerio da Fazenda. Secretaria da Receita Federal. Centro de Informacoes Economico-Fiscais (CIEF). Imposto sobre a renda e proventos de qualquer natureza, 1968. Rio de Janeiro: Imprensa Nacional, 1968.;;outputs/fontes-pedro-souza-irpf/imposto_renda_proventos_1968.pdf;;121;48;Quadro 2.1.1.6;;;;;1967;;;;;;;;;;;;1442;1159;;254;10;3604;;;https://archive.org/details/depeguanaminfaz0000_2_0000Impsobreren1968;https://archive.org/download/depeguanaminfaz0000_2_0000Impsobreren1968/depeguanaminfaz0000_2_0000Impsobreren1968.pdf;;;;;;;;;;;;;;;;;;;;;;;;;;;;;;;;;;;;;;;;;;;;;;;;;;;;;;;;;;;;;;;;;;;;;;;;;;;;;62.367 a 83.155;62367;83155;117032;14956;102076;70787.79473;31991;7102;;;;;;;;;;;;;;;;;;;;;;;;;;;;;;;;;;;;;;;;;;;;;;;;;;;;;;;;;;;;;;;;;;;;;;;;;;;;;;;;;;;;;;;;;;;;;;;;;;;;;;;;;;;;;;;;;;;;;;;;;;;;;;;;;;;;;;;;;;;;;;;;;;;;;;;;;;;;;;;;;;;;;;;;;;;;;;;;;;;;;;;;;;;;;;;;;;;;;;;;;;;;;;;;;;;;;;;;;;;;;19;https://openlibrary.org/works/OL43174128W/Imposto_Sobre_A_Renda_e_Proventos_de_Qualquer_Natureza_1968;;;;;;;;;;;;;;;;;;;;;;;;;;;;;strict_renda_liquida;national;renda liquida publicada em faixas compativeis
irpf_receita_cief_1968_faixas;irpf_receita_cief_1968_faixas.csv;bracket_distribution;13;1967;1968;Brasil;irpf_receita_cief_1968_faixas;;1968;Brasil;F13;13;;;;1;;;;;;NCr$;NCr$ 1.000;NCr$ 1,00;;;Brasil. Ministerio da Fazenda. Secretaria da Receita Federal. Centro de Informacoes Economico-Fiscais (CIEF). Imposto sobre a renda e proventos de qualquer natureza, 1968. Rio de Janeiro: Imprensa Nacional, 1968.;;outputs/fontes-pedro-souza-irpf/imposto_renda_proventos_1968.pdf;;121;48;Quadro 2.1.1.6;;;;;1967;;;;;;;;;;;;1388;1125;;231;13;3665;;;https://archive.org/details/depeguanaminfaz0000_2_0000Impsobreren1968;https://archive.org/download/depeguanaminfaz0000_2_0000Impsobreren1968/depeguanaminfaz0000_2_0000Impsobreren1968.pdf;;;;;;;;;;;;;;;;;;;;;;;;;;;;;;;;;;;;;;;;;;;;;;;;;;;;;;;;;;;;;;;;;;;;;;;;;;;;;Acima de 83.155;83155;;215687;24557;191130;137701.729107;91939;11650;;;;;;;;;;;;;;;;;;;;;;;;;;;;;;;;;;;;;;;;;;;;;;;;;;;;;;;;;;;;;;;;;;;;;;;;;;;;;;;;;;;;;;;;;;;;;;;;;;;;;;;;;;;;;;;;;;;;;;;;;;;;;;;;;;;;;;;;;;;;;;;;;;;;;;;;;;;;;;;;;;;;;;;;;;;;;;;;;;;;;;;;;;;;;;;;;;;;;;;;;;;;;;;;;;;;;;;;;;;;;19;https://openlibrary.org/works/OL43174128W/Imposto_Sobre_A_Renda_e_Proventos_de_Qualquer_Natureza_1968;;;;;;;;;;;;;;;;;;;;;;;;;;;;;strict_renda_liquida;national;renda liquida publicada em faixas compativeis
irpf_receita_cief_1968_faixas;irpf_receita_cief_1968_faixas.csv;bracket_distribution;2;1967;1968;Brasil;irpf_receita_cief_1968_faixas;;1968;Brasil;F02;2;;;;0;;;;;;NCr$;NCr$ 1.000;NCr$ 1,00;;;Brasil. Ministerio da Fazenda. Secretaria da Receita Federal. Centro de Informacoes Economico-Fiscais (CIEF). Imposto sobre a renda e proventos de qualquer natureza, 1968. Rio de Janeiro: Imprensa Nacional, 1968.;;outputs/fontes-pedro-souza-irpf/imposto_renda_proventos_1968.pdf;;121;48;Quadro 2.1.1.6;;;;;1967;;;;;;;;;;;;17532;11067;;5902;154;36333;;;https://archive.org/details/depeguanaminfaz0000_2_0000Impsobreren1968;https://archive.org/download/depeguanaminfaz0000_2_0000Impsobreren1968/depeguanaminfaz0000_2_0000Impsobreren1968.pdf;;;;;;;;;;;;;;;;;;;;;;;;;;;;;;;;;;;;;;;;;;;;;;;;;;;;;;;;;;;;;;;;;;;;;;;;;;;;;2.600 a 3.118;2600;3118;104341;52878;51463;2935.375314;638;789;;;;;;;;;;;;;;;;;;;;;;;;;;;;;;;;;;;;;;;;;;;;;;;;;;;;;;;;;;;;;;;;;;;;;;;;;;;;;;;;;;;;;;;;;;;;;;;;;;;;;;;;;;;;;;;;;;;;;;;;;;;;;;;;;;;;;;;;;;;;;;;;;;;;;;;;;;;;;;;;;;;;;;;;;;;;;;;;;;;;;;;;;;;;;;;;;;;;;;;;;;;;;;;;;;;;;;;;;;;;;409;https://openlibrary.org/works/OL43174128W/Imposto_Sobre_A_Renda_e_Proventos_de_Qualquer_Natureza_1968;;;;;;;;;;;;;;;;;;;;;;;;;;;;;strict_renda_liquida;national;renda liquida publicada em faixas compativeis
irpf_receita_cief_1968_faixas;irpf_receita_cief_1968_faixas.csv;bracket_distribution;3;1967;1968;Brasil;irpf_receita_cief_1968_faixas;;1968;Brasil;F03;3;;;;0;;;;;;NCr$;NCr$ 1.000;NCr$ 1,00;;;Brasil. Ministerio da Fazenda. Secretaria da Receita Federal. Centro de Informacoes Economico-Fiscais (CIEF). Imposto sobre a renda e proventos de qualquer natureza, 1968. Rio de Janeiro: Imprensa Nacional, 1968.;;outputs/fontes-pedro-souza-irpf/imposto_renda_proventos_1968.pdf;;121;48;Quadro 2.1.1.6;;;;;1967;;;;;;;;;;;;37698;24222;;12377;310;80891;;;https://archive.org/details/depeguanaminfaz0000_2_0000Impsobreren1968;https://archive.org/download/depeguanaminfaz0000_2_0000Impsobreren1968/depeguanaminfaz0000_2_0000Impsobreren1968.pdf;;;;;;;;;;;;;;;;;;;;;;;;;;;;;;;;;;;;;;;;;;;;;;;;;;;;;;;;;;;;;;;;;;;;;;;;;;;;;3.119 a 4.158;3119;4158;256821;119072;137749;3654.013476;1809;6919;;;;;;;;;;;;;;;;;;;;;;;;;;;;;;;;;;;;;;;;;;;;;;;;;;;;;;;;;;;;;;;;;;;;;;;;;;;;;;;;;;;;;;;;;;;;;;;;;;;;;;;;;;;;;;;;;;;;;;;;;;;;;;;;;;;;;;;;;;;;;;;;;;;;;;;;;;;;;;;;;;;;;;;;;;;;;;;;;;;;;;;;;;;;;;;;;;;;;;;;;;;;;;;;;;;;;;;;;;;;;789;https://openlibrary.org/works/OL43174128W/Imposto_Sobre_A_Renda_e_Proventos_de_Qualquer_Natureza_1968;;;;;;;;;;;;;;;;;;;;;;;;;;;;;strict_renda_liquida;national;renda liquida publicada em faixas compativeis
irpf_receita_cief_1968_faixas;irpf_receita_cief_1968_faixas.csv;bracket_distribution;4;1967;1968;Brasil;irpf_receita_cief_1968_faixas;;1968;Brasil;F04;4;;;;0;;;;;;NCr$;NCr$ 1.000;NCr$ 1,00;;;Brasil. Ministerio da Fazenda. Secretaria da Receita Federal. Centro de Informacoes Economico-Fiscais (CIEF). Imposto sobre a renda e proventos de qualquer natureza, 1968. Rio de Janeiro: Imprensa Nacional, 1968.;;outputs/fontes-pedro-souza-irpf/imposto_renda_proventos_1968.pdf;;121;48;Quadro 2.1.1.6;;;;;1967;;;;;;;;;;;;50741;33346;;15958;370;114269;;;https://archive.org/details/depeguanaminfaz0000_2_0000Impsobreren1968;https://archive.org/download/depeguanaminfaz0000_2_0000Impsobreren1968/depeguanaminfaz0000_2_0000Impsobreren1968.pdf;;;;;;;;;;;;;;;;;;;;;;;;;;;;;;;;;;;;;;;;;;;;;;;;;;;;;;;;;;;;;;;;;;;;;;;;;;;;;4.159 a 5.717;4159;5717;424585;172677;251908;4964.584852;7083;6480;;;;;;;;;;;;;;;;;;;;;;;;;;;;;;;;;;;;;;;;;;;;;;;;;;;;;;;;;;;;;;;;;;;;;;;;;;;;;;;;;;;;;;;;;;;;;;;;;;;;;;;;;;;;;;;;;;;;;;;;;;;;;;;;;;;;;;;;;;;;;;;;;;;;;;;;;;;;;;;;;;;;;;;;;;;;;;;;;;;;;;;;;;;;;;;;;;;;;;;;;;;;;;;;;;;;;;;;;;;;;1067;https://openlibrary.org/works/OL43174128W/Imposto_Sobre_A_Renda_e_Proventos_de_Qualquer_Natureza_1968;;;;;;;;;;;;;;;;;;;;;;;;;;;;;strict_renda_liquida;national;renda liquida publicada em faixas compativeis
irpf_receita_cief_1968_faixas;irpf_receita_cief_1968_faixas.csv;bracket_distribution;5;1967;1968;Brasil;irpf_receita_cief_1968_faixas;;1968;Brasil;F05;5;;;;0;;;;;;NCr$;NCr$ 1.000;NCr$ 1,00;;;Brasil. Ministerio da Fazenda. Secretaria da Receita Federal. Centro de Informacoes Economico-Fiscais (CIEF). Imposto sobre a renda e proventos de qualquer natureza, 1968. Rio de Janeiro: Imprensa Nacional, 1968.;;outputs/fontes-pedro-souza-irpf/imposto_renda_proventos_1968.pdf;;121;48;Quadro 2.1.1.6;;;;;1967;;;;;;;;;;;;70915;50207;;19059;370;174328;;;https://archive.org/details/depeguanaminfaz0000_2_0000Impsobreren1968;https://archive.org/download/depeguanaminfaz0000_2_0000Impsobreren1968/depeguanaminfaz0000_2_0000Impsobreren1968.pdf;;;;;;;;;;;;;;;;;;;;;;;;;;;;;;;;;;;;;;;;;;;;;;;;;;;;;;;;;;;;;;;;;;;;;;;;;;;;;5.718 a 8.316;5718;8316;774069;274900;499169;7038.976239;25598;14159;;;;;;;;;;;;;;;;;;;;;;;;;;;;;;;;;;;;;;;;;;;;;;;;;;;;;;;;;;;;;;;;;;;;;;;;;;;;;;;;;;;;;;;;;;;;;;;;;;;;;;;;;;;;;;;;;;;;;;;;;;;;;;;;;;;;;;;;;;;;;;;;;;;;;;;;;;;;;;;;;;;;;;;;;;;;;;;;;;;;;;;;;;;;;;;;;;;;;;;;;;;;;;;;;;;;;;;;;;;;;1279;https://openlibrary.org/works/OL43174128W/Imposto_Sobre_A_Renda_e_Proventos_de_Qualquer_Natureza_1968;;;;;;;;;;;;;;;;;;;;;;;;;;;;;strict_renda_liquida;national;renda liquida publicada em faixas compativeis
irpf_receita_cief_1968_faixas;irpf_receita_cief_1968_faixas.csv;bracket_distribution;6;1967;1968;Brasil;irpf_receita_cief_1968_faixas;;1968;Brasil;F06;6;;;;0;;;;;;NCr$;NCr$ 1.000;NCr$ 1,00;;;Brasil. Ministerio da Fazenda. Secretaria da Receita Federal. Centro de Informacoes Economico-Fiscais (CIEF). Imposto sobre a renda e proventos de qualquer natureza, 1968. Rio de Janeiro: Imprensa Nacional, 1968.;;outputs/fontes-pedro-souza-irpf/imposto_renda_proventos_1968.pdf;;121;48;Quadro 2.1.1.6;;;;;1967;;;;;;;;;;;;65601;48230;;15956;250;160381;;;https://archive.org/details/depeguanaminfaz0000_2_0000Impsobreren1968;https://archive.org/download/depeguanaminfaz0000_2_0000Impsobreren1968/depeguanaminfaz0000_2_0000Impsobreren1968.pdf;;;;;;;;;;;;;;;;;;;;;;;;;;;;;;;;;;;;;;;;;;;;;;;;;;;;;;;;;;;;;;;;;;;;;;;;;;;;;8.317 a 11.434;8317;11434;912671;265376;647295;9867.151415;49841;35601;;;;;;;;;;;;;;;;;;;;;;;;;;;;;;;;;;;;;;;;;;;;;;;;;;;;;;;;;;;;;;;;;;;;;;;;;;;;;;;;;;;;;;;;;;;;;;;;;;;;;;;;;;;;;;;;;;;;;;;;;;;;;;;;;;;;;;;;;;;;;;;;;;;;;;;;;;;;;;;;;;;;;;;;;;;;;;;;;;;;;;;;;;;;;;;;;;;;;;;;;;;;;;;;;;;;;;;;;;;;;1165;https://openlibrary.org/works/OL43174128W/Imposto_Sobre_A_Renda_e_Proventos_de_Qualquer_Natureza_1968;;;;;;;;;;;;;;;;;;;;;;;;;;;;;strict_renda_liquida;national;renda liquida publicada em faixas compativeis
irpf_receita_cief_1968_faixas;irpf_receita_cief_1968_faixas.csv;bracket_distribution;7;1967;1968;Brasil;irpf_receita_cief_1968_faixas;;1968;Brasil;F07;7;;;;0;;;;;;NCr$;NCr$ 1.000;NCr$ 1,00;;;Brasil. Ministerio da Fazenda. Secretaria da Receita Federal. Centro de Informacoes Economico-Fiscais (CIEF). Imposto sobre a renda e proventos de qualquer natureza, 1968. Rio de Janeiro: Imprensa Nacional, 1968.;;outputs/fontes-pedro-souza-irpf/imposto_renda_proventos_1968.pdf;;121;48;Quadro 2.1.1.6;;;;;1967;;;;;;;;;;;;54426;39259;;13627;182;123769;;;https://archive.org/details/depeguanaminfaz0000_2_0000Impsobreren1968;https://archive.org/download/depeguanaminfaz0000_2_0000Impsobreren1968/depeguanaminfaz0000_2_0000Impsobreren1968.pdf;;;;;;;;;;;;;;;;;;;;;;;;;;;;;;;;;;;;;;;;;;;;;;;;;;;;;;;;;;;;;;;;;;;;;;;;;;;;;11.435 a 15.592;11435;15592;944306;217988;726318;13345.055672;75954;37254;;;;;;;;;;;;;;;;;;;;;;;;;;;;;;;;;;;;;;;;;;;;;;;;;;;;;;;;;;;;;;;;;;;;;;;;;;;;;;;;;;;;;;;;;;;;;;;;;;;;;;;;;;;;;;;;;;;;;;;;;;;;;;;;;;;;;;;;;;;;;;;;;;;;;;;;;;;;;;;;;;;;;;;;;;;;;;;;;;;;;;;;;;;;;;;;;;;;;;;;;;;;;;;;;;;;;;;;;;;;;1358;https://openlibrary.org/works/OL43174128W/Imposto_Sobre_A_Renda_e_Proventos_de_Qualquer_Natureza_1968;;;;;;;;;;;;;;;;;;;;;;;;;;;;;strict_renda_liquida;national;renda liquida publicada em faixas compativeis
irpf_receita_cief_1968_faixas;irpf_receita_cief_1968_faixas.csv;bracket_distribution;8;1967;1968;Brasil;irpf_receita_cief_1968_faixas;;1968;Brasil;F08;8;;;;0;;;;;;NCr$;NCr$ 1.000;NCr$ 1,00;;;Brasil. Ministerio da Fazenda. Secretaria da Receita Federal. Centro de Informacoes Economico-Fiscais (CIEF). Imposto sobre a renda e proventos de qualquer natureza, 1968. Rio de Janeiro: Imprensa Nacional, 1968.;;outputs/fontes-pedro-souza-irpf/imposto_renda_proventos_1968.pdf;;121;48;Quadro 2.1.1.6;;;;;1967;;;;;;;;;;;;30938;23254;;6944;112;73622;;;https://archive.org/details/depeguanaminfaz0000_2_0000Impsobreren1968;https://archive.org/download/depeguanaminfaz0000_2_0000Impsobreren1968/depeguanaminfaz0000_2_0000Impsobreren1968.pdf;;;;;;;;;;;;;;;;;;;;;;;;;;;;;;;;;;;;;;;;;;;;;;;;;;;;;;;;;;;;;;;;;;;;;;;;;;;;;15.593 a 20.789;15593;20789;693613;139542;554071;17909.076217;75105;32372;;;;;;;;;;;;;;;;;;;;;;;;;;;;;;;;;;;;;;;;;;;;;;;;;;;;;;;;;;;;;;;;;;;;;;;;;;;;;;;;;;;;;;;;;;;;;;;;;;;;;;;;;;;;;;;;;;;;;;;;;;;;;;;;;;;;;;;;;;;;;;;;;;;;;;;;;;;;;;;;;;;;;;;;;;;;;;;;;;;;;;;;;;;;;;;;;;;;;;;;;;;;;;;;;;;;;;;;;;;;;628;https://openlibrary.org/works/OL43174128W/Imposto_Sobre_A_Renda_e_Proventos_de_Qualquer_Natureza_1968;;;;;;;;;;;;;;;;;;;;;;;;;;;;;strict_renda_liquida;national;renda liquida publicada em faixas compativeis
irpf_receita_cief_1968_faixas;irpf_receita_cief_1968_faixas.csv;bracket_distribution;9;1967;1968;Brasil;irpf_receita_cief_1968_faixas;;1968;Brasil;F09;9;;;;0;;;;;;NCr$;NCr$ 1.000;NCr$ 1,00;;;Brasil. Ministerio da Fazenda. Secretaria da Receita Federal. Centro de Informacoes Economico-Fiscais (CIEF). Imposto sobre a renda e proventos de qualquer natureza, 1968. Rio de Janeiro: Imprensa Nacional, 1968.;;outputs/fontes-pedro-souza-irpf/imposto_renda_proventos_1968.pdf;;121;48;Quadro 2.1.1.6;;;;;1967;;;;;;;;;;;;21038;16360;;4203;119;52355;;;https://archive.org/details/depeguanaminfaz0000_2_0000Impsobreren1968;https://archive.org/download/depeguanaminfaz0000_2_0000Impsobreren1968/depeguanaminfaz0000_2_0000Impsobreren1968.pdf;;;;;;;;;;;;;;;;;;;;;;;;;;;;;;;;;;;;;;;;;;;;;;;;;;;;;;;;;;;;;;;;;;;;;;;;;;;;;20.790 a 31.183;20790;31183;637168;111195;525973;25001.09326;93012;32662;;;;;;;;;;;;;;;;;;;;;;;;;;;;;;;;;;;;;;;;;;;;;;;;;;;;;;;;;;;;;;;;;;;;;;;;;;;;;;;;;;;;;;;;;;;;;;;;;;;;;;;;;;;;;;;;;;;;;;;;;;;;;;;;;;;;;;;;;;;;;;;;;;;;;;;;;;;;;;;;;;;;;;;;;;;;;;;;;;;;;;;;;;;;;;;;;;;;;;;;;;;;;;;;;;;;;;;;;;;;;356;https://openlibrary.org/works/OL43174128W/Imposto_Sobre_A_Renda_e_Proventos_de_Qualquer_Natureza_1968;;;;;;;;;;;;;;;;;;;;;;;;;;;;;strict_renda_liquida;national;renda liquida publicada em faixas compativeis
irpf_aef_1970_faixas;irpf_aef_1970_faixas.csv;bracket_distribution;1;1968;1969;Brasil;irpf_aef_1970_faixas;;1969;Brasil;F01;1;;;;0;;;785.642534;;;Cr$;Cr$ 1.000;Cr$ 1,00;;;Brasil. Ministerio da Fazenda. Anuario Economico-Fiscal 1970. Brasilia: Ministerio da Fazenda, 1970.;;outputs/fontes-pedro-souza-irpf/aef_scan/pdf/anuareco1970minfaz.pdf;;;;;;;;;1968;Ate 3.500;;3500;10519334;8199627;2319707;0;14387;0;0;0;2952624;2335824;28110;578709;9981;10032730;2952624;0;https://archive.org/details/anuareco1970minfaz;https://archive.org/download/anuareco1970minfaz/anuareco1970minfaz.pdf;outputs/fontes-pedro-souza-irpf/aef_scan/ocr_txt/anuareco1970minfaz_djvu.txt;120;114;6.3.49;outputs/fontes-pedro-souza-irpf/aef_scan/previews/anuareco1970/aef1970_pdfpage_120_rot270.png;121;115;6.3.50;outputs/fontes-pedro-souza-irpf/aef_scan/previews/anuareco1970/aef1970_pdfpage_121_rot270.png;;;;;;;;;;;;;;;;;;;;;;;;;;;;;;;;;;;;;;;;;;;;;;;;;;;;;;;;;;;;;;;;;;;;;;;;;;;;;;;;;;;;;;;;;;;;;;;;;;;;;;;;;;;;;;;;;;;;;;;;;;;;;;;;;;;;;;;;;;;;;;;;;;;;;;;;;;;;;;;;;;;;;;;;;;;;;;;;;;;;;;;;;;;;;;;;;;;;;;;;;;;;;;;;;;;;;;;;;;;;;;;;;;;;;;;;;;;;;;;;;;;;;;;;;;;;;;;;;;;;;;;;;;;;;;;;;;;;;;;;;;;;;;;;;;;;;;;;;;;;;;;;;;;;;;;;;;;;;;;;;;;;;;;strict_renda_liquida;national;renda liquida publicada em faixas compativeis
irpf_aef_1970_faixas;irpf_aef_1970_faixas.csv;bracket_distribution;10;1968;1969;Brasil;irpf_aef_1970_faixas;;1969;Brasil;F10;10;;;;0;;;42591.413036;;;Cr$;Cr$ 1.000;Cr$ 1,00;;;Brasil. Ministerio da Fazenda. Anuario Economico-Fiscal 1970. Brasilia: Ministerio da Fazenda, 1970.;;outputs/fontes-pedro-souza-irpf/aef_scan/pdf/anuareco1970minfaz.pdf;;;;;Nesta classe, as subcategorias de contribuintes somam 14.166, mas o total da classe publicado e 14.161.;;;;1968;37.500 a 50.000;37500;50000;717505;114368;603137;130987;37178;13683;156;25;14161;11537;200;2215;214;38011;14166;-5;https://archive.org/details/anuareco1970minfaz;https://archive.org/download/anuareco1970minfaz/anuareco1970minfaz.pdf;outputs/fontes-pedro-souza-irpf/aef_scan/ocr_txt/anuareco1970minfaz_djvu.txt;120;114;6.3.49;outputs/fontes-pedro-souza-irpf/aef_scan/previews/anuareco1970/aef1970_pdfpage_120_rot270.png;121;115;6.3.50;outputs/fontes-pedro-souza-irpf/aef_scan/previews/anuareco1970/aef1970_pdfpage_121_rot270.png;;;;;;;;;;;;;;;;;;;;;;;;;;;;;;;;;;;;;;;;;;;;;;;;;;;;;;;;;;;;;;;;;;;;;;;;;;;;;;;;;;;;;;;;;;;;;;;;;;;;;;;;;;;;;;;;;;;;;;;;;;;;;;;;;;;;;;;;;;;;;;;;;;;;;;;;;;;;;;;;;;;;;;;;;;;;;;;;;;;;;;;;;;;;;;;;;;;;;;;;;;;;;;;;;;;;;;;;;;;;;;;;;;;;;;;;;;;;;;;;;;;;;;;;;;;;;;;;;;;;;;;;;;;;;;;;;;;;;;;;;;;;;;;;;;;;;;;;;;;;;;;;;;;;;;;;;;;;;;;;;;;;;;;strict_renda_liquida;national;renda liquida publicada em faixas compativeis
irpf_aef_1970_faixas;irpf_aef_1970_faixas.csv;bracket_distribution;11;1968;1969;Brasil;irpf_aef_1970_faixas;;1969;Brasil;F11;11;;;;0;;;60176.824138;;;Cr$;Cr$ 1.000;Cr$ 1,00;;;Brasil. Ministerio da Fazenda. Anuario Economico-Fiscal 1970. Brasilia: Ministerio da Fazenda, 1970.;;outputs/fontes-pedro-souza-irpf/aef_scan/pdf/anuareco1970minfaz.pdf;;;;;;;;;1968;50.000 a 75.000;50000;75000;584713;84102;500611;130745;31119;14209;204;35;8319;6847;105;1237;130;22477;8319;0;https://archive.org/details/anuareco1970minfaz;https://archive.org/download/anuareco1970minfaz/anuareco1970minfaz.pdf;outputs/fontes-pedro-souza-irpf/aef_scan/ocr_txt/anuareco1970minfaz_djvu.txt;120;114;6.3.49;outputs/fontes-pedro-souza-irpf/aef_scan/previews/anuareco1970/aef1970_pdfpage_120_rot270.png;121;115;6.3.50;outputs/fontes-pedro-souza-irpf/aef_scan/previews/anuareco1970/aef1970_pdfpage_121_rot270.png;;;;;;;;;;;;;;;;;;;;;;;;;;;;;;;;;;;;;;;;;;;;;;;;;;;;;;;;;;;;;;;;;;;;;;;;;;;;;;;;;;;;;;;;;;;;;;;;;;;;;;;;;;;;;;;;;;;;;;;;;;;;;;;;;;;;;;;;;;;;;;;;;;;;;;;;;;;;;;;;;;;;;;;;;;;;;;;;;;;;;;;;;;;;;;;;;;;;;;;;;;;;;;;;;;;;;;;;;;;;;;;;;;;;;;;;;;;;;;;;;;;;;;;;;;;;;;;;;;;;;;;;;;;;;;;;;;;;;;;;;;;;;;;;;;;;;;;;;;;;;;;;;;;;;;;;;;;;;;;;;;;;;;;strict_renda_liquida;national;renda liquida publicada em faixas compativeis
irpf_aef_1970_faixas;irpf_aef_1970_faixas.csv;bracket_distribution;12;1968;1969;Brasil;irpf_aef_1970_faixas;;1969;Brasil;F12;12;;;;0;;;85729.273084;;;Cr$;Cr$ 1.000;Cr$ 1,00;;;Brasil. Ministerio da Fazenda. Anuario Economico-Fiscal 1970. Brasilia: Ministerio da Fazenda, 1970.;;outputs/fontes-pedro-souza-irpf/aef_scan/pdf/anuareco1970minfaz.pdf;;;;;;;;;1968;75.000 a 100.000;75000;100000;251487;33306;218181;67195;13642;7516;127;24;2545;2060;34;396;55;6690;2545;0;https://archive.org/details/anuareco1970minfaz;https://archive.org/download/anuareco1970minfaz/anuareco1970minfaz.pdf;outputs/fontes-pedro-souza-irpf/aef_scan/ocr_txt/anuareco1970minfaz_djvu.txt;120;114;6.3.49;outputs/fontes-pedro-souza-irpf/aef_scan/previews/anuareco1970/aef1970_pdfpage_120_rot270.png;121;115;6.3.50;outputs/fontes-pedro-souza-irpf/aef_scan/previews/anuareco1970/aef1970_pdfpage_121_rot270.png;;;;;;;;;;;;;;;;;;;;;;;;;;;;;;;;;;;;;;;;;;;;;;;;;;;;;;;;;;;;;;;;;;;;;;;;;;;;;;;;;;;;;;;;;;;;;;;;;;;;;;;;;;;;;;;;;;;;;;;;;;;;;;;;;;;;;;;;;;;;;;;;;;;;;;;;;;;;;;;;;;;;;;;;;;;;;;;;;;;;;;;;;;;;;;;;;;;;;;;;;;;;;;;;;;;;;;;;;;;;;;;;;;;;;;;;;;;;;;;;;;;;;;;;;;;;;;;;;;;;;;;;;;;;;;;;;;;;;;;;;;;;;;;;;;;;;;;;;;;;;;;;;;;;;;;;;;;;;;;;;;;;;;;strict_renda_liquida;national;renda liquida publicada em faixas compativeis
irpf_aef_1970_faixas;irpf_aef_1970_faixas.csv;bracket_distribution;13;1968;1969;Brasil;irpf_aef_1970_faixas;;1969;Brasil;F13;13;;;;0;;;119326.607818;;;Cr$;Cr$ 1.000;Cr$ 1,00;;;Brasil. Ministerio da Fazenda. Anuario Economico-Fiscal 1970. Brasilia: Ministerio da Fazenda, 1970.;;outputs/fontes-pedro-souza-irpf/aef_scan/pdf/anuareco1970minfaz.pdf;;;;;;;;;1968;100.000 a 150.000;100000;150000;217304;28052;189252;67712;11857;7606;108;25;1586;1306;31;224;25;4078;1586;0;https://archive.org/details/anuareco1970minfaz;https://archive.org/download/anuareco1970minfaz/anuareco1970minfaz.pdf;outputs/fontes-pedro-souza-irpf/aef_scan/ocr_txt/anuareco1970minfaz_djvu.txt;120;114;6.3.49;outputs/fontes-pedro-souza-irpf/aef_scan/previews/anuareco1970/aef1970_pdfpage_120_rot270.png;121;115;6.3.50;outputs/fontes-pedro-souza-irpf/aef_scan/previews/anuareco1970/aef1970_pdfpage_121_rot270.png;;;;;;;;;;;;;;;;;;;;;;;;;;;;;;;;;;;;;;;;;;;;;;;;;;;;;;;;;;;;;;;;;;;;;;;;;;;;;;;;;;;;;;;;;;;;;;;;;;;;;;;;;;;;;;;;;;;;;;;;;;;;;;;;;;;;;;;;;;;;;;;;;;;;;;;;;;;;;;;;;;;;;;;;;;;;;;;;;;;;;;;;;;;;;;;;;;;;;;;;;;;;;;;;;;;;;;;;;;;;;;;;;;;;;;;;;;;;;;;;;;;;;;;;;;;;;;;;;;;;;;;;;;;;;;;;;;;;;;;;;;;;;;;;;;;;;;;;;;;;;;;;;;;;;;;;;;;;;;;;;;;;;;;strict_renda_liquida;national;renda liquida publicada em faixas compativeis
irpf_aef_1970_faixas;irpf_aef_1970_faixas.csv;bracket_distribution;14;1968;1969;Brasil;irpf_aef_1970_faixas;;1969;Brasil;F14;14;;;;0;;;186135.61848;;;Cr$;Cr$ 1.000;Cr$ 1,00;;;Brasil. Ministerio da Fazenda. Anuario Economico-Fiscal 1970. Brasilia: Ministerio da Fazenda, 1970.;;outputs/fontes-pedro-souza-irpf/aef_scan/pdf/anuareco1970minfaz.pdf;;;;;;;;;1968;150.000 a 250.000;150000;250000;142771;17874;124897;51029;8328;5803;110;15;671;539;12;108;12;1761;671;0;https://archive.org/details/anuareco1970minfaz;https://archive.org/download/anuareco1970minfaz/anuareco1970minfaz.pdf;outputs/fontes-pedro-souza-irpf/aef_scan/ocr_txt/anuareco1970minfaz_djvu.txt;120;114;6.3.49;outputs/fontes-pedro-souza-irpf/aef_scan/previews/anuareco1970/aef1970_pdfpage_120_rot270.png;121;115;6.3.50;outputs/fontes-pedro-souza-irpf/aef_scan/previews/anuareco1970/aef1970_pdfpage_121_rot270.png;;;;;;;;;;;;;;;;;;;;;;;;;;;;;;;;;;;;;;;;;;;;;;;;;;;;;;;;;;;;;;;;;;;;;;;;;;;;;;;;;;;;;;;;;;;;;;;;;;;;;;;;;;;;;;;;;;;;;;;;;;;;;;;;;;;;;;;;;;;;;;;;;;;;;;;;;;;;;;;;;;;;;;;;;;;;;;;;;;;;;;;;;;;;;;;;;;;;;;;;;;;;;;;;;;;;;;;;;;;;;;;;;;;;;;;;;;;;;;;;;;;;;;;;;;;;;;;;;;;;;;;;;;;;;;;;;;;;;;;;;;;;;;;;;;;;;;;;;;;;;;;;;;;;;;;;;;;;;;;;;;;;;;;strict_renda_liquida;national;renda liquida publicada em faixas compativeis
irpf_aef_1970_faixas;irpf_aef_1970_faixas.csv;bracket_distribution;15;1968;1969;Brasil;irpf_aef_1970_faixas;;1969;Brasil;F15;15;;;;0;;;330737.864078;;;Cr$;Cr$ 1.000;Cr$ 1,00;;;Brasil. Ministerio da Fazenda. Anuario Economico-Fiscal 1970. Brasilia: Ministerio da Fazenda, 1970.;;outputs/fontes-pedro-souza-irpf/aef_scan/pdf/anuareco1970minfaz.pdf;;;;;;;;;1968;250.000 a 500.000;250000;500000;78003;9871;68132;30588;4257;3621;110;13;206;171;2;28;5;507;206;0;https://archive.org/details/anuareco1970minfaz;https://archive.org/download/anuareco1970minfaz/anuareco1970minfaz.pdf;outputs/fontes-pedro-souza-irpf/aef_scan/ocr_txt/anuareco1970minfaz_djvu.txt;120;114;6.3.49;outputs/fontes-pedro-souza-irpf/aef_scan/previews/anuareco1970/aef1970_pdfpage_120_rot270.png;121;115;6.3.50;outputs/fontes-pedro-souza-irpf/aef_scan/previews/anuareco1970/aef1970_pdfpage_121_rot270.png;;;;;;;;;;;;;;;;;;;;;;;;;;;;;;;;;;;;;;;;;;;;;;;;;;;;;;;;;;;;;;;;;;;;;;;;;;;;;;;;;;;;;;;;;;;;;;;;;;;;;;;;;;;;;;;;;;;;;;;;;;;;;;;;;;;;;;;;;;;;;;;;;;;;;;;;;;;;;;;;;;;;;;;;;;;;;;;;;;;;;;;;;;;;;;;;;;;;;;;;;;;;;;;;;;;;;;;;;;;;;;;;;;;;;;;;;;;;;;;;;;;;;;;;;;;;;;;;;;;;;;;;;;;;;;;;;;;;;;;;;;;;;;;;;;;;;;;;;;;;;;;;;;;;;;;;;;;;;;;;;;;;;;;strict_renda_liquida;national;renda liquida publicada em faixas compativeis
irpf_aef_1970_faixas;irpf_aef_1970_faixas.csv;bracket_distribution;16;1968;1969;Brasil;irpf_aef_1970_faixas;;1969;Brasil;F16;16;;;;0;;;707000.0;;;Cr$;Cr$ 1.000;Cr$ 1,00;;;Brasil. Ministerio da Fazenda. Anuario Economico-Fiscal 1970. Brasilia: Ministerio da Fazenda, 1970.;;outputs/fontes-pedro-souza-irpf/aef_scan/pdf/anuareco1970minfaz.pdf;;;;;;;;;1968;500.000 a 1.000.000;500000;1000000;29783;3624;26159;12454;1514;1467;1;0;37;30;1;5;1;84;37;0;https://archive.org/details/anuareco1970minfaz;https://archive.org/download/anuareco1970minfaz/anuareco1970minfaz.pdf;outputs/fontes-pedro-souza-irpf/aef_scan/ocr_txt/anuareco1970minfaz_djvu.txt;120;114;6.3.49;outputs/fontes-pedro-souza-irpf/aef_scan/previews/anuareco1970/aef1970_pdfpage_120_rot270.png;121;115;6.3.50;outputs/fontes-pedro-souza-irpf/aef_scan/previews/anuareco1970/aef1970_pdfpage_121_rot270.png;;;;;;;;;;;;;;;;;;;;;;;;;;;;;;;;;;;;;;;;;;;;;;;;;;;;;;;;;;;;;;;;;;;;;;;;;;;;;;;;;;;;;;;;;;;;;;;;;;;;;;;;;;;;;;;;;;;;;;;;;;;;;;;;;;;;;;;;;;;;;;;;;;;;;;;;;;;;;;;;;;;;;;;;;;;;;;;;;;;;;;;;;;;;;;;;;;;;;;;;;;;;;;;;;;;;;;;;;;;;;;;;;;;;;;;;;;;;;;;;;;;;;;;;;;;;;;;;;;;;;;;;;;;;;;;;;;;;;;;;;;;;;;;;;;;;;;;;;;;;;;;;;;;;;;;;;;;;;;;;;;;;;;;strict_renda_liquida;national;renda liquida publicada em faixas compativeis
irpf_aef_1970_faixas;irpf_aef_1970_faixas.csv;bracket_distribution;17;1968;1969;Brasil;irpf_aef_1970_faixas;;1969;Brasil;F17;17;;;;0;;;1472222.222222;;;Cr$;Cr$ 1.000;Cr$ 1,00;;;Brasil. Ministerio da Fazenda. Anuario Economico-Fiscal 1970. Brasilia: Ministerio da Fazenda, 1970.;;outputs/fontes-pedro-souza-irpf/aef_scan/pdf/anuareco1970minfaz.pdf;;;;;;;;;1968;1.000.000 a 2.000.000;1000000;2000000;21582;8332;13250;6473;431;308;0;0;9;8;0;1;0;41;9;0;https://archive.org/details/anuareco1970minfaz;https://archive.org/download/anuareco1970minfaz/anuareco1970minfaz.pdf;outputs/fontes-pedro-souza-irpf/aef_scan/ocr_txt/anuareco1970minfaz_djvu.txt;120;114;6.3.49;outputs/fontes-pedro-souza-irpf/aef_scan/previews/anuareco1970/aef1970_pdfpage_120_rot270.png;121;115;6.3.50;outputs/fontes-pedro-souza-irpf/aef_scan/previews/anuareco1970/aef1970_pdfpage_121_rot270.png;;;;;;;;;;;;;;;;;;;;;;;;;;;;;;;;;;;;;;;;;;;;;;;;;;;;;;;;;;;;;;;;;;;;;;;;;;;;;;;;;;;;;;;;;;;;;;;;;;;;;;;;;;;;;;;;;;;;;;;;;;;;;;;;;;;;;;;;;;;;;;;;;;;;;;;;;;;;;;;;;;;;;;;;;;;;;;;;;;;;;;;;;;;;;;;;;;;;;;;;;;;;;;;;;;;;;;;;;;;;;;;;;;;;;;;;;;;;;;;;;;;;;;;;;;;;;;;;;;;;;;;;;;;;;;;;;;;;;;;;;;;;;;;;;;;;;;;;;;;;;;;;;;;;;;;;;;;;;;;;;;;;;;;strict_renda_liquida;national;renda liquida publicada em faixas compativeis
irpf_aef_1970_faixas;irpf_aef_1970_faixas.csv;bracket_distribution;18;1968;1969;Brasil;irpf_aef_1970_faixas;;1969;Brasil;F18;18;;;;1;;;3475600.0;;;Cr$;Cr$ 1.000;Cr$ 1,00;;;Brasil. Ministerio da Fazenda. Anuario Economico-Fiscal 1970. Brasilia: Ministerio da Fazenda, 1970.;;outputs/fontes-pedro-souza-irpf/aef_scan/pdf/anuareco1970minfaz.pdf;;;;;;;;;1968;Acima de 2.000.000;2000000;;35849;1093;34756;22211;341;142;0;0;10;9;0;1;0;50;10;0;https://archive.org/details/anuareco1970minfaz;https://archive.org/download/anuareco1970minfaz/anuareco1970minfaz.pdf;outputs/fontes-pedro-souza-irpf/aef_scan/ocr_txt/anuareco1970minfaz_djvu.txt;120;114;6.3.49;outputs/fontes-pedro-souza-irpf/aef_scan/previews/anuareco1970/aef1970_pdfpage_120_rot270.png;121;115;6.3.50;outputs/fontes-pedro-souza-irpf/aef_scan/previews/anuareco1970/aef1970_pdfpage_121_rot270.png;;;;;;;;;;;;;;;;;;;;;;;;;;;;;;;;;;;;;;;;;;;;;;;;;;;;;;;;;;;;;;;;;;;;;;;;;;;;;;;;;;;;;;;;;;;;;;;;;;;;;;;;;;;;;;;;;;;;;;;;;;;;;;;;;;;;;;;;;;;;;;;;;;;;;;;;;;;;;;;;;;;;;;;;;;;;;;;;;;;;;;;;;;;;;;;;;;;;;;;;;;;;;;;;;;;;;;;;;;;;;;;;;;;;;;;;;;;;;;;;;;;;;;;;;;;;;;;;;;;;;;;;;;;;;;;;;;;;;;;;;;;;;;;;;;;;;;;;;;;;;;;;;;;;;;;;;;;;;;;;;;;;;;;strict_renda_liquida;national;renda liquida publicada em faixas compativeis
irpf_aef_1970_faixas;irpf_aef_1970_faixas.csv;bracket_distribution;2;1968;1969;Brasil;irpf_aef_1970_faixas;;1969;Brasil;F02;2;;;;0;;;3627.975973;;;Cr$;Cr$ 1.000;Cr$ 1,00;;;Brasil. Ministerio da Fazenda. Anuario Economico-Fiscal 1970. Brasilia: Ministerio da Fazenda, 1970.;;outputs/fontes-pedro-souza-irpf/aef_scan/pdf/anuareco1970minfaz.pdf;;;;;;;;;1968;3.500 a 3.750;3500;3750;534090;186802;347288;2774;1524;2;0;0;95725;34672;5254;55414;385;108088;95725;0;https://archive.org/details/anuareco1970minfaz;https://archive.org/download/anuareco1970minfaz/anuareco1970minfaz.pdf;outputs/fontes-pedro-souza-irpf/aef_scan/ocr_txt/anuareco1970minfaz_djvu.txt;120;114;6.3.49;outputs/fontes-pedro-souza-irpf/aef_scan/previews/anuareco1970/aef1970_pdfpage_120_rot270.png;121;115;6.3.50;outputs/fontes-pedro-souza-irpf/aef_scan/previews/anuareco1970/aef1970_pdfpage_121_rot270.png;;;;;;;;;;;;;;;;;;;;;;;;;;;;;;;;;;;;;;;;;;;;;;;;;;;;;;;;;;;;;;;;;;;;;;;;;;;;;;;;;;;;;;;;;;;;;;;;;;;;;;;;;;;;;;;;;;;;;;;;;;;;;;;;;;;;;;;;;;;;;;;;;;;;;;;;;;;;;;;;;;;;;;;;;;;;;;;;;;;;;;;;;;;;;;;;;;;;;;;;;;;;;;;;;;;;;;;;;;;;;;;;;;;;;;;;;;;;;;;;;;;;;;;;;;;;;;;;;;;;;;;;;;;;;;;;;;;;;;;;;;;;;;;;;;;;;;;;;;;;;;;;;;;;;;;;;;;;;;;;;;;;;;;strict_renda_liquida;national;renda liquida publicada em faixas compativeis
irpf_aef_1970_faixas;irpf_aef_1970_faixas.csv;bracket_distribution;3;1968;1969;Brasil;irpf_aef_1970_faixas;;1969;Brasil;F03;3;;;;0;;;4195.639566;;;Cr$;Cr$ 1.000;Cr$ 1,00;;;Brasil. Ministerio da Fazenda. Anuario Economico-Fiscal 1970. Brasilia: Ministerio da Fazenda, 1970.;;outputs/fontes-pedro-souza-irpf/aef_scan/pdf/anuareco1970minfaz.pdf;;;;;;;;;1968;3.750 a 5.000;3750;5000;2485373;850391;1634982;16106;10582;121;0;0;389686;142720;36398;204386;6182;487117;389686;0;https://archive.org/details/anuareco1970minfaz;https://archive.org/download/anuareco1970minfaz/anuareco1970minfaz.pdf;outputs/fontes-pedro-souza-irpf/aef_scan/ocr_txt/anuareco1970minfaz_djvu.txt;120;114;6.3.49;outputs/fontes-pedro-souza-irpf/aef_scan/previews/anuareco1970/aef1970_pdfpage_120_rot270.png;121;115;6.3.50;outputs/fontes-pedro-souza-irpf/aef_scan/previews/anuareco1970/aef1970_pdfpage_121_rot270.png;;;;;;;;;;;;;;;;;;;;;;;;;;;;;;;;;;;;;;;;;;;;;;;;;;;;;;;;;;;;;;;;;;;;;;;;;;;;;;;;;;;;;;;;;;;;;;;;;;;;;;;;;;;;;;;;;;;;;;;;;;;;;;;;;;;;;;;;;;;;;;;;;;;;;;;;;;;;;;;;;;;;;;;;;;;;;;;;;;;;;;;;;;;;;;;;;;;;;;;;;;;;;;;;;;;;;;;;;;;;;;;;;;;;;;;;;;;;;;;;;;;;;;;;;;;;;;;;;;;;;;;;;;;;;;;;;;;;;;;;;;;;;;;;;;;;;;;;;;;;;;;;;;;;;;;;;;;;;;;;;;;;;;;strict_renda_liquida;national;renda liquida publicada em faixas compativeis
irpf_aef_1970_faixas;irpf_aef_1970_faixas.csv;bracket_distribution;4;1968;1969;Brasil;irpf_aef_1970_faixas;;1969;Brasil;F04;4;;;;0;;;5917.840306;;;Cr$;Cr$ 1.000;Cr$ 1,00;;;Brasil. Ministerio da Fazenda. Anuario Economico-Fiscal 1970. Brasilia: Ministerio da Fazenda, 1970.;;outputs/fontes-pedro-souza-irpf/aef_scan/pdf/anuareco1970minfaz.pdf;;;;;;;;;1968;5.000 a 7.000;5000;7000;2934162;943294;1990868;50064;23319;2044;3;7;336418;164570;18163;151865;1820;519028;336418;0;https://archive.org/details/anuareco1970minfaz;https://archive.org/download/anuareco1970minfaz/anuareco1970minfaz.pdf;outputs/fontes-pedro-souza-irpf/aef_scan/ocr_txt/anuareco1970minfaz_djvu.txt;120;114;6.3.49;outputs/fontes-pedro-souza-irpf/aef_scan/previews/anuareco1970/aef1970_pdfpage_120_rot270.png;121;115;6.3.50;outputs/fontes-pedro-souza-irpf/aef_scan/previews/anuareco1970/aef1970_pdfpage_121_rot270.png;;;;;;;;;;;;;;;;;;;;;;;;;;;;;;;;;;;;;;;;;;;;;;;;;;;;;;;;;;;;;;;;;;;;;;;;;;;;;;;;;;;;;;;;;;;;;;;;;;;;;;;;;;;;;;;;;;;;;;;;;;;;;;;;;;;;;;;;;;;;;;;;;;;;;;;;;;;;;;;;;;;;;;;;;;;;;;;;;;;;;;;;;;;;;;;;;;;;;;;;;;;;;;;;;;;;;;;;;;;;;;;;;;;;;;;;;;;;;;;;;;;;;;;;;;;;;;;;;;;;;;;;;;;;;;;;;;;;;;;;;;;;;;;;;;;;;;;;;;;;;;;;;;;;;;;;;;;;;;;;;;;;;;;strict_renda_liquida;national;renda liquida publicada em faixas compativeis
irpf_aef_1970_faixas;irpf_aef_1970_faixas.csv;bracket_distribution;5;1968;1969;Brasil;irpf_aef_1970_faixas;;1969;Brasil;F05;5;;;;0;;;8362.744222;;;Cr$;Cr$ 1.000;Cr$ 1,00;;;Brasil. Ministerio da Fazenda. Anuario Economico-Fiscal 1970. Brasilia: Ministerio da Fazenda, 1970.;;outputs/fontes-pedro-souza-irpf/aef_scan/pdf/anuareco1970minfaz.pdf;;;;;;;;;1968;7.000 a 10.000;7000;10000;3032885;880323;2152562;102576;46179;4052;11;18;257399;145305;12135;98326;1633;460600;257399;0;https://archive.org/details/anuareco1970minfaz;https://archive.org/download/anuareco1970minfaz/anuareco1970minfaz.pdf;outputs/fontes-pedro-souza-irpf/aef_scan/ocr_txt/anuareco1970minfaz_djvu.txt;120;114;6.3.49;outputs/fontes-pedro-souza-irpf/aef_scan/previews/anuareco1970/aef1970_pdfpage_120_rot270.png;121;115;6.3.50;outputs/fontes-pedro-souza-irpf/aef_scan/previews/anuareco1970/aef1970_pdfpage_121_rot270.png;;;;;;;;;;;;;;;;;;;;;;;;;;;;;;;;;;;;;;;;;;;;;;;;;;;;;;;;;;;;;;;;;;;;;;;;;;;;;;;;;;;;;;;;;;;;;;;;;;;;;;;;;;;;;;;;;;;;;;;;;;;;;;;;;;;;;;;;;;;;;;;;;;;;;;;;;;;;;;;;;;;;;;;;;;;;;;;;;;;;;;;;;;;;;;;;;;;;;;;;;;;;;;;;;;;;;;;;;;;;;;;;;;;;;;;;;;;;;;;;;;;;;;;;;;;;;;;;;;;;;;;;;;;;;;;;;;;;;;;;;;;;;;;;;;;;;;;;;;;;;;;;;;;;;;;;;;;;;;;;;;;;;;;strict_renda_liquida;national;renda liquida publicada em faixas compativeis
irpf_aef_1970_faixas;irpf_aef_1970_faixas.csv;bracket_distribution;6;1968;1969;Brasil;irpf_aef_1970_faixas;;1969;Brasil;F06;6;;;;0;;;11698.533058;;;Cr$;Cr$ 1.000;Cr$ 1,00;;;Brasil. Ministerio da Fazenda. Anuario Economico-Fiscal 1970. Brasilia: Ministerio da Fazenda, 1970.;;outputs/fontes-pedro-souza-irpf/aef_scan/pdf/anuareco1970minfaz.pdf;;;;;;;;;1968;10.000 a 13.750;10000;13750;2415090;622360;1792730;132807;59893;7493;38;21;153244;95480;6751;49893;1120;307048;153244;0;https://archive.org/details/anuareco1970minfaz;https://archive.org/download/anuareco1970minfaz/anuareco1970minfaz.pdf;outputs/fontes-pedro-souza-irpf/aef_scan/ocr_txt/anuareco1970minfaz_djvu.txt;120;114;6.3.49;outputs/fontes-pedro-souza-irpf/aef_scan/previews/anuareco1970/aef1970_pdfpage_120_rot270.png;121;115;6.3.50;outputs/fontes-pedro-souza-irpf/aef_scan/previews/anuareco1970/aef1970_pdfpage_121_rot270.png;;;;;;;;;;;;;;;;;;;;;;;;;;;;;;;;;;;;;;;;;;;;;;;;;;;;;;;;;;;;;;;;;;;;;;;;;;;;;;;;;;;;;;;;;;;;;;;;;;;;;;;;;;;;;;;;;;;;;;;;;;;;;;;;;;;;;;;;;;;;;;;;;;;;;;;;;;;;;;;;;;;;;;;;;;;;;;;;;;;;;;;;;;;;;;;;;;;;;;;;;;;;;;;;;;;;;;;;;;;;;;;;;;;;;;;;;;;;;;;;;;;;;;;;;;;;;;;;;;;;;;;;;;;;;;;;;;;;;;;;;;;;;;;;;;;;;;;;;;;;;;;;;;;;;;;;;;;;;;;;;;;;;;;strict_renda_liquida;national;renda liquida publicada em faixas compativeis
irpf_aef_1970_faixas;irpf_aef_1970_faixas.csv;bracket_distribution;7;1968;1969;Brasil;irpf_aef_1970_faixas;;1969;Brasil;F07;7;;;;0;;;15999.695378;;;Cr$;Cr$ 1.000;Cr$ 1,00;;;Brasil. Ministerio da Fazenda. Anuario Economico-Fiscal 1970. Brasilia: Ministerio da Fazenda, 1970.;;outputs/fontes-pedro-souza-irpf/aef_scan/pdf/anuareco1970minfaz.pdf;;;;;;;;;1968;13.750 a 18.750;13750;18750;1990712;467541;1523171;156349;68220;11071;74;26;95200;67270;2735;24330;865;216523;95200;0;https://archive.org/details/anuareco1970minfaz;https://archive.org/download/anuareco1970minfaz/anuareco1970minfaz.pdf;outputs/fontes-pedro-souza-irpf/aef_scan/ocr_txt/anuareco1970minfaz_djvu.txt;120;114;6.3.49;outputs/fontes-pedro-souza-irpf/aef_scan/previews/anuareco1970/aef1970_pdfpage_120_rot270.png;121;115;6.3.50;outputs/fontes-pedro-souza-irpf/aef_scan/previews/anuareco1970/aef1970_pdfpage_121_rot270.png;;;;;;;;;;;;;;;;;;;;;;;;;;;;;;;;;;;;;;;;;;;;;;;;;;;;;;;;;;;;;;;;;;;;;;;;;;;;;;;;;;;;;;;;;;;;;;;;;;;;;;;;;;;;;;;;;;;;;;;;;;;;;;;;;;;;;;;;;;;;;;;;;;;;;;;;;;;;;;;;;;;;;;;;;;;;;;;;;;;;;;;;;;;;;;;;;;;;;;;;;;;;;;;;;;;;;;;;;;;;;;;;;;;;;;;;;;;;;;;;;;;;;;;;;;;;;;;;;;;;;;;;;;;;;;;;;;;;;;;;;;;;;;;;;;;;;;;;;;;;;;;;;;;;;;;;;;;;;;;;;;;;;;;strict_renda_liquida;national;renda liquida publicada em faixas compativeis
irpf_aef_1970_faixas;irpf_aef_1970_faixas.csv;bracket_distribution;8;1968;1969;Brasil;irpf_aef_1970_faixas;;1969;Brasil;F08;8;;;;0;;;21607.864867;;;Cr$;Cr$ 1.000;Cr$ 1,00;;;Brasil. Ministerio da Fazenda. Anuario Economico-Fiscal 1970. Brasilia: Ministerio da Fazenda, 1970.;;outputs/fontes-pedro-souza-irpf/aef_scan/pdf/anuareco1970minfaz.pdf;;;;;;;;;1968;18.750 a 25.000;18750;25000;1531320;322468;1208852;162445;65812;13651;133;28;55945;42728;1062;11606;549;138079;55945;0;https://archive.org/details/anuareco1970minfaz;https://archive.org/download/anuareco1970minfaz/anuareco1970minfaz.pdf;outputs/fontes-pedro-souza-irpf/aef_scan/ocr_txt/anuareco1970minfaz_djvu.txt;120;114;6.3.49;outputs/fontes-pedro-souza-irpf/aef_scan/previews/anuareco1970/aef1970_pdfpage_120_rot270.png;121;115;6.3.50;outputs/fontes-pedro-souza-irpf/aef_scan/previews/anuareco1970/aef1970_pdfpage_121_rot270.png;;;;;;;;;;;;;;;;;;;;;;;;;;;;;;;;;;;;;;;;;;;;;;;;;;;;;;;;;;;;;;;;;;;;;;;;;;;;;;;;;;;;;;;;;;;;;;;;;;;;;;;;;;;;;;;;;;;;;;;;;;;;;;;;;;;;;;;;;;;;;;;;;;;;;;;;;;;;;;;;;;;;;;;;;;;;;;;;;;;;;;;;;;;;;;;;;;;;;;;;;;;;;;;;;;;;;;;;;;;;;;;;;;;;;;;;;;;;;;;;;;;;;;;;;;;;;;;;;;;;;;;;;;;;;;;;;;;;;;;;;;;;;;;;;;;;;;;;;;;;;;;;;;;;;;;;;;;;;;;;;;;;;;;strict_renda_liquida;national;renda liquida publicada em faixas compativeis
irpf_aef_1970_faixas;irpf_aef_1970_faixas.csv;bracket_distribution;9;1968;1969;Brasil;irpf_aef_1970_faixas;;1969;Brasil;F09;9;;;;0;;;30035.319749;;;Cr$;Cr$ 1.000;Cr$ 1,00;;;Brasil. Ministerio da Fazenda. Anuario Economico-Fiscal 1970. Brasilia: Ministerio da Fazenda, 1970.;;outputs/fontes-pedro-souza-irpf/aef_scan/pdf/anuareco1970minfaz.pdf;;;;;;;;;1968;25.000 a 37.500;25000;37500;1421968;250140;1171828;197040;68031;19219;178;49;39015;30671;763;7174;407;98911;39015;0;https://archive.org/details/anuareco1970minfaz;https://archive.org/download/anuareco1970minfaz/anuareco1970minfaz.pdf;outputs/fontes-pedro-souza-irpf/aef_scan/ocr_txt/anuareco1970minfaz_djvu.txt;120;114;6.3.49;outputs/fontes-pedro-souza-irpf/aef_scan/previews/anuareco1970/aef1970_pdfpage_120_rot270.png;121;115;6.3.50;outputs/fontes-pedro-souza-irpf/aef_scan/previews/anuareco1970/aef1970_pdfpage_121_rot270.png;;;;;;;;;;;;;;;;;;;;;;;;;;;;;;;;;;;;;;;;;;;;;;;;;;;;;;;;;;;;;;;;;;;;;;;;;;;;;;;;;;;;;;;;;;;;;;;;;;;;;;;;;;;;;;;;;;;;;;;;;;;;;;;;;;;;;;;;;;;;;;;;;;;;;;;;;;;;;;;;;;;;;;;;;;;;;;;;;;;;;;;;;;;;;;;;;;;;;;;;;;;;;;;;;;;;;;;;;;;;;;;;;;;;;;;;;;;;;;;;;;;;;;;;;;;;;;;;;;;;;;;;;;;;;;;;;;;;;;;;;;;;;;;;;;;;;;;;;;;;;;;;;;;;;;;;;;;;;;;;;;;;;;;strict_renda_liquida;national;renda liquida publicada em faixas compativeis
irpf_aef_1971_faixas;irpf_aef_1971_faixas.csv;bracket_distribution;1;1969;1970;Brasil;irpf_aef_1971_faixas;;1970;Brasil;F01;1;;;;0;;;994.325137;;;Cr$;Cr$ 1.000;Cr$ 1,00;;;Brasil. Ministerio da Fazenda. Anuario Economico-Fiscal 1971. Brasilia: Ministerio da Fazenda, 1971.;;outputs/fontes-pedro-souza-irpf/aef_scan/pdf/anuareco1971minfaz.pdf;;;;;;;;;1969;Ate 4.200;;4200;18532376;13897570;4634806;0;;;;;4661258;;97894;;20845;14264250;;;https://archive.org/details/anuareco1971minfaz;https://archive.org/download/anuareco1971minfaz/anuareco1971minfaz.pdf;outputs/fontes-pedro-souza-irpf/aef_scan/ocr_txt/anuareco1971minfaz_djvu.txt;168;178;8.2.2.36;outputs/fontes-pedro-souza-irpf/aef_scan/previews/anuareco1971/aef1971_pdfpage_168.png;169;179;8.2.2.38;outputs/fontes-pedro-souza-irpf/aef_scan/previews/anuareco1971/aef1971_pdfpage_169.png;20434699;1902323;30556;0;30556;3353562;1188957;229155;229023;0;0;0;143737;;;;;;;;;;;;;;;;;;;;;;;;;;;;;;;;;;;;;;;;;;;;;;;;;;;;;;;;;;;;;;;;;;;;;;;;;;;;;;;;;;;;;;;;;;;;;;;;;;;;;;;;;;;;;;;;;;;;;;;;;;;;;;;;;;;;;;;;;;;;;;;;;;;;;;;;;;;;;;;;;;;;;;;;;;;;;;;;;;;;;;;;;;;;;;;;;;;;;;;;;;;;;;;;;;;;;;;;;;;;;;;;;;;;;;;;;;;;;;;;;;;;;;;;;;;;;;;;;;;;;;;;;;;;;;;;;;;;;;;;;;;;;;;;;;;;;;;;;;;;;;;;;;;;;;;;;;strict_renda_liquida;national;renda liquida publicada em faixas compativeis
irpf_aef_1971_faixas;irpf_aef_1971_faixas.csv;bracket_distribution;10;1969;1970;Brasil;irpf_aef_1971_faixas;;1970;Brasil;F10;10;;;;0;;;51744.71035;;;Cr$;Cr$ 1.000;Cr$ 1,00;;;Brasil. Ministerio da Fazenda. Anuario Economico-Fiscal 1971. Brasilia: Ministerio da Fazenda, 1971.;;outputs/fontes-pedro-souza-irpf/aef_scan/pdf/anuareco1971minfaz.pdf;;;;;;;;;1969;45.000 a 60.000;45000;60000;1054466;196073;858393;188699;;;;;16589;;269;;169;45298;;;https://archive.org/details/anuareco1971minfaz;https://archive.org/download/anuareco1971minfaz/anuareco1971minfaz.pdf;outputs/fontes-pedro-souza-irpf/aef_scan/ocr_txt/anuareco1971minfaz_djvu.txt;168;178;8.2.2.36;outputs/fontes-pedro-souza-irpf/aef_scan/previews/anuareco1971/aef1971_pdfpage_168.png;169;179;8.2.2.38;outputs/fontes-pedro-souza-irpf/aef_scan/previews/anuareco1971/aef1971_pdfpage_169.png;1280951;226485;64801;124006;108;13663;2488;14595;50;15868;228;147;81;;;;;;;;;;;;;;;;;;;;;;;;;;;;;;;;;;;;;;;;;;;;;;;;;;;;;;;;;;;;;;;;;;;;;;;;;;;;;;;;;;;;;;;;;;;;;;;;;;;;;;;;;;;;;;;;;;;;;;;;;;;;;;;;;;;;;;;;;;;;;;;;;;;;;;;;;;;;;;;;;;;;;;;;;;;;;;;;;;;;;;;;;;;;;;;;;;;;;;;;;;;;;;;;;;;;;;;;;;;;;;;;;;;;;;;;;;;;;;;;;;;;;;;;;;;;;;;;;;;;;;;;;;;;;;;;;;;;;;;;;;;;;;;;;;;;;;;;;;;;;;;;;;;;;;;;;;strict_renda_liquida;national;renda liquida publicada em faixas compativeis
irpf_aef_1971_faixas;irpf_aef_1971_faixas.csv;bracket_distribution;11;1969;1970;Brasil;irpf_aef_1971_faixas;;1970;Brasil;F11;11;;;;0;;;74690.510577;;;Cr$;Cr$ 1.000;Cr$ 1,00;;;Brasil. Ministerio da Fazenda. Anuario Economico-Fiscal 1971. Brasilia: Ministerio da Fazenda, 1971.;;outputs/fontes-pedro-souza-irpf/aef_scan/pdf/anuareco1971minfaz.pdf;;;;;;;;;1969;60.000 a 100.000;60000;100000;1069703;190521;879182;237467;;;;;11771;;157;;152;32444;;;https://archive.org/details/anuareco1971minfaz;https://archive.org/download/anuareco1971minfaz/anuareco1971minfaz.pdf;outputs/fontes-pedro-souza-irpf/aef_scan/ocr_txt/anuareco1971minfaz_djvu.txt;168;178;8.2.2.36;outputs/fontes-pedro-souza-irpf/aef_scan/previews/anuareco1971/aef1971_pdfpage_168.png;169;179;8.2.2.38;outputs/fontes-pedro-souza-irpf/aef_scan/previews/anuareco1971/aef1971_pdfpage_169.png;1288185;218482;67701;169784;18;9757;1705;10520;12;11335;59;95;42;;;;;;;;;;;;;;;;;;;;;;;;;;;;;;;;;;;;;;;;;;;;;;;;;;;;;;;;;;;;;;;;;;;;;;;;;;;;;;;;;;;;;;;;;;;;;;;;;;;;;;;;;;;;;;;;;;;;;;;;;;;;;;;;;;;;;;;;;;;;;;;;;;;;;;;;;;;;;;;;;;;;;;;;;;;;;;;;;;;;;;;;;;;;;;;;;;;;;;;;;;;;;;;;;;;;;;;;;;;;;;;;;;;;;;;;;;;;;;;;;;;;;;;;;;;;;;;;;;;;;;;;;;;;;;;;;;;;;;;;;;;;;;;;;;;;;;;;;;;;;;;;;;;;;;;;;;strict_renda_liquida;national;renda liquida publicada em faixas compativeis
irpf_aef_1971_faixas;irpf_aef_1971_faixas.csv;bracket_distribution;12;1969;1970;Brasil;irpf_aef_1971_faixas;;1970;Brasil;F12;12;;;;0;;;139212.554532;;;Cr$;Cr$ 1.000;Cr$ 1,00;;;Brasil. Ministerio da Fazenda. Anuario Economico-Fiscal 1971. Brasilia: Ministerio da Fazenda, 1971.;;outputs/fontes-pedro-souza-irpf/aef_scan/pdf/anuareco1971minfaz.pdf;;;;;;;;;1969;100.000 a 250.000;100000;250000;703424;129033;574391;204878;;;;;4126;;59;;63;11070;;;https://archive.org/details/anuareco1971minfaz;https://archive.org/download/anuareco1971minfaz/anuareco1971minfaz.pdf;outputs/fontes-pedro-souza-irpf/aef_scan/ocr_txt/anuareco1971minfaz_djvu.txt;168;178;8.2.2.36;outputs/fontes-pedro-souza-irpf/aef_scan/previews/anuareco1971/aef1971_pdfpage_168.png;169;179;8.2.2.38;outputs/fontes-pedro-souza-irpf/aef_scan/previews/anuareco1971/aef1971_pdfpage_169.png;827483;124059;40383;164495;0;3369;635;3609;2;3825;6;37;18;;;;;;;;;;;;;;;;;;;;;;;;;;;;;;;;;;;;;;;;;;;;;;;;;;;;;;;;;;;;;;;;;;;;;;;;;;;;;;;;;;;;;;;;;;;;;;;;;;;;;;;;;;;;;;;;;;;;;;;;;;;;;;;;;;;;;;;;;;;;;;;;;;;;;;;;;;;;;;;;;;;;;;;;;;;;;;;;;;;;;;;;;;;;;;;;;;;;;;;;;;;;;;;;;;;;;;;;;;;;;;;;;;;;;;;;;;;;;;;;;;;;;;;;;;;;;;;;;;;;;;;;;;;;;;;;;;;;;;;;;;;;;;;;;;;;;;;;;;;;;;;;;;;;;;;;;;strict_renda_liquida;national;renda liquida publicada em faixas compativeis
irpf_aef_1971_faixas;irpf_aef_1971_faixas.csv;bracket_distribution;13;1969;1970;Brasil;irpf_aef_1971_faixas;;1970;Brasil;F13;13;;;;0;;;328164.750958;;;Cr$;Cr$ 1.000;Cr$ 1,00;;;Brasil. Ministerio da Fazenda. Anuario Economico-Fiscal 1971. Brasilia: Ministerio da Fazenda, 1971.;;outputs/fontes-pedro-souza-irpf/aef_scan/pdf/anuareco1971minfaz.pdf;;;;;;;;;1969;250.000 a 500.000;250000;500000;208795;37493;171302;74690;;;;;522;;13;;10;1259;;;https://archive.org/details/anuareco1971minfaz;https://archive.org/download/anuareco1971minfaz/anuareco1971minfaz.pdf;outputs/fontes-pedro-souza-irpf/aef_scan/ocr_txt/anuareco1971minfaz_djvu.txt;168;178;8.2.2.36;outputs/fontes-pedro-souza-irpf/aef_scan/previews/anuareco1971/aef1971_pdfpage_168.png;169;179;8.2.2.38;outputs/fontes-pedro-souza-irpf/aef_scan/previews/anuareco1971/aef1971_pdfpage_169.png;234045;25250;6818;67872;0;366;133;323;0;334;0;0;0;;;;;;;;;;;;;;;;;;;;;;;;;;;;;;;;;;;;;;;;;;;;;;;;;;;;;;;;;;;;;;;;;;;;;;;;;;;;;;;;;;;;;;;;;;;;;;;;;;;;;;;;;;;;;;;;;;;;;;;;;;;;;;;;;;;;;;;;;;;;;;;;;;;;;;;;;;;;;;;;;;;;;;;;;;;;;;;;;;;;;;;;;;;;;;;;;;;;;;;;;;;;;;;;;;;;;;;;;;;;;;;;;;;;;;;;;;;;;;;;;;;;;;;;;;;;;;;;;;;;;;;;;;;;;;;;;;;;;;;;;;;;;;;;;;;;;;;;;;;;;;;;;;;;;;;;;;strict_renda_liquida;national;renda liquida publicada em faixas compativeis
irpf_aef_1971_faixas;irpf_aef_1971_faixas.csv;bracket_distribution;14;1969;1970;Brasil;irpf_aef_1971_faixas;;1970;Brasil;F14;14;;;;0;;;656848.214286;;;Cr$;Cr$ 1.000;Cr$ 1,00;;;Brasil. Ministerio da Fazenda. Anuario Economico-Fiscal 1971. Brasilia: Ministerio da Fazenda, 1971.;;outputs/fontes-pedro-souza-irpf/aef_scan/pdf/anuareco1971minfaz.pdf;;;;;;;;;1969;500.000 a 1.000.000;500000;1000000;83526;9959;73567;33939;;;;;112;;2;;4;459;;;https://archive.org/details/anuareco1971minfaz;https://archive.org/download/anuareco1971minfaz/anuareco1971minfaz.pdf;outputs/fontes-pedro-souza-irpf/aef_scan/ocr_txt/anuareco1971minfaz_djvu.txt;168;178;8.2.2.36;outputs/fontes-pedro-souza-irpf/aef_scan/previews/anuareco1971/aef1971_pdfpage_168.png;169;179;8.2.2.38;outputs/fontes-pedro-souza-irpf/aef_scan/previews/anuareco1971/aef1971_pdfpage_169.png;92995;9469;2060;31879;0;85;21;49;0;49;0;0;1;;;;;;;;;;;;;;;;;;;;;;;;;;;;;;;;;;;;;;;;;;;;;;;;;;;;;;;;;;;;;;;;;;;;;;;;;;;;;;;;;;;;;;;;;;;;;;;;;;;;;;;;;;;;;;;;;;;;;;;;;;;;;;;;;;;;;;;;;;;;;;;;;;;;;;;;;;;;;;;;;;;;;;;;;;;;;;;;;;;;;;;;;;;;;;;;;;;;;;;;;;;;;;;;;;;;;;;;;;;;;;;;;;;;;;;;;;;;;;;;;;;;;;;;;;;;;;;;;;;;;;;;;;;;;;;;;;;;;;;;;;;;;;;;;;;;;;;;;;;;;;;;;;;;;;;;;;strict_renda_liquida;national;renda liquida publicada em faixas compativeis
irpf_aef_1971_faixas;irpf_aef_1971_faixas.csv;bracket_distribution;15;1969;1970;Brasil;irpf_aef_1971_faixas;;1970;Brasil;F15;15;;;;1;;;1862142.857143;;;Cr$;Cr$ 1.000;Cr$ 1,00;;;Brasil. Ministerio da Fazenda. Anuario Economico-Fiscal 1971. Brasilia: Ministerio da Fazenda, 1971.;;outputs/fontes-pedro-souza-irpf/aef_scan/pdf/anuareco1971minfaz.pdf;;;;;;;;;1969;Acima de 1.000.000;1000000;;54159;2019;52140;24409;;;;;28;;1;;0;87;;;https://archive.org/details/anuareco1971minfaz;https://archive.org/download/anuareco1971minfaz/anuareco1971minfaz.pdf;outputs/fontes-pedro-souza-irpf/aef_scan/ocr_txt/anuareco1971minfaz_djvu.txt;168;178;8.2.2.36;outputs/fontes-pedro-souza-irpf/aef_scan/previews/anuareco1971/aef1971_pdfpage_168.png;169;179;8.2.2.38;outputs/fontes-pedro-souza-irpf/aef_scan/previews/anuareco1971/aef1971_pdfpage_169.png;58401;4242;209;24200;0;19;8;9;0;9;0;0;0;;;;;;;;;;;;;;;;;;;;;;;;;;;;;;;;;;;;;;;;;;;;;;;;;;;;;;;;;;;;;;;;;;;;;;;;;;;;;;;;;;;;;;;;;;;;;;;;;;;;;;;;;;;;;;;;;;;;;;;;;;;;;;;;;;;;;;;;;;;;;;;;;;;;;;;;;;;;;;;;;;;;;;;;;;;;;;;;;;;;;;;;;;;;;;;;;;;;;;;;;;;;;;;;;;;;;;;;;;;;;;;;;;;;;;;;;;;;;;;;;;;;;;;;;;;;;;;;;;;;;;;;;;;;;;;;;;;;;;;;;;;;;;;;;;;;;;;;;;;;;;;;;;;;;;;;;;strict_renda_liquida;national;renda liquida publicada em faixas compativeis
irpf_aef_1971_faixas;irpf_aef_1971_faixas.csv;bracket_distribution;2;1969;1970;Brasil;irpf_aef_1971_faixas;;1970;Brasil;F02;2;;;;0;;;4345.123533;;;Cr$;Cr$ 1.000;Cr$ 1,00;;;Brasil. Ministerio da Fazenda. Anuario Economico-Fiscal 1971. Brasilia: Ministerio da Fazenda, 1971.;;outputs/fontes-pedro-souza-irpf/aef_scan/pdf/anuareco1971minfaz.pdf;;;;;;;;;1969;4.200 a 4.500;4200;4500;762943;253625;509318;1175;;;;;117216;;6601;;430;121063;;;https://archive.org/details/anuareco1971minfaz;https://archive.org/download/anuareco1971minfaz/anuareco1971minfaz.pdf;outputs/fontes-pedro-souza-irpf/aef_scan/ocr_txt/anuareco1971minfaz_djvu.txt;168;178;8.2.2.36;outputs/fontes-pedro-souza-irpf/aef_scan/previews/anuareco1971/aef1971_pdfpage_168.png;169;179;8.2.2.38;outputs/fontes-pedro-souza-irpf/aef_scan/previews/anuareco1971/aef1971_pdfpage_169.png;859038;96095;2360;1054;2239;44662;65523;26135;19895;1694;103;599;5354;;;;;;;;;;;;;;;;;;;;;;;;;;;;;;;;;;;;;;;;;;;;;;;;;;;;;;;;;;;;;;;;;;;;;;;;;;;;;;;;;;;;;;;;;;;;;;;;;;;;;;;;;;;;;;;;;;;;;;;;;;;;;;;;;;;;;;;;;;;;;;;;;;;;;;;;;;;;;;;;;;;;;;;;;;;;;;;;;;;;;;;;;;;;;;;;;;;;;;;;;;;;;;;;;;;;;;;;;;;;;;;;;;;;;;;;;;;;;;;;;;;;;;;;;;;;;;;;;;;;;;;;;;;;;;;;;;;;;;;;;;;;;;;;;;;;;;;;;;;;;;;;;;;;;;;;;;strict_renda_liquida;national;renda liquida publicada em faixas compativeis
irpf_aef_1971_faixas;irpf_aef_1971_faixas.csv;bracket_distribution;3;1969;1970;Brasil;irpf_aef_1971_faixas;;1970;Brasil;F03;3;;;;0;;;5187.751237;;;Cr$;Cr$ 1.000;Cr$ 1,00;;;Brasil. Ministerio da Fazenda. Anuario Economico-Fiscal 1971. Brasilia: Ministerio da Fazenda, 1971.;;outputs/fontes-pedro-souza-irpf/aef_scan/pdf/anuareco1971minfaz.pdf;;;;;"Ultimo digito de contribuintes com desconto na fonte esta pouco legivel no scan; foi lido como 154.796 porque fecha com o total publicado.";;;;1969;4.500 a 6.000;4500;6000;3339706;1126409;2213297;21532;;;;;426639;;24858;;1945;528974;;;https://archive.org/details/anuareco1971minfaz;https://archive.org/download/anuareco1971minfaz/anuareco1971minfaz.pdf;outputs/fontes-pedro-souza-irpf/aef_scan/ocr_txt/anuareco1971minfaz_djvu.txt;168;178;8.2.2.36;outputs/fontes-pedro-souza-irpf/aef_scan/previews/anuareco1971/aef1971_pdfpage_168.png;169;179;8.2.2.38;outputs/fontes-pedro-souza-irpf/aef_scan/previews/anuareco1971/aef1971_pdfpage_169.png;3800742;461036;14489;16830;9787;190268;209568;154796;57323;106578;59337;4230;17951;;;;;;;;;;;;;;;;;;;;;;;;;;;;;;;;;;;;;;;;;;;;;;;;;;;;;;;;;;;;;;;;;;;;;;;;;;;;;;;;;;;;;;;;;;;;;;;;;;;;;;;;;;;;;;;;;;;;;;;;;;;;;;;;;;;;;;;;;;;;;;;;;;;;;;;;;;;;;;;;;;;;;;;;;;;;;;;;;;;;;;;;;;;;;;;;;;;;;;;;;;;;;;;;;;;;;;;;;;;;;;;;;;;;;;;;;;;;;;;;;;;;;;;;;;;;;;;;;;;;;;;;;;;;;;;;;;;;;;;;;;;;;;;;;;;;;;;;;;;;;;;;;;;;;;;;;;strict_renda_liquida;national;renda liquida publicada em faixas compativeis
irpf_aef_1971_faixas;irpf_aef_1971_faixas.csv;bracket_distribution;4;1969;1970;Brasil;irpf_aef_1971_faixas;;1970;Brasil;F04;4;;;;0;;;7098.534977;;;Cr$;Cr$ 1.000;Cr$ 1,00;;;Brasil. Ministerio da Fazenda. Anuario Economico-Fiscal 1971. Brasilia: Ministerio da Fazenda, 1971.;;outputs/fontes-pedro-souza-irpf/aef_scan/pdf/anuareco1971minfaz.pdf;;;;;;;;;1969;6.000 a 8.400;6000;8400;3879654;1248149;2631505;66253;;;;;370711;;20258;;2022;564672;;;https://archive.org/details/anuareco1971minfaz;https://archive.org/download/anuareco1971minfaz/anuareco1971minfaz.pdf;outputs/fontes-pedro-souza-irpf/aef_scan/ocr_txt/anuareco1971minfaz_djvu.txt;168;178;8.2.2.36;outputs/fontes-pedro-souza-irpf/aef_scan/previews/anuareco1971/aef1971_pdfpage_168.png;169;179;8.2.2.38;outputs/fontes-pedro-souza-irpf/aef_scan/previews/anuareco1971/aef1971_pdfpage_169.png;4471302;591648;33132;45647;12526;195027;153404;216395;48782;178558;50770;4110;10438;;;;;;;;;;;;;;;;;;;;;;;;;;;;;;;;;;;;;;;;;;;;;;;;;;;;;;;;;;;;;;;;;;;;;;;;;;;;;;;;;;;;;;;;;;;;;;;;;;;;;;;;;;;;;;;;;;;;;;;;;;;;;;;;;;;;;;;;;;;;;;;;;;;;;;;;;;;;;;;;;;;;;;;;;;;;;;;;;;;;;;;;;;;;;;;;;;;;;;;;;;;;;;;;;;;;;;;;;;;;;;;;;;;;;;;;;;;;;;;;;;;;;;;;;;;;;;;;;;;;;;;;;;;;;;;;;;;;;;;;;;;;;;;;;;;;;;;;;;;;;;;;;;;;;;;;;;strict_renda_liquida;national;renda liquida publicada em faixas compativeis
irpf_aef_1971_faixas;irpf_aef_1971_faixas.csv;bracket_distribution;5;1969;1970;Brasil;irpf_aef_1971_faixas;;1970;Brasil;F05;5;;;;0;;;10056.135644;;;Cr$;Cr$ 1.000;Cr$ 1,00;;;Brasil. Ministerio da Fazenda. Anuario Economico-Fiscal 1971. Brasilia: Ministerio da Fazenda, 1971.;;outputs/fontes-pedro-souza-irpf/aef_scan/pdf/anuareco1971minfaz.pdf;;;;;;;;;1969;8.400 a 12.000;8400;12000;3972528;1168988;2803540;134506;;;;;278789;;14206;;1658;499388;;;https://archive.org/details/anuareco1971minfaz;https://archive.org/download/anuareco1971minfaz/anuareco1971minfaz.pdf;outputs/fontes-pedro-souza-irpf/aef_scan/ocr_txt/anuareco1971minfaz_djvu.txt;168;178;8.2.2.36;outputs/fontes-pedro-souza-irpf/aef_scan/previews/anuareco1971/aef1971_pdfpage_168.png;169;179;8.2.2.38;outputs/fontes-pedro-souza-irpf/aef_scan/previews/anuareco1971/aef1971_pdfpage_169.png;4645769;673241;65007;80433;10934;167024;95901;202320;35846;185284;39539;3385;4828;;;;;;;;;;;;;;;;;;;;;;;;;;;;;;;;;;;;;;;;;;;;;;;;;;;;;;;;;;;;;;;;;;;;;;;;;;;;;;;;;;;;;;;;;;;;;;;;;;;;;;;;;;;;;;;;;;;;;;;;;;;;;;;;;;;;;;;;;;;;;;;;;;;;;;;;;;;;;;;;;;;;;;;;;;;;;;;;;;;;;;;;;;;;;;;;;;;;;;;;;;;;;;;;;;;;;;;;;;;;;;;;;;;;;;;;;;;;;;;;;;;;;;;;;;;;;;;;;;;;;;;;;;;;;;;;;;;;;;;;;;;;;;;;;;;;;;;;;;;;;;;;;;;;;;;;;;strict_renda_liquida;national;renda liquida publicada em faixas compativeis
irpf_aef_1971_faixas;irpf_aef_1971_faixas.csv;bracket_distribution;6;1969;1970;Brasil;irpf_aef_1971_faixas;;1970;Brasil;F06;6;;;;0;;;14069.982598;;;Cr$;Cr$ 1.000;Cr$ 1,00;;;Brasil. Ministerio da Fazenda. Anuario Economico-Fiscal 1971. Brasilia: Ministerio da Fazenda, 1971.;;outputs/fontes-pedro-souza-irpf/aef_scan/pdf/anuareco1971minfaz.pdf;;;;;;;;;1969;12.000 a 16.500;12000;16500;3259918;858580;2401338;178513;;;;;170671;;7706;;1135;342039;;;https://archive.org/details/anuareco1971minfaz;https://archive.org/download/anuareco1971minfaz/anuareco1971minfaz.pdf;outputs/fontes-pedro-souza-irpf/aef_scan/ocr_txt/anuareco1971minfaz_djvu.txt;168;178;8.2.2.36;outputs/fontes-pedro-souza-irpf/aef_scan/previews/anuareco1971/aef1971_pdfpage_168.png;169;179;8.2.2.38;outputs/fontes-pedro-souza-irpf/aef_scan/previews/anuareco1971/aef1971_pdfpage_169.png;3847400;587482;86892;98497;6876;111136;50694;136143;17453;131417;21997;2027;2190;;;;;;;;;;;;;;;;;;;;;;;;;;;;;;;;;;;;;;;;;;;;;;;;;;;;;;;;;;;;;;;;;;;;;;;;;;;;;;;;;;;;;;;;;;;;;;;;;;;;;;;;;;;;;;;;;;;;;;;;;;;;;;;;;;;;;;;;;;;;;;;;;;;;;;;;;;;;;;;;;;;;;;;;;;;;;;;;;;;;;;;;;;;;;;;;;;;;;;;;;;;;;;;;;;;;;;;;;;;;;;;;;;;;;;;;;;;;;;;;;;;;;;;;;;;;;;;;;;;;;;;;;;;;;;;;;;;;;;;;;;;;;;;;;;;;;;;;;;;;;;;;;;;;;;;;;;strict_renda_liquida;national;renda liquida publicada em faixas compativeis
irpf_aef_1971_faixas;irpf_aef_1971_faixas.csv;bracket_distribution;7;1969;1970;Brasil;irpf_aef_1971_faixas;;1970;Brasil;F07;7;;;;0;;;19243.535708;;;Cr$;Cr$ 1.000;Cr$ 1,00;;;Brasil. Ministerio da Fazenda. Anuario Economico-Fiscal 1971. Brasilia: Ministerio da Fazenda, 1971.;;outputs/fontes-pedro-souza-irpf/aef_scan/pdf/anuareco1971minfaz.pdf;;;;;;;;;1969;16.500 a 22.500;16500;22500;2813433;681230;2132203;220052;;;;;110801;;3431;;844;250961;;;https://archive.org/details/anuareco1971minfaz;https://archive.org/download/anuareco1971minfaz/anuareco1971minfaz.pdf;outputs/fontes-pedro-souza-irpf/aef_scan/ocr_txt/anuareco1971minfaz_djvu.txt;168;178;8.2.2.36;outputs/fontes-pedro-souza-irpf/aef_scan/previews/anuareco1971/aef1971_pdfpage_168.png;169;179;8.2.2.38;outputs/fontes-pedro-souza-irpf/aef_scan/previews/anuareco1971/aef1971_pdfpage_169.png;3346700;533267;105287;118273;3508;79631;26895;92132;7680;92481;12140;1278;1057;;;;;;;;;;;;;;;;;;;;;;;;;;;;;;;;;;;;;;;;;;;;;;;;;;;;;;;;;;;;;;;;;;;;;;;;;;;;;;;;;;;;;;;;;;;;;;;;;;;;;;;;;;;;;;;;;;;;;;;;;;;;;;;;;;;;;;;;;;;;;;;;;;;;;;;;;;;;;;;;;;;;;;;;;;;;;;;;;;;;;;;;;;;;;;;;;;;;;;;;;;;;;;;;;;;;;;;;;;;;;;;;;;;;;;;;;;;;;;;;;;;;;;;;;;;;;;;;;;;;;;;;;;;;;;;;;;;;;;;;;;;;;;;;;;;;;;;;;;;;;;;;;;;;;;;;;;strict_renda_liquida;national;renda liquida publicada em faixas compativeis
irpf_aef_1971_faixas;irpf_aef_1971_faixas.csv;bracket_distribution;8;1969;1970;Brasil;irpf_aef_1971_faixas;;1970;Brasil;F08;8;;;;0;;;25974.402027;;;Cr$;Cr$ 1.000;Cr$ 1,00;;;Brasil. Ministerio da Fazenda. Anuario Economico-Fiscal 1971. Brasilia: Ministerio da Fazenda, 1971.;;outputs/fontes-pedro-souza-irpf/aef_scan/pdf/anuareco1971minfaz.pdf;;;;;;;;;1969;22.500 a 30.000;22500;30000;2264145;500587;1763558;237783;;;;;67896;;1571;;584;166158;;;https://archive.org/details/anuareco1971minfaz;https://archive.org/download/anuareco1971minfaz/anuareco1971minfaz.pdf;outputs/fontes-pedro-souza-irpf/aef_scan/ocr_txt/anuareco1971minfaz_djvu.txt;168;178;8.2.2.36;outputs/fontes-pedro-souza-irpf/aef_scan/previews/anuareco1971/aef1971_pdfpage_168.png;169;179;8.2.2.38;outputs/fontes-pedro-souza-irpf/aef_scan/previews/anuareco1971/aef1971_pdfpage_169.png;2709301;445156;109383;129880;1480;52080;13661;58291;2256;60004;5050;773;498;;;;;;;;;;;;;;;;;;;;;;;;;;;;;;;;;;;;;;;;;;;;;;;;;;;;;;;;;;;;;;;;;;;;;;;;;;;;;;;;;;;;;;;;;;;;;;;;;;;;;;;;;;;;;;;;;;;;;;;;;;;;;;;;;;;;;;;;;;;;;;;;;;;;;;;;;;;;;;;;;;;;;;;;;;;;;;;;;;;;;;;;;;;;;;;;;;;;;;;;;;;;;;;;;;;;;;;;;;;;;;;;;;;;;;;;;;;;;;;;;;;;;;;;;;;;;;;;;;;;;;;;;;;;;;;;;;;;;;;;;;;;;;;;;;;;;;;;;;;;;;;;;;;;;;;;;;strict_renda_liquida;national;renda liquida publicada em faixas compativeis
irpf_aef_1971_faixas;irpf_aef_1971_faixas.csv;bracket_distribution;9;1969;1970;Brasil;irpf_aef_1971_faixas;;1970;Brasil;F09;9;;;;0;;;36227.206318;;;Cr$;Cr$ 1.000;Cr$ 1,00;;;Brasil. Ministerio da Fazenda. Anuario Economico-Fiscal 1971. Brasilia: Ministerio da Fazenda, 1971.;;outputs/fontes-pedro-souza-irpf/aef_scan/pdf/anuareco1971minfaz.pdf;;;;;;;;;1969;30.000 a 45.000;30000;45000;2292931;458023;1834908;323103;;;;;50650;;1049;;481;130976;;;https://archive.org/details/anuareco1971minfaz;https://archive.org/download/anuareco1971minfaz/anuareco1971minfaz.pdf;outputs/fontes-pedro-souza-irpf/aef_scan/ocr_txt/anuareco1971minfaz_djvu.txt;168;178;8.2.2.36;outputs/fontes-pedro-souza-irpf/aef_scan/previews/anuareco1971/aef1971_pdfpage_168.png;169;179;8.2.2.38;outputs/fontes-pedro-souza-irpf/aef_scan/previews/anuareco1971/aef1971_pdfpage_169.png;2761850;468919;132212;191428;537;40391;8729;44317;255;47106;1946;573;259;;;;;;;;;;;;;;;;;;;;;;;;;;;;;;;;;;;;;;;;;;;;;;;;;;;;;;;;;;;;;;;;;;;;;;;;;;;;;;;;;;;;;;;;;;;;;;;;;;;;;;;;;;;;;;;;;;;;;;;;;;;;;;;;;;;;;;;;;;;;;;;;;;;;;;;;;;;;;;;;;;;;;;;;;;;;;;;;;;;;;;;;;;;;;;;;;;;;;;;;;;;;;;;;;;;;;;;;;;;;;;;;;;;;;;;;;;;;;;;;;;;;;;;;;;;;;;;;;;;;;;;;;;;;;;;;;;;;;;;;;;;;;;;;;;;;;;;;;;;;;;;;;;;;;;;;;;strict_renda_liquida;national;renda liquida publicada em faixas compativeis
irpf_aef_1972_faixas;irpf_aef_1972_faixas.csv;bracket_distribution;1;1970;1971;Brasil;irpf_aef_1972_faixas;;1971;Brasil;F01;1;;;;0;;;1255.330641;;;Cr$;Cr$ 1.000;Cr$ 1,00;;;Brasil. Ministerio da Fazenda. Secretaria da Receita Federal. Centro de Informacoes Economico-Fiscais. Anuario Economico-Fiscal 1972. Brasilia: Centro de Informacoes Economico-Fiscais, 1972.;;outputs/fontes-pedro-souza-irpf/aef_scan/pdf/anuareco1972minfaz.pdf;outputs/fontes-pedro-souza-irpf/aef_scan/previews/anuareco1972/aef1972_pdfpage_145.png;145;141;8.2.1.54;"O Quadro 8.2.1.54 separa uma classe de renda liquida negativa. Para manter comparabilidade com o padrao anterior de primeira faixa 'Ate X', a tabela principal agrega os declarantes da classe negativa com os declarantes de renda liquida de zero a Cr$ 5.040 na faixa 'Ate 5.040'. O valor de renda liquida usado nessa faixa e o total positivo da classe de zero a 5.040; a quantidade e o valor publicado da classe negativa foram preservados em colunas proprias e na tabela de origem.";;;;1970;Ate 5.040;;5040;;;7748438;;;;;;;;;;;;;;https://archive.org/details/anuareco1972minfaz;https://archive.org/download/anuareco1972minfaz/anuareco1972minfaz.pdf;outputs/fontes-pedro-souza-irpf/aef_scan/ocr_txt/anuareco1972minfaz_djvu.txt;;;;;;;;;;;;;;;;;;;;;;6172428;2829476;17696729;https://ci.nii.ac.jp/ncid/BB06332999;;;;;;;;;;;;;;;;;;;;;;;;;;;;;;;;;;;;;;;;;;;;;;;;;;;;;;;;;;;;;;;;;;;;;;;;;;;;;;;;;;;;;;;;;;;;;;;;;;;;;;;;;;;;;;;;;;;;;;;;;;;;;;;;;;;;;;;;;;;;;;;;;;;;;;;;;;;;;;;;;;;;;;;;;;;;;;;;;;;;;;;;;;;;;;;;;;;;;;;;;;;;;;;;;;;;;;;;;;;;;;;;;;;;;;;;;;;;;;;;;;;;;;;;;;;;;;;;;;;;;;;;;;;;;;;;;;;;;;;;;;;;;;;;;;;;;;;;;;;;;;;;;;;;;;strict_renda_liquida;national;renda liquida publicada em faixas compativeis
irpf_aef_1972_faixas;irpf_aef_1972_faixas.csv;bracket_distribution;2;1970;1971;Brasil;irpf_aef_1972_faixas;;1971;Brasil;F02;2;;;;0;;;6007.359775;;;Cr$;Cr$ 1.000;Cr$ 1,00;;;Brasil. Ministerio da Fazenda. Secretaria da Receita Federal. Centro de Informacoes Economico-Fiscais. Anuario Economico-Fiscal 1972. Brasilia: Centro de Informacoes Economico-Fiscais, 1972.;;outputs/fontes-pedro-souza-irpf/aef_scan/pdf/anuareco1972minfaz.pdf;outputs/fontes-pedro-souza-irpf/aef_scan/previews/anuareco1972/aef1972_pdfpage_145.png;145;141;8.2.1.54;;;;;1970;5.041 a 7.200;5041;7200;;;4007750;;;;;;;;;;;;;;https://archive.org/details/anuareco1972minfaz;https://archive.org/download/anuareco1972minfaz/anuareco1972minfaz.pdf;outputs/fontes-pedro-souza-irpf/aef_scan/ocr_txt/anuareco1972minfaz_djvu.txt;;;;;;;;;;;;;;;;;;;;;;667140;0;0;https://ci.nii.ac.jp/ncid/BB06332999;;;;;;;;;;;;;;;;;;;;;;;;;;;;;;;;;;;;;;;;;;;;;;;;;;;;;;;;;;;;;;;;;;;;;;;;;;;;;;;;;;;;;;;;;;;;;;;;;;;;;;;;;;;;;;;;;;;;;;;;;;;;;;;;;;;;;;;;;;;;;;;;;;;;;;;;;;;;;;;;;;;;;;;;;;;;;;;;;;;;;;;;;;;;;;;;;;;;;;;;;;;;;;;;;;;;;;;;;;;;;;;;;;;;;;;;;;;;;;;;;;;;;;;;;;;;;;;;;;;;;;;;;;;;;;;;;;;;;;;;;;;;;;;;;;;;;;;;;;;;;;;;;;;;;;strict_renda_liquida;national;renda liquida publicada em faixas compativeis
irpf_aef_1972_faixas;irpf_aef_1972_faixas.csv;bracket_distribution;3;1970;1971;Brasil;irpf_aef_1972_faixas;;1971;Brasil;F03;3;;;;0;;;10052.612906;;;Cr$;Cr$ 1.000;Cr$ 1,00;;;Brasil. Ministerio da Fazenda. Secretaria da Receita Federal. Centro de Informacoes Economico-Fiscais. Anuario Economico-Fiscal 1972. Brasilia: Centro de Informacoes Economico-Fiscais, 1972.;;outputs/fontes-pedro-souza-irpf/aef_scan/pdf/anuareco1972minfaz.pdf;outputs/fontes-pedro-souza-irpf/aef_scan/previews/anuareco1972/aef1972_pdfpage_145.png;145;141;8.2.1.54;;;;;1970;7.201 a 14.400;7201;14400;;;7820199;;;;;;;;;;;;;;https://archive.org/details/anuareco1972minfaz;https://archive.org/download/anuareco1972minfaz/anuareco1972minfaz.pdf;outputs/fontes-pedro-souza-irpf/aef_scan/ocr_txt/anuareco1972minfaz_djvu.txt;;;;;;;;;;;;;;;;;;;;;;777927;0;0;https://ci.nii.ac.jp/ncid/BB06332999;;;;;;;;;;;;;;;;;;;;;;;;;;;;;;;;;;;;;;;;;;;;;;;;;;;;;;;;;;;;;;;;;;;;;;;;;;;;;;;;;;;;;;;;;;;;;;;;;;;;;;;;;;;;;;;;;;;;;;;;;;;;;;;;;;;;;;;;;;;;;;;;;;;;;;;;;;;;;;;;;;;;;;;;;;;;;;;;;;;;;;;;;;;;;;;;;;;;;;;;;;;;;;;;;;;;;;;;;;;;;;;;;;;;;;;;;;;;;;;;;;;;;;;;;;;;;;;;;;;;;;;;;;;;;;;;;;;;;;;;;;;;;;;;;;;;;;;;;;;;;;;;;;;;;;strict_renda_liquida;national;renda liquida publicada em faixas compativeis
irpf_aef_1972_faixas;irpf_aef_1972_faixas.csv;bracket_distribution;4;1970;1971;Brasil;irpf_aef_1972_faixas;;1971;Brasil;F04;4;;;;0;;;19344.435437;;;Cr$;Cr$ 1.000;Cr$ 1,00;;;Brasil. Ministerio da Fazenda. Secretaria da Receita Federal. Centro de Informacoes Economico-Fiscais. Anuario Economico-Fiscal 1972. Brasilia: Centro de Informacoes Economico-Fiscais, 1972.;;outputs/fontes-pedro-souza-irpf/aef_scan/pdf/anuareco1972minfaz.pdf;outputs/fontes-pedro-souza-irpf/aef_scan/previews/anuareco1972/aef1972_pdfpage_145.png;145;141;8.2.1.54;;;;;1970;14.401 a 27.000;14401;27000;;;6657755;;;;;;;;;;;;;;https://archive.org/details/anuareco1972minfaz;https://archive.org/download/anuareco1972minfaz/anuareco1972minfaz.pdf;outputs/fontes-pedro-souza-irpf/aef_scan/ocr_txt/anuareco1972minfaz_djvu.txt;;;;;;;;;;;;;;;;;;;;;;344169;0;0;https://ci.nii.ac.jp/ncid/BB06332999;;;;;;;;;;;;;;;;;;;;;;;;;;;;;;;;;;;;;;;;;;;;;;;;;;;;;;;;;;;;;;;;;;;;;;;;;;;;;;;;;;;;;;;;;;;;;;;;;;;;;;;;;;;;;;;;;;;;;;;;;;;;;;;;;;;;;;;;;;;;;;;;;;;;;;;;;;;;;;;;;;;;;;;;;;;;;;;;;;;;;;;;;;;;;;;;;;;;;;;;;;;;;;;;;;;;;;;;;;;;;;;;;;;;;;;;;;;;;;;;;;;;;;;;;;;;;;;;;;;;;;;;;;;;;;;;;;;;;;;;;;;;;;;;;;;;;;;;;;;;;;;;;;;;;;strict_renda_liquida;national;renda liquida publicada em faixas compativeis
irpf_aef_1972_faixas;irpf_aef_1972_faixas.csv;bracket_distribution;5;1970;1971;Brasil;irpf_aef_1972_faixas;;1971;Brasil;F05;5;;;;0;;;36482.670682;;;Cr$;Cr$ 1.000;Cr$ 1,00;;;Brasil. Ministerio da Fazenda. Secretaria da Receita Federal. Centro de Informacoes Economico-Fiscais. Anuario Economico-Fiscal 1972. Brasilia: Centro de Informacoes Economico-Fiscais, 1972.;;outputs/fontes-pedro-souza-irpf/aef_scan/pdf/anuareco1972minfaz.pdf;outputs/fontes-pedro-souza-irpf/aef_scan/previews/anuareco1972/aef1972_pdfpage_145.png;145;141;8.2.1.54;;;;;1970;27.001 a 54.000;27001;54000;;;5378932;;;;;;;;;;;;;;https://archive.org/details/anuareco1972minfaz;https://archive.org/download/anuareco1972minfaz/anuareco1972minfaz.pdf;outputs/fontes-pedro-souza-irpf/aef_scan/ocr_txt/anuareco1972minfaz_djvu.txt;;;;;;;;;;;;;;;;;;;;;;147438;0;0;https://ci.nii.ac.jp/ncid/BB06332999;;;;;;;;;;;;;;;;;;;;;;;;;;;;;;;;;;;;;;;;;;;;;;;;;;;;;;;;;;;;;;;;;;;;;;;;;;;;;;;;;;;;;;;;;;;;;;;;;;;;;;;;;;;;;;;;;;;;;;;;;;;;;;;;;;;;;;;;;;;;;;;;;;;;;;;;;;;;;;;;;;;;;;;;;;;;;;;;;;;;;;;;;;;;;;;;;;;;;;;;;;;;;;;;;;;;;;;;;;;;;;;;;;;;;;;;;;;;;;;;;;;;;;;;;;;;;;;;;;;;;;;;;;;;;;;;;;;;;;;;;;;;;;;;;;;;;;;;;;;;;;;;;;;;;;strict_renda_liquida;national;renda liquida publicada em faixas compativeis
irpf_aef_1972_faixas;irpf_aef_1972_faixas.csv;bracket_distribution;6;1970;1971;Brasil;irpf_aef_1972_faixas;;1971;Brasil;F06;6;;;;0;;;71523.277998;;;Cr$;Cr$ 1.000;Cr$ 1,00;;;Brasil. Ministerio da Fazenda. Secretaria da Receita Federal. Centro de Informacoes Economico-Fiscais. Anuario Economico-Fiscal 1972. Brasilia: Centro de Informacoes Economico-Fiscais, 1972.;;outputs/fontes-pedro-souza-irpf/aef_scan/pdf/anuareco1972minfaz.pdf;outputs/fontes-pedro-souza-irpf/aef_scan/previews/anuareco1972/aef1972_pdfpage_145.png;145;141;8.2.1.54;;;;;1970;54.001 a 108.000;54001;108000;;;2511826;;;;;;;;;;;;;;https://archive.org/details/anuareco1972minfaz;https://archive.org/download/anuareco1972minfaz/anuareco1972minfaz.pdf;outputs/fontes-pedro-souza-irpf/aef_scan/ocr_txt/anuareco1972minfaz_djvu.txt;;;;;;;;;;;;;;;;;;;;;;35119;0;0;https://ci.nii.ac.jp/ncid/BB06332999;;;;;;;;;;;;;;;;;;;;;;;;;;;;;;;;;;;;;;;;;;;;;;;;;;;;;;;;;;;;;;;;;;;;;;;;;;;;;;;;;;;;;;;;;;;;;;;;;;;;;;;;;;;;;;;;;;;;;;;;;;;;;;;;;;;;;;;;;;;;;;;;;;;;;;;;;;;;;;;;;;;;;;;;;;;;;;;;;;;;;;;;;;;;;;;;;;;;;;;;;;;;;;;;;;;;;;;;;;;;;;;;;;;;;;;;;;;;;;;;;;;;;;;;;;;;;;;;;;;;;;;;;;;;;;;;;;;;;;;;;;;;;;;;;;;;;;;;;;;;;;;;;;;;;;strict_renda_liquida;national;renda liquida publicada em faixas compativeis
irpf_aef_1972_faixas;irpf_aef_1972_faixas.csv;bracket_distribution;7;1970;1971;Brasil;irpf_aef_1972_faixas;;1971;Brasil;F07;7;;;;0;;;150589.604927;;;Cr$;Cr$ 1.000;Cr$ 1,00;;;Brasil. Ministerio da Fazenda. Secretaria da Receita Federal. Centro de Informacoes Economico-Fiscais. Anuario Economico-Fiscal 1972. Brasilia: Centro de Informacoes Economico-Fiscais, 1972.;;outputs/fontes-pedro-souza-irpf/aef_scan/pdf/anuareco1972minfaz.pdf;outputs/fontes-pedro-souza-irpf/aef_scan/previews/anuareco1972/aef1972_pdfpage_145.png;145;141;8.2.1.54;;;;;1970;108.001 a 288.000;108001;288000;;;1002475;;;;;;;;;;;;;;https://archive.org/details/anuareco1972minfaz;https://archive.org/download/anuareco1972minfaz/anuareco1972minfaz.pdf;outputs/fontes-pedro-souza-irpf/aef_scan/ocr_txt/anuareco1972minfaz_djvu.txt;;;;;;;;;;;;;;;;;;;;;;6657;0;0;https://ci.nii.ac.jp/ncid/BB06332999;;;;;;;;;;;;;;;;;;;;;;;;;;;;;;;;;;;;;;;;;;;;;;;;;;;;;;;;;;;;;;;;;;;;;;;;;;;;;;;;;;;;;;;;;;;;;;;;;;;;;;;;;;;;;;;;;;;;;;;;;;;;;;;;;;;;;;;;;;;;;;;;;;;;;;;;;;;;;;;;;;;;;;;;;;;;;;;;;;;;;;;;;;;;;;;;;;;;;;;;;;;;;;;;;;;;;;;;;;;;;;;;;;;;;;;;;;;;;;;;;;;;;;;;;;;;;;;;;;;;;;;;;;;;;;;;;;;;;;;;;;;;;;;;;;;;;;;;;;;;;;;;;;;;;;strict_renda_liquida;national;renda liquida publicada em faixas compativeis
irpf_aef_1972_faixas;irpf_aef_1972_faixas.csv;bracket_distribution;8;1970;1971;Brasil;irpf_aef_1972_faixas;;1971;Brasil;F08;8;;;;1;;;519400.974026;;;Cr$;Cr$ 1.000;Cr$ 1,00;;;Brasil. Ministerio da Fazenda. Secretaria da Receita Federal. Centro de Informacoes Economico-Fiscais. Anuario Economico-Fiscal 1972. Brasilia: Centro de Informacoes Economico-Fiscais, 1972.;;outputs/fontes-pedro-souza-irpf/aef_scan/pdf/anuareco1972minfaz.pdf;outputs/fontes-pedro-souza-irpf/aef_scan/previews/anuareco1972/aef1972_pdfpage_145.png;145;141;8.2.1.54;;;;;1970;Acima de 288.001;288001;;;;319951;;;;;;;;;;;;;;https://archive.org/details/anuareco1972minfaz;https://archive.org/download/anuareco1972minfaz/anuareco1972minfaz.pdf;outputs/fontes-pedro-souza-irpf/aef_scan/ocr_txt/anuareco1972minfaz_djvu.txt;;;;;;;;;;;;;;;;;;;;;;616;0;0;https://ci.nii.ac.jp/ncid/BB06332999;;;;;;;;;;;;;;;;;;;;;;;;;;;;;;;;;;;;;;;;;;;;;;;;;;;;;;;;;;;;;;;;;;;;;;;;;;;;;;;;;;;;;;;;;;;;;;;;;;;;;;;;;;;;;;;;;;;;;;;;;;;;;;;;;;;;;;;;;;;;;;;;;;;;;;;;;;;;;;;;;;;;;;;;;;;;;;;;;;;;;;;;;;;;;;;;;;;;;;;;;;;;;;;;;;;;;;;;;;;;;;;;;;;;;;;;;;;;;;;;;;;;;;;;;;;;;;;;;;;;;;;;;;;;;;;;;;;;;;;;;;;;;;;;;;;;;;;;;;;;;;;;;;;;;;strict_renda_liquida;national;renda liquida publicada em faixas compativeis
irpf_aef_1973_faixas;irpf_aef_1973_faixas.csv;bracket_distribution;1;1971;1972;Brasil;irpf_aef_1973_faixas;;1972;Brasil;F01;1;;;;0;;;1228.451077;;;Cr$;Cr$ 1.000;Cr$ 1,00;;;Brasil. Ministerio da Fazenda. Anuario Economico-Fiscal 1973. Brasilia: Ministerio da Fazenda, 1975.;;outputs/fontes-pedro-souza-irpf/aef_scan/pdf/anuareco1973minfaz.pdf;outputs/fontes-pedro-souza-irpf/aef_scan/previews/anuareco1973/aef1973_pdfpage_202.png;202;200;8.2.1.54;"O Quadro 8.2.1.54 separa uma classe de renda liquida negativa. Para manter comparabilidade com o ano anterior e com o padrao historico de primeira faixa 'Ate X', a tabela principal agrega os declarantes da classe negativa com os declarantes de renda liquida de zero a Cr$ 6.048 na faixa 'Ate 6.048'. O valor de renda liquida usado nessa faixa e o total positivo da classe de zero a 6.048; a quantidade e o valor publicado da classe negativa foram preservados em colunas proprias e na tabela de origem.";;;;1971;Ate 6.048;;6048;;;9195815;;;;;;;;;;;;;;https://archive.org/details/anuareco1973minfaz;https://archive.org/download/anuareco1973minfaz/anuareco1973minfaz.pdf;outputs/fontes-pedro-souza-irpf/aef_scan/ocr_txt/anuareco1973minfaz_djvu.txt;;;;;;;;;;;;;;;;;;;;;;7485699;2410836;17215614;https://ci.nii.ac.jp/ncid/BB06332999;;;;;;;;;;;;;;;;;;;;;;;;;;;;;;;;;;;;;;;;;;;;;;;;;;;;;;;;;;;;;;;;;;;;;;;;;;;;;;;;;;;;;;;;;;;;;;;;;;;;;;;;;;;;;;;;;;;;;;;;;;;;;;;;;;;;;;;;;;;;;;;;;;;;;;;;;;;;;;;;;;;;;;;;;;;;;;;;;;;;;;;;;;;;;;;;;;;;;;;;;;;;;;;;;;;;;;;;;;;;;;;;;;;;;;;;;;;;;;;;;;;;;;;;;;;;;;;;;;;;;;;;;;;;;;;;;;;;;;;;;;;;;;;;;;;;;;;;;;;;;;;;;;;;;;strict_renda_liquida;national;renda liquida publicada em faixas compativeis
irpf_aef_1973_faixas;irpf_aef_1973_faixas.csv;bracket_distribution;2;1971;1972;Brasil;irpf_aef_1973_faixas;;1972;Brasil;F02;2;;;;0;;;7222.787754;;;Cr$;Cr$ 1.000;Cr$ 1,00;;;Brasil. Ministerio da Fazenda. Anuario Economico-Fiscal 1973. Brasilia: Ministerio da Fazenda, 1975.;;outputs/fontes-pedro-souza-irpf/aef_scan/pdf/anuareco1973minfaz.pdf;outputs/fontes-pedro-souza-irpf/aef_scan/previews/anuareco1973/aef1973_pdfpage_202.png;202;200;8.2.1.54;;;;;1971;6.049 a 8.640;6049;8640;;;4844721;;;;;;;;;;;;;;https://archive.org/details/anuareco1973minfaz;https://archive.org/download/anuareco1973minfaz/anuareco1973minfaz.pdf;outputs/fontes-pedro-souza-irpf/aef_scan/ocr_txt/anuareco1973minfaz_djvu.txt;;;;;;;;;;;;;;;;;;;;;;670755;0;0;https://ci.nii.ac.jp/ncid/BB06332999;;;;;;;;;;;;;;;;;;;;;;;;;;;;;;;;;;;;;;;;;;;;;;;;;;;;;;;;;;;;;;;;;;;;;;;;;;;;;;;;;;;;;;;;;;;;;;;;;;;;;;;;;;;;;;;;;;;;;;;;;;;;;;;;;;;;;;;;;;;;;;;;;;;;;;;;;;;;;;;;;;;;;;;;;;;;;;;;;;;;;;;;;;;;;;;;;;;;;;;;;;;;;;;;;;;;;;;;;;;;;;;;;;;;;;;;;;;;;;;;;;;;;;;;;;;;;;;;;;;;;;;;;;;;;;;;;;;;;;;;;;;;;;;;;;;;;;;;;;;;;;;;;;;;;;strict_renda_liquida;national;renda liquida publicada em faixas compativeis
irpf_aef_1973_faixas;irpf_aef_1973_faixas.csv;bracket_distribution;3;1971;1972;Brasil;irpf_aef_1973_faixas;;1972;Brasil;F03;3;;;;0;;;12078.102774;;;Cr$;Cr$ 1.000;Cr$ 1,00;;;Brasil. Ministerio da Fazenda. Anuario Economico-Fiscal 1973. Brasilia: Ministerio da Fazenda, 1975.;;outputs/fontes-pedro-souza-irpf/aef_scan/pdf/anuareco1973minfaz.pdf;outputs/fontes-pedro-souza-irpf/aef_scan/previews/anuareco1973/aef1973_pdfpage_202.png;202;200;8.2.1.54;;;;;1971;8.641 a 17.280;8641;17280;;;10129627;;;;;;;;;;;;;;https://archive.org/details/anuareco1973minfaz;https://archive.org/download/anuareco1973minfaz/anuareco1973minfaz.pdf;outputs/fontes-pedro-souza-irpf/aef_scan/ocr_txt/anuareco1973minfaz_djvu.txt;;;;;;;;;;;;;;;;;;;;;;838677;0;0;https://ci.nii.ac.jp/ncid/BB06332999;;;;;;;;;;;;;;;;;;;;;;;;;;;;;;;;;;;;;;;;;;;;;;;;;;;;;;;;;;;;;;;;;;;;;;;;;;;;;;;;;;;;;;;;;;;;;;;;;;;;;;;;;;;;;;;;;;;;;;;;;;;;;;;;;;;;;;;;;;;;;;;;;;;;;;;;;;;;;;;;;;;;;;;;;;;;;;;;;;;;;;;;;;;;;;;;;;;;;;;;;;;;;;;;;;;;;;;;;;;;;;;;;;;;;;;;;;;;;;;;;;;;;;;;;;;;;;;;;;;;;;;;;;;;;;;;;;;;;;;;;;;;;;;;;;;;;;;;;;;;;;;;;;;;;;strict_renda_liquida;national;renda liquida publicada em faixas compativeis
irpf_aef_1973_faixas;irpf_aef_1973_faixas.csv;bracket_distribution;4;1971;1972;Brasil;irpf_aef_1973_faixas;;1972;Brasil;F04;4;;;;0;;;23299.489479;;;Cr$;Cr$ 1.000;Cr$ 1,00;;;Brasil. Ministerio da Fazenda. Anuario Economico-Fiscal 1973. Brasilia: Ministerio da Fazenda, 1975.;;outputs/fontes-pedro-souza-irpf/aef_scan/pdf/anuareco1973minfaz.pdf;outputs/fontes-pedro-souza-irpf/aef_scan/previews/anuareco1973/aef1973_pdfpage_202.png;202;200;8.2.1.54;;;;;1971;17.281 a 32.400;17281;32400;;;8990807;;;;;;;;;;;;;;https://archive.org/details/anuareco1973minfaz;https://archive.org/download/anuareco1973minfaz/anuareco1973minfaz.pdf;outputs/fontes-pedro-souza-irpf/aef_scan/ocr_txt/anuareco1973minfaz_djvu.txt;;;;;;;;;;;;;;;;;;;;;;385880;0;0;https://ci.nii.ac.jp/ncid/BB06332999;;;;;;;;;;;;;;;;;;;;;;;;;;;;;;;;;;;;;;;;;;;;;;;;;;;;;;;;;;;;;;;;;;;;;;;;;;;;;;;;;;;;;;;;;;;;;;;;;;;;;;;;;;;;;;;;;;;;;;;;;;;;;;;;;;;;;;;;;;;;;;;;;;;;;;;;;;;;;;;;;;;;;;;;;;;;;;;;;;;;;;;;;;;;;;;;;;;;;;;;;;;;;;;;;;;;;;;;;;;;;;;;;;;;;;;;;;;;;;;;;;;;;;;;;;;;;;;;;;;;;;;;;;;;;;;;;;;;;;;;;;;;;;;;;;;;;;;;;;;;;;;;;;;;;;strict_renda_liquida;national;renda liquida publicada em faixas compativeis
irpf_aef_1973_faixas;irpf_aef_1973_faixas.csv;bracket_distribution;5;1971;1972;Brasil;irpf_aef_1973_faixas;;1972;Brasil;F05;5;;;;0;;;43912.313253;;;Cr$;Cr$ 1.000;Cr$ 1,00;;;Brasil. Ministerio da Fazenda. Anuario Economico-Fiscal 1973. Brasilia: Ministerio da Fazenda, 1975.;;outputs/fontes-pedro-souza-irpf/aef_scan/pdf/anuareco1973minfaz.pdf;outputs/fontes-pedro-souza-irpf/aef_scan/previews/anuareco1973/aef1973_pdfpage_202.png;202;200;8.2.1.54;;;;;1971;32.401 a 64.800;32401;64800;;;7762687;;;;;;;;;;;;;;https://archive.org/details/anuareco1973minfaz;https://archive.org/download/anuareco1973minfaz/anuareco1973minfaz.pdf;outputs/fontes-pedro-souza-irpf/aef_scan/ocr_txt/anuareco1973minfaz_djvu.txt;;;;;;;;;;;;;;;;;;;;;;176777;0;0;https://ci.nii.ac.jp/ncid/BB06332999;;;;;;;;;;;;;;;;;;;;;;;;;;;;;;;;;;;;;;;;;;;;;;;;;;;;;;;;;;;;;;;;;;;;;;;;;;;;;;;;;;;;;;;;;;;;;;;;;;;;;;;;;;;;;;;;;;;;;;;;;;;;;;;;;;;;;;;;;;;;;;;;;;;;;;;;;;;;;;;;;;;;;;;;;;;;;;;;;;;;;;;;;;;;;;;;;;;;;;;;;;;;;;;;;;;;;;;;;;;;;;;;;;;;;;;;;;;;;;;;;;;;;;;;;;;;;;;;;;;;;;;;;;;;;;;;;;;;;;;;;;;;;;;;;;;;;;;;;;;;;;;;;;;;;;strict_renda_liquida;national;renda liquida publicada em faixas compativeis
irpf_aef_1973_faixas;irpf_aef_1973_faixas.csv;bracket_distribution;6;1971;1972;Brasil;irpf_aef_1973_faixas;;1972;Brasil;F06;6;;;;0;;;85763.112717;;;Cr$;Cr$ 1.000;Cr$ 1,00;;;Brasil. Ministerio da Fazenda. Anuario Economico-Fiscal 1973. Brasilia: Ministerio da Fazenda, 1975.;;outputs/fontes-pedro-souza-irpf/aef_scan/pdf/anuareco1973minfaz.pdf;outputs/fontes-pedro-souza-irpf/aef_scan/previews/anuareco1973/aef1973_pdfpage_202.png;202;200;8.2.1.54;;;;;1971;64.801 a 129.600;64801;129600;;;3796733;;;;;;;;;;;;;;https://archive.org/details/anuareco1973minfaz;https://archive.org/download/anuareco1973minfaz/anuareco1973minfaz.pdf;outputs/fontes-pedro-souza-irpf/aef_scan/ocr_txt/anuareco1973minfaz_djvu.txt;;;;;;;;;;;;;;;;;;;;;;44270;0;0;https://ci.nii.ac.jp/ncid/BB06332999;;;;;;;;;;;;;;;;;;;;;;;;;;;;;;;;;;;;;;;;;;;;;;;;;;;;;;;;;;;;;;;;;;;;;;;;;;;;;;;;;;;;;;;;;;;;;;;;;;;;;;;;;;;;;;;;;;;;;;;;;;;;;;;;;;;;;;;;;;;;;;;;;;;;;;;;;;;;;;;;;;;;;;;;;;;;;;;;;;;;;;;;;;;;;;;;;;;;;;;;;;;;;;;;;;;;;;;;;;;;;;;;;;;;;;;;;;;;;;;;;;;;;;;;;;;;;;;;;;;;;;;;;;;;;;;;;;;;;;;;;;;;;;;;;;;;;;;;;;;;;;;;;;;;;;strict_renda_liquida;national;renda liquida publicada em faixas compativeis
irpf_aef_1973_faixas;irpf_aef_1973_faixas.csv;bracket_distribution;7;1971;1972;Brasil;irpf_aef_1973_faixas;;1972;Brasil;F07;7;;;;0;;;182366.528509;;;Cr$;Cr$ 1.000;Cr$ 1,00;;;Brasil. Ministerio da Fazenda. Anuario Economico-Fiscal 1973. Brasilia: Ministerio da Fazenda, 1975.;;outputs/fontes-pedro-souza-irpf/aef_scan/pdf/anuareco1973minfaz.pdf;outputs/fontes-pedro-souza-irpf/aef_scan/previews/anuareco1973/aef1973_pdfpage_202.png;202;200;8.2.1.54;;;;;1971;129.601 a 345.600;129601;345600;;;1627986;;;;;;;;;;;;;;https://archive.org/details/anuareco1973minfaz;https://archive.org/download/anuareco1973minfaz/anuareco1973minfaz.pdf;outputs/fontes-pedro-souza-irpf/aef_scan/ocr_txt/anuareco1973minfaz_djvu.txt;;;;;;;;;;;;;;;;;;;;;;8927;0;0;https://ci.nii.ac.jp/ncid/BB06332999;;;;;;;;;;;;;;;;;;;;;;;;;;;;;;;;;;;;;;;;;;;;;;;;;;;;;;;;;;;;;;;;;;;;;;;;;;;;;;;;;;;;;;;;;;;;;;;;;;;;;;;;;;;;;;;;;;;;;;;;;;;;;;;;;;;;;;;;;;;;;;;;;;;;;;;;;;;;;;;;;;;;;;;;;;;;;;;;;;;;;;;;;;;;;;;;;;;;;;;;;;;;;;;;;;;;;;;;;;;;;;;;;;;;;;;;;;;;;;;;;;;;;;;;;;;;;;;;;;;;;;;;;;;;;;;;;;;;;;;;;;;;;;;;;;;;;;;;;;;;;;;;;;;;;;strict_renda_liquida;national;renda liquida publicada em faixas compativeis
irpf_aef_1973_faixas;irpf_aef_1973_faixas.csv;bracket_distribution;8;1971;1972;Brasil;irpf_aef_1973_faixas;;1972;Brasil;F08;8;;;;1;;;613143.396226;;;Cr$;Cr$ 1.000;Cr$ 1,00;;;Brasil. Ministerio da Fazenda. Anuario Economico-Fiscal 1973. Brasilia: Ministerio da Fazenda, 1975.;;outputs/fontes-pedro-souza-irpf/aef_scan/pdf/anuareco1973minfaz.pdf;outputs/fontes-pedro-souza-irpf/aef_scan/previews/anuareco1973/aef1973_pdfpage_202.png;202;200;8.2.1.54;;;;;1971;Acima de 345.600;345600;;;;649932;;;;;;;;;;;;;;https://archive.org/details/anuareco1973minfaz;https://archive.org/download/anuareco1973minfaz/anuareco1973minfaz.pdf;outputs/fontes-pedro-souza-irpf/aef_scan/ocr_txt/anuareco1973minfaz_djvu.txt;;;;;;;;;;;;;;;;;;;;;;1060;0;0;https://ci.nii.ac.jp/ncid/BB06332999;;;;;;;;;;;;;;;;;;;;;;;;;;;;;;;;;;;;;;;;;;;;;;;;;;;;;;;;;;;;;;;;;;;;;;;;;;;;;;;;;;;;;;;;;;;;;;;;;;;;;;;;;;;;;;;;;;;;;;;;;;;;;;;;;;;;;;;;;;;;;;;;;;;;;;;;;;;;;;;;;;;;;;;;;;;;;;;;;;;;;;;;;;;;;;;;;;;;;;;;;;;;;;;;;;;;;;;;;;;;;;;;;;;;;;;;;;;;;;;;;;;;;;;;;;;;;;;;;;;;;;;;;;;;;;;;;;;;;;;;;;;;;;;;;;;;;;;;;;;;;;;;;;;;;;strict_renda_liquida;national;renda liquida publicada em faixas compativeis
irpf_aef_1974_faixas;irpf_aef_1974_faixas.csv;bracket_distribution;1;1972;1973;Brasil;irpf_aef_1974_faixas;;1973;Brasil;F01;1;;;;0;;;1558.709217;;;Cr$;Cr$ 1.000;Cr$ 1,00;;;Brasil. Ministerio da Fazenda. Anuario Economico-Fiscal 1974. Brasilia: Ministerio da Fazenda, 1974.;;outputs/fontes-pedro-souza-irpf/aef_scan/pdf/anuareco1974minfaz.pdf;"outputs/fontes-pedro-souza-irpf/aef_scan/previews/anuareco1974/aef1974_pdfpage_220.png; outputs/fontes-pedro-souza-irpf/aef_scan/previews/anuareco1974/aef1974_pdfpage_221.png";"220; 221";"218; 219";8.2.1.54;"O Quadro 8.2.1.54 separa uma classe de renda liquida negativa. Para manter comparabilidade com os AEF 1972 e 1973 e com o padrao historico de primeira faixa 'Ate X', a tabela principal agrega os declarantes da classe negativa com os declarantes de renda liquida de zero a Cr$ 7.600 na faixa 'Ate 7.600'. O valor de renda liquida usado nessa faixa e o total positivo da classe de zero a 7.600; a quantidade e o valor publicado da classe negativa foram preservados em colunas proprias e na tabela de origem.";;;;1972;Ate 7.600;;7600;;;13060052;;;;;;;;;;;;;;https://archive.org/details/anuareco1974minfaz;https://archive.org/download/anuareco1974minfaz/anuareco1974minfaz.pdf;outputs/fontes-pedro-souza-irpf/aef_scan/ocr_txt/anuareco1974minfaz_djvu.txt;;;;;;;;;;;;;;;;;;;;;;8378761;2425474;19672605;https://ci.nii.ac.jp/ncid/BB06332999;;;;;;;;;;;;;;;;;;;;;;;;;;;;;;;;;;;;;;;;;;;;;;;;;;;;;;;;;;;;;;;;;;;;;;;;;;;;;;;;;;;;;;;;;;;;;;;;;;;;;;;;;;;;;;;;;;;;;;;;;;;;;;;;;;;;;;;;;;;;;;;;;;;;;;;;;;;;;;;;;;;;;;;;;;;;;;;;;;;;;;;;;;;;;;;;;;;;;;;;;;;;;;;;;;;;;;;;;;;;;;;;;;;;;;;;;;;;;;;;;;;;;;;;;;;;;;;;;;;;;;;;;;;;;;;;;;;;;;;;;;;;;;;;;;;;;;;;;;;;;;;;;;;;;;strict_renda_liquida;national;renda liquida publicada em faixas compativeis
irpf_aef_1974_faixas;irpf_aef_1974_faixas.csv;bracket_distribution;2;1972;1973;Brasil;irpf_aef_1974_faixas;;1973;Brasil;F02;2;;;;0;;;9107.465517;;;Cr$;Cr$ 1.000;Cr$ 1,00;;;Brasil. Ministerio da Fazenda. Anuario Economico-Fiscal 1974. Brasilia: Ministerio da Fazenda, 1974.;;outputs/fontes-pedro-souza-irpf/aef_scan/pdf/anuareco1974minfaz.pdf;"outputs/fontes-pedro-souza-irpf/aef_scan/previews/anuareco1974/aef1974_pdfpage_220.png; outputs/fontes-pedro-souza-irpf/aef_scan/previews/anuareco1974/aef1974_pdfpage_221.png";"220; 221";"218; 219";8.2.1.54;;;;;1972;7.601 a 10.900;7601;10900;;;6492020;;;;;;;;;;;;;;https://archive.org/details/anuareco1974minfaz;https://archive.org/download/anuareco1974minfaz/anuareco1974minfaz.pdf;outputs/fontes-pedro-souza-irpf/aef_scan/ocr_txt/anuareco1974minfaz_djvu.txt;;;;;;;;;;;;;;;;;;;;;;712824;0;0;https://ci.nii.ac.jp/ncid/BB06332999;;;;;;;;;;;;;;;;;;;;;;;;;;;;;;;;;;;;;;;;;;;;;;;;;;;;;;;;;;;;;;;;;;;;;;;;;;;;;;;;;;;;;;;;;;;;;;;;;;;;;;;;;;;;;;;;;;;;;;;;;;;;;;;;;;;;;;;;;;;;;;;;;;;;;;;;;;;;;;;;;;;;;;;;;;;;;;;;;;;;;;;;;;;;;;;;;;;;;;;;;;;;;;;;;;;;;;;;;;;;;;;;;;;;;;;;;;;;;;;;;;;;;;;;;;;;;;;;;;;;;;;;;;;;;;;;;;;;;;;;;;;;;;;;;;;;;;;;;;;;;;;;;;;;;;strict_renda_liquida;national;renda liquida publicada em faixas compativeis
irpf_aef_1974_faixas;irpf_aef_1974_faixas.csv;bracket_distribution;3;1972;1973;Brasil;irpf_aef_1974_faixas;;1973;Brasil;F03;3;;;;0;;;15189.021998;;;Cr$;Cr$ 1.000;Cr$ 1,00;;;Brasil. Ministerio da Fazenda. Anuario Economico-Fiscal 1974. Brasilia: Ministerio da Fazenda, 1974.;;outputs/fontes-pedro-souza-irpf/aef_scan/pdf/anuareco1974minfaz.pdf;"outputs/fontes-pedro-souza-irpf/aef_scan/previews/anuareco1974/aef1974_pdfpage_220.png; outputs/fontes-pedro-souza-irpf/aef_scan/previews/anuareco1974/aef1974_pdfpage_221.png";"220; 221";"218; 219";8.2.1.54;;;;;1972;10.901 a 21.700;10901;21700;;;13509344;;;;;;;;;;;;;;https://archive.org/details/anuareco1974minfaz;https://archive.org/download/anuareco1974minfaz/anuareco1974minfaz.pdf;outputs/fontes-pedro-souza-irpf/aef_scan/ocr_txt/anuareco1974minfaz_djvu.txt;;;;;;;;;;;;;;;;;;;;;;889415;0;0;https://ci.nii.ac.jp/ncid/BB06332999;;;;;;;;;;;;;;;;;;;;;;;;;;;;;;;;;;;;;;;;;;;;;;;;;;;;;;;;;;;;;;;;;;;;;;;;;;;;;;;;;;;;;;;;;;;;;;;;;;;;;;;;;;;;;;;;;;;;;;;;;;;;;;;;;;;;;;;;;;;;;;;;;;;;;;;;;;;;;;;;;;;;;;;;;;;;;;;;;;;;;;;;;;;;;;;;;;;;;;;;;;;;;;;;;;;;;;;;;;;;;;;;;;;;;;;;;;;;;;;;;;;;;;;;;;;;;;;;;;;;;;;;;;;;;;;;;;;;;;;;;;;;;;;;;;;;;;;;;;;;;;;;;;;;;;strict_renda_liquida;national;renda liquida publicada em faixas compativeis
irpf_aef_1974_faixas;irpf_aef_1974_faixas.csv;bracket_distribution;4;1972;1973;Brasil;irpf_aef_1974_faixas;;1973;Brasil;F04;4;;;;0;;;29188.274435;;;Cr$;Cr$ 1.000;Cr$ 1,00;;;Brasil. Ministerio da Fazenda. Anuario Economico-Fiscal 1974. Brasilia: Ministerio da Fazenda, 1974.;;outputs/fontes-pedro-souza-irpf/aef_scan/pdf/anuareco1974minfaz.pdf;"outputs/fontes-pedro-souza-irpf/aef_scan/previews/anuareco1974/aef1974_pdfpage_220.png; outputs/fontes-pedro-souza-irpf/aef_scan/previews/anuareco1974/aef1974_pdfpage_221.png";"220; 221";"218; 219";8.2.1.54;;;;;1972;21.701 a 40.300;21701;40300;;;12063076;;;;;;;;;;;;;;https://archive.org/details/anuareco1974minfaz;https://archive.org/download/anuareco1974minfaz/anuareco1974minfaz.pdf;outputs/fontes-pedro-souza-irpf/aef_scan/ocr_txt/anuareco1974minfaz_djvu.txt;;;;;;;;;;;;;;;;;;;;;;413285;0;0;https://ci.nii.ac.jp/ncid/BB06332999;;;;;;;;;;;;;;;;;;;;;;;;;;;;;;;;;;;;;;;;;;;;;;;;;;;;;;;;;;;;;;;;;;;;;;;;;;;;;;;;;;;;;;;;;;;;;;;;;;;;;;;;;;;;;;;;;;;;;;;;;;;;;;;;;;;;;;;;;;;;;;;;;;;;;;;;;;;;;;;;;;;;;;;;;;;;;;;;;;;;;;;;;;;;;;;;;;;;;;;;;;;;;;;;;;;;;;;;;;;;;;;;;;;;;;;;;;;;;;;;;;;;;;;;;;;;;;;;;;;;;;;;;;;;;;;;;;;;;;;;;;;;;;;;;;;;;;;;;;;;;;;;;;;;;;strict_renda_liquida;national;renda liquida publicada em faixas compativeis
irpf_aef_1974_faixas;irpf_aef_1974_faixas.csv;bracket_distribution;5;1972;1973;Brasil;irpf_aef_1974_faixas;;1973;Brasil;F05;5;;;;0;;;54456.534936;;;Cr$;Cr$ 1.000;Cr$ 1,00;;;Brasil. Ministerio da Fazenda. Anuario Economico-Fiscal 1974. Brasilia: Ministerio da Fazenda, 1974.;;outputs/fontes-pedro-souza-irpf/aef_scan/pdf/anuareco1974minfaz.pdf;"outputs/fontes-pedro-souza-irpf/aef_scan/previews/anuareco1974/aef1974_pdfpage_220.png; outputs/fontes-pedro-souza-irpf/aef_scan/previews/anuareco1974/aef1974_pdfpage_221.png";"220; 221";"218; 219";8.2.1.54;;;;;1972;40.301 a 79.700;40301;79700;;;10585588;;;;;;;;;;;;;;https://archive.org/details/anuareco1974minfaz;https://archive.org/download/anuareco1974minfaz/anuareco1974minfaz.pdf;outputs/fontes-pedro-souza-irpf/aef_scan/ocr_txt/anuareco1974minfaz_djvu.txt;;;;;;;;;;;;;;;;;;;;;;194386;0;0;https://ci.nii.ac.jp/ncid/BB06332999;;;;;;;;;;;;;;;;;;;;;;;;;;;;;;;;;;;;;;;;;;;;;;;;;;;;;;;;;;;;;;;;;;;;;;;;;;;;;;;;;;;;;;;;;;;;;;;;;;;;;;;;;;;;;;;;;;;;;;;;;;;;;;;;;;;;;;;;;;;;;;;;;;;;;;;;;;;;;;;;;;;;;;;;;;;;;;;;;;;;;;;;;;;;;;;;;;;;;;;;;;;;;;;;;;;;;;;;;;;;;;;;;;;;;;;;;;;;;;;;;;;;;;;;;;;;;;;;;;;;;;;;;;;;;;;;;;;;;;;;;;;;;;;;;;;;;;;;;;;;;;;;;;;;;;strict_renda_liquida;national;renda liquida publicada em faixas compativeis
irpf_aef_1974_faixas;irpf_aef_1974_faixas.csv;bracket_distribution;6;1972;1973;Brasil;irpf_aef_1974_faixas;;1973;Brasil;F06;6;;;;0;;;104079.456435;;;Cr$;Cr$ 1.000;Cr$ 1,00;;;Brasil. Ministerio da Fazenda. Anuario Economico-Fiscal 1974. Brasilia: Ministerio da Fazenda, 1974.;;outputs/fontes-pedro-souza-irpf/aef_scan/pdf/anuareco1974minfaz.pdf;"outputs/fontes-pedro-souza-irpf/aef_scan/previews/anuareco1974/aef1974_pdfpage_220.png; outputs/fontes-pedro-souza-irpf/aef_scan/previews/anuareco1974/aef1974_pdfpage_221.png";"220; 221";"218; 219";8.2.1.54;;;;;1972;79.701 a 152.700;79701;152700;;;5208136;;;;;;;;;;;;;;https://archive.org/details/anuareco1974minfaz;https://archive.org/download/anuareco1974minfaz/anuareco1974minfaz.pdf;outputs/fontes-pedro-souza-irpf/aef_scan/ocr_txt/anuareco1974minfaz_djvu.txt;;;;;;;;;;;;;;;;;;;;;;50040;0;0;https://ci.nii.ac.jp/ncid/BB06332999;;;;;;;;;;;;;;;;;;;;;;;;;;;;;;;;;;;;;;;;;;;;;;;;;;;;;;;;;;;;;;;;;;;;;;;;;;;;;;;;;;;;;;;;;;;;;;;;;;;;;;;;;;;;;;;;;;;;;;;;;;;;;;;;;;;;;;;;;;;;;;;;;;;;;;;;;;;;;;;;;;;;;;;;;;;;;;;;;;;;;;;;;;;;;;;;;;;;;;;;;;;;;;;;;;;;;;;;;;;;;;;;;;;;;;;;;;;;;;;;;;;;;;;;;;;;;;;;;;;;;;;;;;;;;;;;;;;;;;;;;;;;;;;;;;;;;;;;;;;;;;;;;;;;;;strict_renda_liquida;national;renda liquida publicada em faixas compativeis
irpf_aef_1974_faixas;irpf_aef_1974_faixas.csv;bracket_distribution;7;1972;1973;Brasil;irpf_aef_1974_faixas;;1973;Brasil;F07;7;;;;0;;;213597.794386;;;Cr$;Cr$ 1.000;Cr$ 1,00;;;Brasil. Ministerio da Fazenda. Anuario Economico-Fiscal 1974. Brasilia: Ministerio da Fazenda, 1974.;;outputs/fontes-pedro-souza-irpf/aef_scan/pdf/anuareco1974minfaz.pdf;"outputs/fontes-pedro-souza-irpf/aef_scan/previews/anuareco1974/aef1974_pdfpage_220.png; outputs/fontes-pedro-souza-irpf/aef_scan/previews/anuareco1974/aef1974_pdfpage_221.png";"220; 221";"218; 219";8.2.1.54;;;;;1972;152.701 a 397.400;152701;397400;;;2343595;;;;;;;;;;;;;;https://archive.org/details/anuareco1974minfaz;https://archive.org/download/anuareco1974minfaz/anuareco1974minfaz.pdf;outputs/fontes-pedro-souza-irpf/aef_scan/ocr_txt/anuareco1974minfaz_djvu.txt;;;;;;;;;;;;;;;;;;;;;;10972;0;0;https://ci.nii.ac.jp/ncid/BB06332999;;;;;;;;;;;;;;;;;;;;;;;;;;;;;;;;;;;;;;;;;;;;;;;;;;;;;;;;;;;;;;;;;;;;;;;;;;;;;;;;;;;;;;;;;;;;;;;;;;;;;;;;;;;;;;;;;;;;;;;;;;;;;;;;;;;;;;;;;;;;;;;;;;;;;;;;;;;;;;;;;;;;;;;;;;;;;;;;;;;;;;;;;;;;;;;;;;;;;;;;;;;;;;;;;;;;;;;;;;;;;;;;;;;;;;;;;;;;;;;;;;;;;;;;;;;;;;;;;;;;;;;;;;;;;;;;;;;;;;;;;;;;;;;;;;;;;;;;;;;;;;;;;;;;;;strict_renda_liquida;national;renda liquida publicada em faixas compativeis
irpf_aef_1974_faixas;irpf_aef_1974_faixas.csv;bracket_distribution;8;1972;1973;Brasil;irpf_aef_1974_faixas;;1973;Brasil;F08;8;;;;1;;;797869.665513;;;Cr$;Cr$ 1.000;Cr$ 1,00;;;Brasil. Ministerio da Fazenda. Anuario Economico-Fiscal 1974. Brasilia: Ministerio da Fazenda, 1974.;;outputs/fontes-pedro-souza-irpf/aef_scan/pdf/anuareco1974minfaz.pdf;"outputs/fontes-pedro-souza-irpf/aef_scan/previews/anuareco1974/aef1974_pdfpage_220.png; outputs/fontes-pedro-souza-irpf/aef_scan/previews/anuareco1974/aef1974_pdfpage_221.png";"220; 221";"218; 219";8.2.1.54;;;;;1972;Acima de 397.400;397400;;;;1383506;;;;;;;;;;;;;;https://archive.org/details/anuareco1974minfaz;https://archive.org/download/anuareco1974minfaz/anuareco1974minfaz.pdf;outputs/fontes-pedro-souza-irpf/aef_scan/ocr_txt/anuareco1974minfaz_djvu.txt;;;;;;;;;;;;;;;;;;;;;;1734;0;0;https://ci.nii.ac.jp/ncid/BB06332999;;;;;;;;;;;;;;;;;;;;;;;;;;;;;;;;;;;;;;;;;;;;;;;;;;;;;;;;;;;;;;;;;;;;;;;;;;;;;;;;;;;;;;;;;;;;;;;;;;;;;;;;;;;;;;;;;;;;;;;;;;;;;;;;;;;;;;;;;;;;;;;;;;;;;;;;;;;;;;;;;;;;;;;;;;;;;;;;;;;;;;;;;;;;;;;;;;;;;;;;;;;;;;;;;;;;;;;;;;;;;;;;;;;;;;;;;;;;;;;;;;;;;;;;;;;;;;;;;;;;;;;;;;;;;;;;;;;;;;;;;;;;;;;;;;;;;;;;;;;;;;;;;;;;;;strict_renda_liquida;national;renda liquida publicada em faixas compativeis
irpf_aef_1976_faixas;irpf_aef_1976_faixas.csv;bracket_distribution;1;1974;1975;Brasil;irpf_aef_1976_faixas;;1975;Brasil;F01;1;;;;0;;;1775.387992;;;Cr$;Cr$ 1.000;Cr$ 1,00;;;Brasil. Ministerio da Fazenda. Anuario Economico-Fiscal 1976. Brasilia: Ministerio da Fazenda, 1976.;;outputs/fontes-pedro-souza-irpf/aef_scan/pdf/anuareco1976minfaz.pdf;"outputs/fontes-pedro-souza-irpf/aef_scan/previews/anuareco1976/aef1976_pdfpage_219.png; outputs/fontes-pedro-souza-irpf/aef_scan/previews/anuareco1976/aef1976_pdfpage_220.png";"219; 220";"216; 217";8.2.1.68;"O Quadro 8.2.1.68 separa uma classe de renda liquida negativa. Para manter comparabilidade com os AEF 1972-1974 e com o padrao historico de primeira faixa 'Ate X', a tabela principal agrega os declarantes da classe negativa com os declarantes de renda liquida de zero a Cr$ 13.900 na faixa 'Ate 13.900'. O valor de renda liquida usado nessa faixa e o total positivo da classe de zero a 13.900; a quantidade e o valor publicado da classe negativa foram preservados em colunas proprias e na tabela de origem.";;;;1974;Ate 13.900;;13900;;;19123329;;;;;;;;;;;;;;https://archive.org/details/anuareco1976minfaz;https://archive.org/download/anuareco1976minfaz/anuareco1976minfaz.pdf;outputs/fontes-pedro-souza-irpf/aef_scan/ocr_txt/anuareco1976minfaz_djvu.txt;;;;;;;;;;;;;;;;;;;;;;10771352;1240962;11318491;https://ci.nii.ac.jp/ncid/BB06332999;;;;;;;;;;;;;;;;;;;;;;;;;;;;;;;;;;;;;;;;;;;;;;;;;;;;;;;;;;;;;;;;;;;;;;;;;;;;;;;;;;;;;;;;;;;;;;;;;;;;;;;;;;;;;;;;;;;;;;;;;;;;;;;;;;;;;;;;;;;;;;;;;;;;;;;;;;;;;;;;;;;;;;;;;;;;;;;;;;;;;;;;;;;;;;;;;;;;;;;;;;;;;;;;;;;;;;;;;;;;;;;;;;;;;;;;;;;;;;;;;;;;;;;;;;;;;;;;;;;;;;;;;;;;;;;;;;;;;;;;;;;;;;;;;;;;;;;;;;;;;;;;;;;;;;strict_renda_liquida;national;renda liquida publicada em faixas compativeis
irpf_aef_1976_faixas;irpf_aef_1976_faixas.csv;bracket_distribution;2;1974;1975;Brasil;irpf_aef_1976_faixas;;1975;Brasil;F02;2;;;;0;;;16130.656006;;;Cr$;Cr$ 1.000;Cr$ 1,00;;;Brasil. Ministerio da Fazenda. Anuario Economico-Fiscal 1976. Brasilia: Ministerio da Fazenda, 1976.;;outputs/fontes-pedro-souza-irpf/aef_scan/pdf/anuareco1976minfaz.pdf;"outputs/fontes-pedro-souza-irpf/aef_scan/previews/anuareco1976/aef1976_pdfpage_219.png; outputs/fontes-pedro-souza-irpf/aef_scan/previews/anuareco1976/aef1976_pdfpage_220.png";"219; 220";"216; 217";8.2.1.68;;;;;1974;13.901 a 19.900;13901;19900;;;12544666;;;;;;;;;;;;;;https://archive.org/details/anuareco1976minfaz;https://archive.org/download/anuareco1976minfaz/anuareco1976minfaz.pdf;outputs/fontes-pedro-souza-irpf/aef_scan/ocr_txt/anuareco1976minfaz_djvu.txt;;;;;;;;;;;;;;;;;;;;;;777691;0;0;https://ci.nii.ac.jp/ncid/BB06332999;;;;;;;;;;;;;;;;;;;;;;;;;;;;;;;;;;;;;;;;;;;;;;;;;;;;;;;;;;;;;;;;;;;;;;;;;;;;;;;;;;;;;;;;;;;;;;;;;;;;;;;;;;;;;;;;;;;;;;;;;;;;;;;;;;;;;;;;;;;;;;;;;;;;;;;;;;;;;;;;;;;;;;;;;;;;;;;;;;;;;;;;;;;;;;;;;;;;;;;;;;;;;;;;;;;;;;;;;;;;;;;;;;;;;;;;;;;;;;;;;;;;;;;;;;;;;;;;;;;;;;;;;;;;;;;;;;;;;;;;;;;;;;;;;;;;;;;;;;;;;;;;;;;;;;strict_renda_liquida;national;renda liquida publicada em faixas compativeis
irpf_aef_1976_faixas;irpf_aef_1976_faixas.csv;bracket_distribution;3;1974;1975;Brasil;irpf_aef_1976_faixas;;1975;Brasil;F03;3;;;;0;;;27598.814269;;;Cr$;Cr$ 1.000;Cr$ 1,00;;;Brasil. Ministerio da Fazenda. Anuario Economico-Fiscal 1976. Brasilia: Ministerio da Fazenda, 1976.;;outputs/fontes-pedro-souza-irpf/aef_scan/pdf/anuareco1976minfaz.pdf;"outputs/fontes-pedro-souza-irpf/aef_scan/previews/anuareco1976/aef1976_pdfpage_219.png; outputs/fontes-pedro-souza-irpf/aef_scan/previews/anuareco1976/aef1976_pdfpage_220.png";"219; 220";"216; 217";8.2.1.68;;;;;1974;19.901 a 39.100;19901;39100;;;26390069;;;;;;;;;;;;;;https://archive.org/details/anuareco1976minfaz;https://archive.org/download/anuareco1976minfaz/anuareco1976minfaz.pdf;outputs/fontes-pedro-souza-irpf/aef_scan/ocr_txt/anuareco1976minfaz_djvu.txt;;;;;;;;;;;;;;;;;;;;;;956203;0;0;https://ci.nii.ac.jp/ncid/BB06332999;;;;;;;;;;;;;;;;;;;;;;;;;;;;;;;;;;;;;;;;;;;;;;;;;;;;;;;;;;;;;;;;;;;;;;;;;;;;;;;;;;;;;;;;;;;;;;;;;;;;;;;;;;;;;;;;;;;;;;;;;;;;;;;;;;;;;;;;;;;;;;;;;;;;;;;;;;;;;;;;;;;;;;;;;;;;;;;;;;;;;;;;;;;;;;;;;;;;;;;;;;;;;;;;;;;;;;;;;;;;;;;;;;;;;;;;;;;;;;;;;;;;;;;;;;;;;;;;;;;;;;;;;;;;;;;;;;;;;;;;;;;;;;;;;;;;;;;;;;;;;;;;;;;;;;strict_renda_liquida;national;renda liquida publicada em faixas compativeis
irpf_aef_1976_faixas;irpf_aef_1976_faixas.csv;bracket_distribution;4;1974;1975;Brasil;irpf_aef_1976_faixas;;1975;Brasil;F04;4;;;;0;;;51993.796177;;;Cr$;Cr$ 1.000;Cr$ 1,00;;;Brasil. Ministerio da Fazenda. Anuario Economico-Fiscal 1976. Brasilia: Ministerio da Fazenda, 1976.;;outputs/fontes-pedro-souza-irpf/aef_scan/pdf/anuareco1976minfaz.pdf;"outputs/fontes-pedro-souza-irpf/aef_scan/previews/anuareco1976/aef1976_pdfpage_219.png; outputs/fontes-pedro-souza-irpf/aef_scan/previews/anuareco1976/aef1976_pdfpage_220.png";"219; 220";"216; 217";8.2.1.68;;;;;1974;39.101 a 71.000;39101;71000;;;23307363;;;;;;;;;;;;;;https://archive.org/details/anuareco1976minfaz;https://archive.org/download/anuareco1976minfaz/anuareco1976minfaz.pdf;outputs/fontes-pedro-souza-irpf/aef_scan/ocr_txt/anuareco1976minfaz_djvu.txt;;;;;;;;;;;;;;;;;;;;;;448272;0;0;https://ci.nii.ac.jp/ncid/BB06332999;;;;;;;;;;;;;;;;;;;;;;;;;;;;;;;;;;;;;;;;;;;;;;;;;;;;;;;;;;;;;;;;;;;;;;;;;;;;;;;;;;;;;;;;;;;;;;;;;;;;;;;;;;;;;;;;;;;;;;;;;;;;;;;;;;;;;;;;;;;;;;;;;;;;;;;;;;;;;;;;;;;;;;;;;;;;;;;;;;;;;;;;;;;;;;;;;;;;;;;;;;;;;;;;;;;;;;;;;;;;;;;;;;;;;;;;;;;;;;;;;;;;;;;;;;;;;;;;;;;;;;;;;;;;;;;;;;;;;;;;;;;;;;;;;;;;;;;;;;;;;;;;;;;;;;strict_renda_liquida;national;renda liquida publicada em faixas compativeis
irpf_aef_1976_faixas;irpf_aef_1976_faixas.csv;bracket_distribution;5;1974;1975;Brasil;irpf_aef_1976_faixas;;1975;Brasil;F05;5;;;;0;;;94155.35192;;;Cr$;Cr$ 1.000;Cr$ 1,00;;;Brasil. Ministerio da Fazenda. Anuario Economico-Fiscal 1976. Brasilia: Ministerio da Fazenda, 1976.;;outputs/fontes-pedro-souza-irpf/aef_scan/pdf/anuareco1976minfaz.pdf;"outputs/fontes-pedro-souza-irpf/aef_scan/previews/anuareco1976/aef1976_pdfpage_219.png; outputs/fontes-pedro-souza-irpf/aef_scan/previews/anuareco1976/aef1976_pdfpage_220.png";"219; 220";"216; 217";8.2.1.68;;;;;1974;71.001 a 133.900;71001;133900;;;19316912;;;;;;;;;;;;;;https://archive.org/details/anuareco1976minfaz;https://archive.org/download/anuareco1976minfaz/anuareco1976minfaz.pdf;outputs/fontes-pedro-souza-irpf/aef_scan/ocr_txt/anuareco1976minfaz_djvu.txt;;;;;;;;;;;;;;;;;;;;;;205160;0;0;https://ci.nii.ac.jp/ncid/BB06332999;;;;;;;;;;;;;;;;;;;;;;;;;;;;;;;;;;;;;;;;;;;;;;;;;;;;;;;;;;;;;;;;;;;;;;;;;;;;;;;;;;;;;;;;;;;;;;;;;;;;;;;;;;;;;;;;;;;;;;;;;;;;;;;;;;;;;;;;;;;;;;;;;;;;;;;;;;;;;;;;;;;;;;;;;;;;;;;;;;;;;;;;;;;;;;;;;;;;;;;;;;;;;;;;;;;;;;;;;;;;;;;;;;;;;;;;;;;;;;;;;;;;;;;;;;;;;;;;;;;;;;;;;;;;;;;;;;;;;;;;;;;;;;;;;;;;;;;;;;;;;;;;;;;;;;strict_renda_liquida;national;renda liquida publicada em faixas compativeis
irpf_aef_1976_faixas;irpf_aef_1976_faixas.csv;bracket_distribution;6;1974;1975;Brasil;irpf_aef_1976_faixas;;1975;Brasil;F06;6;;;;0;;;169935.726723;;;Cr$;Cr$ 1.000;Cr$ 1,00;;;Brasil. Ministerio da Fazenda. Anuario Economico-Fiscal 1976. Brasilia: Ministerio da Fazenda, 1976.;;outputs/fontes-pedro-souza-irpf/aef_scan/pdf/anuareco1976minfaz.pdf;"outputs/fontes-pedro-souza-irpf/aef_scan/previews/anuareco1976/aef1976_pdfpage_219.png; outputs/fontes-pedro-souza-irpf/aef_scan/previews/anuareco1976/aef1976_pdfpage_220.png";"219; 220";"216; 217";8.2.1.68;;;;;1974;133.901 a 235.000;133901;235000;;;9954495;;;;;;;;;;;;;;https://archive.org/details/anuareco1976minfaz;https://archive.org/download/anuareco1976minfaz/anuareco1976minfaz.pdf;outputs/fontes-pedro-souza-irpf/aef_scan/ocr_txt/anuareco1976minfaz_djvu.txt;;;;;;;;;;;;;;;;;;;;;;58578;0;0;https://ci.nii.ac.jp/ncid/BB06332999;;;;;;;;;;;;;;;;;;;;;;;;;;;;;;;;;;;;;;;;;;;;;;;;;;;;;;;;;;;;;;;;;;;;;;;;;;;;;;;;;;;;;;;;;;;;;;;;;;;;;;;;;;;;;;;;;;;;;;;;;;;;;;;;;;;;;;;;;;;;;;;;;;;;;;;;;;;;;;;;;;;;;;;;;;;;;;;;;;;;;;;;;;;;;;;;;;;;;;;;;;;;;;;;;;;;;;;;;;;;;;;;;;;;;;;;;;;;;;;;;;;;;;;;;;;;;;;;;;;;;;;;;;;;;;;;;;;;;;;;;;;;;;;;;;;;;;;;;;;;;;;;;;;;;;strict_renda_liquida;national;renda liquida publicada em faixas compativeis
irpf_aef_1976_faixas;irpf_aef_1976_faixas.csv;bracket_distribution;7;1974;1975;Brasil;irpf_aef_1976_faixas;;1975;Brasil;F07;7;;;;0;;;328034.787832;;;Cr$;Cr$ 1.000;Cr$ 1,00;;;Brasil. Ministerio da Fazenda. Anuario Economico-Fiscal 1976. Brasilia: Ministerio da Fazenda, 1976.;;outputs/fontes-pedro-souza-irpf/aef_scan/pdf/anuareco1976minfaz.pdf;"outputs/fontes-pedro-souza-irpf/aef_scan/previews/anuareco1976/aef1976_pdfpage_219.png; outputs/fontes-pedro-souza-irpf/aef_scan/previews/anuareco1976/aef1976_pdfpage_220.png";"219; 220";"216; 217";8.2.1.68;;;;;1974;235.001 a 594.100;235001;594100;;;6006645;;;;;;;;;;;;;;https://archive.org/details/anuareco1976minfaz;https://archive.org/download/anuareco1976minfaz/anuareco1976minfaz.pdf;outputs/fontes-pedro-souza-irpf/aef_scan/ocr_txt/anuareco1976minfaz_djvu.txt;;;;;;;;;;;;;;;;;;;;;;18311;0;0;https://ci.nii.ac.jp/ncid/BB06332999;;;;;;;;;;;;;;;;;;;;;;;;;;;;;;;;;;;;;;;;;;;;;;;;;;;;;;;;;;;;;;;;;;;;;;;;;;;;;;;;;;;;;;;;;;;;;;;;;;;;;;;;;;;;;;;;;;;;;;;;;;;;;;;;;;;;;;;;;;;;;;;;;;;;;;;;;;;;;;;;;;;;;;;;;;;;;;;;;;;;;;;;;;;;;;;;;;;;;;;;;;;;;;;;;;;;;;;;;;;;;;;;;;;;;;;;;;;;;;;;;;;;;;;;;;;;;;;;;;;;;;;;;;;;;;;;;;;;;;;;;;;;;;;;;;;;;;;;;;;;;;;;;;;;;;strict_renda_liquida;national;renda liquida publicada em faixas compativeis
irpf_aef_1976_faixas;irpf_aef_1976_faixas.csv;bracket_distribution;8;1974;1975;Brasil;irpf_aef_1976_faixas;;1975;Brasil;F08;8;;;;1;;;1059229.458042;;;Cr$;Cr$ 1.000;Cr$ 1,00;;;Brasil. Ministerio da Fazenda. Anuario Economico-Fiscal 1976. Brasilia: Ministerio da Fazenda, 1976.;;outputs/fontes-pedro-souza-irpf/aef_scan/pdf/anuareco1976minfaz.pdf;"outputs/fontes-pedro-souza-irpf/aef_scan/previews/anuareco1976/aef1976_pdfpage_219.png; outputs/fontes-pedro-souza-irpf/aef_scan/previews/anuareco1976/aef1976_pdfpage_220.png";"219; 220";"216; 217";8.2.1.68;;;;;1974;Acima de 594.100;594100;;;;2423517;;;;;;;;;;;;;;https://archive.org/details/anuareco1976minfaz;https://archive.org/download/anuareco1976minfaz/anuareco1976minfaz.pdf;outputs/fontes-pedro-souza-irpf/aef_scan/ocr_txt/anuareco1976minfaz_djvu.txt;;;;;;;;;;;;;;;;;;;;;;2288;0;0;https://ci.nii.ac.jp/ncid/BB06332999;;;;;;;;;;;;;;;;;;;;;;;;;;;;;;;;;;;;;;;;;;;;;;;;;;;;;;;;;;;;;;;;;;;;;;;;;;;;;;;;;;;;;;;;;;;;;;;;;;;;;;;;;;;;;;;;;;;;;;;;;;;;;;;;;;;;;;;;;;;;;;;;;;;;;;;;;;;;;;;;;;;;;;;;;;;;;;;;;;;;;;;;;;;;;;;;;;;;;;;;;;;;;;;;;;;;;;;;;;;;;;;;;;;;;;;;;;;;;;;;;;;;;;;;;;;;;;;;;;;;;;;;;;;;;;;;;;;;;;;;;;;;;;;;;;;;;;;;;;;;;;;;;;;;;;strict_renda_liquida;national;renda liquida publicada em faixas compativeis
irpf_aef_1977_faixas;irpf_aef_1977_faixas.csv;bracket_distribution;1;1975;1976;Brasil;irpf_aef_1977_faixas;;1976;Brasil;F01;1;;;;0;;;11055.410426;;;Cr$;Cr$ 1.000;Cr$ 1,00;;;Brasil. Ministerio da Fazenda. Anuario Economico-Fiscal 1977. Brasilia: Ministerio da Fazenda, 1977.;;outputs/fontes-pedro-souza-irpf/aef_scan/pdf/anuareco1977minfaz.pdf;"outputs/fontes-pedro-souza-irpf/aef_scan/previews/anuareco1977/aef1977_pdfpage_298.png; outputs/fontes-pedro-souza-irpf/aef_scan/previews/anuareco1977/aef1977_pdfpage_299.png; outputs/fontes-pedro-souza-irpf/aef_scan/previews/anuareco1977/aef1977_pdfpage_302.png; outputs/fontes-pedro-souza-irpf/aef_scan/previews/anuareco1977/aef1977_pdfpage_303.png";"298; 299; 302; 303";"295; 296; 299; 300";"8.2.1.125; 8.2.1.127";"O AEF 1977 passa a separar declaracoes apresentadas no Modelo Completo (MCT) e no Modelo Simplificado (MSO). Como os quadros 8.2.1.125 e 8.2.1.127 usam as mesmas classes de renda liquida, a tabela principal soma MCT e MSO por faixa. A tabela de origem preserva os valores de cada modelo. Os quadros 8.2.1.125 e 8.2.1.127 separam uma classe de renda liquida negativa. Para manter comparabilidade com os AEF 1972-1974 e 1976, a tabela principal agrega os declarantes da classe negativa com os declarantes de renda liquida de zero a Cr$ 26.000 na faixa 'Ate 26.000'. O valor de renda liquida usado nessa faixa e o total positivo da classe de zero a 26.000; a quantidade e o valor publicado da classe negativa foram preservados em colunas proprias e na tabela de origem.";;;;1975;Ate 26.000;;26000;;;33043472;;;;;;;;;;;;;;https://archive.org/details/anuareco1977minfaz;https://archive.org/download/anuareco1977minfaz/anuareco1977minfaz.pdf;outputs/fontes-pedro-souza-irpf/aef_scan/ocr_txt/anuareco1977minfaz_djvu.txt;;;;;;;;;;;;;;;;;;;;;;2988896;607106;7584738;https://ci.nii.ac.jp/ncid/BB06332999;;;;;;;;;;;;;;;;;1223701;11907261;1765195;21136211;;;;;;;;;;;;;;;;;;;;;;;;;;;;;;;;;;;;;;;;;;;;;;;;;;;;;;;;;;;;;;;;;;;;;;;;;;;;;;;;;;;;;;;;;;;;;;;;;;;;;;;;;;;;;;;;;;;;;;;;;;;;;;;;;;;;;;;;;;;;;;;;;;;;;;;;;;;;;;;;;;;;;;;;;;;;;;;;;;;;;;;;;;;;;;;;;;;;;;;;;;;;;;;;;;;;;;;;;;;;;;;;;;;;;;;;;;;;;;;;;;;;;;;;;;;;;;;;;;;;;;;;;;;;;;;;;;;;;;;;;;;;;;;;;;strict_renda_liquida;national;renda liquida publicada em faixas compativeis
irpf_aef_1977_faixas;irpf_aef_1977_faixas.csv;bracket_distribution;10;1975;1976;Brasil;irpf_aef_1977_faixas;;1976;Brasil;F10;10;;;;1;;;10551227.118644;;;Cr$;Cr$ 1.000;Cr$ 1,00;;;Brasil. Ministerio da Fazenda. Anuario Economico-Fiscal 1977. Brasilia: Ministerio da Fazenda, 1977.;;outputs/fontes-pedro-souza-irpf/aef_scan/pdf/anuareco1977minfaz.pdf;"outputs/fontes-pedro-souza-irpf/aef_scan/previews/anuareco1977/aef1977_pdfpage_298.png; outputs/fontes-pedro-souza-irpf/aef_scan/previews/anuareco1977/aef1977_pdfpage_299.png; outputs/fontes-pedro-souza-irpf/aef_scan/previews/anuareco1977/aef1977_pdfpage_302.png; outputs/fontes-pedro-souza-irpf/aef_scan/previews/anuareco1977/aef1977_pdfpage_303.png";"298; 299; 302; 303";"295; 296; 299; 300";"8.2.1.125; 8.2.1.127";;;;;1975;Acima de 2.317.500;2317500;;;;3112612;;;;;;;;;;;;;;https://archive.org/details/anuareco1977minfaz;https://archive.org/download/anuareco1977minfaz/anuareco1977minfaz.pdf;outputs/fontes-pedro-souza-irpf/aef_scan/ocr_txt/anuareco1977minfaz_djvu.txt;;;;;;;;;;;;;;;;;;;;;;295;0;0;https://ci.nii.ac.jp/ncid/BB06332999;;;;;;;;;;;;;;;;;259;2954657;36;157955;;;;;;;;;;;;;;;;;;;;;;;;;;;;;;;;;;;;;;;;;;;;;;;;;;;;;;;;;;;;;;;;;;;;;;;;;;;;;;;;;;;;;;;;;;;;;;;;;;;;;;;;;;;;;;;;;;;;;;;;;;;;;;;;;;;;;;;;;;;;;;;;;;;;;;;;;;;;;;;;;;;;;;;;;;;;;;;;;;;;;;;;;;;;;;;;;;;;;;;;;;;;;;;;;;;;;;;;;;;;;;;;;;;;;;;;;;;;;;;;;;;;;;;;;;;;;;;;;;;;;;;;;;;;;;;;;;;;;;;;;;;;;;;;;;strict_renda_liquida;national;renda liquida publicada em faixas compativeis
irpf_aef_1977_faixas;irpf_aef_1977_faixas.csv;bracket_distribution;2;1975;1976;Brasil;irpf_aef_1977_faixas;;1976;Brasil;F02;2;;;;0;;;29096.232112;;;Cr$;Cr$ 1.000;Cr$ 1,00;;;Brasil. Ministerio da Fazenda. Anuario Economico-Fiscal 1977. Brasilia: Ministerio da Fazenda, 1977.;;outputs/fontes-pedro-souza-irpf/aef_scan/pdf/anuareco1977minfaz.pdf;"outputs/fontes-pedro-souza-irpf/aef_scan/previews/anuareco1977/aef1977_pdfpage_298.png; outputs/fontes-pedro-souza-irpf/aef_scan/previews/anuareco1977/aef1977_pdfpage_299.png; outputs/fontes-pedro-souza-irpf/aef_scan/previews/anuareco1977/aef1977_pdfpage_302.png; outputs/fontes-pedro-souza-irpf/aef_scan/previews/anuareco1977/aef1977_pdfpage_303.png";"298; 299; 302; 303";"295; 296; 299; 300";"8.2.1.125; 8.2.1.127";;;;;1975;26.001 a 36.500;26001;36500;;;19774905;;;;;;;;;;;;;;https://archive.org/details/anuareco1977minfaz;https://archive.org/download/anuareco1977minfaz/anuareco1977minfaz.pdf;outputs/fontes-pedro-souza-irpf/aef_scan/ocr_txt/anuareco1977minfaz_djvu.txt;;;;;;;;;;;;;;;;;;;;;;679638;0;0;https://ci.nii.ac.jp/ncid/BB06332999;;;;;;;;;;;;;;;;;278896;8141935;400742;11632970;;;;;;;;;;;;;;;;;;;;;;;;;;;;;;;;;;;;;;;;;;;;;;;;;;;;;;;;;;;;;;;;;;;;;;;;;;;;;;;;;;;;;;;;;;;;;;;;;;;;;;;;;;;;;;;;;;;;;;;;;;;;;;;;;;;;;;;;;;;;;;;;;;;;;;;;;;;;;;;;;;;;;;;;;;;;;;;;;;;;;;;;;;;;;;;;;;;;;;;;;;;;;;;;;;;;;;;;;;;;;;;;;;;;;;;;;;;;;;;;;;;;;;;;;;;;;;;;;;;;;;;;;;;;;;;;;;;;;;;;;;;;;;;;;;strict_renda_liquida;national;renda liquida publicada em faixas compativeis
irpf_aef_1977_faixas;irpf_aef_1977_faixas.csv;bracket_distribution;3;1975;1976;Brasil;irpf_aef_1977_faixas;;1976;Brasil;F03;3;;;;0;;;42478.806585;;;Cr$;Cr$ 1.000;Cr$ 1,00;;;Brasil. Ministerio da Fazenda. Anuario Economico-Fiscal 1977. Brasilia: Ministerio da Fazenda, 1977.;;outputs/fontes-pedro-souza-irpf/aef_scan/pdf/anuareco1977minfaz.pdf;"outputs/fontes-pedro-souza-irpf/aef_scan/previews/anuareco1977/aef1977_pdfpage_298.png; outputs/fontes-pedro-souza-irpf/aef_scan/previews/anuareco1977/aef1977_pdfpage_299.png; outputs/fontes-pedro-souza-irpf/aef_scan/previews/anuareco1977/aef1977_pdfpage_302.png; outputs/fontes-pedro-souza-irpf/aef_scan/previews/anuareco1977/aef1977_pdfpage_303.png";"298; 299; 302; 303";"295; 296; 299; 300";"8.2.1.125; 8.2.1.127";;;;;1975;36.501 a 52.500;36501;52500;;;22323335;;;;;;;;;;;;;;https://archive.org/details/anuareco1977minfaz;https://archive.org/download/anuareco1977minfaz/anuareco1977minfaz.pdf;outputs/fontes-pedro-souza-irpf/aef_scan/ocr_txt/anuareco1977minfaz_djvu.txt;;;;;;;;;;;;;;;;;;;;;;525517;0;0;https://ci.nii.ac.jp/ncid/BB06332999;;;;;;;;;;;;;;;;;266278;11420848;259239;10902487;;;;;;;;;;;;;;;;;;;;;;;;;;;;;;;;;;;;;;;;;;;;;;;;;;;;;;;;;;;;;;;;;;;;;;;;;;;;;;;;;;;;;;;;;;;;;;;;;;;;;;;;;;;;;;;;;;;;;;;;;;;;;;;;;;;;;;;;;;;;;;;;;;;;;;;;;;;;;;;;;;;;;;;;;;;;;;;;;;;;;;;;;;;;;;;;;;;;;;;;;;;;;;;;;;;;;;;;;;;;;;;;;;;;;;;;;;;;;;;;;;;;;;;;;;;;;;;;;;;;;;;;;;;;;;;;;;;;;;;;;;;;;;;;;;strict_renda_liquida;national;renda liquida publicada em faixas compativeis
irpf_aef_1977_faixas;irpf_aef_1977_faixas.csv;bracket_distribution;4;1975;1976;Brasil;irpf_aef_1977_faixas;;1976;Brasil;F04;4;;;;0;;;63208.327601;;;Cr$;Cr$ 1.000;Cr$ 1,00;;;Brasil. Ministerio da Fazenda. Anuario Economico-Fiscal 1977. Brasilia: Ministerio da Fazenda, 1977.;;outputs/fontes-pedro-souza-irpf/aef_scan/pdf/anuareco1977minfaz.pdf;"outputs/fontes-pedro-souza-irpf/aef_scan/previews/anuareco1977/aef1977_pdfpage_298.png; outputs/fontes-pedro-souza-irpf/aef_scan/previews/anuareco1977/aef1977_pdfpage_299.png; outputs/fontes-pedro-souza-irpf/aef_scan/previews/anuareco1977/aef1977_pdfpage_302.png; outputs/fontes-pedro-souza-irpf/aef_scan/previews/anuareco1977/aef1977_pdfpage_303.png";"298; 299; 302; 303";"295; 296; 299; 300";"8.2.1.125; 8.2.1.127";;;;;1975;52.501 a 77.000;52501;77000;;;22972561;;;;;;;;;;;;;;https://archive.org/details/anuareco1977minfaz;https://archive.org/download/anuareco1977minfaz/anuareco1977minfaz.pdf;outputs/fontes-pedro-souza-irpf/aef_scan/ocr_txt/anuareco1977minfaz_djvu.txt;;;;;;;;;;;;;;;;;;;;;;363442;0;0;https://ci.nii.ac.jp/ncid/BB06332999;;;;;;;;;;;;;;;;;241385;15455646;122057;7516915;;;;;;;;;;;;;;;;;;;;;;;;;;;;;;;;;;;;;;;;;;;;;;;;;;;;;;;;;;;;;;;;;;;;;;;;;;;;;;;;;;;;;;;;;;;;;;;;;;;;;;;;;;;;;;;;;;;;;;;;;;;;;;;;;;;;;;;;;;;;;;;;;;;;;;;;;;;;;;;;;;;;;;;;;;;;;;;;;;;;;;;;;;;;;;;;;;;;;;;;;;;;;;;;;;;;;;;;;;;;;;;;;;;;;;;;;;;;;;;;;;;;;;;;;;;;;;;;;;;;;;;;;;;;;;;;;;;;;;;;;;;;;;;;;;strict_renda_liquida;national;renda liquida publicada em faixas compativeis
irpf_aef_1977_faixas;irpf_aef_1977_faixas.csv;bracket_distribution;5;1975;1976;Brasil;irpf_aef_1977_faixas;;1976;Brasil;F05;5;;;;0;;;92444.043648;;;Cr$;Cr$ 1.000;Cr$ 1,00;;;Brasil. Ministerio da Fazenda. Anuario Economico-Fiscal 1977. Brasilia: Ministerio da Fazenda, 1977.;;outputs/fontes-pedro-souza-irpf/aef_scan/pdf/anuareco1977minfaz.pdf;"outputs/fontes-pedro-souza-irpf/aef_scan/previews/anuareco1977/aef1977_pdfpage_298.png; outputs/fontes-pedro-souza-irpf/aef_scan/previews/anuareco1977/aef1977_pdfpage_299.png; outputs/fontes-pedro-souza-irpf/aef_scan/previews/anuareco1977/aef1977_pdfpage_302.png; outputs/fontes-pedro-souza-irpf/aef_scan/previews/anuareco1977/aef1977_pdfpage_303.png";"298; 299; 302; 303";"295; 296; 299; 300";"8.2.1.125; 8.2.1.127";;;;;1975;77.001 a 112.000;77001;112000;;;20451026;;;;;;;;;;;;;;https://archive.org/details/anuareco1977minfaz;https://archive.org/download/anuareco1977minfaz/anuareco1977minfaz.pdf;outputs/fontes-pedro-souza-irpf/aef_scan/ocr_txt/anuareco1977minfaz_djvu.txt;;;;;;;;;;;;;;;;;;;;;;221226;0;0;https://ci.nii.ac.jp/ncid/BB06332999;;;;;;;;;;;;;;;;;210301;19540955;10925;910071;;;;;;;;;;;;;;;;;;;;;;;;;;;;;;;;;;;;;;;;;;;;;;;;;;;;;;;;;;;;;;;;;;;;;;;;;;;;;;;;;;;;;;;;;;;;;;;;;;;;;;;;;;;;;;;;;;;;;;;;;;;;;;;;;;;;;;;;;;;;;;;;;;;;;;;;;;;;;;;;;;;;;;;;;;;;;;;;;;;;;;;;;;;;;;;;;;;;;;;;;;;;;;;;;;;;;;;;;;;;;;;;;;;;;;;;;;;;;;;;;;;;;;;;;;;;;;;;;;;;;;;;;;;;;;;;;;;;;;;;;;;;;;;;;;strict_renda_liquida;national;renda liquida publicada em faixas compativeis
irpf_aef_1977_faixas;irpf_aef_1977_faixas.csv;bracket_distribution;6;1975;1976;Brasil;irpf_aef_1977_faixas;;1976;Brasil;F06;6;;;;0;;;134037.986806;;;Cr$;Cr$ 1.000;Cr$ 1,00;;;Brasil. Ministerio da Fazenda. Anuario Economico-Fiscal 1977. Brasilia: Ministerio da Fazenda, 1977.;;outputs/fontes-pedro-souza-irpf/aef_scan/pdf/anuareco1977minfaz.pdf;"outputs/fontes-pedro-souza-irpf/aef_scan/previews/anuareco1977/aef1977_pdfpage_298.png; outputs/fontes-pedro-souza-irpf/aef_scan/previews/anuareco1977/aef1977_pdfpage_299.png; outputs/fontes-pedro-souza-irpf/aef_scan/previews/anuareco1977/aef1977_pdfpage_302.png; outputs/fontes-pedro-souza-irpf/aef_scan/previews/anuareco1977/aef1977_pdfpage_303.png";"298; 299; 302; 303";"295; 296; 299; 300";"8.2.1.125; 8.2.1.127";;;;;1975;112.001 a 163.500;112001;163500;;;17635646;;;;;;;;;;;;;;https://archive.org/details/anuareco1977minfaz;https://archive.org/download/anuareco1977minfaz/anuareco1977minfaz.pdf;outputs/fontes-pedro-souza-irpf/aef_scan/ocr_txt/anuareco1977minfaz_djvu.txt;;;;;;;;;;;;;;;;;;;;;;131572;0;0;https://ci.nii.ac.jp/ncid/BB06332999;;;;;;;;;;;;;;;;;131018;17564427;554;71219;;;;;;;;;;;;;;;;;;;;;;;;;;;;;;;;;;;;;;;;;;;;;;;;;;;;;;;;;;;;;;;;;;;;;;;;;;;;;;;;;;;;;;;;;;;;;;;;;;;;;;;;;;;;;;;;;;;;;;;;;;;;;;;;;;;;;;;;;;;;;;;;;;;;;;;;;;;;;;;;;;;;;;;;;;;;;;;;;;;;;;;;;;;;;;;;;;;;;;;;;;;;;;;;;;;;;;;;;;;;;;;;;;;;;;;;;;;;;;;;;;;;;;;;;;;;;;;;;;;;;;;;;;;;;;;;;;;;;;;;;;;;;;;;;;strict_renda_liquida;national;renda liquida publicada em faixas compativeis
irpf_aef_1977_faixas;irpf_aef_1977_faixas.csv;bracket_distribution;7;1975;1976;Brasil;irpf_aef_1977_faixas;;1976;Brasil;F07;7;;;;0;;;194256.324006;;;Cr$;Cr$ 1.000;Cr$ 1,00;;;Brasil. Ministerio da Fazenda. Anuario Economico-Fiscal 1977. Brasilia: Ministerio da Fazenda, 1977.;;outputs/fontes-pedro-souza-irpf/aef_scan/pdf/anuareco1977minfaz.pdf;"outputs/fontes-pedro-souza-irpf/aef_scan/previews/anuareco1977/aef1977_pdfpage_298.png; outputs/fontes-pedro-souza-irpf/aef_scan/previews/anuareco1977/aef1977_pdfpage_299.png; outputs/fontes-pedro-souza-irpf/aef_scan/previews/anuareco1977/aef1977_pdfpage_302.png; outputs/fontes-pedro-souza-irpf/aef_scan/previews/anuareco1977/aef1977_pdfpage_303.png";"298; 299; 302; 303";"295; 296; 299; 300";"8.2.1.125; 8.2.1.127";;;;;1975;163.501 a 238.000;163501;238000;;;12878223;;;;;;;;;;;;;;https://archive.org/details/anuareco1977minfaz;https://archive.org/download/anuareco1977minfaz/anuareco1977minfaz.pdf;outputs/fontes-pedro-souza-irpf/aef_scan/ocr_txt/anuareco1977minfaz_djvu.txt;;;;;;;;;;;;;;;;;;;;;;66295;0;0;https://ci.nii.ac.jp/ncid/BB06332999;;;;;;;;;;;;;;;;;66203;12860993;92;17230;;;;;;;;;;;;;;;;;;;;;;;;;;;;;;;;;;;;;;;;;;;;;;;;;;;;;;;;;;;;;;;;;;;;;;;;;;;;;;;;;;;;;;;;;;;;;;;;;;;;;;;;;;;;;;;;;;;;;;;;;;;;;;;;;;;;;;;;;;;;;;;;;;;;;;;;;;;;;;;;;;;;;;;;;;;;;;;;;;;;;;;;;;;;;;;;;;;;;;;;;;;;;;;;;;;;;;;;;;;;;;;;;;;;;;;;;;;;;;;;;;;;;;;;;;;;;;;;;;;;;;;;;;;;;;;;;;;;;;;;;;;;;;;;;;strict_renda_liquida;national;renda liquida publicada em faixas compativeis
irpf_aef_1977_faixas;irpf_aef_1977_faixas.csv;bracket_distribution;8;1975;1976;Brasil;irpf_aef_1977_faixas;;1976;Brasil;F08;8;;;;0;;;316010.808963;;;Cr$;Cr$ 1.000;Cr$ 1,00;;;Brasil. Ministerio da Fazenda. Anuario Economico-Fiscal 1977. Brasilia: Ministerio da Fazenda, 1977.;;outputs/fontes-pedro-souza-irpf/aef_scan/pdf/anuareco1977minfaz.pdf;"outputs/fontes-pedro-souza-irpf/aef_scan/previews/anuareco1977/aef1977_pdfpage_298.png; outputs/fontes-pedro-souza-irpf/aef_scan/previews/anuareco1977/aef1977_pdfpage_299.png; outputs/fontes-pedro-souza-irpf/aef_scan/previews/anuareco1977/aef1977_pdfpage_302.png; outputs/fontes-pedro-souza-irpf/aef_scan/previews/anuareco1977/aef1977_pdfpage_303.png";"298; 299; 302; 303";"295; 296; 299; 300";"8.2.1.125; 8.2.1.127";;;;;1975;238.001 a 500.000;238001;500000;;;12015995;;;;;;;;;;;;;;https://archive.org/details/anuareco1977minfaz;https://archive.org/download/anuareco1977minfaz/anuareco1977minfaz.pdf;outputs/fontes-pedro-souza-irpf/aef_scan/ocr_txt/anuareco1977minfaz_djvu.txt;;;;;;;;;;;;;;;;;;;;;;38024;0;0;https://ci.nii.ac.jp/ncid/BB06332999;;;;;;;;;;;;;;;;;37988;12004422;36;11573;;;;;;;;;;;;;;;;;;;;;;;;;;;;;;;;;;;;;;;;;;;;;;;;;;;;;;;;;;;;;;;;;;;;;;;;;;;;;;;;;;;;;;;;;;;;;;;;;;;;;;;;;;;;;;;;;;;;;;;;;;;;;;;;;;;;;;;;;;;;;;;;;;;;;;;;;;;;;;;;;;;;;;;;;;;;;;;;;;;;;;;;;;;;;;;;;;;;;;;;;;;;;;;;;;;;;;;;;;;;;;;;;;;;;;;;;;;;;;;;;;;;;;;;;;;;;;;;;;;;;;;;;;;;;;;;;;;;;;;;;;;;;;;;;;strict_renda_liquida;national;renda liquida publicada em faixas compativeis
irpf_aef_1977_faixas;irpf_aef_1977_faixas.csv;bracket_distribution;9;1975;1976;Brasil;irpf_aef_1977_faixas;;1976;Brasil;F09;9;;;;0;;;778526.827785;;;Cr$;Cr$ 1.000;Cr$ 1,00;;;Brasil. Ministerio da Fazenda. Anuario Economico-Fiscal 1977. Brasilia: Ministerio da Fazenda, 1977.;;outputs/fontes-pedro-souza-irpf/aef_scan/pdf/anuareco1977minfaz.pdf;"outputs/fontes-pedro-souza-irpf/aef_scan/previews/anuareco1977/aef1977_pdfpage_298.png; outputs/fontes-pedro-souza-irpf/aef_scan/previews/anuareco1977/aef1977_pdfpage_299.png; outputs/fontes-pedro-souza-irpf/aef_scan/previews/anuareco1977/aef1977_pdfpage_302.png; outputs/fontes-pedro-souza-irpf/aef_scan/previews/anuareco1977/aef1977_pdfpage_303.png";"298; 299; 302; 303";"295; 296; 299; 300";"8.2.1.125; 8.2.1.127";;;;;1975;500.001 a 2.317.500;500001;2317500;;;5121928;;;;;;;;;;;;;;https://archive.org/details/anuareco1977minfaz;https://archive.org/download/anuareco1977minfaz/anuareco1977minfaz.pdf;outputs/fontes-pedro-souza-irpf/aef_scan/ocr_txt/anuareco1977minfaz_djvu.txt;;;;;;;;;;;;;;;;;;;;;;6579;0;0;https://ci.nii.ac.jp/ncid/BB06332999;;;;;;;;;;;;;;;;;6569;5113012;10;8916;;;;;;;;;;;;;;;;;;;;;;;;;;;;;;;;;;;;;;;;;;;;;;;;;;;;;;;;;;;;;;;;;;;;;;;;;;;;;;;;;;;;;;;;;;;;;;;;;;;;;;;;;;;;;;;;;;;;;;;;;;;;;;;;;;;;;;;;;;;;;;;;;;;;;;;;;;;;;;;;;;;;;;;;;;;;;;;;;;;;;;;;;;;;;;;;;;;;;;;;;;;;;;;;;;;;;;;;;;;;;;;;;;;;;;;;;;;;;;;;;;;;;;;;;;;;;;;;;;;;;;;;;;;;;;;;;;;;;;;;;;;;;;;;;;strict_renda_liquida;national;renda liquida publicada em faixas compativeis
irpf_aef_1978_faixas;irpf_aef_1978_faixas.csv;bracket_distribution;1;1976;1977;Brasil;irpf_aef_1978_faixas;;1977;Brasil;F01;1;;;;0;;;16168.354073;;;Cr$;Cr$ 1.000;Cr$ 1,00;;;Brasil. Ministerio da Fazenda. Anuario Economico-Fiscal 1978. Brasilia: Ministerio da Fazenda, 1978.;;outputs/fontes-pedro-souza-irpf/aef_scan/pdf/anuareco1978minfaz.pdf;"outputs/fontes-pedro-souza-irpf/aef_scan/previews/anuareco1978/aef1978_pdfpage_306.png; outputs/fontes-pedro-souza-irpf/aef_scan/previews/anuareco1978/aef1978_pdfpage_307.png; outputs/fontes-pedro-souza-irpf/aef_scan/previews/anuareco1978/aef1978_pdfpage_310.png; outputs/fontes-pedro-souza-irpf/aef_scan/previews/anuareco1978/aef1978_pdfpage_311.png";"306; 307; 310; 311";"315; 316; 319; 320";"8.2.125; 8.2.127";"O AEF 1978 separa declaracoes apresentadas no Modelo Completo (MCT) e no Modelo Simplificado (MSO). Como os quadros 8.2.125 e 8.2.127 usam as mesmas classes de renda liquida, a tabela principal soma MCT e MSO por faixa. A tabela de origem preserva os valores de cada modelo. Os quadros 8.2.125 e 8.2.127 separam uma classe de renda liquida negativa. Para manter comparabilidade com os AEF 1972-1974, 1976 e 1977, a tabela principal agrega os declarantes da classe negativa com os declarantes de renda liquida de zero a Cr$ 35.100 na faixa 'Ate 35.100'. O valor de renda liquida usado nessa faixa e o total positivo da classe de zero a 35.100; a quantidade e o valor publicado da classe negativa foram preservados em colunas proprias e na tabela de origem.";;;;1976;Ate 35.100;;35100;;;54346252;;;;;;;;;;;;;;https://archive.org/details/anuareco1978minfaz;https://archive.org/download/anuareco1978minfaz/anuareco1978minfaz.pdf;outputs/fontes-pedro-souza-irpf/aef_scan/ocr_txt/anuareco1978minfaz_djvu.txt;;;;;;;;;;;;;;;;;;;;;;3361273;666023;11629339;https://ci.nii.ac.jp/ncid/BB06332999;;;;;;;;;;;;;;;;;878751;12450744;2482522;41895508;;;;;;;;;;;;;;;;;;;;;;;;;;;;;;;;;;;;;;;;;;;;;;;;;;;;;;;;;;;;;;;;;;;;;;;;;;;;;;;;;;;;;;;;;;;;;;;;;;;;;;;;;;;;;;;;;;;;;;;;;;;;;;;;;;;;;;;;;;;;;;;;;;;;;;;;;;;;;;;;;;;;;;;;;;;;;;;;;;;;;;;;;;;;;;;;;;;;;;;;;;;;;;;;;;;;;;;;;;;;;;;;;;;;;;;;;;;;;;;;;;;;;;;;;;;;;;;;;;;;;;;;;;;;;;;;;;;;;;;;;;;;;;;;;;strict_renda_liquida;national;renda liquida publicada em faixas compativeis
irpf_aef_1978_faixas;irpf_aef_1978_faixas.csv;bracket_distribution;10;1976;1977;Brasil;irpf_aef_1978_faixas;;1977;Brasil;F10;10;;;;1;;;4637004.739336;;;Cr$;Cr$ 1.000;Cr$ 1,00;;;Brasil. Ministerio da Fazenda. Anuario Economico-Fiscal 1978. Brasilia: Ministerio da Fazenda, 1978.;;outputs/fontes-pedro-souza-irpf/aef_scan/pdf/anuareco1978minfaz.pdf;"outputs/fontes-pedro-souza-irpf/aef_scan/previews/anuareco1978/aef1978_pdfpage_306.png; outputs/fontes-pedro-souza-irpf/aef_scan/previews/anuareco1978/aef1978_pdfpage_307.png; outputs/fontes-pedro-souza-irpf/aef_scan/previews/anuareco1978/aef1978_pdfpage_310.png; outputs/fontes-pedro-souza-irpf/aef_scan/previews/anuareco1978/aef1978_pdfpage_311.png";"306; 307; 310; 311";"315; 316; 319; 320";"8.2.125; 8.2.127";;;;;1976;Acima de 3.128.500;3128500;;;;978408;;;;;;;;;;;;;;https://archive.org/details/anuareco1978minfaz;https://archive.org/download/anuareco1978minfaz/anuareco1978minfaz.pdf;outputs/fontes-pedro-souza-irpf/aef_scan/ocr_txt/anuareco1978minfaz_djvu.txt;;;;;;;;;;;;;;;;;;;;;;211;0;0;https://ci.nii.ac.jp/ncid/BB06332999;;;;;;;;;;;;;;;;;203;942494;8;35914;;;;;;;;;;;;;;;;;;;;;;;;;;;;;;;;;;;;;;;;;;;;;;;;;;;;;;;;;;;;;;;;;;;;;;;;;;;;;;;;;;;;;;;;;;;;;;;;;;;;;;;;;;;;;;;;;;;;;;;;;;;;;;;;;;;;;;;;;;;;;;;;;;;;;;;;;;;;;;;;;;;;;;;;;;;;;;;;;;;;;;;;;;;;;;;;;;;;;;;;;;;;;;;;;;;;;;;;;;;;;;;;;;;;;;;;;;;;;;;;;;;;;;;;;;;;;;;;;;;;;;;;;;;;;;;;;;;;;;;;;;;;;;;;;;strict_renda_liquida;national;renda liquida publicada em faixas compativeis
irpf_aef_1978_faixas;irpf_aef_1978_faixas.csv;bracket_distribution;2;1976;1977;Brasil;irpf_aef_1978_faixas;;1977;Brasil;F02;2;;;;0;;;41634.676768;;;Cr$;Cr$ 1.000;Cr$ 1,00;;;Brasil. Ministerio da Fazenda. Anuario Economico-Fiscal 1978. Brasilia: Ministerio da Fazenda, 1978.;;outputs/fontes-pedro-souza-irpf/aef_scan/pdf/anuareco1978minfaz.pdf;"outputs/fontes-pedro-souza-irpf/aef_scan/previews/anuareco1978/aef1978_pdfpage_306.png; outputs/fontes-pedro-souza-irpf/aef_scan/previews/anuareco1978/aef1978_pdfpage_307.png; outputs/fontes-pedro-souza-irpf/aef_scan/previews/anuareco1978/aef1978_pdfpage_310.png; outputs/fontes-pedro-souza-irpf/aef_scan/previews/anuareco1978/aef1978_pdfpage_311.png";"306; 307; 310; 311";"315; 316; 319; 320";"8.2.125; 8.2.127";;;;;1976;35.101 a 49.300;35101;49300;;;28148289;;;;;;;;;;;;;;https://archive.org/details/anuareco1978minfaz;https://archive.org/download/anuareco1978minfaz/anuareco1978minfaz.pdf;outputs/fontes-pedro-souza-irpf/aef_scan/ocr_txt/anuareco1978minfaz_djvu.txt;;;;;;;;;;;;;;;;;;;;;;676078;0;0;https://ci.nii.ac.jp/ncid/BB06332999;;;;;;;;;;;;;;;;;188381;7913580;487697;20234709;;;;;;;;;;;;;;;;;;;;;;;;;;;;;;;;;;;;;;;;;;;;;;;;;;;;;;;;;;;;;;;;;;;;;;;;;;;;;;;;;;;;;;;;;;;;;;;;;;;;;;;;;;;;;;;;;;;;;;;;;;;;;;;;;;;;;;;;;;;;;;;;;;;;;;;;;;;;;;;;;;;;;;;;;;;;;;;;;;;;;;;;;;;;;;;;;;;;;;;;;;;;;;;;;;;;;;;;;;;;;;;;;;;;;;;;;;;;;;;;;;;;;;;;;;;;;;;;;;;;;;;;;;;;;;;;;;;;;;;;;;;;;;;;;;strict_renda_liquida;national;renda liquida publicada em faixas compativeis
irpf_aef_1978_faixas;irpf_aef_1978_faixas.csv;bracket_distribution;3;1976;1977;Brasil;irpf_aef_1978_faixas;;1977;Brasil;F03;3;;;;0;;;58997.795494;;;Cr$;Cr$ 1.000;Cr$ 1,00;;;Brasil. Ministerio da Fazenda. Anuario Economico-Fiscal 1978. Brasilia: Ministerio da Fazenda, 1978.;;outputs/fontes-pedro-souza-irpf/aef_scan/pdf/anuareco1978minfaz.pdf;"outputs/fontes-pedro-souza-irpf/aef_scan/previews/anuareco1978/aef1978_pdfpage_306.png; outputs/fontes-pedro-souza-irpf/aef_scan/previews/anuareco1978/aef1978_pdfpage_307.png; outputs/fontes-pedro-souza-irpf/aef_scan/previews/anuareco1978/aef1978_pdfpage_310.png; outputs/fontes-pedro-souza-irpf/aef_scan/previews/anuareco1978/aef1978_pdfpage_311.png";"306; 307; 310; 311";"315; 316; 319; 320";"8.2.125; 8.2.127";;;;;1976;49.301 a 70.900;49301;70900;;;31873972;;;;;;;;;;;;;;https://archive.org/details/anuareco1978minfaz;https://archive.org/download/anuareco1978minfaz/anuareco1978minfaz.pdf;outputs/fontes-pedro-souza-irpf/aef_scan/ocr_txt/anuareco1978minfaz_djvu.txt;;;;;;;;;;;;;;;;;;;;;;540257;0;0;https://ci.nii.ac.jp/ncid/BB06332999;;;;;;;;;;;;;;;;;186580;11073614;353677;20800358;;;;;;;;;;;;;;;;;;;;;;;;;;;;;;;;;;;;;;;;;;;;;;;;;;;;;;;;;;;;;;;;;;;;;;;;;;;;;;;;;;;;;;;;;;;;;;;;;;;;;;;;;;;;;;;;;;;;;;;;;;;;;;;;;;;;;;;;;;;;;;;;;;;;;;;;;;;;;;;;;;;;;;;;;;;;;;;;;;;;;;;;;;;;;;;;;;;;;;;;;;;;;;;;;;;;;;;;;;;;;;;;;;;;;;;;;;;;;;;;;;;;;;;;;;;;;;;;;;;;;;;;;;;;;;;;;;;;;;;;;;;;;;;;;;strict_renda_liquida;national;renda liquida publicada em faixas compativeis
irpf_aef_1978_faixas;irpf_aef_1978_faixas.csv;bracket_distribution;4;1976;1977;Brasil;irpf_aef_1978_faixas;;1977;Brasil;F04;4;;;;0;;;85571.953189;;;Cr$;Cr$ 1.000;Cr$ 1,00;;;Brasil. Ministerio da Fazenda. Anuario Economico-Fiscal 1978. Brasilia: Ministerio da Fazenda, 1978.;;outputs/fontes-pedro-souza-irpf/aef_scan/pdf/anuareco1978minfaz.pdf;"outputs/fontes-pedro-souza-irpf/aef_scan/previews/anuareco1978/aef1978_pdfpage_306.png; outputs/fontes-pedro-souza-irpf/aef_scan/previews/anuareco1978/aef1978_pdfpage_307.png; outputs/fontes-pedro-souza-irpf/aef_scan/previews/anuareco1978/aef1978_pdfpage_310.png; outputs/fontes-pedro-souza-irpf/aef_scan/previews/anuareco1978/aef1978_pdfpage_311.png";"306; 307; 310; 311";"315; 316; 319; 320";"8.2.125; 8.2.127";;;;;1976;70.901 a 104.000;70901;104000;;;34183856;;;;;;;;;;;;;;https://archive.org/details/anuareco1978minfaz;https://archive.org/download/anuareco1978minfaz/anuareco1978minfaz.pdf;outputs/fontes-pedro-souza-irpf/aef_scan/ocr_txt/anuareco1978minfaz_djvu.txt;;;;;;;;;;;;;;;;;;;;;;399475;0;0;https://ci.nii.ac.jp/ncid/BB06332999;;;;;;;;;;;;;;;;;161736;13914487;237739;20269369;;;;;;;;;;;;;;;;;;;;;;;;;;;;;;;;;;;;;;;;;;;;;;;;;;;;;;;;;;;;;;;;;;;;;;;;;;;;;;;;;;;;;;;;;;;;;;;;;;;;;;;;;;;;;;;;;;;;;;;;;;;;;;;;;;;;;;;;;;;;;;;;;;;;;;;;;;;;;;;;;;;;;;;;;;;;;;;;;;;;;;;;;;;;;;;;;;;;;;;;;;;;;;;;;;;;;;;;;;;;;;;;;;;;;;;;;;;;;;;;;;;;;;;;;;;;;;;;;;;;;;;;;;;;;;;;;;;;;;;;;;;;;;;;;;strict_renda_liquida;national;renda liquida publicada em faixas compativeis
irpf_aef_1978_faixas;irpf_aef_1978_faixas.csv;bracket_distribution;5;1976;1977;Brasil;irpf_aef_1978_faixas;;1977;Brasil;F05;5;;;;0;;;124482.969834;;;Cr$;Cr$ 1.000;Cr$ 1,00;;;Brasil. Ministerio da Fazenda. Anuario Economico-Fiscal 1978. Brasilia: Ministerio da Fazenda, 1978.;;outputs/fontes-pedro-souza-irpf/aef_scan/pdf/anuareco1978minfaz.pdf;"outputs/fontes-pedro-souza-irpf/aef_scan/previews/anuareco1978/aef1978_pdfpage_306.png; outputs/fontes-pedro-souza-irpf/aef_scan/previews/anuareco1978/aef1978_pdfpage_307.png; outputs/fontes-pedro-souza-irpf/aef_scan/previews/anuareco1978/aef1978_pdfpage_310.png; outputs/fontes-pedro-souza-irpf/aef_scan/previews/anuareco1978/aef1978_pdfpage_311.png";"306; 307; 310; 311";"315; 316; 319; 320";"8.2.125; 8.2.127";;;;;1976;104.001 a 151.200;104001;151200;;;30301769;;;;;;;;;;;;;;https://archive.org/details/anuareco1978minfaz;https://archive.org/download/anuareco1978minfaz/anuareco1978minfaz.pdf;outputs/fontes-pedro-souza-irpf/aef_scan/ocr_txt/anuareco1978minfaz_djvu.txt;;;;;;;;;;;;;;;;;;;;;;243421;0;0;https://ci.nii.ac.jp/ncid/BB06332999;;;;;;;;;;;;;;;;;122738;15447018;120683;14854751;;;;;;;;;;;;;;;;;;;;;;;;;;;;;;;;;;;;;;;;;;;;;;;;;;;;;;;;;;;;;;;;;;;;;;;;;;;;;;;;;;;;;;;;;;;;;;;;;;;;;;;;;;;;;;;;;;;;;;;;;;;;;;;;;;;;;;;;;;;;;;;;;;;;;;;;;;;;;;;;;;;;;;;;;;;;;;;;;;;;;;;;;;;;;;;;;;;;;;;;;;;;;;;;;;;;;;;;;;;;;;;;;;;;;;;;;;;;;;;;;;;;;;;;;;;;;;;;;;;;;;;;;;;;;;;;;;;;;;;;;;;;;;;;;;strict_renda_liquida;national;renda liquida publicada em faixas compativeis
irpf_aef_1978_faixas;irpf_aef_1978_faixas.csv;bracket_distribution;6;1976;1977;Brasil;irpf_aef_1978_faixas;;1977;Brasil;F06;6;;;;0;;;181553.343428;;;Cr$;Cr$ 1.000;Cr$ 1,00;;;Brasil. Ministerio da Fazenda. Anuario Economico-Fiscal 1978. Brasilia: Ministerio da Fazenda, 1978.;;outputs/fontes-pedro-souza-irpf/aef_scan/pdf/anuareco1978minfaz.pdf;"outputs/fontes-pedro-souza-irpf/aef_scan/previews/anuareco1978/aef1978_pdfpage_306.png; outputs/fontes-pedro-souza-irpf/aef_scan/previews/anuareco1978/aef1978_pdfpage_307.png; outputs/fontes-pedro-souza-irpf/aef_scan/previews/anuareco1978/aef1978_pdfpage_310.png; outputs/fontes-pedro-souza-irpf/aef_scan/previews/anuareco1978/aef1978_pdfpage_311.png";"306; 307; 310; 311";"315; 316; 319; 320";"8.2.125; 8.2.127";;;;;1976;151.201 a 220.700;151201;220700;;;26618625;;;;;;;;;;;;;;https://archive.org/details/anuareco1978minfaz;https://archive.org/download/anuareco1978minfaz/anuareco1978minfaz.pdf;outputs/fontes-pedro-souza-irpf/aef_scan/ocr_txt/anuareco1978minfaz_djvu.txt;;;;;;;;;;;;;;;;;;;;;;146616;0;0;https://ci.nii.ac.jp/ncid/BB06332999;;;;;;;;;;;;;;;;;99202;18128738;47414;8489887;;;;;;;;;;;;;;;;;;;;;;;;;;;;;;;;;;;;;;;;;;;;;;;;;;;;;;;;;;;;;;;;;;;;;;;;;;;;;;;;;;;;;;;;;;;;;;;;;;;;;;;;;;;;;;;;;;;;;;;;;;;;;;;;;;;;;;;;;;;;;;;;;;;;;;;;;;;;;;;;;;;;;;;;;;;;;;;;;;;;;;;;;;;;;;;;;;;;;;;;;;;;;;;;;;;;;;;;;;;;;;;;;;;;;;;;;;;;;;;;;;;;;;;;;;;;;;;;;;;;;;;;;;;;;;;;;;;;;;;;;;;;;;;;;;strict_renda_liquida;national;renda liquida publicada em faixas compativeis
irpf_aef_1978_faixas;irpf_aef_1978_faixas.csv;bracket_distribution;7;1976;1977;Brasil;irpf_aef_1978_faixas;;1977;Brasil;F07;7;;;;0;;;262801.268842;;;Cr$;Cr$ 1.000;Cr$ 1,00;;;Brasil. Ministerio da Fazenda. Anuario Economico-Fiscal 1978. Brasilia: Ministerio da Fazenda, 1978.;;outputs/fontes-pedro-souza-irpf/aef_scan/pdf/anuareco1978minfaz.pdf;"outputs/fontes-pedro-souza-irpf/aef_scan/previews/anuareco1978/aef1978_pdfpage_306.png; outputs/fontes-pedro-souza-irpf/aef_scan/previews/anuareco1978/aef1978_pdfpage_307.png; outputs/fontes-pedro-souza-irpf/aef_scan/previews/anuareco1978/aef1978_pdfpage_310.png; outputs/fontes-pedro-souza-irpf/aef_scan/previews/anuareco1978/aef1978_pdfpage_311.png";"306; 307; 310; 311";"315; 316; 319; 320";"8.2.125; 8.2.127";;;;;1976;220.701 a 321.300;220701;321300;;;21043286;;;;;;;;;;;;;;https://archive.org/details/anuareco1978minfaz;https://archive.org/download/anuareco1978minfaz/anuareco1978minfaz.pdf;outputs/fontes-pedro-souza-irpf/aef_scan/ocr_txt/anuareco1978minfaz_djvu.txt;;;;;;;;;;;;;;;;;;;;;;80073;0;0;https://ci.nii.ac.jp/ncid/BB06332999;;;;;;;;;;;;;;;;;63705;16816389;16368;4226897;;;;;;;;;;;;;;;;;;;;;;;;;;;;;;;;;;;;;;;;;;;;;;;;;;;;;;;;;;;;;;;;;;;;;;;;;;;;;;;;;;;;;;;;;;;;;;;;;;;;;;;;;;;;;;;;;;;;;;;;;;;;;;;;;;;;;;;;;;;;;;;;;;;;;;;;;;;;;;;;;;;;;;;;;;;;;;;;;;;;;;;;;;;;;;;;;;;;;;;;;;;;;;;;;;;;;;;;;;;;;;;;;;;;;;;;;;;;;;;;;;;;;;;;;;;;;;;;;;;;;;;;;;;;;;;;;;;;;;;;;;;;;;;;;;strict_renda_liquida;national;renda liquida publicada em faixas compativeis
irpf_aef_1978_faixas;irpf_aef_1978_faixas.csv;bracket_distribution;8;1976;1977;Brasil;irpf_aef_1978_faixas;;1977;Brasil;F08;8;;;;0;;;425853.692144;;;Cr$;Cr$ 1.000;Cr$ 1,00;;;Brasil. Ministerio da Fazenda. Anuario Economico-Fiscal 1978. Brasilia: Ministerio da Fazenda, 1978.;;outputs/fontes-pedro-souza-irpf/aef_scan/pdf/anuareco1978minfaz.pdf;"outputs/fontes-pedro-souza-irpf/aef_scan/previews/anuareco1978/aef1978_pdfpage_306.png; outputs/fontes-pedro-souza-irpf/aef_scan/previews/anuareco1978/aef1978_pdfpage_307.png; outputs/fontes-pedro-souza-irpf/aef_scan/previews/anuareco1978/aef1978_pdfpage_310.png; outputs/fontes-pedro-souza-irpf/aef_scan/previews/anuareco1978/aef1978_pdfpage_311.png";"306; 307; 310; 311";"315; 316; 319; 320";"8.2.125; 8.2.127";;;;;1976;321.301 a 675.000;321301;675000;;;20397966;;;;;;;;;;;;;;https://archive.org/details/anuareco1978minfaz;https://archive.org/download/anuareco1978minfaz/anuareco1978minfaz.pdf;outputs/fontes-pedro-souza-irpf/aef_scan/ocr_txt/anuareco1978minfaz_djvu.txt;;;;;;;;;;;;;;;;;;;;;;47899;0;0;https://ci.nii.ac.jp/ncid/BB06332999;;;;;;;;;;;;;;;;;42403;18145593;5496;2252373;;;;;;;;;;;;;;;;;;;;;;;;;;;;;;;;;;;;;;;;;;;;;;;;;;;;;;;;;;;;;;;;;;;;;;;;;;;;;;;;;;;;;;;;;;;;;;;;;;;;;;;;;;;;;;;;;;;;;;;;;;;;;;;;;;;;;;;;;;;;;;;;;;;;;;;;;;;;;;;;;;;;;;;;;;;;;;;;;;;;;;;;;;;;;;;;;;;;;;;;;;;;;;;;;;;;;;;;;;;;;;;;;;;;;;;;;;;;;;;;;;;;;;;;;;;;;;;;;;;;;;;;;;;;;;;;;;;;;;;;;;;;;;;;;;strict_renda_liquida;national;renda liquida publicada em faixas compativeis
irpf_aef_1978_faixas;irpf_aef_1978_faixas.csv;bracket_distribution;9;1976;1977;Brasil;irpf_aef_1978_faixas;;1977;Brasil;F09;9;;;;0;;;1040122.840938;;;Cr$;Cr$ 1.000;Cr$ 1,00;;;Brasil. Ministerio da Fazenda. Anuario Economico-Fiscal 1978. Brasilia: Ministerio da Fazenda, 1978.;;outputs/fontes-pedro-souza-irpf/aef_scan/pdf/anuareco1978minfaz.pdf;"outputs/fontes-pedro-souza-irpf/aef_scan/previews/anuareco1978/aef1978_pdfpage_306.png; outputs/fontes-pedro-souza-irpf/aef_scan/previews/anuareco1978/aef1978_pdfpage_307.png; outputs/fontes-pedro-souza-irpf/aef_scan/previews/anuareco1978/aef1978_pdfpage_310.png; outputs/fontes-pedro-souza-irpf/aef_scan/previews/anuareco1978/aef1978_pdfpage_311.png";"306; 307; 310; 311";"315; 316; 319; 320";"8.2.125; 8.2.127";;;;;1976;675.001 a 3.128.500;675001;3128500;;;8069273;;;;;;;;;;;;;;https://archive.org/details/anuareco1978minfaz;https://archive.org/download/anuareco1978minfaz/anuareco1978minfaz.pdf;outputs/fontes-pedro-souza-irpf/aef_scan/ocr_txt/anuareco1978minfaz_djvu.txt;;;;;;;;;;;;;;;;;;;;;;7758;0;0;https://ci.nii.ac.jp/ncid/BB06332999;;;;;;;;;;;;;;;;;7336;7668815;422;400458;;;;;;;;;;;;;;;;;;;;;;;;;;;;;;;;;;;;;;;;;;;;;;;;;;;;;;;;;;;;;;;;;;;;;;;;;;;;;;;;;;;;;;;;;;;;;;;;;;;;;;;;;;;;;;;;;;;;;;;;;;;;;;;;;;;;;;;;;;;;;;;;;;;;;;;;;;;;;;;;;;;;;;;;;;;;;;;;;;;;;;;;;;;;;;;;;;;;;;;;;;;;;;;;;;;;;;;;;;;;;;;;;;;;;;;;;;;;;;;;;;;;;;;;;;;;;;;;;;;;;;;;;;;;;;;;;;;;;;;;;;;;;;;;;;strict_renda_liquida;national;renda liquida publicada em faixas compativeis
irpf_aef_1979_faixas;irpf_aef_1979_faixas.csv;bracket_distribution;1;1977;1978;Brasil;irpf_aef_1979_faixas;;1978;Brasil;F01;1;;;;0;;;23134.54746;;;Cr$;Cr$ 1.000;Cr$ 1,00;;;Brasil. Ministerio da Fazenda. Anuario Economico-Fiscal 1979. Brasilia: Ministerio da Fazenda, 1979.;;outputs/fontes-pedro-souza-irpf/aef_scan/pdf/anuareco1979minfaz.pdf;"outputs/fontes-pedro-souza-irpf/aef_scan/previews/anuareco1979/aef1979_pdfpage_598.png; outputs/fontes-pedro-souza-irpf/aef_scan/previews/anuareco1979/aef1979_pdfpage_599.png; outputs/fontes-pedro-souza-irpf/aef_scan/previews/anuareco1979/aef1979_pdfpage_604.png; outputs/fontes-pedro-souza-irpf/aef_scan/previews/anuareco1979/aef1979_pdfpage_605.png";"598; 599; 604; 605";"607; 608; 613; 614";"131; 134";"O AEF 1979 separa declaracoes apresentadas no Modelo Completo (MCT) e no Modelo Simplificado (MSO). Como os quadros 131 e 134 usam as mesmas classes de renda liquida, a tabela principal soma MCT e MSO por faixa. A tabela de origem preserva os valores de cada modelo. Os quadros 131 e 134 separam uma classe de renda liquida negativa. Para manter comparabilidade com os AEF 1972-1974 e 1976-1978, a tabela principal agrega os declarantes da classe negativa com os declarantes de renda liquida de zero a Cr$ 47.300 na faixa 'Ate 47.300'. O valor de renda liquida usado nessa faixa e o total positivo da classe de zero a 47.300; a quantidade e o valor publicado da classe negativa foram preservados em colunas proprias e na tabela de origem. No quadro 131, o ultimo digito do total monetario MCT aparece parcialmente cortado no canto direito do scan. O valor usado (Cr$ 161.774.555 mil) e a soma das classes positivas transcritas.";;;;1977;Ate 47.300;;47300;;;84584116;;;;;;;;;;;;;;https://archive.org/details/anuareco1979minfaz;https://archive.org/download/anuareco1979minfaz/anuareco1979minfaz.pdf;outputs/fontes-pedro-souza-irpf/aef_scan/ocr_txt/anuareco1979minfaz_djvu.txt;;;;;;;;;;;;;;;;;;;;;;3656182;595651;12363464;https://ci.nii.ac.jp/ncid/BB06332999;;;;;;;;;;;;;;;;;617091;13695193;3039091;70888923;;;;;;;;;;;;;;;;;;;;;;;;;;;;;;;;;;;;;;;;;;;;;;;;;;;;;;;;;;;;;;;;;;;;;;;;;;;;;;;;;;;;;;;;;;;;;;;;;;;;;;;;;;;;;;;;;;;;;;;;;;;;;;;;;;;;;;;;;;;;;;;;;;;;;;;;;;;;;;;;;;;;;;;;;;;;;;;;;;;;;;;;;;;;;;;;;;;;;;;;;;;;;;;;;;;;;;;;;;;;;;;;;;;;;;;;;;;;;;;;;;;;;;;;;;;;;;;;;;;;;;;;;;;;;;;;;;;;;;;;;;;;;;;;;;strict_renda_liquida;national;renda liquida publicada em faixas compativeis
irpf_aef_1979_faixas;irpf_aef_1979_faixas.csv;bracket_distribution;10;1977;1978;Brasil;irpf_aef_1979_faixas;;1978;Brasil;F10;10;;;;1;;;7151091.633466;;;Cr$;Cr$ 1.000;Cr$ 1,00;;;Brasil. Ministerio da Fazenda. Anuario Economico-Fiscal 1979. Brasilia: Ministerio da Fazenda, 1979.;;outputs/fontes-pedro-souza-irpf/aef_scan/pdf/anuareco1979minfaz.pdf;"outputs/fontes-pedro-souza-irpf/aef_scan/previews/anuareco1979/aef1979_pdfpage_598.png; outputs/fontes-pedro-souza-irpf/aef_scan/previews/anuareco1979/aef1979_pdfpage_599.png; outputs/fontes-pedro-souza-irpf/aef_scan/previews/anuareco1979/aef1979_pdfpage_604.png; outputs/fontes-pedro-souza-irpf/aef_scan/previews/anuareco1979/aef1979_pdfpage_605.png";"598; 599; 604; 605";"607; 608; 613; 614";"131; 134";;;;;1977;Acima de 4.223.500;4223500;;;;1794924;;;;;;;;;;;;;;https://archive.org/details/anuareco1979minfaz;https://archive.org/download/anuareco1979minfaz/anuareco1979minfaz.pdf;outputs/fontes-pedro-souza-irpf/aef_scan/ocr_txt/anuareco1979minfaz_djvu.txt;;;;;;;;;;;;;;;;;;;;;;251;0;0;https://ci.nii.ac.jp/ncid/BB06332999;;;;;;;;;;;;;;;;;245;1753495;6;41429;;;;;;;;;;;;;;;;;;;;;;;;;;;;;;;;;;;;;;;;;;;;;;;;;;;;;;;;;;;;;;;;;;;;;;;;;;;;;;;;;;;;;;;;;;;;;;;;;;;;;;;;;;;;;;;;;;;;;;;;;;;;;;;;;;;;;;;;;;;;;;;;;;;;;;;;;;;;;;;;;;;;;;;;;;;;;;;;;;;;;;;;;;;;;;;;;;;;;;;;;;;;;;;;;;;;;;;;;;;;;;;;;;;;;;;;;;;;;;;;;;;;;;;;;;;;;;;;;;;;;;;;;;;;;;;;;;;;;;;;;;;;;;;;;;strict_renda_liquida;national;renda liquida publicada em faixas compativeis
irpf_aef_1979_faixas;irpf_aef_1979_faixas.csv;bracket_distribution;2;1977;1978;Brasil;irpf_aef_1979_faixas;;1978;Brasil;F02;2;;;;0;;;55983.311414;;;Cr$;Cr$ 1.000;Cr$ 1,00;;;Brasil. Ministerio da Fazenda. Anuario Economico-Fiscal 1979. Brasilia: Ministerio da Fazenda, 1979.;;outputs/fontes-pedro-souza-irpf/aef_scan/pdf/anuareco1979minfaz.pdf;"outputs/fontes-pedro-souza-irpf/aef_scan/previews/anuareco1979/aef1979_pdfpage_598.png; outputs/fontes-pedro-souza-irpf/aef_scan/previews/anuareco1979/aef1979_pdfpage_599.png; outputs/fontes-pedro-souza-irpf/aef_scan/previews/anuareco1979/aef1979_pdfpage_604.png; outputs/fontes-pedro-souza-irpf/aef_scan/previews/anuareco1979/aef1979_pdfpage_605.png";"598; 599; 604; 605";"607; 608; 613; 614";"131; 134";;;;;1977;47.301 a 66.400;47301;66400;;;43888061;;;;;;;;;;;;;;https://archive.org/details/anuareco1979minfaz;https://archive.org/download/anuareco1979minfaz/anuareco1979minfaz.pdf;outputs/fontes-pedro-souza-irpf/aef_scan/ocr_txt/anuareco1979minfaz_djvu.txt;;;;;;;;;;;;;;;;;;;;;;783949;0;0;https://ci.nii.ac.jp/ncid/BB06332999;;;;;;;;;;;;;;;;;168908;9538130;615041;34349931;;;;;;;;;;;;;;;;;;;;;;;;;;;;;;;;;;;;;;;;;;;;;;;;;;;;;;;;;;;;;;;;;;;;;;;;;;;;;;;;;;;;;;;;;;;;;;;;;;;;;;;;;;;;;;;;;;;;;;;;;;;;;;;;;;;;;;;;;;;;;;;;;;;;;;;;;;;;;;;;;;;;;;;;;;;;;;;;;;;;;;;;;;;;;;;;;;;;;;;;;;;;;;;;;;;;;;;;;;;;;;;;;;;;;;;;;;;;;;;;;;;;;;;;;;;;;;;;;;;;;;;;;;;;;;;;;;;;;;;;;;;;;;;;;;strict_renda_liquida;national;renda liquida publicada em faixas compativeis
irpf_aef_1979_faixas;irpf_aef_1979_faixas.csv;bracket_distribution;3;1977;1978;Brasil;irpf_aef_1979_faixas;;1978;Brasil;F03;3;;;;0;;;79474.85209;;;Cr$;Cr$ 1.000;Cr$ 1,00;;;Brasil. Ministerio da Fazenda. Anuario Economico-Fiscal 1979. Brasilia: Ministerio da Fazenda, 1979.;;outputs/fontes-pedro-souza-irpf/aef_scan/pdf/anuareco1979minfaz.pdf;"outputs/fontes-pedro-souza-irpf/aef_scan/previews/anuareco1979/aef1979_pdfpage_598.png; outputs/fontes-pedro-souza-irpf/aef_scan/previews/anuareco1979/aef1979_pdfpage_599.png; outputs/fontes-pedro-souza-irpf/aef_scan/previews/anuareco1979/aef1979_pdfpage_604.png; outputs/fontes-pedro-souza-irpf/aef_scan/previews/anuareco1979/aef1979_pdfpage_605.png";"598; 599; 604; 605";"607; 608; 613; 614";"131; 134";;;;;1977;66.401 a 95.500;66401;95500;;;48842383;;;;;;;;;;;;;;https://archive.org/details/anuareco1979minfaz;https://archive.org/download/anuareco1979minfaz/anuareco1979minfaz.pdf;outputs/fontes-pedro-souza-irpf/aef_scan/ocr_txt/anuareco1979minfaz_djvu.txt;;;;;;;;;;;;;;;;;;;;;;614564;0;0;https://ci.nii.ac.jp/ncid/BB06332999;;;;;;;;;;;;;;;;;166582;13322068;447982;35520315;;;;;;;;;;;;;;;;;;;;;;;;;;;;;;;;;;;;;;;;;;;;;;;;;;;;;;;;;;;;;;;;;;;;;;;;;;;;;;;;;;;;;;;;;;;;;;;;;;;;;;;;;;;;;;;;;;;;;;;;;;;;;;;;;;;;;;;;;;;;;;;;;;;;;;;;;;;;;;;;;;;;;;;;;;;;;;;;;;;;;;;;;;;;;;;;;;;;;;;;;;;;;;;;;;;;;;;;;;;;;;;;;;;;;;;;;;;;;;;;;;;;;;;;;;;;;;;;;;;;;;;;;;;;;;;;;;;;;;;;;;;;;;;;;;strict_renda_liquida;national;renda liquida publicada em faixas compativeis
irpf_aef_1979_faixas;irpf_aef_1979_faixas.csv;bracket_distribution;4;1977;1978;Brasil;irpf_aef_1979_faixas;;1978;Brasil;F04;4;;;;0;;;115245.351885;;;Cr$;Cr$ 1.000;Cr$ 1,00;;;Brasil. Ministerio da Fazenda. Anuario Economico-Fiscal 1979. Brasilia: Ministerio da Fazenda, 1979.;;outputs/fontes-pedro-souza-irpf/aef_scan/pdf/anuareco1979minfaz.pdf;"outputs/fontes-pedro-souza-irpf/aef_scan/previews/anuareco1979/aef1979_pdfpage_598.png; outputs/fontes-pedro-souza-irpf/aef_scan/previews/anuareco1979/aef1979_pdfpage_599.png; outputs/fontes-pedro-souza-irpf/aef_scan/previews/anuareco1979/aef1979_pdfpage_604.png; outputs/fontes-pedro-souza-irpf/aef_scan/previews/anuareco1979/aef1979_pdfpage_605.png";"598; 599; 604; 605";"607; 608; 613; 614";"131; 134";;;;;1977;95.501 a 140.100;95501;140100;;;52414508;;;;;;;;;;;;;;https://archive.org/details/anuareco1979minfaz;https://archive.org/download/anuareco1979minfaz/anuareco1979minfaz.pdf;outputs/fontes-pedro-souza-irpf/aef_scan/ocr_txt/anuareco1979minfaz_djvu.txt;;;;;;;;;;;;;;;;;;;;;;454808;0;0;https://ci.nii.ac.jp/ncid/BB06332999;;;;;;;;;;;;;;;;;143814;16644171;310994;35770337;;;;;;;;;;;;;;;;;;;;;;;;;;;;;;;;;;;;;;;;;;;;;;;;;;;;;;;;;;;;;;;;;;;;;;;;;;;;;;;;;;;;;;;;;;;;;;;;;;;;;;;;;;;;;;;;;;;;;;;;;;;;;;;;;;;;;;;;;;;;;;;;;;;;;;;;;;;;;;;;;;;;;;;;;;;;;;;;;;;;;;;;;;;;;;;;;;;;;;;;;;;;;;;;;;;;;;;;;;;;;;;;;;;;;;;;;;;;;;;;;;;;;;;;;;;;;;;;;;;;;;;;;;;;;;;;;;;;;;;;;;;;;;;;;;strict_renda_liquida;national;renda liquida publicada em faixas compativeis
irpf_aef_1979_faixas;irpf_aef_1979_faixas.csv;bracket_distribution;5;1977;1978;Brasil;irpf_aef_1979_faixas;;1978;Brasil;F05;5;;;;0;;;167696.352502;;;Cr$;Cr$ 1.000;Cr$ 1,00;;;Brasil. Ministerio da Fazenda. Anuario Economico-Fiscal 1979. Brasilia: Ministerio da Fazenda, 1979.;;outputs/fontes-pedro-souza-irpf/aef_scan/pdf/anuareco1979minfaz.pdf;"outputs/fontes-pedro-souza-irpf/aef_scan/previews/anuareco1979/aef1979_pdfpage_598.png; outputs/fontes-pedro-souza-irpf/aef_scan/previews/anuareco1979/aef1979_pdfpage_599.png; outputs/fontes-pedro-souza-irpf/aef_scan/previews/anuareco1979/aef1979_pdfpage_604.png; outputs/fontes-pedro-souza-irpf/aef_scan/previews/anuareco1979/aef1979_pdfpage_605.png";"598; 599; 604; 605";"607; 608; 613; 614";"131; 134";;;;;1977;140.101 a 203.800;140101;203800;;;46964202;;;;;;;;;;;;;;https://archive.org/details/anuareco1979minfaz;https://archive.org/download/anuareco1979minfaz/anuareco1979minfaz.pdf;outputs/fontes-pedro-souza-irpf/aef_scan/ocr_txt/anuareco1979minfaz_djvu.txt;;;;;;;;;;;;;;;;;;;;;;280055;0;0;https://ci.nii.ac.jp/ncid/BB06332999;;;;;;;;;;;;;;;;;108121;18338342;171934;28625860;;;;;;;;;;;;;;;;;;;;;;;;;;;;;;;;;;;;;;;;;;;;;;;;;;;;;;;;;;;;;;;;;;;;;;;;;;;;;;;;;;;;;;;;;;;;;;;;;;;;;;;;;;;;;;;;;;;;;;;;;;;;;;;;;;;;;;;;;;;;;;;;;;;;;;;;;;;;;;;;;;;;;;;;;;;;;;;;;;;;;;;;;;;;;;;;;;;;;;;;;;;;;;;;;;;;;;;;;;;;;;;;;;;;;;;;;;;;;;;;;;;;;;;;;;;;;;;;;;;;;;;;;;;;;;;;;;;;;;;;;;;;;;;;;;strict_renda_liquida;national;renda liquida publicada em faixas compativeis
irpf_aef_1979_faixas;irpf_aef_1979_faixas.csv;bracket_distribution;6;1977;1978;Brasil;irpf_aef_1979_faixas;;1978;Brasil;F06;6;;;;0;;;244934.068329;;;Cr$;Cr$ 1.000;Cr$ 1,00;;;Brasil. Ministerio da Fazenda. Anuario Economico-Fiscal 1979. Brasilia: Ministerio da Fazenda, 1979.;;outputs/fontes-pedro-souza-irpf/aef_scan/pdf/anuareco1979minfaz.pdf;"outputs/fontes-pedro-souza-irpf/aef_scan/previews/anuareco1979/aef1979_pdfpage_598.png; outputs/fontes-pedro-souza-irpf/aef_scan/previews/anuareco1979/aef1979_pdfpage_599.png; outputs/fontes-pedro-souza-irpf/aef_scan/previews/anuareco1979/aef1979_pdfpage_604.png; outputs/fontes-pedro-souza-irpf/aef_scan/previews/anuareco1979/aef1979_pdfpage_605.png";"598; 599; 604; 605";"607; 608; 613; 614";"131; 134";;;;;1977;203.801 a 297.600;203801;297600;;;41589070;;;;;;;;;;;;;;https://archive.org/details/anuareco1979minfaz;https://archive.org/download/anuareco1979minfaz/anuareco1979minfaz.pdf;outputs/fontes-pedro-souza-irpf/aef_scan/ocr_txt/anuareco1979minfaz_djvu.txt;;;;;;;;;;;;;;;;;;;;;;169797;0;0;https://ci.nii.ac.jp/ncid/BB06332999;;;;;;;;;;;;;;;;;89935;22217575;79862;19371495;;;;;;;;;;;;;;;;;;;;;;;;;;;;;;;;;;;;;;;;;;;;;;;;;;;;;;;;;;;;;;;;;;;;;;;;;;;;;;;;;;;;;;;;;;;;;;;;;;;;;;;;;;;;;;;;;;;;;;;;;;;;;;;;;;;;;;;;;;;;;;;;;;;;;;;;;;;;;;;;;;;;;;;;;;;;;;;;;;;;;;;;;;;;;;;;;;;;;;;;;;;;;;;;;;;;;;;;;;;;;;;;;;;;;;;;;;;;;;;;;;;;;;;;;;;;;;;;;;;;;;;;;;;;;;;;;;;;;;;;;;;;;;;;;;strict_renda_liquida;national;renda liquida publicada em faixas compativeis
irpf_aef_1979_faixas;irpf_aef_1979_faixas.csv;bracket_distribution;7;1977;1978;Brasil;irpf_aef_1979_faixas;;1978;Brasil;F07;7;;;;0;;;355043.878899;;;Cr$;Cr$ 1.000;Cr$ 1,00;;;Brasil. Ministerio da Fazenda. Anuario Economico-Fiscal 1979. Brasilia: Ministerio da Fazenda, 1979.;;outputs/fontes-pedro-souza-irpf/aef_scan/pdf/anuareco1979minfaz.pdf;"outputs/fontes-pedro-souza-irpf/aef_scan/previews/anuareco1979/aef1979_pdfpage_598.png; outputs/fontes-pedro-souza-irpf/aef_scan/previews/anuareco1979/aef1979_pdfpage_599.png; outputs/fontes-pedro-souza-irpf/aef_scan/previews/anuareco1979/aef1979_pdfpage_604.png; outputs/fontes-pedro-souza-irpf/aef_scan/previews/anuareco1979/aef1979_pdfpage_605.png";"598; 599; 604; 605";"607; 608; 613; 614";"131; 134";;;;;1977;297.601 a 433.200;297601;433200;;;34946969;;;;;;;;;;;;;;https://archive.org/details/anuareco1979minfaz;https://archive.org/download/anuareco1979minfaz/anuareco1979minfaz.pdf;outputs/fontes-pedro-souza-irpf/aef_scan/ocr_txt/anuareco1979minfaz_djvu.txt;;;;;;;;;;;;;;;;;;;;;;98430;0;0;https://ci.nii.ac.jp/ncid/BB06332999;;;;;;;;;;;;;;;;;66745;23863343;31685;11083626;;;;;;;;;;;;;;;;;;;;;;;;;;;;;;;;;;;;;;;;;;;;;;;;;;;;;;;;;;;;;;;;;;;;;;;;;;;;;;;;;;;;;;;;;;;;;;;;;;;;;;;;;;;;;;;;;;;;;;;;;;;;;;;;;;;;;;;;;;;;;;;;;;;;;;;;;;;;;;;;;;;;;;;;;;;;;;;;;;;;;;;;;;;;;;;;;;;;;;;;;;;;;;;;;;;;;;;;;;;;;;;;;;;;;;;;;;;;;;;;;;;;;;;;;;;;;;;;;;;;;;;;;;;;;;;;;;;;;;;;;;;;;;;;;;strict_renda_liquida;national;renda liquida publicada em faixas compativeis
irpf_aef_1979_faixas;irpf_aef_1979_faixas.csv;bracket_distribution;8;1977;1978;Brasil;irpf_aef_1979_faixas;;1978;Brasil;F08;8;;;;0;;;573709.244918;;;Cr$;Cr$ 1.000;Cr$ 1,00;;;Brasil. Ministerio da Fazenda. Anuario Economico-Fiscal 1979. Brasilia: Ministerio da Fazenda, 1979.;;outputs/fontes-pedro-souza-irpf/aef_scan/pdf/anuareco1979minfaz.pdf;"outputs/fontes-pedro-souza-irpf/aef_scan/previews/anuareco1979/aef1979_pdfpage_598.png; outputs/fontes-pedro-souza-irpf/aef_scan/previews/anuareco1979/aef1979_pdfpage_599.png; outputs/fontes-pedro-souza-irpf/aef_scan/previews/anuareco1979/aef1979_pdfpage_604.png; outputs/fontes-pedro-souza-irpf/aef_scan/previews/anuareco1979/aef1979_pdfpage_605.png";"598; 599; 604; 605";"607; 608; 613; 614";"131; 134";;;;;1977;433.201 a 910.000;433201;910000;;;35558499;;;;;;;;;;;;;;https://archive.org/details/anuareco1979minfaz;https://archive.org/download/anuareco1979minfaz/anuareco1979minfaz.pdf;outputs/fontes-pedro-souza-irpf/aef_scan/ocr_txt/anuareco1979minfaz_djvu.txt;;;;;;;;;;;;;;;;;;;;;;61980;0;0;https://ci.nii.ac.jp/ncid/BB06332999;;;;;;;;;;;;;;;;;50924;29510910;11056;6047589;;;;;;;;;;;;;;;;;;;;;;;;;;;;;;;;;;;;;;;;;;;;;;;;;;;;;;;;;;;;;;;;;;;;;;;;;;;;;;;;;;;;;;;;;;;;;;;;;;;;;;;;;;;;;;;;;;;;;;;;;;;;;;;;;;;;;;;;;;;;;;;;;;;;;;;;;;;;;;;;;;;;;;;;;;;;;;;;;;;;;;;;;;;;;;;;;;;;;;;;;;;;;;;;;;;;;;;;;;;;;;;;;;;;;;;;;;;;;;;;;;;;;;;;;;;;;;;;;;;;;;;;;;;;;;;;;;;;;;;;;;;;;;;;;;strict_renda_liquida;national;renda liquida publicada em faixas compativeis
irpf_aef_1979_faixas;irpf_aef_1979_faixas.csv;bracket_distribution;9;1977;1978;Brasil;irpf_aef_1979_faixas;;1978;Brasil;F09;9;;;;0;;;1408035.663913;;;Cr$;Cr$ 1.000;Cr$ 1,00;;;Brasil. Ministerio da Fazenda. Anuario Economico-Fiscal 1979. Brasilia: Ministerio da Fazenda, 1979.;;outputs/fontes-pedro-souza-irpf/aef_scan/pdf/anuareco1979minfaz.pdf;"outputs/fontes-pedro-souza-irpf/aef_scan/previews/anuareco1979/aef1979_pdfpage_598.png; outputs/fontes-pedro-souza-irpf/aef_scan/previews/anuareco1979/aef1979_pdfpage_599.png; outputs/fontes-pedro-souza-irpf/aef_scan/previews/anuareco1979/aef1979_pdfpage_604.png; outputs/fontes-pedro-souza-irpf/aef_scan/previews/anuareco1979/aef1979_pdfpage_605.png";"598; 599; 604; 605";"607; 608; 613; 614";"131; 134";;;;;1977;910.001 a 4.223.500;910001;4223500;;;13976162;;;;;;;;;;;;;;https://archive.org/details/anuareco1979minfaz;https://archive.org/download/anuareco1979minfaz/anuareco1979minfaz.pdf;outputs/fontes-pedro-souza-irpf/aef_scan/ocr_txt/anuareco1979minfaz_djvu.txt;;;;;;;;;;;;;;;;;;;;;;9926;0;0;https://ci.nii.ac.jp/ncid/BB06332999;;;;;;;;;;;;;;;;;9099;12891328;827;1084834;;;;;;;;;;;;;;;;;;;;;;;;;;;;;;;;;;;;;;;;;;;;;;;;;;;;;;;;;;;;;;;;;;;;;;;;;;;;;;;;;;;;;;;;;;;;;;;;;;;;;;;;;;;;;;;;;;;;;;;;;;;;;;;;;;;;;;;;;;;;;;;;;;;;;;;;;;;;;;;;;;;;;;;;;;;;;;;;;;;;;;;;;;;;;;;;;;;;;;;;;;;;;;;;;;;;;;;;;;;;;;;;;;;;;;;;;;;;;;;;;;;;;;;;;;;;;;;;;;;;;;;;;;;;;;;;;;;;;;;;;;;;;;;;;;strict_renda_liquida;national;renda liquida publicada em faixas compativeis
